{
  "Train": [
    0.8889210224151611,
    0.8822195529937744,
    0.8722842931747437,
    0.8631510734558105,
    0.8540410995483398,
    0.8444897532463074,
    0.8341934680938721,
    0.8229764699935913,
    0.8107090592384338,
    0.7971274852752686
  ],
  "Training Time": 3.1299984455108643,
  "Validate": [
    NaN,
    NaN,
    NaN,
    NaN,
    NaN,
    NaN,
    NaN,
    NaN,
    NaN,
    NaN
  ]
}