{
  "Train": [
    1.106849193572998,
    1.0915607213974,
    1.0874862670898438,
    1.0835322141647339,
    1.077739953994751,
    1.06688392162323,
    1.0459240674972534,
    1.0152182579040527,
    0.9856158494949341,
    0.9644255042076111
  ],
  "Training Time": 6.171860933303833,
  "Validate": [
    4.38837194442749,
    4.39004373550415,
    4.385154724121094,
    4.374912738800049,
    4.354159832000732,
    4.339571952819824,
    4.3987507820129395,
    4.592010974884033,
    4.730983257293701,
    4.717076301574707
  ]
}