{
  "Train": [
    1.2020227909088135,
    1.1891921758651733,
    1.1788274049758911,
    1.1724321842193604,
    1.167372703552246,
    1.1626163721084595,
    1.1585781574249268,
    1.1545419692993164,
    1.150838851928711,
    1.1468658447265625,
    1.143081784248352,
    1.1386597156524658,
    1.1344319581985474,
    1.1290702819824219,
    1.124292016029358,
    1.1186734437942505,
    1.1091151237487793,
    1.1092077493667603,
    1.0965549945831299,
    1.0920745134353638,
    1.0776811838150024,
    1.083427906036377,
    1.0664536952972412,
    1.0535211563110352,
    1.0613917112350464,
    1.0340217351913452,
    1.0235730409622192,
    1.0061800479888916,
    0.9976526498794556,
    0.9803079962730408,
    0.9775387048721313,
    0.9702617526054382,
    0.935650646686554,
    0.9278151392936707,
    0.906814455986023,
    0.9121382832527161,
    0.8860348463058472,
    0.8831087350845337,
    0.9451252818107605,
    0.9180648922920227,
    0.8848409652709961,
    0.8730600476264954,
    0.851719856262207,
    0.8445501327514648,
    0.836475670337677,
    0.8309532999992371,
    0.8391972780227661,
    0.8264800310134888,
    0.8150784373283386,
    0.8006833791732788,
    0.9119160771369934,
    1.0186398029327393,
    1.0811320543289185,
    1.0624408721923828,
    0.9919133186340332,
    0.8583747744560242,
    0.8154120445251465,
    0.795054018497467,
    0.7759667634963989,
    0.7637609243392944,
    0.7465807795524597,
    0.7556349635124207,
    0.713560163974762,
    0.7784824371337891,
    0.6981706023216248,
    0.9575700163841248,
    1.097401738166809,
    1.0298808813095093,
    0.9392525553703308,
    1.0155049562454224,
    0.9130393266677856,
    0.877541184425354,
    0.857846736907959,
    0.834803581237793,
    0.8165057897567749,
    0.8025631904602051,
    0.7903141975402832,
    0.77889484167099,
    0.769157886505127,
    0.7586240172386169,
    0.7586182951927185,
    0.8532980680465698,
    0.8812923431396484,
    0.8527765870094299,
    0.718316376209259,
    0.7510285973548889,
    0.6850363612174988,
    0.6622081995010376,
    0.6499558687210083,
    0.6677438020706177,
    0.6880708336830139,
    0.6544273495674133,
    0.6408610939979553,
    0.7103268504142761,
    0.7180368304252625,
    0.7125954031944275,
    0.6836200952529907,
    0.653804361820221,
    0.6389454007148743,
    0.6233022809028625
  ],
  "Training Time": 139.02071475982666,
  "Validate": [
    1.285774827003479,
    1.2762572765350342,
    1.2711042165756226,
    1.2696524858474731,
    1.2713570594787598,
    1.2745791673660278,
    1.2792811393737793,
    1.284918189048767,
    1.2919052839279175,
    1.299688458442688,
    1.3089702129364014,
    1.31898832321167,
    1.3309826850891113,
    1.3437235355377197,
    1.3582979440689087,
    1.3737307786941528,
    1.3876454830169678,
    1.4064865112304688,
    1.4264785051345825,
    1.443347454071045,
    1.5225284099578857,
    1.5116779804229736,
    1.5775389671325684,
    1.6357696056365967,
    1.659566044807434,
    1.7987781763076782,
    1.8937385082244873,
    1.993791937828064,
    2.1023552417755127,
    2.2314224243164062,
    2.344407320022583,
    2.436809778213501,
    2.5734894275665283,
    2.6896297931671143,
    2.828242301940918,
    2.924851417541504,
    3.0358245372772217,
    3.09089732170105,
    3.0987958908081055,
    3.084012746810913,
    3.2510924339294434,
    3.2602834701538086,
    3.3270652294158936,
    3.3231630325317383,
    3.346120595932007,
    3.379101037979126,
    3.322204828262329,
    3.513314723968506,
    3.520209550857544,
    3.1073157787323,
    3.775818109512329,
    1.7575920820236206,
    3.5531067848205566,
    2.926117181777954,
    3.667278528213501,
    3.4390478134155273,
    3.1898844242095947,
    3.246249198913574,
    3.274393320083618,
    3.2164878845214844,
    2.943671941757202,
    3.581690788269043,
    2.799722194671631,
    2.7053401470184326,
    2.5382044315338135,
    1.3430300951004028,
    1.5627039670944214,
    1.8570446968078613,
    1.8479714393615723,
    1.7401213645935059,
    1.8817341327667236,
    1.8023135662078857,
    1.9105757474899292,
    1.8745564222335815,
    1.9080921411514282,
    1.8356341123580933,
    1.8112870454788208,
    1.7973030805587769,
    1.716354250907898,
    1.819382905960083,
    1.8322734832763672,
    2.0604360103607178,
    2.3323957920074463,
    2.7348902225494385,
    1.9384058713912964,
    2.0344197750091553,
    2.005075693130493,
    2.0262255668640137,
    1.7360657453536987,
    1.9006270170211792,
    1.9452884197235107,
    2.22463321685791,
    2.2524304389953613,
    1.924697995185852,
    2.026607036590576,
    2.2309343814849854,
    1.7281432151794434,
    2.0164670944213867,
    2.093472957611084,
    1.9193333387374878
  ]
}