{
  "Train": [
    1.0964847803115845,
    1.0898369550704956,
    1.0870461463928223,
    1.0842171907424927,
    1.081165075302124,
    1.077773094177246,
    1.0739666223526,
    1.0696735382080078,
    1.0647035837173462,
    1.0587868690490723,
    1.0514872074127197,
    1.0419820547103882,
    1.027991771697998,
    1.0064018964767456,
    0.983710765838623,
    0.9723877310752869,
    0.9711911082267761,
    0.9432766437530518,
    0.9316996932029724,
    0.9223315715789795,
    0.9208359122276306,
    0.9057561159133911,
    0.9060359001159668,
    0.8875068426132202,
    0.8805133104324341,
    0.8745918273925781,
    0.868384063243866,
    0.8622268438339233,
    0.8551173806190491,
    0.8458506464958191,
    0.8369186520576477,
    0.828031599521637,
    0.8244651556015015,
    0.8216983079910278,
    0.8098821640014648,
    0.7947301268577576,
    0.7993821501731873,
    0.9591376185417175,
    0.8326924443244934,
    0.7737105488777161,
    0.7767501473426819,
    0.7743852734565735,
    0.7714888453483582,
    0.7770383358001709,
    0.7840961813926697,
    0.8030568361282349,
    0.8026090264320374,
    0.7798501253128052,
    0.7700590491294861,
    0.7390841841697693,
    0.7473402619361877,
    0.735122561454773,
    0.747271716594696,
    0.7351078391075134,
    0.7230314612388611,
    0.8762925863265991,
    0.7789619565010071,
    0.7877795696258545,
    0.7860234379768372,
    0.783227801322937,
    0.7797970771789551,
    0.7765365242958069,
    0.7770873308181763,
    0.7666140794754028,
    0.7262856960296631,
    0.7086975574493408,
    0.7420404553413391,
    0.716543436050415,
    0.7036746740341187,
    0.708428680896759,
    0.6950143575668335,
    0.7079657912254333,
    0.6938104629516602,
    0.720557451248169,
    0.6849398016929626,
    0.6821222305297852,
    0.6797109842300415,
    0.6799840927124023,
    0.6758781671524048,
    0.6868954300880432,
    0.6723107099533081,
    0.6764139533042908,
    0.6711663007736206,
    0.6685104370117188,
    0.6773104667663574,
    0.6680012941360474,
    0.6608495116233826,
    0.6549711227416992,
    0.6511561274528503,
    0.6481822729110718,
    0.6455255150794983,
    0.6432322263717651,
    0.6415139436721802,
    0.6382833123207092,
    0.8566945195198059,
    1.1553559303283691,
    1.148456335067749,
    1.1277929544448853,
    1.1224719285964966,
    1.1183432340621948
  ],
  "Training Time": 105.57846736907959,
  "Validate": [
    4.384185314178467,
    4.388229846954346,
    4.387535095214844,
    4.385618209838867,
    4.381939888000488,
    4.375919818878174,
    4.365989685058594,
    4.3520355224609375,
    4.3345723152160645,
    4.315976142883301,
    4.302570819854736,
    4.305726528167725,
    4.333305835723877,
    4.371016025543213,
    4.403352737426758,
    4.416940689086914,
    4.427035808563232,
    4.434616565704346,
    4.438108921051025,
    4.4380574226379395,
    4.447502613067627,
    4.453776836395264,
    4.46567964553833,
    4.485801696777344,
    4.489580154418945,
    4.499660015106201,
    4.520228862762451,
    4.544445991516113,
    4.57377815246582,
    4.597441673278809,
    4.623569965362549,
    4.637598037719727,
    4.659939289093018,
    4.675680637359619,
    4.682403564453125,
    4.634887218475342,
    4.665004253387451,
    4.844350814819336,
    4.502658367156982,
    4.548509120941162,
    4.565009593963623,
    4.549051284790039,
    4.506280899047852,
    4.551921367645264,
    4.486823558807373,
    4.740165710449219,
    4.3220624923706055,
    4.503511428833008,
    4.509427070617676,
    4.455412864685059,
    4.476919174194336,
    4.511050701141357,
    4.512684345245361,
    4.509103298187256,
    4.423934459686279,
    4.774319171905518,
    4.554454803466797,
    4.5549845695495605,
    4.552175521850586,
    4.541994094848633,
    4.522637844085693,
    4.515002727508545,
    4.49296760559082,
    4.1701178550720215,
    4.31312370300293,
    4.300496578216553,
    4.293719291687012,
    4.237690448760986,
    4.254549026489258,
    4.356215953826904,
    4.227291584014893,
    4.226519584655762,
    4.208065509796143,
    4.258363246917725,
    4.256411552429199,
    4.243598937988281,
    4.249385356903076,
    4.278110027313232,
    4.226974010467529,
    4.210317611694336,
    4.212182998657227,
    4.296270370483398,
    4.238084316253662,
    4.2100019454956055,
    4.407064437866211,
    4.240481853485107,
    4.23380708694458,
    4.240828037261963,
    4.234296798706055,
    4.224372863769531,
    4.220568656921387,
    4.237300872802734,
    4.251551628112793,
    4.2514328956604,
    4.513818264007568,
    4.476800441741943,
    4.468428134918213,
    4.482426643371582,
    4.491921901702881,
    4.497719764709473
  ]
}