{
  "Train": [
    1.1027557849884033,
    0.9340462684631348,
    0.8611618876457214,
    0.8089988231658936,
    0.768782913684845,
    0.7393215894699097,
    0.8621839284896851,
    0.8554320931434631,
    0.7035596370697021,
    0.6873475909233093,
    0.6759857535362244,
    0.6616842150688171,
    0.6507087349891663,
    0.6435091495513916,
    0.64066082239151,
    0.6650366187095642,
    0.67790287733078,
    0.6012871265411377,
    0.5858402848243713,
    0.5693204998970032,
    0.558570921421051,
    0.6193915605545044,
    0.6338503360748291,
    0.5903080701828003,
    0.5634147524833679,
    0.6149697303771973,
    0.6438843607902527,
    0.5769868493080139,
    0.5630465745925903,
    0.5671131014823914,
    0.6300914883613586,
    0.5042860507965088,
    0.49103808403015137,
    0.5466170310974121,
    0.5065762400627136,
    0.47449907660484314,
    0.49357861280441284,
    0.5138067007064819,
    0.5094600319862366,
    0.4769209325313568,
    0.46641623973846436,
    0.4170779883861542,
    0.4391528069972992,
    0.42550304532051086,
    0.4165608882904053,
    0.42754584550857544,
    0.4142739176750183,
    0.3699064552783966,
    0.3829818069934845,
    0.35354897379875183,
    0.36161136627197266,
    0.4850170612335205,
    0.3846776783466339,
    0.44421422481536865,
    0.36383765935897827,
    0.3281220495700836,
    0.3143916428089142,
    0.30785611271858215,
    0.2955949902534485,
    0.2756938636302948,
    0.26957085728645325,
    0.2704544961452484,
    0.2626620829105377,
    0.25212177634239197,
    0.2694037854671478,
    0.24781827628612518,
    0.2536495625972748,
    0.29687485098838806,
    0.2930358946323395,
    0.2440514713525772,
    0.27004075050354004,
    0.22186559438705444,
    0.21676744520664215,
    0.2187097668647766,
    0.2585817873477936,
    0.24171964824199677,
    0.22032317519187927,
    0.22043973207473755,
    0.236223042011261,
    0.18569792807102203,
    0.1741510033607483,
    0.1793612837791443,
    0.1870226263999939,
    0.2626820206642151,
    0.3347308933734894,
    0.19921191036701202,
    0.16151036322116852,
    0.17096878588199615,
    0.15225885808467865,
    0.15879467129707336,
    0.161640927195549,
    0.1755950152873993,
    0.16096527874469757,
    0.16102534532546997,
    0.17253606021404266,
    0.18082460761070251,
    1.2745555639266968,
    0.7723277807235718,
    0.6251650452613831,
    0.573069155216217
  ],
  "Training Time": 179.99731922149658,
  "Validate": [
    NaN,
    NaN,
    NaN,
    NaN,
    NaN,
    NaN,
    NaN,
    NaN,
    NaN,
    NaN,
    NaN,
    NaN,
    NaN,
    NaN,
    NaN,
    NaN,
    NaN,
    NaN,
    NaN,
    NaN,
    NaN,
    NaN,
    NaN,
    NaN,
    NaN,
    NaN,
    NaN,
    NaN,
    NaN,
    NaN,
    NaN,
    NaN,
    NaN,
    NaN,
    NaN,
    NaN,
    NaN,
    NaN,
    NaN,
    NaN,
    NaN,
    NaN,
    NaN,
    NaN,
    NaN,
    NaN,
    NaN,
    NaN,
    NaN,
    NaN,
    NaN,
    NaN,
    NaN,
    NaN,
    NaN,
    NaN,
    NaN,
    NaN,
    NaN,
    NaN,
    NaN,
    NaN,
    NaN,
    NaN,
    NaN,
    NaN,
    NaN,
    NaN,
    NaN,
    NaN,
    NaN,
    NaN,
    NaN,
    NaN,
    NaN,
    NaN,
    NaN,
    NaN,
    NaN,
    NaN,
    NaN,
    NaN,
    NaN,
    NaN,
    NaN,
    NaN,
    NaN,
    NaN,
    NaN,
    NaN,
    NaN,
    NaN,
    NaN,
    NaN,
    NaN,
    NaN,
    NaN,
    NaN,
    NaN,
    NaN
  ]
}