{
  "Train": [
    1.174904465675354,
    1.1568982601165771,
    1.1471543312072754,
    1.1395387649536133,
    1.134141445159912,
    1.1302540302276611,
    1.126785159111023,
    1.1235942840576172,
    1.1205366849899292,
    1.1174849271774292
  ],
  "Training Time": 11.399067401885986,
  "Validate": [
    2.0018980503082275,
    2.061851978302002,
    2.0935685634613037,
    2.1265459060668945,
    2.131080389022827,
    2.13344669342041,
    2.133352279663086,
    2.1298372745513916,
    2.1245322227478027,
    2.117288589477539
  ]
}