{
  "Train": [
    0.7894031405448914,
    0.7613350749015808,
    0.7417471408843994,
    0.7267343401908875,
    0.7139233946800232,
    0.702594518661499,
    0.6927719712257385,
    0.684525191783905,
    0.6777267456054688,
    0.6721398830413818
  ],
  "Training Time": 2.501837730407715,
  "Validate": [
    0.7008691430091858,
    0.7178338170051575,
    0.7315989136695862,
    0.7405547499656677,
    0.7448827624320984,
    0.7459728717803955,
    0.7453513145446777,
    0.7439277768135071,
    0.7420989274978638,
    0.7400590777397156
  ]
}