{
  "Train": [
    0.8606956005096436,
    0.8008601069450378,
    0.7941617965698242,
    0.7909639477729797,
    0.7888501286506653,
    0.7872652411460876,
    0.785973846912384,
    0.7848637700080872,
    0.7838729023933411,
    0.7829629778862
  ],
  "Training Time": 3.7027218341827393,
  "Validate": [
    2.60286808013916,
    2.4566235542297363,
    2.436842918395996,
    2.426422595977783,
    2.4177865982055664,
    2.4101226329803467,
    2.4032058715820312,
    2.3969292640686035,
    2.3912229537963867,
    2.3860373497009277
  ]
}