{
  "Train": [
    0.3050996959209442,
    0.14789842069149017,
    0.12824749946594238,
    0.11896370351314545,
    0.1129785105586052,
    0.10811418294906616,
    0.10384522378444672,
    0.10017699003219604,
    0.09714645892381668,
    0.09490891546010971,
    0.09292429685592651,
    0.09133636951446533,
    0.08658399432897568,
    0.0877060741186142,
    0.0809638649225235,
    0.0834786668419838,
    0.07606490701436996,
    0.08070877939462662,
    0.07294367998838425,
    0.07868767529726028,
    0.07173611223697662,
    0.07432534545660019,
    0.06669798493385315,
    0.06740846484899521,
    0.0632457584142685
  ],
  "Training Time": 18.071267127990723,
  "Validate": [
    0.16323532164096832,
    0.215837761759758,
    0.2664640247821808,
    0.32398784160614014,
    0.37546005845069885,
    0.42641738057136536,
    0.47965794801712036,
    0.5373931527137756,
    0.5957155823707581,
    0.6591532826423645,
    0.7122514247894287,
    0.8654723763465881,
    0.7957273721694946,
    1.0143622159957886,
    0.8909665942192078,
    1.1313834190368652,
    1.004830002784729,
    1.2272000312805176,
    1.2420145273208618,
    1.3796031475067139,
    1.429437279701233,
    1.526353359222412,
    1.538991093635559,
    1.6822268962860107,
    1.5991129875183105
  ]
}