{
  "Train": [
    0.16789406538009644,
    0.1031154990196228,
    0.09550054371356964,
    0.08983904868364334,
    0.08807452023029327,
    0.08528450131416321,
    0.08341499418020248,
    0.08074929565191269,
    0.0772654339671135,
    0.07444458454847336,
    0.0723104402422905,
    0.0705009326338768,
    0.06894617527723312,
    0.0678136944770813,
    0.06666743755340576,
    0.06527344137430191,
    0.06470096856355667,
    0.06409131735563278,
    0.06062812730669975,
    0.05860750004649162,
    0.0578034333884716,
    0.06115962937474251,
    0.06229764595627785,
    0.05646215006709099,
    0.05541655048727989
  ],
  "Training Time": 23.34161615371704,
  "Validate": [
    NaN,
    NaN,
    NaN,
    NaN,
    NaN,
    NaN,
    NaN,
    NaN,
    NaN,
    NaN,
    NaN,
    NaN,
    NaN,
    NaN,
    NaN,
    NaN,
    NaN,
    NaN,
    NaN,
    NaN,
    NaN,
    NaN,
    NaN,
    NaN,
    NaN
  ]
}