{
  "Train": [
    0.8625059723854065,
    0.5544196963310242,
    0.4482700526714325,
    0.37874698638916016,
    0.35015740990638733,
    0.3191639482975006,
    0.2989344894886017,
    0.2844157814979553,
    0.2722100615501404,
    0.2607346475124359,
    0.25025054812431335,
    0.24021507799625397,
    0.2306383103132248,
    0.22152160108089447,
    0.21302440762519836,
    0.20520542562007904,
    0.1980086863040924,
    0.1913006454706192,
    0.18490369617938995,
    0.1787651628255844,
    0.17288725078105927,
    0.16715329885482788,
    0.16182826459407806,
    0.1570899337530136,
    0.1529102623462677
  ],
  "Training Time": 16.041576862335205,
  "Validate": [
    7.121015548706055,
    5.663619518280029,
    5.210052490234375,
    5.515720844268799,
    5.832260608673096,
    6.080634593963623,
    6.13474702835083,
    6.139001846313477,
    6.088205337524414,
    6.021116256713867,
    5.9385833740234375,
    5.842465400695801,
    5.7404093742370605,
    5.6378302574157715,
    5.542057514190674,
    5.460437774658203,
    5.393734455108643,
    5.33656644821167,
    5.283540725708008,
    5.234799385070801,
    5.19581413269043,
    5.166599273681641,
    5.1440815925598145,
    5.130043029785156,
    5.127323627471924
  ]
}