{
  "Train": [
    0.15707579255104065,
    0.10999137163162231,
    0.11959292739629745,
    0.10203476995229721,
    0.09552092850208282,
    0.09847509115934372,
    0.09196622669696808,
    0.09270414710044861,
    0.08422981947660446,
    0.08578768372535706,
    0.08001207560300827,
    0.08552104979753494,
    0.07671623677015305,
    0.08028319478034973,
    0.07149656862020493,
    0.07338452339172363,
    0.06873037666082382,
    0.06986366957426071,
    0.06730134785175323,
    0.06657636910676956,
    0.06506530195474625,
    0.06417234987020493,
    0.06305363029241562,
    0.060561612248420715,
    0.058248162269592285
  ],
  "Training Time": 23.596693992614746,
  "Validate": [
    NaN,
    NaN,
    NaN,
    NaN,
    NaN,
    NaN,
    NaN,
    NaN,
    NaN,
    NaN,
    NaN,
    NaN,
    NaN,
    NaN,
    NaN,
    NaN,
    NaN,
    NaN,
    NaN,
    NaN,
    NaN,
    NaN,
    NaN,
    NaN,
    NaN
  ]
}