{
  "Train": [
    0.37988895177841187,
    0.17858490347862244,
    0.1457604318857193,
    0.1315150409936905,
    0.12149970233440399,
    0.11303655803203583,
    0.10679425299167633,
    0.10210642963647842,
    0.09844685345888138,
    0.09621461480855942,
    0.09564618766307831,
    0.09282052516937256,
    0.09104019403457642,
    0.09423363208770752,
    0.08983385562896729,
    0.08995117247104645,
    0.08325275033712387,
    0.08783955127000809,
    0.08195845782756805,
    0.08259417116641998,
    0.0756615549325943,
    0.07899892330169678,
    0.07358480989933014,
    0.07632263749837875,
    0.07568170130252838
  ],
  "Training Time": 18.503557205200195,
  "Validate": [
    0.17366066575050354,
    0.2180100828409195,
    0.2784813642501831,
    0.3404234051704407,
    0.4258788824081421,
    0.5188925266265869,
    0.5749783515930176,
    0.6208978295326233,
    0.6975216865539551,
    0.7624881863594055,
    0.7897006869316101,
    0.7861471176147461,
    0.7521297335624695,
    0.7266371846199036,
    0.7122516632080078,
    0.6640421748161316,
    0.7140942215919495,
    0.6673586368560791,
    0.7500902414321899,
    0.6880703568458557,
    0.7931833267211914,
    0.7491121888160706,
    0.8281118273735046,
    0.8303171396255493,
    0.8326415419578552
  ]
}