{
  "Train": [
    0.3560500144958496,
    0.2436511516571045,
    0.22937622666358948,
    0.21973548829555511,
    0.21312785148620605,
    0.20810680091381073,
    0.20409302413463593,
    0.20078116655349731,
    0.19797995686531067,
    0.1955823004245758
  ],
  "Training Time": 8.68234133720398,
  "Validate": [
    28.986194610595703,
    28.23101806640625,
    27.70476531982422,
    27.350685119628906,
    27.116052627563477,
    26.960121154785156,
    26.851835250854492,
    26.7711238861084,
    26.708967208862305,
    26.66639518737793
  ]
}