{
  "Train": [
    0.20247051119804382,
    0.16657210886478424,
    0.14559803903102875,
    0.1366870105266571,
    0.12288275361061096,
    0.11333806812763214,
    0.10432987660169601,
    0.09617914259433746,
    0.09725134074687958,
    0.09024582803249359
  ],
  "Training Time": 9.784465312957764,
  "Validate": [
    NaN,
    NaN,
    NaN,
    NaN,
    NaN,
    NaN,
    NaN,
    NaN,
    NaN,
    NaN
  ]
}