{
  "Train": [
    1.1693437099456787,
    1.1507415771484375,
    1.1410549879074097,
    1.1334540843963623,
    1.1281954050064087,
    1.1241424083709717,
    1.120703935623169,
    1.1175469160079956,
    1.1144800186157227,
    1.1113675832748413,
    1.108083724975586,
    1.1044771671295166,
    1.1003156900405884,
    1.0951740741729736,
    1.0882198810577393,
    1.0780863761901855,
    1.0651586055755615,
    1.0550473928451538,
    1.0434905290603638,
    1.0278795957565308,
    1.00583016872406,
    0.9849711656570435,
    0.9669264554977417,
    0.9506855607032776,
    0.9349981546401978,
    0.9183882474899292,
    0.9013082981109619,
    0.8838250637054443,
    0.865094006061554,
    0.844957709312439,
    0.8191535472869873,
    0.8109426498413086,
    0.7826849818229675,
    0.7635883092880249,
    0.780671238899231,
    1.0420171022415161,
    0.7893171310424805,
    0.891809344291687,
    0.7465555667877197,
    0.7226216793060303,
    0.6491941213607788,
    0.6315448880195618,
    0.6157292723655701,
    0.6039841771125793,
    0.5917342901229858,
    0.5791494846343994,
    0.5673539042472839,
    0.5567197799682617,
    0.546618640422821,
    0.5368276238441467,
    0.5265896320343018,
    0.5163615942001343,
    0.5062107443809509,
    0.4967217445373535,
    0.48735854029655457,
    0.4782309830188751,
    0.468538373708725,
    0.4591096341609955,
    0.44977042078971863,
    0.44081056118011475,
    0.43195152282714844,
    0.4227556586265564,
    0.41308584809303284,
    0.4033828675746918,
    0.3939068913459778,
    0.38434910774230957,
    0.3743410110473633,
    0.36402028799057007,
    0.35366350412368774,
    0.34341055154800415,
    0.3333543539047241,
    0.32396212220191956,
    0.3186752498149872,
    0.41878166794776917,
    0.3401126265525818,
    0.30621182918548584,
    0.29739081859588623,
    0.29533252120018005,
    0.29016900062561035,
    0.2780321538448334,
    0.264390230178833,
    0.24948562681674957,
    0.24800968170166016,
    0.2472670078277588,
    0.22747887670993805,
    0.2210567742586136,
    0.24193255603313446,
    0.21560120582580566,
    0.206170916557312,
    0.20801705121994019,
    0.1986725628376007,
    0.18904484808444977,
    0.25797194242477417,
    0.19685381650924683,
    0.205219104886055,
    0.17859090864658356,
    0.17313194274902344,
    0.18360531330108643,
    0.14884008467197418,
    0.13374823331832886
  ],
  "Training Time": 70.86058044433594,
  "Validate": [
    1.9638739824295044,
    2.024261236190796,
    2.0675196647644043,
    2.0868635177612305,
    2.095278024673462,
    2.0982542037963867,
    2.0980794429779053,
    2.095829486846924,
    2.091867446899414,
    2.086193561553955,
    2.0785601139068604,
    2.068502187728882,
    2.055434226989746,
    2.03928804397583,
    2.0226051807403564,
    2.012575387954712,
    2.0163731575012207,
    2.0358290672302246,
    2.0749828815460205,
    2.1153900623321533,
    2.1386525630950928,
    2.149658203125,
    2.156733512878418,
    2.157776117324829,
    2.1533560752868652,
    2.1469764709472656,
    2.1379787921905518,
    2.1278789043426514,
    2.120530843734741,
    2.110772132873535,
    2.0843491554260254,
    2.07068133354187,
    2.113306999206543,
    2.143340826034546,
    2.2426977157592773,
    2.134934902191162,
    2.2917466163635254,
    2.1973226070404053,
    2.2763707637786865,
    2.189115285873413,
    2.1833419799804688,
    2.168760061264038,
    2.1738102436065674,
    2.177927255630493,
    2.1830954551696777,
    2.191282272338867,
    2.20290470123291,
    2.2150487899780273,
    2.2271108627319336,
    2.237497568130493,
    2.2474842071533203,
    2.2571821212768555,
    2.2679288387298584,
    2.2787396907806396,
    2.2901811599731445,
    2.3005244731903076,
    2.3107805252075195,
    2.320648431777954,
    2.3308351039886475,
    2.3415918350219727,
    2.352099657058716,
    2.361717462539673,
    2.3710825443267822,
    2.381301164627075,
    2.39217472076416,
    2.402618646621704,
    2.4126434326171875,
    2.423022985458374,
    2.4339590072631836,
    2.4451704025268555,
    2.4562923908233643,
    2.4663076400756836,
    2.4687411785125732,
    2.5429372787475586,
    2.5486910343170166,
    2.554940938949585,
    2.580800771713257,
    2.6028199195861816,
    2.6198716163635254,
    2.6369423866271973,
    2.650324583053589,
    2.6786293983459473,
    2.6924710273742676,
    2.7118117809295654,
    2.7364838123321533,
    2.7499520778656006,
    2.8213579654693604,
    2.8371238708496094,
    2.848632335662842,
    2.873830556869507,
    2.92514967918396,
    2.9363303184509277,
    3.0161361694335938,
    2.9906699657440186,
    3.11808705329895,
    3.0725393295288086,
    3.0635459423065186,
    3.118119716644287,
    3.1738717555999756,
    3.1846704483032227
  ]
}