{
  "Train": [
    0.8143593668937683,
    0.7970613837242126,
    0.7823929190635681,
    0.7699528932571411,
    0.7592645287513733,
    0.7495319247245789,
    0.740297794342041,
    0.731492280960083,
    0.7232053875923157,
    0.715525209903717
  ],
  "Training Time": 2.8295633792877197,
  "Validate": [
    NaN,
    NaN,
    NaN,
    NaN,
    NaN,
    NaN,
    NaN,
    NaN,
    NaN,
    NaN
  ]
}