{
  "Train": [
    1.0579622983932495,
    1.0527390241622925,
    1.050766110420227,
    1.0487991571426392,
    1.0465959310531616,
    1.0437673330307007,
    1.0397244691848755,
    1.0336962938308716,
    1.025278925895691,
    1.0152188539505005
  ],
  "Training Time": 3.5393335819244385,
  "Validate": [
    3.127938747406006,
    3.1202945709228516,
    3.1110153198242188,
    3.1002278327941895,
    3.086935520172119,
    3.069098472595215,
    3.0442676544189453,
    3.010133743286133,
    2.9664556980133057,
    2.919193983078003
  ]
}