{
  "Train": [
    1.060329556465149,
    0.6985380053520203,
    0.5475574135780334,
    0.5184062123298645,
    0.5002408027648926,
    0.4846016466617584,
    0.47022154927253723,
    0.45663270354270935,
    0.44359517097473145,
    0.4309692084789276
  ],
  "Training Time": 3.568098545074463,
  "Validate": [
    54.10065841674805,
    53.63314437866211,
    53.650733947753906,
    53.6877326965332,
    53.73896789550781,
    53.790916442871094,
    53.83582305908203,
    53.86919021606445,
    53.88786697387695,
    53.889495849609375
  ]
}