{
  "Train": [
    0.8655787110328674,
    0.8168871402740479,
    0.8093314170837402,
    0.804990291595459,
    0.801915168762207,
    0.7994685173034668,
    0.7973794341087341,
    0.795505702495575,
    0.7937636971473694,
    0.7920968532562256
  ],
  "Training Time": 4.354966878890991,
  "Validate": [
    2.5051188468933105,
    2.4504213333129883,
    2.4251983165740967,
    2.4121549129486084,
    2.403900623321533,
    2.3977108001708984,
    2.3924765586853027,
    2.3877527713775635,
    2.383369207382202,
    2.3792529106140137
  ]
}