{
  "Train": [
    0.7099992632865906,
    0.7144743204116821,
    0.710326611995697,
    0.7059964537620544,
    0.7024587988853455,
    0.696056604385376,
    0.6906617879867554,
    0.6839684844017029,
    0.6791406273841858,
    0.6721892356872559
  ],
  "Training Time": 3.166703939437866,
  "Validate": [
    NaN,
    NaN,
    NaN,
    NaN,
    NaN,
    NaN,
    NaN,
    NaN,
    NaN,
    NaN
  ]
}