{
  "Train": [
    1.1776273250579834,
    1.1636906862258911,
    1.1536424160003662,
    1.141178011894226,
    1.128683090209961,
    1.11823570728302,
    1.103819489479065,
    1.0857362747192383,
    1.0635653734207153,
    1.0443401336669922,
    1.030425786972046,
    1.0124672651290894,
    0.995029866695404,
    0.9771514534950256,
    0.9624316692352295,
    0.9435287714004517,
    0.9319655299186707,
    0.9103720188140869,
    0.9008665084838867,
    0.8774963021278381,
    0.8677359223365784,
    0.8431593179702759,
    0.8310922384262085,
    0.8050286173820496,
    0.7876631617546082,
    0.7582720518112183,
    0.7300986051559448,
    0.6950653195381165,
    0.6581785678863525,
    0.6190075278282166,
    0.704581081867218,
    0.6124109625816345,
    0.5511055588722229,
    0.5170168876647949,
    0.49286186695098877,
    0.4746934473514557,
    0.45137596130371094,
    0.4261750876903534,
    0.4024290144443512,
    0.3826967775821686,
    0.3641759157180786,
    0.3454284965991974,
    0.32710960507392883,
    0.3094218671321869,
    0.292483389377594,
    0.27638867497444153,
    0.26121264696121216,
    0.24703307449817657,
    0.23393452167510986,
    0.22199013829231262,
    0.2112448811531067,
    0.20169948041439056,
    0.19330216944217682,
    0.1859438419342041,
    0.17946630716323853,
    0.17369113862514496,
    0.16846613585948944,
    0.1637244075536728,
    0.1594986468553543,
    0.15584136545658112,
    0.15270645916461945,
    0.14990831911563873,
    0.1471838802099228,
    0.14433667063713074,
    0.14133469760417938,
    0.1382555216550827,
    0.13518767058849335,
    0.13217495381832123,
    0.12922270596027374,
    0.12629906833171844,
    0.1233171671628952,
    0.12022029608488083,
    0.11709817498922348,
    0.11424873024225235,
    0.1219988688826561,
    0.15093249082565308,
    0.3021235764026642,
    0.18709586560726166,
    0.14052395522594452,
    0.11229725182056427,
    0.10796230286359787,
    0.10505729913711548,
    0.10173086822032928,
    0.09821487963199615,
    0.09509600698947906,
    0.0923255905508995,
    0.08991255611181259,
    0.08759857714176178,
    0.0855645164847374,
    0.08344737440347672,
    0.08171677589416504,
    0.07984501868486404,
    0.07877341657876968,
    0.08910159766674042,
    0.2641875147819519,
    0.1718776524066925,
    0.31324684619903564,
    0.41858971118927,
    0.1727515459060669,
    0.11824820935726166
  ],
  "Training Time": 91.93571400642395,
  "Validate": [
    1.9358195066452026,
    1.967069149017334,
    2.013310194015503,
    2.0189852714538574,
    2.0376291275024414,
    2.0182690620422363,
    2.0121123790740967,
    1.9968256950378418,
    1.9899574518203735,
    1.9894706010818481,
    1.9907004833221436,
    1.9978801012039185,
    1.998293399810791,
    2.00949764251709,
    2.006998300552368,
    2.0268709659576416,
    2.025134563446045,
    2.0492115020751953,
    2.0521318912506104,
    2.0781173706054688,
    2.089221954345703,
    2.1167044639587402,
    2.135826349258423,
    2.1655642986297607,
    2.1886935234069824,
    2.218207359313965,
    2.238790273666382,
    2.2606661319732666,
    2.2686655521392822,
    2.2617876529693604,
    2.184755563735962,
    2.1456823348999023,
    2.0763089656829834,
    2.0267980098724365,
    1.9964500665664673,
    1.9732544422149658,
    1.9577968120574951,
    1.9635618925094604,
    1.9712830781936646,
    1.9744311571121216,
    1.9762775897979736,
    1.9786276817321777,
    1.9817458391189575,
    1.9853137731552124,
    1.9887179136276245,
    1.9913952350616455,
    1.992973804473877,
    1.9932799339294434,
    1.9923228025436401,
    1.990303874015808,
    1.9876197576522827,
    1.984809160232544,
    1.9824577569961548,
    1.9811257123947144,
    1.981331706047058,
    1.9835715293884277,
    1.9882439374923706,
    1.9954603910446167,
    2.0049726963043213,
    2.016597270965576,
    2.0306899547576904,
    2.0478532314300537,
    2.068141222000122,
    2.0910134315490723,
    2.116004705429077,
    2.1431429386138916,
    2.1729698181152344,
    2.2057554721832275,
    2.240196943283081,
    2.2731735706329346,
    2.3018298149108887,
    2.32639479637146,
    2.3508219718933105,
    2.3880083560943604,
    2.4393701553344727,
    2.1415717601776123,
    2.446223258972168,
    2.2345387935638428,
    2.36240816116333,
    2.3892247676849365,
    2.3930399417877197,
    2.4143316745758057,
    2.443125009536743,
    2.4727156162261963,
    2.501946449279785,
    2.53171443939209,
    2.561232566833496,
    2.5924952030181885,
    2.6253244876861572,
    2.6638588905334473,
    2.7078020572662354,
    2.768789291381836,
    2.8493599891662598,
    3.012521982192993,
    2.093212604522705,
    2.5832223892211914,
    1.814596176147461,
    2.4461042881011963,
    2.236163854598999,
    2.2665860652923584
  ]
}