{
  "Train": [
    0.7561904191970825,
    0.4137704372406006,
    0.32802438735961914,
    0.2815478444099426,
    0.26030033826828003,
    0.2465190887451172,
    0.2362896054983139,
    0.22831596434116364,
    0.22146835923194885,
    0.2153441607952118,
    0.20973652601242065,
    0.2045212686061859,
    0.19961528480052948,
    0.19496552646160126,
    0.19053643941879272,
    0.18630024790763855,
    0.18223407864570618,
    0.17832058668136597,
    0.17454755306243896,
    0.1709078699350357,
    0.16739927232265472,
    0.16402436792850494,
    0.16079115867614746,
    0.15771283209323883,
    0.15480683743953705
  ],
  "Training Time": 10.981260299682617,
  "Validate": [
    5.891522407531738,
    5.45173454284668,
    5.2436747550964355,
    5.253933429718018,
    5.395108699798584,
    5.523775100708008,
    5.597938060760498,
    5.624066352844238,
    5.616276264190674,
    5.587325096130371,
    5.547379016876221,
    5.503966331481934,
    5.4621405601501465,
    5.424863815307617,
    5.393712043762207,
    5.369494438171387,
    5.352567672729492,
    5.342979907989502,
    5.340546607971191,
    5.344921588897705,
    5.355617046356201,
    5.372035503387451,
    5.393460273742676,
    5.419055461883545,
    5.4478678703308105
  ]
}