{
  "Train": [
    0.16081194579601288,
    0.11282040178775787,
    0.1041501984000206,
    0.0991167277097702,
    0.09685833752155304,
    0.09307609498500824,
    0.09601660072803497,
    0.09297691285610199,
    0.08736253529787064,
    0.08570455014705658,
    0.08670353889465332,
    0.08328437805175781,
    0.08687043190002441,
    0.08286091685295105,
    0.0842178538441658,
    0.07982458919286728,
    0.08160430192947388,
    0.07687890529632568,
    0.08148518204689026,
    0.07636342942714691,
    0.0802169069647789,
    0.07541154325008392,
    0.08223433047533035,
    0.07527507841587067,
    0.0786968544125557
  ],
  "Training Time": 15.745628356933594,
  "Validate": [
    NaN,
    NaN,
    NaN,
    NaN,
    NaN,
    NaN,
    NaN,
    NaN,
    NaN,
    NaN,
    NaN,
    NaN,
    NaN,
    NaN,
    NaN,
    NaN,
    NaN,
    NaN,
    NaN,
    NaN,
    NaN,
    NaN,
    NaN,
    NaN,
    NaN
  ]
}