{
  "Train": [
    0.41223153471946716,
    0.07076902687549591,
    0.04399077966809273,
    0.038437169045209885,
    0.03453429043292999,
    0.031347986310720444,
    0.0283115953207016,
    0.02606670930981636,
    0.024271860718727112,
    0.023005971685051918,
    0.0223560594022274,
    0.022067660465836525,
    0.021927330642938614,
    0.021812619641423225,
    0.02167234756052494,
    0.021471789106726646,
    0.02120404876768589,
    0.020899692550301552,
    0.02058800682425499,
    0.020288707688450813,
    0.01999804936349392,
    0.019704626873135567,
    0.01940901018679142,
    0.019105106592178345,
    0.018767256289720535
  ],
  "Training Time": 17.499860525131226,
  "Validate": [
    30.66869354248047,
    30.556236267089844,
    30.845008850097656,
    30.740001678466797,
    30.502687454223633,
    30.301109313964844,
    30.206756591796875,
    30.069225311279297,
    29.765419006347656,
    29.375995635986328,
    29.015546798706055,
    28.730127334594727,
    28.530031204223633,
    28.41009521484375,
    28.35986328125,
    28.36693572998047,
    28.411882400512695,
    28.476268768310547,
    28.54833221435547,
    28.62462615966797,
    28.701332092285156,
    28.772619247436523,
    28.835180282592773,
    28.883821487426758,
    28.91282844543457
  ]
}