{
  "Train": [
    0.16711357235908508,
    0.06514456868171692,
    0.030711563304066658,
    0.02253064326941967,
    0.016751592978835106,
    0.010742363519966602,
    0.007669598329812288,
    0.006562202237546444,
    0.0061072236858308315,
    0.005977202206850052,
    0.005977165419608355,
    0.005970419850200415,
    0.006014825776219368,
    0.006081807892769575,
    0.006529888138175011,
    0.006270865444093943,
    0.010712157003581524,
    0.008378887549042702,
    0.013387012295424938,
    0.04440081864595413,
    0.018838539719581604,
    0.010891263373196125,
    0.011538999155163765,
    0.010245398618280888,
    0.01001603715121746
  ],
  "Training Time": 24.54576539993286,
  "Validate": [
    NaN,
    NaN,
    NaN,
    NaN,
    NaN,
    NaN,
    NaN,
    NaN,
    NaN,
    NaN,
    NaN,
    NaN,
    NaN,
    NaN,
    NaN,
    NaN,
    NaN,
    NaN,
    NaN,
    NaN,
    NaN,
    NaN,
    NaN,
    NaN,
    NaN
  ]
}