{
  "Train": [
    0.48360881209373474,
    0.42130938172340393,
    0.38367924094200134,
    0.3544813394546509,
    0.3300636410713196,
    0.3107500672340393,
    0.293790340423584,
    0.2784480154514313,
    0.26479798555374146,
    0.25192537903785706
  ],
  "Training Time": 5.816865921020508,
  "Validate": [
    NaN,
    NaN,
    NaN,
    NaN,
    NaN,
    NaN,
    NaN,
    NaN,
    NaN,
    NaN
  ]
}