{
  "Train": [
    1.0550087690353394,
    0.911185622215271,
    0.8775522112846375,
    0.847686231136322,
    0.8226771950721741,
    0.7979333996772766,
    0.769626259803772,
    0.7391586899757385,
    0.7054905295372009,
    0.6605361700057983
  ],
  "Training Time": 4.707471132278442,
  "Validate": [
    0.9048639535903931,
    0.8018298745155334,
    0.8219606280326843,
    0.8899458050727844,
    0.999863862991333,
    1.1141208410263062,
    1.2588871717453003,
    1.436920404434204,
    1.6462684869766235,
    1.9353618621826172
  ]
}