{
  "Train": [
    0.5487402677536011,
    0.16631785035133362,
    0.10166943073272705,
    0.07071738690137863,
    0.06178102269768715,
    0.052994173020124435,
    0.04694243147969246,
    0.04176345095038414,
    0.03683100640773773,
    0.032228462398052216,
    0.028109798207879066,
    0.024725522845983505,
    0.022230463102459908,
    0.020327720791101456,
    0.01870736852288246,
    0.017294233664870262,
    0.01610845886170864,
    0.015063944272696972,
    0.014119112864136696,
    0.013254513964056969,
    0.01246949378401041,
    0.01177049521356821,
    0.01116717979311943,
    0.010669829323887825,
    0.010282335802912712
  ],
  "Training Time": 9.185858249664307,
  "Validate": [
    16.48889923095703,
    25.750354766845703,
    27.220134735107422,
    27.55376625061035,
    26.924654006958008,
    26.46788215637207,
    26.160058975219727,
    25.938962936401367,
    25.81598472595215,
    25.832120895385742,
    25.96442413330078,
    26.094337463378906,
    26.183103561401367,
    26.334300994873047,
    26.607751846313477,
    27.034513473510742,
    27.59235191345215,
    28.211475372314453,
    28.80253791809082,
    29.310754776000977,
    29.72437858581543,
    30.05322265625,
    30.312217712402344,
    30.51496124267578,
    30.67144012451172
  ]
}