{
  "Train": [
    0.13240942358970642,
    0.03649783506989479,
    0.01766822300851345,
    0.010855446569621563,
    0.017207536846399307,
    0.017964769154787064,
    0.02012520842254162,
    0.014592153951525688,
    0.007072597276419401,
    0.009640844538807869,
    0.008154289796948433,
    0.025004182010889053,
    0.025771571323275566,
    0.009791637770831585,
    0.007996960543096066,
    0.02429886721074581,
    0.018213462084531784,
    0.0037064270582050085,
    0.0035389033146202564,
    0.0032250743824988604,
    0.012559104710817337,
    0.04201119393110275,
    0.027150696143507957,
    0.017834709957242012,
    0.015453224070370197
  ],
  "Training Time": 13.836730718612671,
  "Validate": [
    NaN,
    NaN,
    NaN,
    NaN,
    NaN,
    NaN,
    NaN,
    NaN,
    NaN,
    NaN,
    NaN,
    NaN,
    NaN,
    NaN,
    NaN,
    NaN,
    NaN,
    NaN,
    NaN,
    NaN,
    NaN,
    NaN,
    NaN,
    NaN,
    NaN
  ]
}