{
  "Train": [
    0.8872742652893066,
    0.8197248578071594,
    0.7758387923240662,
    0.7311152815818787,
    0.6850667595863342,
    0.6390344500541687,
    0.5944820046424866,
    0.5529698133468628,
    0.516211986541748,
    0.48496443033218384
  ],
  "Training Time": 2.3986945152282715,
  "Validate": [
    0.8962758779525757,
    0.9341720938682556,
    0.8731765151023865,
    0.7800508141517639,
    0.6795132160186768,
    0.5838479399681091,
    0.5003408789634705,
    0.4312879741191864,
    0.3760174810886383,
    0.33336520195007324
  ]
}