{
  "Train": [
    0.3462207317352295,
    0.3249152898788452,
    0.3138566315174103,
    0.30419400334358215,
    0.2954549789428711,
    0.2870083749294281,
    0.27848461270332336,
    0.2696741819381714,
    0.260480672121048,
    0.25089141726493835
  ],
  "Training Time": 2.8384859561920166,
  "Validate": [
    NaN,
    NaN,
    NaN,
    NaN,
    NaN,
    NaN,
    NaN,
    NaN,
    NaN,
    NaN
  ]
}