{
  "Train": [
    0.900177001953125,
    0.5792794227600098,
    0.5228158831596375,
    0.4980306327342987,
    0.4782198667526245,
    0.460448294878006,
    0.4435732066631317,
    0.4270041286945343,
    0.41041767597198486,
    0.39368656277656555
  ],
  "Training Time": 3.5281198024749756,
  "Validate": [
    52.29033279418945,
    52.135311126708984,
    52.13197326660156,
    52.0888786315918,
    52.053035736083984,
    52.01754379272461,
    51.97406768798828,
    51.915767669677734,
    51.83565902709961,
    51.72639846801758
  ]
}