{
  "Train": [
    0.9691919088363647,
    0.8805557489395142,
    0.8534411191940308,
    0.842365562915802,
    0.8343284726142883,
    0.8270382881164551,
    0.8294865489006042,
    0.815735399723053,
    0.8147766590118408,
    0.8001192808151245,
    0.7806125283241272,
    0.7626456022262573,
    0.7564657926559448,
    0.7679771184921265,
    0.7697938084602356,
    0.7425621151924133,
    0.7335017323493958,
    0.7180981636047363,
    0.7055135369300842,
    0.6901736855506897,
    0.6801918148994446,
    0.674877405166626,
    0.6744759678840637,
    0.6798624992370605,
    0.7001668214797974,
    0.6780162453651428,
    0.6427783370018005,
    0.6323423385620117,
    0.617992639541626,
    0.6049501299858093,
    0.5927761197090149,
    0.5744336843490601,
    0.5665003657341003,
    0.6909144520759583,
    0.5856508612632751,
    0.6163133978843689,
    0.5195739269256592,
    0.6788302659988403,
    0.6822627186775208,
    0.5863751173019409,
    0.5699965953826904,
    0.5362556576728821,
    0.5032682418823242,
    0.5409078598022461,
    0.5227661728858948,
    0.5185059905052185,
    0.460907518863678,
    0.49138274788856506,
    0.48591184616088867,
    0.45686936378479004,
    0.4467863440513611,
    0.45733603835105896,
    0.4531109035015106,
    0.43127211928367615,
    0.422457754611969,
    0.5708602666854858,
    0.46391457319259644,
    0.4144097864627838,
    0.47803953289985657,
    0.41208940744400024,
    0.49549660086631775,
    0.4570208787918091,
    0.38882654905319214,
    0.4246141016483307,
    0.427133172750473,
    0.4064164459705353,
    0.4114620089530945,
    0.3823087513446808,
    0.37600386142730713,
    0.3667111098766327,
    0.3595130145549774,
    0.3384179472923279,
    0.37243905663490295,
    0.4571702480316162,
    0.5185288190841675,
    0.5386562347412109,
    0.5668044686317444,
    0.479277104139328,
    0.43839913606643677,
    0.4074753224849701,
    0.36201924085617065,
    0.3244902491569519,
    0.3098050653934479,
    0.3027641475200653,
    0.29751935601234436,
    0.2921176254749298,
    0.2892807722091675,
    0.2845408022403717,
    0.43409469723701477,
    0.5305765867233276,
    0.4115883409976959,
    0.36472228169441223,
    0.3315477967262268,
    0.30659642815589905,
    0.30166372656822205,
    0.4930996000766754,
    0.4288516342639923,
    0.33337169885635376,
    0.2977621257305145,
    0.2782115638256073
  ],
  "Training Time": 108.07575988769531,
  "Validate": [
    3.1888303756713867,
    2.9324190616607666,
    2.739248275756836,
    2.67179274559021,
    2.6475718021392822,
    2.476820230484009,
    2.5391457080841064,
    2.4966726303100586,
    2.6623151302337646,
    2.5569632053375244,
    2.7748656272888184,
    2.608839988708496,
    2.52463436126709,
    2.4487476348876953,
    2.4647207260131836,
    2.467453956604004,
    2.463409185409546,
    2.4979088306427,
    2.5559353828430176,
    2.6040380001068115,
    2.6324968338012695,
    2.543412446975708,
    2.4398839473724365,
    2.524570941925049,
    2.651569128036499,
    2.7635245323181152,
    2.5025136470794678,
    2.4549672603607178,
    2.321279287338257,
    2.165895700454712,
    2.084761381149292,
    2.013556718826294,
    2.428743600845337,
    3.269380807876587,
    2.34102725982666,
    2.288092613220215,
    2.5343384742736816,
    4.381296157836914,
    2.2410337924957275,
    2.437506675720215,
    2.443795919418335,
    2.4814164638519287,
    2.6549203395843506,
    2.557900905609131,
    2.5113978385925293,
    2.33455491065979,
    2.5910794734954834,
    2.8850321769714355,
    2.793853282928467,
    2.565542697906494,
    2.3545663356781006,
    2.5191667079925537,
    2.324828624725342,
    2.340005874633789,
    2.66243839263916,
    2.482465982437134,
    2.2696516513824463,
    2.3295304775238037,
    2.288832426071167,
    2.651254415512085,
    2.189676523208618,
    2.4385030269622803,
    2.535831928253174,
    2.883173942565918,
    2.9808456897735596,
    2.867177724838257,
    2.756450891494751,
    3.122291326522827,
    2.7941808700561523,
    2.5904159545898438,
    2.8193507194519043,
    2.959533929824829,
    2.6610286235809326,
    3.0706582069396973,
    2.86934232711792,
    4.413387775421143,
    2.902539014816284,
    2.7311887741088867,
    2.512687921524048,
    2.475592851638794,
    2.4092886447906494,
    2.409486770629883,
    2.39803409576416,
    2.3277740478515625,
    2.27009654045105,
    2.267313241958618,
    2.1749658584594727,
    2.065523862838745,
    1.6945439577102661,
    2.489206075668335,
    2.814513921737671,
    3.1443865299224854,
    2.9817588329315186,
    2.893279790878296,
    2.8996827602386475,
    3.052645206451416,
    3.670558214187622,
    3.136101484298706,
    3.1634535789489746,
    3.090020179748535
  ]
}