{
  "Train": [
    1.0985082387924194,
    1.0907690525054932,
    1.0855274200439453,
    1.0769002437591553,
    1.0579923391342163,
    1.035656213760376,
    1.0071585178375244,
    0.9731963872909546,
    0.9496536254882812,
    0.9392731785774231,
    1.0781735181808472,
    1.1434389352798462,
    1.1167587041854858,
    1.1009348630905151,
    1.099129557609558,
    1.078965187072754,
    1.0961277484893799,
    1.0836232900619507,
    1.072256088256836,
    1.0544593334197998,
    1.0712010860443115,
    1.0493654012680054,
    1.0507527589797974,
    1.035575032234192,
    1.037528395652771,
    1.027291178703308,
    1.0189048051834106,
    1.0087381601333618,
    0.9987862706184387,
    0.9885545372962952,
    0.9737504124641418,
    0.949042022228241,
    0.9214245676994324,
    0.9231642484664917,
    0.9004353284835815,
    1.070908546447754,
    0.9854391813278198,
    0.8962203860282898,
    0.8731552362442017,
    0.8599991202354431,
    0.8431153893470764,
    0.829609215259552,
    0.8123995661735535,
    0.7987651228904724,
    0.7765236496925354,
    0.7419500946998596,
    0.7174801230430603,
    0.6768204569816589,
    0.6705504655838013,
    0.6203180551528931,
    0.6162148714065552,
    0.5992447733879089,
    0.5435744524002075,
    0.5316740870475769,
    0.482808917760849,
    0.46565642952919006,
    0.4465767741203308,
    0.43498140573501587,
    0.40966081619262695,
    0.6215688586235046,
    0.7567765116691589,
    0.618429958820343,
    0.533270537853241,
    0.5082889199256897,
    0.5222796201705933,
    0.4840524196624756,
    0.4618642330169678,
    0.4404953718185425,
    0.4229796826839447,
    0.4082696735858917,
    0.39625853300094604,
    0.38656508922576904,
    0.3784988224506378,
    0.371299684047699,
    0.36479055881500244,
    0.3579675257205963,
    0.35104191303253174,
    0.34459710121154785,
    0.3378276526927948,
    0.3322350084781647,
    0.3271523118019104,
    0.3214290142059326,
    0.3191756010055542,
    0.31136777997016907,
    0.31131672859191895,
    0.3039696514606476,
    0.305331289768219,
    0.2942019999027252,
    0.2942781448364258,
    0.2841842472553253,
    0.2867123782634735,
    0.2921472191810608,
    0.4093745946884155,
    0.2904655635356903,
    0.2760295867919922,
    0.2603888213634491,
    0.30094510316848755,
    0.26698029041290283,
    0.2929685413837433,
    0.26554250717163086
  ],
  "Training Time": 104.01796245574951,
  "Validate": [
    4.370784759521484,
    4.373422145843506,
    4.348171710968018,
    4.2993621826171875,
    4.257760524749756,
    4.262423515319824,
    4.353254795074463,
    4.441053867340088,
    4.439873695373535,
    4.4301438331604,
    4.417658805847168,
    4.342639446258545,
    4.355944633483887,
    4.3617987632751465,
    4.353325366973877,
    4.346236705780029,
    4.337179183959961,
    4.352334976196289,
    4.358708381652832,
    4.366251468658447,
    4.355559825897217,
    4.424291133880615,
    4.460912704467773,
    4.528547763824463,
    4.561252117156982,
    4.612268447875977,
    4.638197422027588,
    4.663688659667969,
    4.690024375915527,
    4.723422527313232,
    4.785102844238281,
    4.93100118637085,
    4.991360187530518,
    5.024477958679199,
    5.421876907348633,
    4.804123401641846,
    4.71113920211792,
    5.142938613891602,
    5.18113374710083,
    5.227875232696533,
    5.349615097045898,
    5.542376518249512,
    5.566213130950928,
    5.587294101715088,
    5.689822673797607,
    5.743240833282471,
    5.877314567565918,
    5.976683139801025,
    6.13526725769043,
    6.227081298828125,
    6.302018642425537,
    6.312903881072998,
    6.214428901672363,
    6.469818592071533,
    6.538729667663574,
    6.641197204589844,
    6.698260307312012,
    6.769693374633789,
    6.783769130706787,
    7.409690856933594,
    7.153779983520508,
    7.032179355621338,
    7.236253261566162,
    7.258877754211426,
    7.2822957038879395,
    7.281764030456543,
    7.3354597091674805,
    7.413721084594727,
    7.480846881866455,
    7.532710075378418,
    7.575218677520752,
    7.601292610168457,
    7.614919662475586,
    7.622309684753418,
    7.616847038269043,
    7.610778331756592,
    7.589526176452637,
    7.568265914916992,
    7.5334320068359375,
    7.505121231079102,
    7.4692888259887695,
    7.443568229675293,
    7.4179487228393555,
    7.417558193206787,
    7.376960754394531,
    7.402829170227051,
    7.320173740386963,
    7.402847766876221,
    7.2755045890808105,
    7.326685905456543,
    7.287250995635986,
    7.391087055206299,
    7.53279447555542,
    7.506249904632568,
    7.465089797973633,
    7.375646591186523,
    7.259109020233154,
    7.237555027008057,
    7.154399394989014,
    7.183750629425049
  ]
}