{
  "Train": [
    0.267797589302063,
    0.2345665693283081,
    0.1699073314666748,
    0.1330447494983673,
    0.10818176716566086,
    0.09383860975503922,
    0.08836595714092255,
    0.08596620708703995,
    0.0811757817864418,
    0.07783454656600952
  ],
  "Training Time": 19.287208795547485,
  "Validate": [
    NaN,
    NaN,
    NaN,
    NaN,
    NaN,
    NaN,
    NaN,
    NaN,
    NaN,
    NaN
  ]
}