{
  "Train": [
    0.7376056909561157,
    0.7210092544555664,
    0.7043815851211548,
    0.6845185160636902,
    0.6556774973869324,
    0.6195610761642456,
    0.5951195955276489,
    0.5787888169288635,
    0.5695591568946838,
    0.5642216801643372
  ],
  "Training Time": 4.949411153793335,
  "Validate": [
    0.3625641465187073,
    0.3762340545654297,
    0.37630635499954224,
    0.3710528314113617,
    0.3824717402458191,
    0.4104774296283722,
    0.4130483567714691,
    0.43716609477996826,
    0.42486998438835144,
    0.44205692410469055
  ]
}