{
  "Train": [
    0.7274582386016846,
    0.6945357322692871,
    0.6916540861129761,
    0.6835327744483948,
    0.6748130917549133,
    0.6671776175498962,
    0.6603010892868042,
    0.6548097133636475,
    0.6495976448059082,
    0.6447213292121887
  ],
  "Training Time": 6.34924578666687,
  "Validate": [
    NaN,
    NaN,
    NaN,
    NaN,
    NaN,
    NaN,
    NaN,
    NaN,
    NaN,
    NaN
  ]
}