{
  "Train": [
    0.9187334775924683,
    0.90285325050354,
    0.8581985831260681,
    0.8548304438591003,
    0.8459076285362244,
    0.8409618735313416,
    0.8363037109375,
    0.8327880501747131,
    0.8292236328125,
    0.8260523676872253
  ],
  "Training Time": 5.279351234436035,
  "Validate": [
    3.1122629642486572,
    3.2533798217773438,
    3.0158536434173584,
    2.992274284362793,
    2.945539951324463,
    2.9158666133880615,
    2.8795855045318604,
    2.8496949672698975,
    2.811875343322754,
    2.774015426635742
  ]
}