{
  "Train": [
    0.7940307259559631,
    0.6948410272598267,
    0.6756760478019714,
    0.6640146970748901,
    0.6528002023696899,
    0.6422256231307983,
    0.6322442889213562,
    0.622766375541687,
    0.6137341260910034,
    0.605298638343811
  ],
  "Training Time": 7.465133905410767,
  "Validate": [
    0.4150075614452362,
    0.43155142664909363,
    0.4254463016986847,
    0.4219675362110138,
    0.4213721454143524,
    0.4220946133136749,
    0.423371285200119,
    0.4250597655773163,
    0.42863208055496216,
    0.439281165599823
  ]
}