{
  "Train": [
    0.8491812944412231,
    0.8294620513916016,
    0.8100934028625488,
    0.7968720197677612,
    0.7853685021400452,
    0.7743244171142578,
    0.7648457288742065,
    0.752089262008667,
    0.7197878360748291,
    0.7559366822242737
  ],
  "Training Time": 9.568460702896118,
  "Validate": [
    NaN,
    NaN,
    NaN,
    NaN,
    NaN,
    NaN,
    NaN,
    NaN,
    NaN,
    NaN
  ]
}