{
  "Train": [
    0.9661481976509094,
    0.9352275133132935,
    0.8855652213096619,
    0.8621178865432739,
    0.8464171290397644,
    0.8299239873886108,
    0.8169955611228943,
    0.7946762442588806,
    0.7657279968261719,
    0.7353443503379822
  ],
  "Training Time": 8.32312560081482,
  "Validate": [
    3.586374521255493,
    3.456183671951294,
    3.2030153274536133,
    3.092662811279297,
    3.109006643295288,
    3.0326757431030273,
    3.1820404529571533,
    3.174781560897827,
    3.086594581604004,
    2.9159841537475586
  ]
}