{
  "Train": [
    0.8191357254981995,
    0.8055717349052429,
    0.7973700761795044,
    0.7912546396255493,
    0.7858807444572449,
    0.7805877923965454,
    0.7747994661331177,
    0.7679414749145508,
    0.7595133781433105,
    0.7493013739585876
  ],
  "Training Time": 2.4417941570281982,
  "Validate": [
    0.6863162517547607,
    0.6920910477638245,
    0.6964563131332397,
    0.6995946764945984,
    0.7019145488739014,
    0.7036365270614624,
    0.7050284743309021,
    0.7064600586891174,
    0.7083324790000916,
    0.7107415795326233
  ]
}