{
  "Train": [
    0.7592882513999939,
    0.7672051191329956,
    0.758172869682312,
    0.7511141896247864,
    0.7445935010910034,
    0.7386128306388855,
    0.7333436608314514,
    0.7288745045661926,
    0.7251408696174622,
    0.7220216989517212
  ],
  "Training Time": 2.8621015548706055,
  "Validate": [
    NaN,
    NaN,
    NaN,
    NaN,
    NaN,
    NaN,
    NaN,
    NaN,
    NaN,
    NaN
  ]
}