{
  "Train": [
    0.9489062428474426,
    1.0238385200500488,
    0.8887506723403931,
    0.8249508142471313,
    0.7656200528144836,
    0.7230471968650818,
    0.6818264722824097,
    0.6507183313369751,
    0.6291303038597107,
    0.6219714283943176,
    0.6142060160636902,
    0.5832521319389343,
    0.5750108361244202,
    0.5425021052360535,
    0.5514118671417236,
    0.6121396422386169,
    0.5681678652763367,
    0.6386408805847168,
    0.5335596799850464,
    0.7066346406936646,
    0.5107099413871765,
    0.46413108706474304,
    0.4769884943962097,
    0.49294766783714294,
    0.47463497519493103,
    0.6296756863594055,
    0.37393540143966675,
    0.3209216296672821,
    0.2883632481098175,
    0.2665990889072418,
    0.24758632481098175,
    0.2284097820520401,
    0.22716356813907623,
    0.22653689980506897,
    0.28540223836898804,
    0.5325148105621338,
    0.5886856913566589,
    0.3795526921749115,
    0.23976333439350128,
    0.44321030378341675,
    0.8364216089248657,
    0.4520510733127594,
    0.3768097460269928,
    0.3429104685783386,
    0.32218074798583984,
    0.304317444562912,
    0.29031047224998474,
    0.2780199348926544,
    0.26678651571273804,
    0.2573246359825134,
    0.24287836253643036,
    0.23304741084575653,
    0.22552558779716492,
    0.2484898418188095,
    0.5009268522262573,
    0.6466255187988281,
    0.5548529028892517,
    0.3035885989665985,
    0.2471756637096405,
    0.2561315894126892,
    0.2472950518131256,
    0.21283058822155,
    0.19249391555786133,
    0.1762608140707016,
    0.16077850759029388,
    0.15832027792930603,
    0.15978480875492096,
    0.24589304625988007,
    0.18554051220417023,
    0.1870042085647583,
    0.16737410426139832,
    0.16818401217460632,
    0.16621999442577362,
    0.1387234628200531,
    0.12755604088306427,
    0.12378578633069992,
    0.11781866103410721,
    0.12288123369216919,
    0.115590400993824,
    0.1162533164024353,
    0.1072760745882988,
    0.11032284051179886,
    0.10684945434331894,
    0.11347651481628418,
    0.11826742440462112,
    0.1207357868552208,
    0.21982420980930328,
    1.1776750087738037,
    1.0081695318222046,
    0.7802115678787231,
    0.6646995544433594,
    0.5385226011276245,
    0.37630218267440796,
    0.3273046910762787,
    0.30277952551841736,
    0.6494023203849792,
    0.8135949969291687,
    0.6178483366966248,
    0.3719441294670105,
    0.25698649883270264
  ],
  "Training Time": 92.53422284126282,
  "Validate": [
    0.5787045955657959,
    0.32935935258865356,
    0.32284703850746155,
    0.3049531579017639,
    0.28272074460983276,
    0.27244889736175537,
    0.283067524433136,
    0.26849564909935,
    0.2556203603744507,
    0.26873114705085754,
    0.4099869728088379,
    0.6091659069061279,
    0.31099840998649597,
    0.3045037090778351,
    0.27911895513534546,
    0.4908044934272766,
    0.361857146024704,
    0.8099824786186218,
    0.5404105186462402,
    0.7306112051010132,
    0.5320446491241455,
    0.7984498739242554,
    0.7597742676734924,
    0.8231319189071655,
    0.5667155981063843,
    1.5002646446228027,
    1.3632550239562988,
    1.3695417642593384,
    1.379490613937378,
    1.3243731260299683,
    1.4484056234359741,
    1.3083440065383911,
    1.692182183265686,
    1.383115530014038,
    1.5662018060684204,
    0.85884690284729,
    0.993879497051239,
    1.1580500602722168,
    1.0991826057434082,
    1.0387096405029297,
    1.2810858488082886,
    1.5652316808700562,
    1.555991768836975,
    1.557721734046936,
    1.457400918006897,
    1.4260759353637695,
    1.5325535535812378,
    1.2647398710250854,
    1.177154302597046,
    1.1792426109313965,
    1.1709473133087158,
    1.1440953016281128,
    1.0732821226119995,
    1.2970631122589111,
    0.48773449659347534,
    0.45951926708221436,
    0.3511231541633606,
    0.35809898376464844,
    0.36931249499320984,
    0.35697856545448303,
    0.3808155953884125,
    0.3622904121875763,
    0.40462225675582886,
    0.4120881259441376,
    0.4144752621650696,
    0.44234466552734375,
    0.41900408267974854,
    0.37128135561943054,
    0.37208765745162964,
    0.342197060585022,
    0.30437710881233215,
    0.3019835650920868,
    0.3256005346775055,
    0.3473924398422241,
    0.33021071553230286,
    0.358596533536911,
    0.33275941014289856,
    0.4069180190563202,
    0.32550257444381714,
    0.3234862983226776,
    0.33183354139328003,
    0.3657607138156891,
    0.3288455903530121,
    0.30825063586235046,
    0.3046068251132965,
    0.2886224091053009,
    0.3200092911720276,
    1.4959416389465332,
    0.35893675684928894,
    0.3302421569824219,
    0.37177276611328125,
    0.4646390974521637,
    0.4338022470474243,
    0.429528146982193,
    0.4118102788925171,
    0.42541131377220154,
    0.3967095613479614,
    0.6638149619102478,
    0.45084813237190247,
    0.5050082802772522
  ]
}