{
  "Train": [
    1.134462594985962,
    0.9161099195480347,
    0.8562344908714294,
    0.8120920658111572,
    0.8037517070770264,
    0.7699983716011047,
    0.7532066702842712,
    0.7390346527099609,
    0.73158198595047,
    0.7289135456085205,
    0.7078496217727661,
    0.7011425495147705,
    0.6629123687744141,
    0.6471408009529114,
    0.6262204051017761,
    0.602179229259491,
    0.615917444229126,
    0.6201856136322021,
    0.5523735284805298,
    0.7184585332870483,
    0.5907629132270813,
    0.6005372405052185,
    0.4956093430519104,
    0.5104202032089233,
    0.4706132411956787,
    0.4666818082332611,
    0.4791766107082367,
    0.45741620659828186,
    0.41395050287246704,
    0.4569331109523773,
    0.8380793333053589,
    0.663563072681427,
    0.6001657843589783,
    0.5677226781845093,
    0.612975001335144,
    0.6796759366989136,
    0.5359385013580322,
    0.43766626715660095,
    0.4855007529258728,
    0.4344983994960785,
    0.47277334332466125,
    0.5972278118133545,
    0.402143269777298,
    0.5178135633468628,
    0.41186752915382385,
    0.3848603367805481,
    0.48295286297798157,
    0.3677949011325836,
    0.3755509853363037,
    0.4051267206668854,
    0.31843996047973633,
    0.305322527885437,
    0.3431417644023895,
    0.2882001996040344,
    0.18091833591461182,
    0.15273571014404297,
    0.14026911556720734,
    0.1193951666355133,
    0.12636058032512665,
    0.1233348473906517,
    0.10622940957546234,
    0.1260608285665512,
    0.1102563664317131,
    0.12280905991792679,
    0.4115915596485138,
    0.5941274762153625,
    0.3520629405975342,
    0.29748356342315674,
    0.2245580106973648,
    0.16877171397209167,
    0.15211232006549835,
    0.18930429220199585,
    0.14704272150993347,
    0.17313632369041443,
    0.365094929933548,
    0.3192708194255829,
    0.2069384604692459,
    0.3047446012496948,
    0.16840235888957977,
    0.14692634344100952,
    0.18490225076675415,
    0.14755100011825562,
    0.15361997485160828,
    0.11258193105459213,
    0.08423399180173874,
    0.06990519911050797,
    0.07144590467214584,
    0.07087353616952896,
    0.08176540583372116,
    0.05994751676917076,
    0.059044405817985535,
    0.05306846648454666,
    0.05309358239173889,
    0.055783871561288834,
    0.06013668328523636,
    0.07242091000080109,
    0.10909003764390945,
    0.10104016959667206,
    0.20973582565784454,
    0.276786208152771
  ],
  "Training Time": 117.80488562583923,
  "Validate": [
    NaN,
    NaN,
    NaN,
    NaN,
    NaN,
    NaN,
    NaN,
    NaN,
    NaN,
    NaN,
    NaN,
    NaN,
    NaN,
    NaN,
    NaN,
    NaN,
    NaN,
    NaN,
    NaN,
    NaN,
    NaN,
    NaN,
    NaN,
    NaN,
    NaN,
    NaN,
    NaN,
    NaN,
    NaN,
    NaN,
    NaN,
    NaN,
    NaN,
    NaN,
    NaN,
    NaN,
    NaN,
    NaN,
    NaN,
    NaN,
    NaN,
    NaN,
    NaN,
    NaN,
    NaN,
    NaN,
    NaN,
    NaN,
    NaN,
    NaN,
    NaN,
    NaN,
    NaN,
    NaN,
    NaN,
    NaN,
    NaN,
    NaN,
    NaN,
    NaN,
    NaN,
    NaN,
    NaN,
    NaN,
    NaN,
    NaN,
    NaN,
    NaN,
    NaN,
    NaN,
    NaN,
    NaN,
    NaN,
    NaN,
    NaN,
    NaN,
    NaN,
    NaN,
    NaN,
    NaN,
    NaN,
    NaN,
    NaN,
    NaN,
    NaN,
    NaN,
    NaN,
    NaN,
    NaN,
    NaN,
    NaN,
    NaN,
    NaN,
    NaN,
    NaN,
    NaN,
    NaN,
    NaN,
    NaN,
    NaN
  ]
}