{
  "Train": [
    0.9317538738250732,
    0.8792260885238647,
    0.8543490171432495,
    0.8295596241950989,
    0.808375358581543,
    0.7901107668876648,
    0.774835467338562,
    0.7628050446510315,
    0.7530802488327026,
    0.7439396977424622
  ],
  "Training Time": 5.139406204223633,
  "Validate": [
    4.116973876953125,
    3.7319517135620117,
    3.4338223934173584,
    3.1570398807525635,
    2.9380950927734375,
    2.7580504417419434,
    2.6154370307922363,
    2.511169672012329,
    2.4353859424591064,
    2.376187324523926
  ]
}