{
  "Train": [
    0.7914668917655945,
    0.7827011942863464,
    0.7693618535995483,
    0.7550686597824097,
    0.7400428056716919,
    0.728305995464325,
    0.72712641954422,
    0.7256544828414917,
    0.733404815196991,
    0.7063373923301697
  ],
  "Training Time": 5.919268369674683,
  "Validate": [
    NaN,
    NaN,
    NaN,
    NaN,
    NaN,
    NaN,
    NaN,
    NaN,
    NaN,
    NaN
  ]
}