{
  "Train": [
    0.22451667487621307,
    0.13209158182144165,
    0.1190836951136589,
    0.10829280316829681,
    0.10281822830438614,
    0.09826762229204178,
    0.09436377137899399,
    0.09094122052192688,
    0.08797171711921692,
    0.08522748202085495,
    0.08248919248580933,
    0.07970336824655533,
    0.07697589695453644,
    0.07433784008026123,
    0.07188528776168823,
    0.06960978358983994,
    0.06748223304748535,
    0.06549403816461563,
    0.06364205479621887,
    0.061835113912820816,
    0.06011943891644478,
    0.05858868733048439,
    0.0577407069504261,
    0.05580412968993187,
    0.06008310243487358
  ],
  "Training Time": 23.236554622650146,
  "Validate": [
    NaN,
    NaN,
    NaN,
    NaN,
    NaN,
    NaN,
    NaN,
    NaN,
    NaN,
    NaN,
    NaN,
    NaN,
    NaN,
    NaN,
    NaN,
    NaN,
    NaN,
    NaN,
    NaN,
    NaN,
    NaN,
    NaN,
    NaN,
    NaN,
    NaN
  ]
}