{
  "Train": [
    0.18551214039325714,
    0.15442106127738953,
    0.1402256339788437,
    0.13117991387844086,
    0.12403573840856552,
    0.11815017461776733,
    0.11318289488554001,
    0.10896337777376175,
    0.10535164922475815,
    0.10218407213687897,
    0.09932707995176315,
    0.09669458866119385,
    0.09414809197187424,
    0.09214381873607635,
    0.09087397903203964,
    0.09108474105596542,
    0.08565545827150345,
    0.08273553103208542,
    0.08008010685443878,
    0.07764720916748047,
    0.07695682346820831,
    0.07573656737804413,
    0.07317066937685013,
    0.06791775673627853,
    0.06351909041404724
  ],
  "Training Time": 18.006471633911133,
  "Validate": [
    0.8985715508460999,
    0.67391437292099,
    0.544564962387085,
    0.4498767554759979,
    0.3786105811595917,
    0.3247191607952118,
    0.2843848168849945,
    0.25452855229377747,
    0.23268340528011322,
    0.21699541807174683,
    0.20525604486465454,
    0.19539760053157806,
    0.1845928579568863,
    0.1788616180419922,
    0.1596447080373764,
    0.17526493966579437,
    0.13351482152938843,
    0.1253744661808014,
    0.10715992003679276,
    0.09579146653413773,
    0.08574646711349487,
    0.09042515605688095,
    0.09673616290092468,
    0.12632276117801666,
    0.06931660324335098
  ]
}