{
  "Train": [
    0.9743881225585938,
    0.6577079892158508,
    0.5354259610176086,
    0.45912981033325195,
    0.36421316862106323,
    0.30852922797203064,
    0.2830010950565338,
    0.2694471776485443,
    0.2607342600822449,
    0.26738473773002625,
    0.253002405166626,
    0.2544553279876709,
    0.24293090403079987,
    0.2432279884815216,
    0.23514534533023834,
    0.23290713131427765,
    0.2271927148103714,
    0.22319886088371277,
    0.21746550500392914,
    0.21275855600833893,
    0.20730648934841156,
    0.20138949155807495,
    0.19731035828590393,
    0.1897483915090561,
    0.18667630851268768
  ],
  "Training Time": 15.931803703308105,
  "Validate": [
    0.29466497898101807,
    0.42781028151512146,
    0.490755558013916,
    0.5963456630706787,
    0.8285241723060608,
    1.0133113861083984,
    0.9912344217300415,
    0.8998504877090454,
    0.8262792229652405,
    0.7981914281845093,
    0.8541969656944275,
    0.8379853963851929,
    0.9086675047874451,
    0.8810415267944336,
    0.926182210445404,
    0.8797994256019592,
    0.9069559574127197,
    0.8490263223648071,
    0.8597574830055237,
    0.7963531017303467,
    0.8019073009490967,
    0.7342153787612915,
    0.7379699945449829,
    0.6752274036407471,
    0.6692443490028381
  ]
}