{
  "Train": [
    0.5606918334960938,
    0.3657078742980957,
    0.300974577665329,
    0.2571920156478882,
    0.21688221395015717,
    0.19596847891807556,
    0.18055598437786102,
    0.16599348187446594,
    0.16147853434085846,
    0.15488271415233612,
    0.14512141048908234,
    0.143621563911438,
    0.1382441222667694,
    0.134660542011261,
    0.13179612159729004,
    0.1296001821756363,
    0.12786896526813507,
    0.1234750971198082,
    0.12572847306728363,
    0.1214623972773552,
    0.11877371370792389,
    0.11672607064247131,
    0.1140671893954277,
    0.1159471720457077,
    0.11429832130670547
  ],
  "Training Time": 10.826337575912476,
  "Validate": [
    5.54872465133667,
    5.361452579498291,
    5.190661907196045,
    5.078403949737549,
    4.91369104385376,
    4.875980377197266,
    4.820659160614014,
    4.80318021774292,
    4.814325332641602,
    4.818820476531982,
    4.80898380279541,
    4.850921154022217,
    4.876646041870117,
    4.897414207458496,
    4.915947437286377,
    4.919064044952393,
    4.936032772064209,
    4.897228717803955,
    4.911193370819092,
    4.893844127655029,
    4.858979225158691,
    4.81646203994751,
    4.779822826385498,
    4.8101487159729,
    4.736859321594238
  ]
}