{
  "Train": [
    0.27276766300201416,
    0.14771103858947754,
    0.1288628727197647,
    0.12004082649946213,
    0.11472762376070023,
    0.1108734980225563,
    0.10766150057315826,
    0.10486011207103729,
    0.10233753174543381,
    0.10010053217411041,
    0.098023422062397,
    0.09636110067367554,
    0.09478854387998581,
    0.09260617196559906,
    0.09106310456991196,
    0.08925594389438629,
    0.08830989897251129,
    0.08704503625631332,
    0.09189577400684357,
    0.08981053531169891,
    0.08517702668905258,
    0.08406789600849152,
    0.08158175647258759,
    0.07962707430124283,
    0.07714949548244476
  ],
  "Training Time": 12.316534042358398,
  "Validate": [
    0.7389022707939148,
    0.8713210821151733,
    0.9138402938842773,
    0.9399230480194092,
    0.9586934447288513,
    0.9692466259002686,
    0.9734527468681335,
    0.9734326004981995,
    0.9702720642089844,
    0.9653263688087463,
    0.9587250351905823,
    0.9509735107421875,
    0.9487960934638977,
    0.9192794561386108,
    0.9086567163467407,
    0.8936986327171326,
    0.8815070986747742,
    0.8731430172920227,
    0.9701246619224548,
    0.9339332580566406,
    0.9419462084770203,
    0.9894669055938721,
    1.014318585395813,
    1.0537352561950684,
    1.0932056903839111
  ]
}