{
  "Train": [
    1.0127146244049072,
    0.9743524789810181,
    0.9500126242637634,
    0.9336879253387451,
    0.9193006753921509,
    0.9063200354576111,
    0.8943130373954773,
    0.8828768730163574,
    0.8717625737190247,
    0.8609049916267395
  ],
  "Training Time": 14.366863250732422,
  "Validate": [
    NaN,
    NaN,
    NaN,
    NaN,
    NaN,
    NaN,
    NaN,
    NaN,
    NaN,
    NaN
  ]
}