{
  "Train": [
    1.1006460189819336,
    1.092302918434143,
    1.0889071226119995,
    1.0852934122085571,
    1.0802690982818604,
    1.0711023807525635,
    1.0585473775863647,
    1.0460652112960815,
    1.0328636169433594,
    1.0169891119003296,
    0.9954817295074463,
    0.9690279960632324,
    0.951428234577179,
    0.9428855776786804,
    0.927557110786438,
    0.9165635704994202,
    0.9077408909797668,
    0.900816023349762,
    0.8948246836662292,
    0.8892551064491272,
    0.8838526606559753,
    0.8779118061065674,
    0.8691877722740173,
    0.870354950428009,
    0.8597255349159241,
    0.8522239327430725,
    0.8295282125473022,
    0.8487878441810608,
    0.8052521347999573,
    0.792108952999115,
    0.9492663145065308,
    0.8835892081260681,
    0.8151001930236816,
    0.7722367644309998,
    0.9242579936981201,
    0.7944168448448181,
    0.7723653316497803,
    0.7450506687164307,
    0.7382162809371948,
    0.7343893647193909,
    0.7678361535072327,
    0.7974864840507507,
    0.7480084896087646,
    0.7777684926986694,
    0.7566028833389282,
    0.7269988656044006,
    0.6837726831436157,
    0.6780646443367004,
    0.6909959316253662,
    0.6754707098007202,
    0.6732600927352905,
    0.6406362056732178,
    0.6311486959457397,
    0.617098867893219,
    0.6065638065338135,
    0.5952169299125671,
    0.6197316646575928,
    0.82784503698349,
    0.6191306710243225,
    0.5675859451293945,
    0.5512405037879944,
    0.5408009886741638,
    0.9385406374931335,
    0.9192237854003906,
    0.7958699464797974,
    0.7195776700973511,
    0.6416528224945068,
    0.6548267006874084,
    0.5781500935554504,
    0.5510699152946472,
    0.6624193787574768,
    0.5975221395492554,
    0.5064657330513,
    0.4872227609157562,
    0.47886404395103455,
    0.461926132440567,
    0.4626116156578064,
    0.45725998282432556,
    0.4400302767753601,
    0.4249308705329895,
    0.41216400265693665,
    0.40282830595970154,
    0.39250078797340393,
    0.41884154081344604,
    0.3938033878803253,
    0.39450737833976746,
    0.471717894077301,
    0.4308178722858429,
    0.3809300661087036,
    0.3838008642196655,
    0.3390578627586365,
    0.3301800787448883,
    0.31813597679138184,
    0.31050166487693787,
    0.31158962845802307,
    0.33963513374328613,
    0.3114010691642761,
    0.27794134616851807,
    0.27344411611557007,
    0.7947286367416382
  ],
  "Training Time": 106.1384789943695,
  "Validate": [
    4.3678669929504395,
    4.363661289215088,
    4.35023832321167,
    4.3197221755981445,
    4.279489994049072,
    4.256708145141602,
    4.260900020599365,
    4.286506652832031,
    4.326433181762695,
    4.367969036102295,
    4.383550643920898,
    4.360619068145752,
    4.336574077606201,
    4.321560859680176,
    4.317843914031982,
    4.313076496124268,
    4.309492111206055,
    4.30587100982666,
    4.302405834197998,
    4.299354553222656,
    4.297572612762451,
    4.299393177032471,
    4.30789852142334,
    4.329055309295654,
    4.350283622741699,
    4.342942714691162,
    4.3566389083862305,
    4.321537971496582,
    4.320955276489258,
    4.289915084838867,
    4.609276294708252,
    4.250084400177002,
    4.282299995422363,
    4.211027145385742,
    4.186358451843262,
    4.210702419281006,
    4.21510648727417,
    4.179386615753174,
    4.1664509773254395,
    4.146803379058838,
    4.088098526000977,
    4.072728157043457,
    4.07396125793457,
    4.051153182983398,
    4.038805961608887,
    4.024683952331543,
    3.983285427093506,
    3.963949680328369,
    3.9041974544525146,
    4.032836437225342,
    3.9597597122192383,
    3.90158748626709,
    3.8488118648529053,
    3.8088796138763428,
    3.84958815574646,
    3.7665839195251465,
    4.234073638916016,
    3.9349477291107178,
    3.8946211338043213,
    3.8379926681518555,
    3.783651113510132,
    3.6634879112243652,
    4.330439567565918,
    4.252285480499268,
    4.166710376739502,
    4.138082981109619,
    3.9306206703186035,
    3.972464084625244,
    3.9696221351623535,
    3.899765729904175,
    3.5101873874664307,
    3.6407907009124756,
    3.6214418411254883,
    3.620439052581787,
    3.636169672012329,
    3.5055277347564697,
    3.4919779300689697,
    3.5173027515411377,
    3.5077452659606934,
    3.479337453842163,
    3.4393317699432373,
    3.4189085960388184,
    3.4409987926483154,
    3.454073905944824,
    3.5405211448669434,
    3.43947696685791,
    3.4530653953552246,
    3.4658727645874023,
    3.4578795433044434,
    3.4571540355682373,
    3.410104274749756,
    3.3716530799865723,
    3.3496780395507812,
    3.3373923301696777,
    3.3370139598846436,
    3.3603296279907227,
    3.363572835922241,
    3.32468581199646,
    3.3594415187835693,
    4.111406326293945
  ]
}