{
  "Train": [
    0.3724151849746704,
    0.3421577513217926,
    0.31489142775535583,
    0.29435810446739197,
    0.2764442563056946,
    0.26119905710220337,
    0.2463313639163971,
    0.23113566637039185,
    0.21627074480056763,
    0.2021501362323761
  ],
  "Training Time": 14.3984055519104,
  "Validate": [
    NaN,
    NaN,
    NaN,
    NaN,
    NaN,
    NaN,
    NaN,
    NaN,
    NaN,
    NaN
  ]
}