{
  "Train": [
    1.0738046169281006,
    0.9051821827888489,
    0.8595253229141235,
    0.8087965846061707,
    0.7510753273963928,
    0.6897315382957458,
    0.6295613646507263,
    0.5750564932823181,
    0.5315591096878052,
    0.4986436665058136
  ],
  "Training Time": 11.752628087997437,
  "Validate": [
    0.8934213519096375,
    0.9215978384017944,
    0.9463843703269958,
    0.9577550888061523,
    0.9721065163612366,
    0.9969106912612915,
    1.037939190864563,
    1.0982365608215332,
    1.1736199855804443,
    1.255797266960144
  ]
}