{
  "Train": [
    0.6418281197547913,
    0.35345369577407837,
    0.3276183009147644,
    0.3114892840385437,
    0.2996528446674347,
    0.29075494408607483,
    0.28370219469070435,
    0.2777210474014282,
    0.27239370346069336,
    0.2675014138221741
  ],
  "Training Time": 13.08591604232788,
  "Validate": [
    34.18710708618164,
    32.93280029296875,
    32.68212127685547,
    32.52841567993164,
    32.45381164550781,
    32.39454650878906,
    32.327579498291016,
    32.250213623046875,
    32.16404724121094,
    32.070438385009766
  ]
}