{
  "Train": [
    0.8240746855735779,
    0.7916802167892456,
    0.767169713973999,
    0.7432600259780884,
    0.7209463715553284,
    0.7045367956161499,
    0.6941235661506653,
    0.6873409152030945,
    0.6824468374252319,
    0.6785450577735901
  ],
  "Training Time": 2.4618079662323,
  "Validate": [
    0.6898232698440552,
    0.6966773867607117,
    0.703860878944397,
    0.7109087109565735,
    0.7176878452301025,
    0.7222627401351929,
    0.7239715456962585,
    0.7234987020492554,
    0.7219695448875427,
    0.7201467752456665
  ]
}