{
  "Train": [
    1.1602771282196045,
    1.1471439599990845,
    1.1418790817260742,
    1.1379767656326294,
    1.1344212293624878,
    1.1339751482009888,
    1.1384514570236206,
    1.1188669204711914,
    1.106814980506897,
    1.1365553140640259
  ],
  "Training Time": 15.81994080543518,
  "Validate": [
    1.0787376165390015,
    1.0984749794006348,
    1.0961216688156128,
    1.0752602815628052,
    1.0488240718841553,
    1.0692496299743652,
    1.1128190755844116,
    1.2185603380203247,
    1.2002357244491577,
    1.3193691968917847
  ]
}