{
  "Train": [
    1.1035668849945068,
    1.0531543493270874,
    1.033384919166565,
    1.0324971675872803,
    1.0271034240722656,
    1.0097910165786743,
    1.0069903135299683,
    0.9740921258926392,
    0.9741286039352417,
    0.9773250222206116
  ],
  "Training Time": 18.97706937789917,
  "Validate": [
    NaN,
    NaN,
    NaN,
    NaN,
    NaN,
    NaN,
    NaN,
    NaN,
    NaN,
    NaN
  ]
}