{
  "Train": [
    1.1004430055618286,
    1.0933187007904053,
    1.0899553298950195,
    1.0861704349517822,
    1.081943392753601,
    1.077419400215149,
    1.0723241567611694,
    1.066298007965088,
    1.0588785409927368,
    1.0490161180496216
  ],
  "Training Time": 17.25670886039734,
  "Validate": [
    4.388230323791504,
    4.393742084503174,
    4.387711524963379,
    4.3777923583984375,
    4.360929489135742,
    4.336853981018066,
    4.30720853805542,
    4.284006595611572,
    4.277780055999756,
    4.2793498039245605
  ]
}