{
  "Train": [
    0.8294411301612854,
    0.8133547902107239,
    0.7972439527511597,
    0.7824654579162598,
    0.7652351260185242,
    0.7313089370727539,
    0.6825825572013855,
    0.7259076833724976,
    0.6931837797164917,
    0.6746035218238831
  ],
  "Training Time": 9.26088809967041,
  "Validate": [
    NaN,
    NaN,
    NaN,
    NaN,
    NaN,
    NaN,
    NaN,
    NaN,
    NaN,
    NaN
  ]
}