{
  "Train": [
    0.15744653344154358,
    0.10151414573192596,
    0.09361211210489273,
    0.08640673756599426,
    0.0794534832239151,
    0.0731402263045311,
    0.07256383448839188,
    0.07029201090335846,
    0.06985624879598618,
    0.06743834912776947,
    0.06582485139369965,
    0.06443341821432114,
    0.06330588459968567,
    0.06249050423502922,
    0.06097230687737465,
    0.05979885533452034,
    0.05754861980676651,
    0.05741797387599945,
    0.054683491587638855,
    0.05325932428240776,
    0.05163685232400894,
    0.05053699389100075,
    0.05109534040093422,
    0.0588073655962944,
    0.05395917594432831
  ],
  "Training Time": 9.323643445968628,
  "Validate": [
    NaN,
    NaN,
    NaN,
    NaN,
    NaN,
    NaN,
    NaN,
    NaN,
    NaN,
    NaN,
    NaN,
    NaN,
    NaN,
    NaN,
    NaN,
    NaN,
    NaN,
    NaN,
    NaN,
    NaN,
    NaN,
    NaN,
    NaN,
    NaN,
    NaN
  ]
}