{
  "Train": [
    0.8916661143302917,
    0.8656190037727356,
    0.8515102863311768,
    0.8433723449707031,
    0.8374125957489014,
    0.8317535519599915,
    0.8266964554786682,
    0.8212539553642273,
    0.8157678246498108,
    0.8090692162513733,
    0.8024244904518127,
    0.794092059135437,
    0.7817411422729492,
    0.7599936723709106,
    0.7387313842773438,
    0.7345109581947327,
    0.7160515189170837,
    0.6851765513420105,
    0.6749613881111145,
    0.660524308681488,
    0.6460990309715271,
    0.6318817138671875,
    0.6233134865760803,
    0.6108065843582153,
    0.6023373007774353,
    0.5924296379089355,
    0.5828433036804199,
    0.5704149007797241,
    0.5616058111190796,
    0.5598778128623962,
    0.5634191036224365,
    0.5169421434402466,
    0.5062714219093323,
    0.4896390438079834,
    0.49897077679634094,
    0.4793429672718048,
    0.45368173718452454,
    0.4258115589618683,
    0.4150310456752777,
    0.39557555317878723,
    0.38183432817459106,
    0.3622207045555115,
    0.3451896905899048,
    0.3381461799144745,
    0.33666279911994934,
    0.3266226351261139,
    0.30853337049484253,
    0.2991730570793152,
    0.28339827060699463,
    0.26717302203178406,
    0.2556929588317871,
    0.24576735496520996,
    0.23077644407749176,
    0.5601159334182739,
    0.6804662942886353,
    0.4496786594390869,
    0.3329545557498932,
    0.2267053872346878,
    0.203729048371315,
    0.19605526328086853,
    0.1841793656349182,
    0.17657570540905,
    0.16850712895393372,
    0.16065345704555511,
    0.1525907665491104,
    0.14553280174732208,
    0.14260601997375488,
    0.13559693098068237,
    0.13014435768127441,
    0.12567298114299774,
    0.11759063601493835,
    0.10793319344520569,
    0.10097230225801468,
    0.09857413917779922,
    0.09657593816518784,
    0.09884221106767654,
    0.08872916549444199,
    0.0729399025440216,
    0.08953478187322617,
    0.09423945099115372,
    0.07574530690908432,
    0.10520092397928238,
    0.25723621249198914,
    0.11511900275945663,
    0.07121071219444275,
    0.05300130695104599,
    0.05334753915667534,
    0.046571385115385056,
    0.04433588311076164,
    0.04006098210811615,
    0.039655230939388275,
    0.0394856333732605,
    0.039777062833309174,
    0.03753149136900902,
    0.04613290727138519,
    0.04034876450896263,
    0.04218795523047447,
    0.052921123802661896,
    0.07692429423332214,
    0.13976499438285828
  ],
  "Training Time": 77.21892619132996,
  "Validate": [
    2.9685378074645996,
    2.984239339828491,
    2.956489324569702,
    2.934493064880371,
    2.9279282093048096,
    2.914407253265381,
    2.908038854598999,
    2.8953847885131836,
    2.8870651721954346,
    2.871668815612793,
    2.880891799926758,
    2.886833906173706,
    2.8310210704803467,
    2.76916241645813,
    2.704418420791626,
    2.6801021099090576,
    2.551447868347168,
    2.5586931705474854,
    2.745837688446045,
    2.377393960952759,
    2.433258056640625,
    2.5154590606689453,
    2.5271809101104736,
    2.601327419281006,
    2.6953821182250977,
    2.733970880508423,
    2.742096185684204,
    2.8713223934173584,
    2.447244167327881,
    2.144798517227173,
    2.5590131282806396,
    3.258229970932007,
    3.2991621494293213,
    2.1882011890411377,
    2.7812845706939697,
    3.1129605770111084,
    3.1175286769866943,
    3.2139081954956055,
    3.1535215377807617,
    2.9871795177459717,
    3.035226583480835,
    2.9945967197418213,
    2.966693162918091,
    3.513979911804199,
    2.9044032096862793,
    2.572683572769165,
    2.6605145931243896,
    2.5214040279388428,
    2.511932134628296,
    2.529963731765747,
    2.612931251525879,
    2.786569833755493,
    3.0943524837493896,
    3.5521576404571533,
    2.6138298511505127,
    3.759795904159546,
    3.318493604660034,
    3.2892112731933594,
    3.2938897609710693,
    3.158966302871704,
    3.3494062423706055,
    3.440904378890991,
    3.524243116378784,
    3.6291120052337646,
    3.757033348083496,
    3.907569169998169,
    4.056033611297607,
    4.14766788482666,
    4.247490882873535,
    4.2239670753479,
    4.153961181640625,
    4.181781768798828,
    4.2942728996276855,
    4.327868461608887,
    4.712025165557861,
    3.8446929454803467,
    3.760890007019043,
    4.144598007202148,
    4.253202438354492,
    3.2910361289978027,
    3.8564400672912598,
    3.439467668533325,
    4.215811729431152,
    3.151885986328125,
    3.238272190093994,
    3.2791848182678223,
    2.96403431892395,
    3.341367244720459,
    3.105570077896118,
    3.0305275917053223,
    2.924891710281372,
    3.1496076583862305,
    3.0983431339263916,
    3.1027824878692627,
    2.8754117488861084,
    4.268205642700195,
    4.519176483154297,
    2.218259572982788,
    2.384121894836426,
    2.097900629043579
  ]
}