{
  "Train": [
    0.24900487065315247,
    0.10661134868860245,
    0.07830251008272171,
    0.06674107164144516,
    0.05869247764348984,
    0.052225206047296524,
    0.04674048349261284,
    0.041557274758815765,
    0.037901870906353,
    0.033569663763046265,
    0.033545009791851044,
    0.028355402871966362,
    0.0288956630975008,
    0.024996504187583923,
    0.022041063755750656,
    0.019786210730671883,
    0.019319642335176468,
    0.018316809087991714,
    0.01662992499768734,
    0.016118967905640602,
    0.012792485766112804,
    0.01274790894240141,
    0.009855716489255428,
    0.009636742062866688,
    0.008158599957823753
  ],
  "Training Time": 5.789950847625732,
  "Validate": [
    0.48113343119621277,
    0.3958307206630707,
    0.32649698853492737,
    0.31436651945114136,
    0.3393470048904419,
    0.35816967487335205,
    0.3493225872516632,
    0.3810149133205414,
    0.32313430309295654,
    0.4709030091762543,
    0.11821189522743225,
    0.7499677538871765,
    0.08516423404216766,
    0.7414309978485107,
    0.44808465242385864,
    0.6851615905761719,
    0.32900622487068176,
    0.7563297748565674,
    0.3797003924846649,
    0.7231299877166748,
    0.5664582848548889,
    0.6574208736419678,
    0.6889275908470154,
    0.45761024951934814,
    0.722538411617279
  ]
}