{
  "Train": [
    0.0823197141289711,
    0.02496020682156086,
    0.019745750352740288,
    0.01712036319077015,
    0.015284479595720768,
    0.013928467407822609,
    0.012876124121248722,
    0.0120273781940341,
    0.011335733346641064,
    0.01077673863619566,
    0.010312973521649837,
    0.00987817719578743,
    0.009426784701645374,
    0.008977392688393593,
    0.008565805852413177,
    0.008211980573832989,
    0.007913933135569096,
    0.007636169902980328,
    0.007329302374273539,
    0.006984910927712917,
    0.00663003558292985,
    0.006312314886599779,
    0.006023365072906017,
    0.005723409354686737,
    0.0053315544500947
  ],
  "Training Time": 7.239964008331299,
  "Validate": [
    NaN,
    NaN,
    NaN,
    NaN,
    NaN,
    NaN,
    NaN,
    NaN,
    NaN,
    NaN,
    NaN,
    NaN,
    NaN,
    NaN,
    NaN,
    NaN,
    NaN,
    NaN,
    NaN,
    NaN,
    NaN,
    NaN,
    NaN,
    NaN,
    NaN
  ]
}