{
  "Train": [
    1.18132483959198,
    1.0995029211044312,
    1.063442587852478,
    1.0195848941802979,
    1.0365310907363892,
    1.011082649230957,
    0.922328770160675,
    0.865531325340271,
    0.8765302300453186,
    0.8048526048660278,
    0.8042177557945251,
    0.7711324691772461,
    0.7296015024185181,
    0.7146173119544983,
    0.7284647226333618,
    0.7038084268569946,
    0.69819575548172,
    0.6705760955810547,
    0.666899561882019,
    0.6441580653190613,
    0.6443617939949036,
    0.61554354429245,
    0.6228262782096863,
    0.7188391089439392,
    0.717255175113678,
    0.6650561094284058,
    0.5674766898155212,
    0.5571577548980713,
    0.5517475605010986,
    0.5427396893501282,
    0.5379065275192261,
    0.5303626656532288,
    0.5246548056602478,
    0.5178938508033752,
    0.5111017823219299,
    0.5041936039924622,
    0.4975302219390869,
    0.49160143733024597,
    0.48650553822517395,
    0.4811074435710907,
    0.4730702042579651,
    0.4622163772583008,
    0.451094388961792,
    0.44211530685424805,
    0.4351117014884949,
    0.4325348436832428,
    0.44296422600746155,
    0.5754110217094421,
    0.7485976219177246,
    0.4283137321472168,
    0.40100836753845215,
    0.36597326397895813,
    0.3460572063922882,
    0.3422321677207947,
    0.33178088068962097,
    0.40195178985595703,
    0.5761433839797974,
    0.6493805050849915,
    0.4788490831851959,
    0.3116376996040344,
    0.33380240201950073,
    0.2772998809814453,
    0.24733194708824158,
    0.2102009803056717,
    0.21365931630134583,
    0.1769750565290451,
    0.16902859508991241,
    0.15748091042041779,
    0.1626451462507248,
    0.1378249228000641,
    0.13826540112495422,
    0.1431596577167511,
    0.24111106991767883,
    0.1991947442293167,
    0.17230553925037384,
    0.14636994898319244,
    0.12910471856594086,
    0.10454797744750977,
    0.09513956308364868,
    0.07849414646625519,
    0.09097973257303238,
    0.080945685505867,
    0.08491678535938263,
    0.08920139819383621,
    0.1034356951713562,
    0.09329746663570404,
    0.08722434937953949,
    0.1426374316215515,
    0.6191349625587463,
    0.3040306568145752,
    0.10921847075223923,
    0.07290879637002945,
    0.06197172403335571,
    0.05576516315340996,
    0.052001647651195526,
    0.05044683814048767,
    0.04771887883543968,
    0.05012928321957588,
    0.05326126888394356,
    0.05635245889425278
  ],
  "Training Time": 203.7358067035675,
  "Validate": [
    0.3978310823440552,
    0.30083420872688293,
    0.27784794569015503,
    0.29789066314697266,
    0.3865529000759125,
    0.5210115909576416,
    0.7456536889076233,
    1.0096758604049683,
    1.1766794919967651,
    1.217435359954834,
    1.4534637928009033,
    1.4492913484573364,
    1.633444905281067,
    1.680715560913086,
    1.832536220550537,
    1.855536937713623,
    1.9806510210037231,
    2.023958444595337,
    2.1092519760131836,
    2.157017707824707,
    2.227707624435425,
    2.3418567180633545,
    2.405299186706543,
    2.2048680782318115,
    1.7270846366882324,
    2.3384902477264404,
    2.4673707485198975,
    2.335712432861328,
    2.6002466678619385,
    2.6265738010406494,
    2.788703441619873,
    2.888643503189087,
    3.0042595863342285,
    3.113786220550537,
    3.229344129562378,
    3.3384804725646973,
    3.444873571395874,
    3.539910078048706,
    3.620147943496704,
    3.6779823303222656,
    3.6729745864868164,
    3.5983872413635254,
    3.4771623611450195,
    3.3705708980560303,
    3.2675323486328125,
    3.1472654342651367,
    3.1055173873901367,
    3.3439600467681885,
    1.9983996152877808,
    2.3887670040130615,
    2.8083956241607666,
    2.9175589084625244,
    3.358273983001709,
    4.086672782897949,
    4.100400924682617,
    4.133617877960205,
    4.524056911468506,
    3.8378021717071533,
    4.02714729309082,
    3.510218620300293,
    3.991002082824707,
    3.891684055328369,
    4.165964603424072,
    4.09091854095459,
    4.329992771148682,
    4.523675918579102,
    4.45692777633667,
    4.601295471191406,
    4.837488174438477,
    4.544460773468018,
    4.697704792022705,
    4.147209644317627,
    3.244004964828491,
    3.8460958003997803,
    3.9680047035217285,
    3.6142594814300537,
    3.807098150253296,
    3.915980339050293,
    4.067235469818115,
    3.6254966259002686,
    4.419342517852783,
    4.188801288604736,
    3.9458436965942383,
    3.213777780532837,
    3.7755799293518066,
    2.8180394172668457,
    3.4714090824127197,
    4.322710990905762,
    4.103264808654785,
    2.9131875038146973,
    3.0420937538146973,
    2.903219223022461,
    3.1610145568847656,
    3.0835580825805664,
    3.2642500400543213,
    3.081287145614624,
    3.3801443576812744,
    3.0473039150238037,
    3.5106201171875,
    2.821218252182007
  ]
}