{
  "Train": [
    1.0115094184875488,
    0.9553318619728088,
    0.9297200441360474,
    0.9099650382995605,
    0.8889693021774292,
    0.8725191354751587,
    0.8581786751747131,
    0.842507541179657,
    0.8252054452896118,
    0.8058615922927856
  ],
  "Training Time": 3.093352794647217,
  "Validate": [
    NaN,
    NaN,
    NaN,
    NaN,
    NaN,
    NaN,
    NaN,
    NaN,
    NaN,
    NaN
  ]
}