{
  "Train": [
    1.1342997550964355,
    1.123026967048645,
    1.1142332553863525,
    1.1131857633590698,
    1.1133701801300049,
    1.1122561693191528,
    1.111047387123108,
    1.1087226867675781,
    1.1032615900039673,
    1.0909148454666138
  ],
  "Training Time": 2.570188283920288,
  "Validate": [
    1.4390605688095093,
    1.4293464422225952,
    1.4083462953567505,
    1.4046940803527832,
    1.41299307346344,
    1.4165430068969727,
    1.435271978378296,
    1.4463589191436768,
    1.4754706621170044,
    1.4534097909927368
  ]
}