{
  "Train": [
    0.6616808176040649,
    0.3657338321208954,
    0.3116805851459503,
    0.2813318073749542,
    0.2640169858932495,
    0.2507409453392029,
    0.24033679068088531,
    0.23152343928813934,
    0.22357749938964844,
    0.2160622775554657,
    0.208711177110672,
    0.20134875178337097,
    0.19383475184440613,
    0.18604061007499695,
    0.1778901070356369,
    0.1695641428232193,
    0.16177120804786682,
    0.1553744077682495,
    0.15059000253677368,
    0.14698751270771027,
    0.14410269260406494,
    0.14161725342273712,
    0.1393079161643982,
    0.13707944750785828,
    0.13488659262657166
  ],
  "Training Time": 10.989932298660278,
  "Validate": [
    4.977333068847656,
    4.079132080078125,
    4.4485087394714355,
    4.709811210632324,
    4.927079677581787,
    5.099620819091797,
    5.235621452331543,
    5.338956356048584,
    5.413961410522461,
    5.4638142585754395,
    5.489988327026367,
    5.492859363555908,
    5.4728875160217285,
    5.432972431182861,
    5.384220600128174,
    5.35437536239624,
    5.377039432525635,
    5.449350357055664,
    5.533180236816406,
    5.600640296936035,
    5.646461009979248,
    5.675216197967529,
    5.6903767585754395,
    5.693412780761719,
    5.685041904449463
  ]
}