{
  "Train": [
    0.23904575407505035,
    0.12905509769916534,
    0.12037414312362671,
    0.11497659236192703,
    0.11098269373178482,
    0.10771346837282181,
    0.10477293282747269,
    0.10200847685337067,
    0.09916556626558304,
    0.09617352485656738,
    0.09342186152935028,
    0.09156651794910431,
    0.09033326804637909,
    0.08795466274023056,
    0.08511406928300858,
    0.08266367018222809,
    0.08077353239059448,
    0.07851419597864151,
    0.07619523257017136,
    0.07413534820079803,
    0.0713900700211525,
    0.0711117684841156,
    0.07222097367048264,
    0.06966858357191086,
    0.07666429132223129
  ],
  "Training Time": 12.634311199188232,
  "Validate": [
    0.13081775605678558,
    0.1469161957502365,
    0.15779544413089752,
    0.17653419077396393,
    0.20844517648220062,
    0.2562011182308197,
    0.3158316910266876,
    0.38095763325691223,
    0.4525018632411957,
    0.5322481989860535,
    0.6159015893936157,
    0.6902069449424744,
    0.7268814444541931,
    0.7248002290725708,
    0.7324625253677368,
    0.7669807076454163,
    0.7818530797958374,
    0.8259204626083374,
    0.8899919986724854,
    0.9795107245445251,
    0.9032054543495178,
    0.982239305973053,
    0.9756650924682617,
    0.8445955514907837,
    0.8644518256187439
  ]
}