{
  "Train": [
    0.1929716318845749,
    0.17109128832817078,
    0.15060780942440033,
    0.14266715943813324,
    0.13627338409423828,
    0.13029731810092926,
    0.12500447034835815,
    0.1204436644911766,
    0.11641828715801239,
    0.11284899711608887,
    0.1096334382891655,
    0.10676813125610352,
    0.10421841591596603,
    0.10206939280033112,
    0.10038362443447113,
    0.10219459235668182,
    0.10110212117433548,
    0.09688244014978409,
    0.09450794756412506,
    0.09341470152139664,
    0.09312568604946136,
    0.09010603278875351,
    0.08782900124788284,
    0.08870681375265121,
    0.08782003819942474
  ],
  "Training Time": 18.403547286987305,
  "Validate": [
    1.6350200176239014,
    1.6855571269989014,
    1.5551714897155762,
    1.420920491218567,
    1.2515560388565063,
    0.9856475591659546,
    0.6918528079986572,
    0.48946240544319153,
    0.3721894919872284,
    0.2997015714645386,
    0.24906550347805023,
    0.20994152128696442,
    0.17869099974632263,
    0.14909352362155914,
    0.14157387614250183,
    0.10872165858745575,
    0.11632716655731201,
    0.07093148678541183,
    0.0705418810248375,
    0.04934579133987427,
    0.05884326994419098,
    0.041179731488227844,
    0.037631213665008545,
    0.0327945239841938,
    0.044209014624357224
  ]
}