{
  "Train": [
    0.6757351756095886,
    0.5916558504104614,
    0.5368689298629761,
    0.4544113278388977,
    0.4457453787326813,
    0.43639394640922546,
    0.4279683232307434,
    0.4176125228404999,
    0.40742865204811096,
    0.3997286558151245,
    0.3940638303756714,
    0.3892556130886078,
    0.38512012362480164,
    0.3816030025482178,
    0.37863561511039734,
    0.37608665227890015,
    0.3737107813358307,
    0.37125852704048157,
    0.36868107318878174,
    0.36601725220680237,
    0.36329856514930725,
    0.3605123460292816,
    0.35770344734191895,
    0.3548380732536316,
    0.35206928849220276,
    0.3492233455181122,
    0.3466811180114746,
    0.34391456842422485,
    0.34162580966949463,
    0.3389799892902374,
    0.33667996525764465,
    0.33402690291404724,
    0.33145850896835327,
    0.3283707797527313,
    0.3273724913597107,
    0.3416168689727783,
    0.8720664381980896,
    0.8218084573745728,
    0.7361847162246704,
    0.6948772072792053,
    0.6857866644859314,
    0.6742839813232422,
    0.6633961200714111,
    0.6620256900787354,
    0.6539838314056396,
    0.6462714076042175,
    0.6418564915657043,
    0.635948121547699,
    0.6287403702735901,
    0.6225991249084473,
    0.6162793636322021,
    0.6092106103897095,
    0.6007146835327148,
    0.5934285521507263,
    0.585306704044342,
    0.577427327632904,
    0.5695900917053223,
    0.5756514668464661,
    0.5463135242462158,
    0.5374307036399841,
    0.5259732604026794,
    0.5146864652633667,
    0.5127251744270325,
    0.5498519539833069,
    0.509631872177124,
    0.4919889271259308,
    0.4784712493419647,
    0.47108784317970276,
    0.46677571535110474,
    0.45810794830322266,
    0.455215185880661,
    0.44967588782310486,
    0.44358208775520325,
    0.4691600501537323,
    0.4412540793418884,
    0.44382810592651367,
    0.4346008598804474,
    0.4226822257041931,
    0.42871060967445374,
    0.42043301463127136,
    0.41976961493492126,
    0.41327613592147827,
    0.40744689106941223,
    0.40179452300071716,
    0.3975794017314911,
    0.39417484402656555,
    0.38201195001602173,
    0.3840790092945099,
    0.38715267181396484,
    0.38900119066238403,
    0.3794003427028656,
    0.3860795795917511,
    0.37685924768447876,
    0.37602826952934265,
    0.3573029935359955,
    0.36549651622772217,
    0.35483837127685547,
    0.34996503591537476,
    0.3376525342464447,
    0.3335201144218445
  ],
  "Training Time": 70.16676473617554,
  "Validate": [
    NaN,
    NaN,
    NaN,
    NaN,
    NaN,
    NaN,
    NaN,
    NaN,
    NaN,
    NaN,
    NaN,
    NaN,
    NaN,
    NaN,
    NaN,
    NaN,
    NaN,
    NaN,
    NaN,
    NaN,
    NaN,
    NaN,
    NaN,
    NaN,
    NaN,
    NaN,
    NaN,
    NaN,
    NaN,
    NaN,
    NaN,
    NaN,
    NaN,
    NaN,
    NaN,
    NaN,
    NaN,
    NaN,
    NaN,
    NaN,
    NaN,
    NaN,
    NaN,
    NaN,
    NaN,
    NaN,
    NaN,
    NaN,
    NaN,
    NaN,
    NaN,
    NaN,
    NaN,
    NaN,
    NaN,
    NaN,
    NaN,
    NaN,
    NaN,
    NaN,
    NaN,
    NaN,
    NaN,
    NaN,
    NaN,
    NaN,
    NaN,
    NaN,
    NaN,
    NaN,
    NaN,
    NaN,
    NaN,
    NaN,
    NaN,
    NaN,
    NaN,
    NaN,
    NaN,
    NaN,
    NaN,
    NaN,
    NaN,
    NaN,
    NaN,
    NaN,
    NaN,
    NaN,
    NaN,
    NaN,
    NaN,
    NaN,
    NaN,
    NaN,
    NaN,
    NaN,
    NaN,
    NaN,
    NaN,
    NaN
  ]
}