{
  "Train": [
    0.17385348677635193,
    0.15657112002372742,
    0.11189894378185272,
    0.09853776544332504,
    0.09191436320543289,
    0.08775832504034042,
    0.07724722474813461,
    0.06680195033550262,
    0.060404855757951736,
    0.05714445188641548
  ],
  "Training Time": 16.9052836894989,
  "Validate": [
    NaN,
    NaN,
    NaN,
    NaN,
    NaN,
    NaN,
    NaN,
    NaN,
    NaN,
    NaN
  ]
}