{
  "Train": [
    1.1479967832565308,
    1.1411079168319702,
    1.137769103050232,
    1.1353553533554077,
    1.133304476737976,
    1.1313890218734741,
    1.1294995546340942,
    1.1275776624679565,
    1.1255935430526733,
    1.123533844947815
  ],
  "Training Time": 5.779979944229126,
  "Validate": [
    1.0360097885131836,
    1.0506607294082642,
    1.0617663860321045,
    1.070960283279419,
    1.0792018175125122,
    1.0870966911315918,
    1.0950336456298828,
    1.1032559871673584,
    1.1118978261947632,
    1.1210057735443115
  ]
}