{
  "Train": [
    1.0986337661743164,
    1.0943790674209595,
    1.0911672115325928,
    1.0881311893463135,
    1.085123896598816,
    1.082032561302185,
    1.0787616968154907,
    1.0752346515655518,
    1.0713894367218018,
    1.0671616792678833
  ],
  "Training Time": 6.50527811050415,
  "Validate": [
    4.332672595977783,
    4.3331708908081055,
    4.333623886108398,
    4.3338446617126465,
    4.333674907684326,
    4.332953929901123,
    4.331522464752197,
    4.3292436599731445,
    4.326057434082031,
    4.322083473205566
  ]
}