{
  "Train": [
    1.0763037204742432,
    1.036554217338562,
    0.9745913147926331,
    0.9505273699760437,
    0.9364023208618164,
    0.9382584691047668,
    0.9294871687889099,
    1.0199555158615112,
    0.8949719667434692,
    0.8712155818939209
  ],
  "Training Time": 9.12515377998352,
  "Validate": [
    NaN,
    NaN,
    NaN,
    NaN,
    NaN,
    NaN,
    NaN,
    NaN,
    NaN,
    NaN
  ]
}