{
  "Train": [
    1.060271143913269,
    1.038277506828308,
    0.9944753646850586,
    0.9733170866966248,
    0.9807120561599731,
    1.1461045742034912,
    0.9867993593215942,
    0.9622226357460022,
    0.8669501543045044,
    0.9454542398452759
  ],
  "Training Time": 7.1761674880981445,
  "Validate": [
    0.6222618222236633,
    0.5864110589027405,
    0.47331884503364563,
    0.4853902757167816,
    0.32770615816116333,
    0.33589789271354675,
    0.35433465242385864,
    0.5468801259994507,
    0.3088415861129761,
    0.2638128101825714
  ]
}