{
  "Train": [
    0.96707683801651,
    0.9024226069450378,
    0.8521961569786072,
    0.8397008180618286,
    0.8300212025642395,
    0.8221563696861267,
    0.8153036832809448,
    0.8086958527565002,
    0.8021484613418579,
    0.7954094409942627,
    0.7886040806770325,
    0.7824408411979675,
    0.7747241854667664,
    0.7644504904747009,
    0.7513176798820496,
    0.7378679513931274,
    0.7255207896232605,
    0.7230660915374756,
    0.72519451379776,
    0.7103050947189331,
    0.6941231489181519,
    0.6791694164276123,
    0.6691811680793762,
    0.6575637459754944,
    0.6476579904556274,
    0.640347421169281,
    0.6282806396484375,
    0.6251341104507446,
    0.672947883605957,
    0.6273584365844727,
    0.610855758190155,
    0.5924521684646606,
    0.5837488770484924,
    0.5693259835243225,
    0.5476269125938416,
    0.5228824019432068,
    0.521446168422699,
    0.5567436814308167,
    0.709060788154602,
    0.5902632474899292,
    0.6184177994728088,
    0.5716066956520081,
    0.6158580183982849,
    0.5902224183082581,
    0.5989322662353516,
    0.5386135578155518,
    0.5166711807250977,
    0.4986118972301483,
    0.48415282368659973,
    0.47320693731307983,
    0.4647788405418396,
    0.4597860872745514,
    0.44606950879096985,
    0.433297723531723,
    0.4195510149002075,
    0.5078856348991394,
    0.4839305281639099,
    0.43688201904296875,
    0.44924306869506836,
    0.37364721298217773,
    0.35776716470718384,
    0.3499640226364136,
    0.3423970639705658,
    0.34540224075317383,
    0.3461950719356537,
    0.33680206537246704,
    0.3086029589176178,
    0.38553598523139954,
    0.3241099715232849,
    0.3078975975513458,
    0.3148190975189209,
    0.2670237720012665,
    0.2501838505268097,
    0.240274578332901,
    0.21736110746860504,
    0.2174723893404007,
    0.24591456353664398,
    0.20694130659103394,
    0.18979214131832123,
    0.18127943575382233,
    0.27329331636428833,
    0.4033105671405792,
    0.24328777194023132,
    0.2827606201171875,
    0.3693448603153229,
    0.28561532497406006,
    0.21758873760700226,
    0.17186690866947174,
    0.15607434511184692,
    0.15260376036167145,
    0.14803043007850647,
    0.153438538312912,
    0.16039611399173737,
    0.17023064196109772,
    0.1466054469347,
    0.13189640641212463,
    0.1263209730386734,
    0.12407387048006058,
    0.13893811404705048,
    0.14151793718338013
  ],
  "Training Time": 76.58259510993958,
  "Validate": [
    3.221388339996338,
    3.223480224609375,
    2.942230224609375,
    2.8476266860961914,
    2.7899978160858154,
    2.7408227920532227,
    2.689634084701538,
    2.629387855529785,
    2.5486390590667725,
    2.4487342834472656,
    2.3538167476654053,
    2.3092353343963623,
    2.31870174407959,
    2.3797783851623535,
    2.3195977210998535,
    2.3135459423065186,
    2.2193009853363037,
    2.2193214893341064,
    2.269815683364868,
    2.303335666656494,
    2.325408935546875,
    2.2801554203033447,
    2.323927164077759,
    2.3583905696868896,
    2.39980411529541,
    2.448423147201538,
    2.5419511795043945,
    2.5659966468811035,
    3.2137672901153564,
    2.254446029663086,
    2.511397361755371,
    2.6042091846466064,
    2.5086584091186523,
    2.634658098220825,
    2.627634286880493,
    2.7379539012908936,
    2.7191507816314697,
    3.8482472896575928,
    3.3733253479003906,
    2.802406072616577,
    3.038797616958618,
    2.7451446056365967,
    2.9560327529907227,
    2.3887555599212646,
    2.8341431617736816,
    3.0079450607299805,
    3.165911912918091,
    3.3337621688842773,
    3.3942453861236572,
    3.519293785095215,
    3.546233892440796,
    3.6462576389312744,
    3.767225503921509,
    3.7930753231048584,
    3.9620001316070557,
    3.4191925525665283,
    4.179935932159424,
    4.48846435546875,
    4.001789569854736,
    4.124300479888916,
    4.3271965980529785,
    4.467357158660889,
    4.577449321746826,
    4.572766304016113,
    4.536222457885742,
    4.324463367462158,
    5.104379177093506,
    4.764232158660889,
    4.189026832580566,
    3.9662270545959473,
    3.9747602939605713,
    3.9862747192382812,
    3.7671127319335938,
    3.7350013256073,
    3.5920488834381104,
    3.436892509460449,
    4.341256618499756,
    3.975637197494507,
    3.56851863861084,
    3.520097255706787,
    3.5588605403900146,
    3.6220571994781494,
    3.7739226818084717,
    3.363884925842285,
    4.170198917388916,
    3.674933433532715,
    3.616412878036499,
    3.3940389156341553,
    3.309239387512207,
    3.2639124393463135,
    3.257370710372925,
    3.310119390487671,
    3.3653688430786133,
    3.3609986305236816,
    3.3573782444000244,
    3.242314100265503,
    3.3067495822906494,
    3.229825735092163,
    3.247087240219116,
    3.477485418319702
  ]
}