{
  "Train": [
    1.071895956993103,
    1.0257844924926758,
    1.0021638870239258,
    0.9601033926010132,
    0.943106472492218,
    0.9707438945770264,
    1.0156168937683105,
    0.8952171802520752,
    0.8428441882133484,
    0.9303348660469055
  ],
  "Training Time": 19.670848846435547,
  "Validate": [
    NaN,
    NaN,
    NaN,
    NaN,
    NaN,
    NaN,
    NaN,
    NaN,
    NaN,
    NaN
  ]
}