{
  "Train": [
    1.1106468439102173,
    1.0076351165771484,
    0.9529953002929688,
    0.9154040217399597,
    0.8829428553581238,
    0.8515331149101257,
    0.816167414188385,
    0.7705051302909851,
    0.7259369492530823,
    0.6300792694091797
  ],
  "Training Time": 16.333867073059082,
  "Validate": [
    1.6711772680282593,
    1.7069790363311768,
    1.5723826885223389,
    1.6175086498260498,
    1.8005019426345825,
    2.0299129486083984,
    2.2283506393432617,
    2.2938876152038574,
    2.422684669494629,
    2.8324058055877686
  ]
}