{
  "Train": [
    0.7668713331222534,
    0.4018000066280365,
    0.36563345789909363,
    0.34489521384239197,
    0.3292008936405182,
    0.3161669671535492,
    0.30418726801872253,
    0.29203304648399353,
    0.27800747752189636,
    0.2595416307449341
  ],
  "Training Time": 17.480903387069702,
  "Validate": [
    39.254337310791016,
    37.68372344970703,
    37.218135833740234,
    36.99135971069336,
    36.900550842285156,
    36.77946472167969,
    36.73885726928711,
    36.67249298095703,
    36.68928909301758,
    36.46879577636719
  ]
}