{
  "Train": [
    0.9775127172470093,
    0.833513081073761,
    0.773381233215332,
    0.7143227458000183,
    0.6615413427352905,
    0.6155637502670288,
    0.5718107223510742,
    0.5279558897018433,
    0.487130343914032,
    0.4532279074192047
  ],
  "Training Time": 5.04730749130249,
  "Validate": [
    0.8902381658554077,
    1.0174648761749268,
    1.1057641506195068,
    1.1803241968154907,
    1.273268461227417,
    1.4172648191452026,
    1.6279505491256714,
    1.9221915006637573,
    2.2664170265197754,
    2.5884251594543457
  ]
}