{
  "Train": [
    0.9171159267425537,
    0.5371499061584473,
    0.4280374050140381,
    0.3576357364654541,
    0.32921433448791504,
    0.31025272607803345,
    0.2967405915260315,
    0.2858458161354065,
    0.2763802707195282,
    0.2677237093448639,
    0.2595375180244446,
    0.2515963613986969,
    0.2437157928943634,
    0.23572684824466705,
    0.2274632602930069,
    0.21876266598701477,
    0.20949694514274597,
    0.19964848458766937,
    0.18944409489631653,
    0.1794358342885971,
    0.17016421258449554,
    0.16173401474952698,
    0.15408723056316376,
    0.14720866084098816,
    0.14111649990081787
  ],
  "Training Time": 15.773634672164917,
  "Validate": [
    7.727024555206299,
    6.122308254241943,
    5.690586090087891,
    5.406299114227295,
    5.531284809112549,
    5.6421661376953125,
    5.747715473175049,
    5.816997051239014,
    5.842660903930664,
    5.828918933868408,
    5.783158779144287,
    5.711515426635742,
    5.618049621582031,
    5.505087375640869,
    5.373868942260742,
    5.225529670715332,
    5.062720775604248,
    4.8922858238220215,
    4.7277350425720215,
    4.586531162261963,
    4.481693744659424,
    4.41697883605957,
    4.386196613311768,
    4.378076076507568,
    4.385345458984375
  ]
}