{
  "Train": [
    1.174631118774414,
    1.1525959968566895,
    1.1446802616119385,
    1.1382710933685303,
    1.1344397068023682,
    1.1300424337387085,
    1.1267173290252686,
    1.1230112314224243,
    1.119486689567566,
    1.1141753196716309
  ],
  "Training Time": 11.701318264007568,
  "Validate": [
    2.015867233276367,
    2.0779993534088135,
    2.0840320587158203,
    2.1118927001953125,
    2.098557949066162,
    2.1036436557769775,
    2.084458589553833,
    2.0692362785339355,
    2.044442892074585,
    2.0359909534454346
  ]
}