{
  "Train": [
    0.7679052948951721,
    0.5703502297401428,
    0.542281448841095,
    0.5182309150695801,
    0.49423947930336,
    0.4694359302520752,
    0.44366660714149475,
    0.4176197946071625,
    0.3931291997432709,
    0.3725135326385498
  ],
  "Training Time": 5.386541843414307,
  "Validate": [
    55.49180603027344,
    55.74658203125,
    56.01167678833008,
    56.21537399291992,
    56.364112854003906,
    56.44331359863281,
    56.402435302734375,
    56.13819122314453,
    55.503501892089844,
    54.49919891357422
  ]
}