{
  "Train": [
    1.1576265096664429,
    1.1406961679458618,
    1.129083514213562,
    1.1194285154342651,
    1.110005259513855,
    1.1011310815811157,
    1.092873215675354,
    1.0827558040618896,
    1.0731765031814575,
    1.0638478994369507
  ],
  "Training Time": 10.614647626876831,
  "Validate": [
    1.096606969833374,
    1.1414765119552612,
    1.1693466901779175,
    1.2024377584457397,
    1.2366294860839844,
    1.242324948310852,
    1.263399362564087,
    1.2982484102249146,
    1.3407509326934814,
    1.3814697265625
  ]
}