{
  "Train": [
    0.39819857478141785,
    0.21993744373321533,
    0.17940844595432281,
    0.16289165616035461,
    0.15100038051605225,
    0.1418401300907135,
    0.13476377725601196,
    0.12926225364208221,
    0.12487874180078506,
    0.1212567538022995,
    0.11813247203826904,
    0.11533748358488083,
    0.11276548355817795,
    0.11034922301769257,
    0.10804563015699387,
    0.10582482814788818,
    0.10366938263177872,
    0.10157593339681625,
    0.09955514222383499,
    0.09762998670339584,
    0.09582769125699997,
    0.09416560083627701,
    0.09264634549617767,
    0.09126250445842743,
    0.09000051021575928
  ],
  "Training Time": 11.659271717071533,
  "Validate": [
    0.5112137794494629,
    0.5190895199775696,
    0.5366604328155518,
    0.5742688179016113,
    0.6248805522918701,
    0.6739605665206909,
    0.7127456068992615,
    0.7402176260948181,
    0.7583891153335571,
    0.7703943848609924,
    0.779017984867096,
    0.7858523726463318,
    0.7917276620864868,
    0.7971960306167603,
    0.8026614785194397,
    0.8083390593528748,
    0.8142964839935303,
    0.8206281065940857,
    0.827511727809906,
    0.8350977301597595,
    0.8434093594551086,
    0.8523769974708557,
    0.8619225025177002,
    0.8719863891601562,
    0.8825107216835022
  ]
}