{
  "Train": [
    0.9576354622840881,
    0.47592657804489136,
    0.35558295249938965,
    0.29751667380332947,
    0.2674955427646637,
    0.24868705868721008,
    0.23370739817619324,
    0.22123955190181732,
    0.21062569320201874,
    0.20135058462619781,
    0.19300323724746704,
    0.18544499576091766,
    0.17896965146064758,
    0.1741025447845459,
    0.17028895020484924,
    0.16697365045547485,
    0.16431042551994324,
    0.1613157093524933,
    0.15911871194839478,
    0.15671154856681824,
    0.15375813841819763,
    0.15119101107120514,
    0.14880041778087616,
    0.14650149643421173,
    0.14417456090450287
  ],
  "Training Time": 5.616202116012573,
  "Validate": [
    0.49404650926589966,
    0.36170026659965515,
    0.4738311469554901,
    0.5864548087120056,
    0.6512776017189026,
    0.6752609014511108,
    0.6781481504440308,
    0.6709707379341125,
    0.6592465043067932,
    0.6458802819252014,
    0.6327173709869385,
    0.6212821006774902,
    0.6126656532287598,
    0.6064784526824951,
    0.6002396941184998,
    0.5928743481636047,
    0.58563232421875,
    0.5800306797027588,
    0.5754578113555908,
    0.568153440952301,
    0.5589677691459656,
    0.5506201386451721,
    0.5430299639701843,
    0.5361749529838562,
    0.5297436118125916
  ]
}