{
  "Train": [
    0.13572290539741516,
    0.12019149959087372,
    0.11436811834573746,
    0.11081604659557343,
    0.10767776519060135,
    0.10484860837459564,
    0.10231228917837143,
    0.09999818354845047,
    0.0978180542588234,
    0.09570693224668503,
    0.09365661442279816,
    0.09170433133840561,
    0.08990133553743362,
    0.08827794343233109,
    0.08669161796569824,
    0.08521388471126556,
    0.08302078396081924,
    0.0875731110572815,
    0.0851585865020752,
    0.07793248444795609,
    0.08697439730167389,
    0.07909302413463593,
    0.07625222951173782,
    0.07717470824718475,
    0.07419873028993607
  ],
  "Training Time": 6.108898639678955,
  "Validate": [
    0.13609936833381653,
    0.12609221041202545,
    0.1173822358250618,
    0.11044827103614807,
    0.10561954230070114,
    0.10217080265283585,
    0.09930827468633652,
    0.09658385068178177,
    0.09383101761341095,
    0.09094603359699249,
    0.08777768164873123,
    0.08422575145959854,
    0.08040626347064972,
    0.07658182829618454,
    0.07300508767366409,
    0.0694463700056076,
    0.06724078953266144,
    0.061960432678461075,
    0.06648994237184525,
    0.05646134912967682,
    0.05512450635433197,
    0.06239752471446991,
    0.06097475066781044,
    0.05917860567569733,
    0.05528617277741432
  ]
}