{
  "Train": [
    0.14631934463977814,
    0.12041278928518295,
    0.11330845206975937,
    0.1095997765660286,
    0.10686678439378738,
    0.10448300838470459,
    0.1025155708193779,
    0.10138730704784393,
    0.10027247667312622,
    0.09846258163452148,
    0.09496046602725983,
    0.0952630341053009,
    0.09312234073877335,
    0.09000775218009949,
    0.08738565444946289,
    0.08628055453300476,
    0.08431413024663925,
    0.08831826597452164,
    0.08006101846694946,
    0.0838778093457222,
    0.08281303942203522,
    0.09104038774967194,
    0.07164017111063004,
    0.07268046587705612,
    0.07669805735349655
  ],
  "Training Time": 7.722657918930054,
  "Validate": [
    NaN,
    NaN,
    NaN,
    NaN,
    NaN,
    NaN,
    NaN,
    NaN,
    NaN,
    NaN,
    NaN,
    NaN,
    NaN,
    NaN,
    NaN,
    NaN,
    NaN,
    NaN,
    NaN,
    NaN,
    NaN,
    NaN,
    NaN,
    NaN,
    NaN
  ]
}