{
  "Train": [
    0.10392753034830093,
    0.041731104254722595,
    0.023730097338557243,
    0.019601184874773026,
    0.01695396937429905,
    0.014772402122616768,
    0.01289379596710205,
    0.011254892684519291,
    0.009976760484278202,
    0.009280048310756683,
    0.008671526797115803,
    0.012155869044363499,
    0.030051039531826973,
    0.008906545117497444,
    0.013044868595898151,
    0.007773592136800289,
    0.0076057943515479565,
    0.0060499426908791065,
    0.0432140976190567,
    0.011735956184566021,
    0.010414124466478825,
    0.009896261617541313,
    0.0052268654108047485,
    0.003780725412070751,
    0.019365660846233368
  ],
  "Training Time": 15.121782064437866,
  "Validate": [
    NaN,
    NaN,
    NaN,
    NaN,
    NaN,
    NaN,
    NaN,
    NaN,
    NaN,
    NaN,
    NaN,
    NaN,
    NaN,
    NaN,
    NaN,
    NaN,
    NaN,
    NaN,
    NaN,
    NaN,
    NaN,
    NaN,
    NaN,
    NaN,
    NaN
  ]
}