{
  "Train": [
    0.7738838195800781,
    0.6896601319313049,
    0.6652742624282837,
    0.6565627455711365,
    0.6088857650756836,
    0.7007530331611633,
    0.6663636565208435,
    0.6419618725776672,
    0.6152474284172058,
    0.6072535514831543,
    0.5920359492301941,
    0.5817551016807556,
    0.5664307475090027,
    0.5549810528755188,
    0.5453168749809265,
    0.5374470353126526,
    0.5304386019706726,
    0.5238280296325684,
    0.5171287655830383,
    0.5101489424705505,
    0.5028642416000366,
    0.4953479468822479,
    0.48766499757766724,
    0.4799364507198334,
    0.4723895490169525,
    0.4652741253376007,
    0.45874112844467163,
    0.45242196321487427,
    0.44678935408592224,
    0.4414653480052948,
    0.4376128315925598,
    0.43192794919013977,
    0.4320051372051239,
    0.4223974049091339,
    0.42618489265441895,
    0.4202329218387604,
    0.4259530007839203,
    0.40695586800575256,
    0.4149879515171051,
    0.39994508028030396,
    0.40029826760292053,
    0.4002474248409271,
    0.39211776852607727,
    0.39186450839042664,
    0.39136695861816406,
    0.39171987771987915,
    0.3838534653186798,
    0.3786781430244446,
    0.3784066140651703,
    0.3766738772392273,
    0.3714180886745453,
    0.36949267983436584,
    0.36824092268943787,
    0.3656749129295349,
    0.3630655109882355,
    0.36099907755851746,
    0.3584401607513428,
    0.3566366732120514,
    0.35400843620300293,
    0.3519103527069092,
    0.3496841490268707,
    0.3469756245613098,
    0.3448827564716339,
    0.3418937027454376,
    0.33968955278396606,
    0.33682993054389954,
    0.3347761034965515,
    0.33233070373535156,
    0.33049607276916504,
    0.3285091817378998,
    0.32674285769462585,
    0.3249073922634125,
    0.32302531599998474,
    0.3205404579639435,
    0.31870728731155396,
    0.3174728453159332,
    0.33444350957870483,
    0.3331570327281952,
    0.33944109082221985,
    0.31810420751571655,
    0.32294416427612305,
    0.3653642237186432,
    0.3113512396812439,
    0.3438657820224762,
    0.3036266267299652,
    0.34813192486763,
    0.326174795627594,
    0.3441665768623352,
    0.2823670506477356,
    0.25902292132377625,
    0.2530907690525055,
    0.23692670464515686,
    0.22611835598945618,
    0.2302580028772354,
    0.22237837314605713,
    0.2316714972257614,
    0.23596809804439545,
    0.22230152785778046,
    0.26098915934562683,
    0.20462189614772797
  ],
  "Training Time": 92.35306549072266,
  "Validate": [
    0.9368137717247009,
    0.4764931797981262,
    0.47334128618240356,
    0.46909549832344055,
    0.459534615278244,
    0.4631037414073944,
    0.44260406494140625,
    0.43853995203971863,
    0.4391881823539734,
    0.43953388929367065,
    0.440179705619812,
    0.44037067890167236,
    0.4407864809036255,
    0.44104811549186707,
    0.44123318791389465,
    0.4413726031780243,
    0.4413691759109497,
    0.4410179853439331,
    0.4402467906475067,
    0.43909919261932373,
    0.43766096234321594,
    0.4360128343105316,
    0.43419334292411804,
    0.4322257936000824,
    0.4301775097846985,
    0.428191214799881,
    0.4264856278896332,
    0.4250682592391968,
    0.42411068081855774,
    0.42326486110687256,
    0.4241308867931366,
    0.4228536784648895,
    0.42637965083122253,
    0.4245774447917938,
    0.4230717420578003,
    0.42359063029289246,
    0.4440270662307739,
    0.4353809058666229,
    0.4355119466781616,
    0.43338802456855774,
    0.43352851271629333,
    0.4356239140033722,
    0.4351665675640106,
    0.436318039894104,
    0.4348872900009155,
    0.4394194781780243,
    0.4374653995037079,
    0.4406887888908386,
    0.4396294355392456,
    0.44161397218704224,
    0.44200506806373596,
    0.4423229992389679,
    0.44323885440826416,
    0.44458645582199097,
    0.44503095746040344,
    0.4456977844238281,
    0.446573942899704,
    0.447001188993454,
    0.44813621044158936,
    0.4487137496471405,
    0.44992753863334656,
    0.45124825835227966,
    0.4525243639945984,
    0.454446405172348,
    0.45589712262153625,
    0.45802828669548035,
    0.4595964252948761,
    0.4617277979850769,
    0.4634380638599396,
    0.4655628204345703,
    0.46754777431488037,
    0.4697449803352356,
    0.47161486744880676,
    0.47327977418899536,
    0.4739088714122772,
    0.47430455684661865,
    0.4778309166431427,
    0.4669499397277832,
    0.4583583176136017,
    0.45079824328422546,
    0.44955137372016907,
    0.47872430086135864,
    0.4431506097316742,
    0.48687639832496643,
    0.459147185087204,
    0.5077158808708191,
    0.46677276492118835,
    0.5324988961219788,
    0.4984052777290344,
    0.49596843123435974,
    0.5056878924369812,
    0.525338888168335,
    0.5221842527389526,
    0.5249428153038025,
    0.5227469205856323,
    0.5192371606826782,
    0.5248754024505615,
    0.5441685914993286,
    0.541480541229248,
    0.5332613587379456
  ]
}