{
  "Train": [
    0.6094443202018738,
    0.3404770493507385,
    0.30638623237609863,
    0.28696689009666443,
    0.2738451063632965,
    0.26362571120262146,
    0.25495460629463196,
    0.2471781224012375,
    0.24024826288223267,
    0.23413963615894318
  ],
  "Training Time": 5.6469855308532715,
  "Validate": [
    33.381412506103516,
    31.788482666015625,
    31.220365524291992,
    30.911273956298828,
    30.748674392700195,
    30.665624618530273,
    30.627342224121094,
    30.6102352142334,
    30.58702850341797,
    30.521562576293945
  ]
}