{
  "Train": [
    0.30616241693496704,
    0.24035193026065826,
    0.18329596519470215,
    0.16174817085266113,
    0.14504915475845337,
    0.13825441896915436,
    0.12480845302343369,
    0.12780557572841644,
    0.12027426809072495,
    0.10018806904554367
  ],
  "Training Time": 6.606502532958984,
  "Validate": [
    NaN,
    NaN,
    NaN,
    NaN,
    NaN,
    NaN,
    NaN,
    NaN,
    NaN,
    NaN
  ]
}