{
  "Train": [
    0.9299432635307312,
    0.6233571171760559,
    0.45140305161476135,
    0.3565530478954315,
    0.3162783980369568,
    0.2756204903125763,
    0.26280975341796875,
    0.2516857981681824,
    0.24021576344966888,
    0.23477619886398315,
    0.22697655856609344,
    0.23001717031002045,
    0.2189062535762787,
    0.22427138686180115,
    0.21618084609508514,
    0.20965735614299774,
    0.2101898491382599,
    0.20513977110385895,
    0.19807089865207672,
    0.1968287229537964,
    0.18322795629501343,
    0.18040378391742706,
    0.16819661855697632,
    0.1568271368741989,
    0.15492860972881317
  ],
  "Training Time": 15.843831300735474,
  "Validate": [
    0.2983386516571045,
    0.33156633377075195,
    0.4742564857006073,
    0.6352518796920776,
    0.8198181390762329,
    0.7901155948638916,
    0.7402598857879639,
    0.6953189373016357,
    0.6925562024116516,
    0.6876707077026367,
    0.7008519768714905,
    0.6829615235328674,
    0.6987044811248779,
    0.6197443008422852,
    0.630197286605835,
    0.5730271339416504,
    0.5907222628593445,
    0.5108211040496826,
    0.49659308791160583,
    0.44322720170021057,
    0.4423885643482208,
    0.3880530297756195,
    0.38587427139282227,
    0.35425078868865967,
    0.3468758463859558
  ]
}