{
  "Train": [
    0.22328458726406097,
    0.15830467641353607,
    0.13105398416519165,
    0.1186431422829628,
    0.108700692653656,
    0.09789819270372391,
    0.09718852490186691,
    0.09969597309827805,
    0.1025528684258461,
    0.09144145995378494,
    0.08297057449817657,
    0.0795234814286232,
    0.11722112447023392,
    0.06737762689590454,
    0.0633983165025711,
    0.06117524579167366,
    0.055154766887426376,
    0.05330083519220352,
    0.052124984562397,
    0.04843856021761894,
    0.046007078140974045,
    0.04682203382253647,
    0.04554111510515213,
    0.04383552074432373,
    0.04273352399468422
  ],
  "Training Time": 18.000649213790894,
  "Validate": [
    1.1843355894088745,
    1.1707069873809814,
    1.0974587202072144,
    1.0732706785202026,
    1.0663508176803589,
    1.112833857536316,
    0.2772112488746643,
    0.8745116591453552,
    0.0746321976184845,
    0.977968156337738,
    0.41347235441207886,
    0.674244225025177,
    1.0493333339691162,
    0.049508463591337204,
    0.3797610402107239,
    0.33035919070243835,
    0.45893704891204834,
    0.2560565173625946,
    0.12803921103477478,
    0.10148221999406815,
    0.37764960527420044,
    0.1868106722831726,
    0.23542079329490662,
    0.37971335649490356,
    0.1904749870300293
  ]
}