{
  "Train": [
    0.4881414771080017,
    0.31306058168411255,
    0.24578121304512024,
    0.21018211543560028,
    0.18652044236660004,
    0.16799384355545044,
    0.15408997237682343,
    0.1450798064470291,
    0.13663452863693237,
    0.12869441509246826,
    0.1196582093834877,
    0.11007165163755417,
    0.1076996922492981,
    0.08999717980623245,
    0.09215658158063889,
    0.07715381681919098,
    0.08653458207845688,
    0.0677742287516594,
    0.06474389880895615,
    0.060766611248254776,
    0.05986988916993141,
    0.057735033333301544,
    0.056040920317173004,
    0.06563353538513184,
    0.05472446605563164
  ],
  "Training Time": 22.767026901245117,
  "Validate": [
    NaN,
    NaN,
    NaN,
    NaN,
    NaN,
    NaN,
    NaN,
    NaN,
    NaN,
    NaN,
    NaN,
    NaN,
    NaN,
    NaN,
    NaN,
    NaN,
    NaN,
    NaN,
    NaN,
    NaN,
    NaN,
    NaN,
    NaN,
    NaN,
    NaN
  ]
}