{
  "Train": [
    0.25077587366104126,
    0.1473243683576584,
    0.11492998898029327,
    0.09890273958444595,
    0.08736205846071243,
    0.08476894348859787,
    0.13780951499938965,
    0.07766111940145493,
    0.0734831765294075,
    0.07195194810628891,
    0.07553213089704514,
    0.07322243601083755,
    0.07048768550157547,
    0.06738419830799103,
    0.06618543714284897,
    0.06572272628545761,
    0.06390266120433807,
    0.0675520971417427,
    0.06266818195581436,
    0.061254628002643585,
    0.06254073232412338,
    0.0605628602206707,
    0.060117654502391815,
    0.055829498916864395,
    0.06088908761739731
  ],
  "Training Time": 17.86100697517395,
  "Validate": [
    2.91703200340271,
    2.849062204360962,
    2.87980580329895,
    2.979271173477173,
    3.0382943153381348,
    3.141502618789673,
    2.6795315742492676,
    3.048847198486328,
    3.043217420578003,
    3.028373956680298,
    3.124272108078003,
    3.1648850440979004,
    3.114128351211548,
    3.0834195613861084,
    3.061150550842285,
    3.0633606910705566,
    3.0444931983947754,
    3.080148458480835,
    3.0439820289611816,
    3.006052255630493,
    2.9624085426330566,
    2.9464118480682373,
    2.935509443283081,
    2.9249978065490723,
    2.9562883377075195
  ]
}