{
  "Train": [
    1.1401646137237549,
    0.9551509022712708,
    0.9256391525268555,
    0.9033952355384827,
    0.8844515681266785,
    0.8618602752685547,
    0.8367370367050171,
    0.800765872001648,
    0.769870936870575,
    0.7510916590690613
  ],
  "Training Time": 7.249951124191284,
  "Validate": [
    1.2846730947494507,
    1.351447343826294,
    1.3441730737686157,
    1.3178701400756836,
    1.2693980932235718,
    1.2985436916351318,
    1.5954501628875732,
    1.2269933223724365,
    2.7373006343841553,
    1.6732463836669922
  ]
}