{
  "Train": [
    0.8218681812286377,
    0.8147746920585632,
    0.8048869967460632,
    0.7951778173446655,
    0.785519003868103,
    0.7756829857826233,
    0.7655407190322876,
    0.7550293803215027,
    0.7441585063934326,
    0.7330039143562317
  ],
  "Training Time": 3.1099700927734375,
  "Validate": [
    NaN,
    NaN,
    NaN,
    NaN,
    NaN,
    NaN,
    NaN,
    NaN,
    NaN,
    NaN
  ]
}