{
  "Train": [
    0.9852081537246704,
    0.9470319151878357,
    0.9112675189971924,
    0.8898570537567139,
    0.8759229183197021,
    0.8646725416183472,
    0.8549553155899048,
    0.8456355333328247,
    0.8371562957763672,
    0.8286582231521606
  ],
  "Training Time": 2.569833755493164,
  "Validate": [
    0.30502745509147644,
    0.3167310357093811,
    0.34293001890182495,
    0.3692074716091156,
    0.39149802923202515,
    0.4101749658584595,
    0.42692261934280396,
    0.44158801436424255,
    0.4553021490573883,
    0.46763256192207336
  ]
}