{
  "Train": [
    1.0716657638549805,
    1.061259388923645,
    1.0589017868041992,
    1.0573399066925049,
    1.0559463500976562,
    1.0547674894332886,
    1.0532618761062622,
    1.0508670806884766,
    1.0457453727722168,
    1.0341002941131592
  ],
  "Training Time": 4.319998502731323,
  "Validate": [
    3.153029680252075,
    3.150841236114502,
    3.1439878940582275,
    3.139315605163574,
    3.133814811706543,
    3.12682843208313,
    3.11592173576355,
    3.0980587005615234,
    3.06449031829834,
    2.991678476333618
  ]
}