{
  "Train": [
    0.36603185534477234,
    0.1527121216058731,
    0.08599194139242172,
    0.07610182464122772,
    0.06677371263504028,
    0.056324560195207596,
    0.0487687774002552,
    0.04548805579543114,
    0.04332965612411499,
    0.04033856466412544,
    0.03827834129333496,
    0.035342857241630554,
    0.03297368437051773,
    0.030103564262390137,
    0.02738153375685215,
    0.02544037438929081,
    0.02368794195353985,
    0.02266361191868782,
    0.022755736485123634,
    0.020771652460098267,
    0.022325549274683,
    0.047135431319475174,
    0.03271486982703209,
    0.0165521502494812,
    0.028527257964015007
  ],
  "Training Time": 10.480224847793579,
  "Validate": [
    2.599730968475342,
    2.295001745223999,
    2.2193644046783447,
    1.9334179162979126,
    1.8442667722702026,
    2.1200525760650635,
    2.296515464782715,
    2.34549880027771,
    2.4280717372894287,
    2.5200560092926025,
    2.593306064605713,
    2.683661460876465,
    2.7433106899261475,
    2.8045668601989746,
    2.8512699604034424,
    2.898674964904785,
    2.994110345840454,
    3.0159506797790527,
    2.9947118759155273,
    3.038810968399048,
    3.0700156688690186,
    3.0892202854156494,
    2.559201717376709,
    2.6655876636505127,
    2.199397325515747
  ]
}