{
  "Train": [
    1.197763204574585,
    1.1066712141036987,
    1.0726670026779175,
    1.0352628231048584,
    1.0285279750823975,
    0.9860345125198364,
    0.9966408014297485,
    0.9684544205665588,
    0.913417637348175,
    0.8741656541824341
  ],
  "Training Time": 11.635090827941895,
  "Validate": [
    1.44855535030365,
    1.5493500232696533,
    1.628954291343689,
    1.461409330368042,
    2.4757118225097656,
    3.375666618347168,
    3.965378761291504,
    4.356064319610596,
    3.64296817779541,
    4.390494346618652
  ]
}