{
  "Train": [
    0.7823811769485474,
    0.6947474479675293,
    0.6740366816520691,
    0.6575325131416321,
    0.6436998248100281,
    0.6318122148513794,
    0.6214207410812378,
    0.6102672815322876,
    0.5975195169448853,
    0.5869322419166565
  ],
  "Training Time": 15.955161333084106,
  "Validate": [
    0.41692131757736206,
    0.447132408618927,
    0.45601749420166016,
    0.4641434848308563,
    0.47166529297828674,
    0.4807378649711609,
    0.4950203001499176,
    0.5197897553443909,
    0.552986741065979,
    0.582435131072998
  ]
}