{
  "Train": [
    1.0593621730804443,
    1.0245246887207031,
    1.0055875778198242,
    0.9873761534690857,
    0.9646216630935669,
    0.9752518534660339,
    0.9581319093704224,
    0.9109980463981628,
    0.8817467093467712,
    0.8632425665855408
  ],
  "Training Time": 4.94024658203125,
  "Validate": [
    0.46746987104415894,
    0.45748597383499146,
    0.4408751428127289,
    0.4292583763599396,
    0.41393420100212097,
    0.44146835803985596,
    0.3916945457458496,
    0.41649964451789856,
    0.4289446175098419,
    0.41698360443115234
  ]
}