{
  "Train": [
    1.1918742656707764,
    1.115783929824829,
    1.0938838720321655,
    1.0785936117172241,
    1.0646631717681885,
    1.0503716468811035,
    1.0350593328475952,
    1.0184407234191895,
    1.0002796649932861,
    0.9805676341056824
  ],
  "Training Time": 2.859083414077759,
  "Validate": [
    1.2257946729660034,
    1.29977548122406,
    1.350699543952942,
    1.3807257413864136,
    1.3955379724502563,
    1.402548909187317,
    1.4094537496566772,
    1.4216904640197754,
    1.4379491806030273,
    1.4535666704177856
  ]
}