{
  "Train": [
    0.24835722148418427,
    0.1396879255771637,
    0.10713386535644531,
    0.09385852515697479,
    0.08374986052513123,
    0.07870733737945557,
    0.07576330006122589,
    0.07364138960838318,
    0.07174675911664963,
    0.07043662667274475
  ],
  "Training Time": 4.13460898399353,
  "Validate": [
    NaN,
    NaN,
    NaN,
    NaN,
    NaN,
    NaN,
    NaN,
    NaN,
    NaN,
    NaN
  ]
}