{
  "Train": [
    0.7182515263557434,
    0.5608723759651184,
    0.520571768283844,
    0.48140621185302734,
    0.44429323077201843,
    0.41168156266212463,
    0.38443318009376526,
    0.3623119592666626,
    0.3451807200908661,
    0.33218511939048767
  ],
  "Training Time": 5.405857086181641,
  "Validate": [
    54.45933532714844,
    54.642433166503906,
    54.818519592285156,
    54.857601165771484,
    54.671173095703125,
    54.20706558227539,
    53.4862174987793,
    52.611473083496094,
    51.6666374206543,
    50.65946578979492
  ]
}