{
  "Train": [
    0.8512182831764221,
    0.7157570719718933,
    0.5878731608390808,
    0.48405590653419495,
    0.36949849128723145,
    0.2926705479621887,
    0.2544940114021301,
    0.2361994981765747,
    0.1886644959449768,
    0.14493036270141602
  ],
  "Training Time": 3.33949875831604,
  "Validate": [
    1.8143023252487183,
    1.1789549589157104,
    1.0023869276046753,
    0.5693689584732056,
    0.6098957061767578,
    0.1430414319038391,
    0.40783223509788513,
    0.2830747663974762,
    0.2795097529888153,
    0.27343985438346863
  ]
}