{
  "Train": [
    0.7476746439933777,
    0.7255153656005859,
    0.7157458662986755,
    0.7061323523521423,
    0.6940916180610657,
    0.6812639832496643,
    0.6630221009254456,
    0.6398459076881409,
    0.6141555905342102,
    0.5900627374649048
  ],
  "Training Time": 5.232003688812256,
  "Validate": [
    0.37393423914909363,
    0.3813701868057251,
    0.38593170046806335,
    0.3874645531177521,
    0.3813340365886688,
    0.37978580594062805,
    0.3776707947254181,
    0.38882648944854736,
    0.4170974791049957,
    0.4492549002170563
  ]
}