{
  "Train": [
    0.9331584572792053,
    0.896518886089325,
    0.8622415065765381,
    0.8515152335166931,
    0.84293532371521,
    0.8374062776565552,
    0.832472562789917,
    0.82823246717453,
    0.8246943354606628,
    0.8206287026405334
  ],
  "Training Time": 5.937047243118286,
  "Validate": [
    3.0812509059906006,
    3.177842617034912,
    2.9924895763397217,
    2.9417123794555664,
    2.9021341800689697,
    2.873493194580078,
    2.856079578399658,
    2.832942008972168,
    2.8201258182525635,
    2.8015518188476562
  ]
}