{
  "Train": [
    1.0700385570526123,
    1.0568995475769043,
    1.0543558597564697,
    1.0403681993484497,
    1.0244193077087402,
    1.0092074871063232,
    0.9963476061820984,
    0.9907193183898926,
    0.9787333011627197,
    0.9652541875839233
  ],
  "Training Time": 9.395569562911987,
  "Validate": [
    NaN,
    NaN,
    NaN,
    NaN,
    NaN,
    NaN,
    NaN,
    NaN,
    NaN,
    NaN
  ]
}