{
  "Train": [
    1.1607471704483032,
    1.1472207307815552,
    1.146107792854309,
    1.1453980207443237,
    1.1447590589523315,
    1.144106149673462,
    1.1433748006820679,
    1.142492413520813,
    1.1413335800170898,
    1.139744758605957
  ],
  "Training Time": 7.301360130310059,
  "Validate": [
    1.1111371517181396,
    1.1209213733673096,
    1.123354196548462,
    1.1241213083267212,
    1.1243032217025757,
    1.1241132020950317,
    1.123512625694275,
    1.12236487865448,
    1.120162844657898,
    1.1142061948776245
  ]
}