{
  "Train": [
    1.1052929162979126,
    1.0959463119506836,
    1.0930626392364502,
    1.089796543121338,
    1.0864251852035522,
    1.0830037593841553,
    1.0796310901641846,
    1.0760457515716553,
    1.071402907371521,
    1.0650126934051514
  ],
  "Training Time": 8.08957028388977,
  "Validate": [
    4.3800950050354,
    4.385331630706787,
    4.3860554695129395,
    4.384588718414307,
    4.379851818084717,
    4.369106769561768,
    4.3508195877075195,
    4.3279500007629395,
    4.305263996124268,
    4.2893900871276855
  ]
}