{
  "Train": [
    0.944912850856781,
    0.8901928663253784,
    0.8513021469116211,
    0.8379586935043335,
    0.8282830715179443,
    0.8201541304588318,
    0.8128160238265991,
    0.805455207824707,
    0.7980510592460632,
    0.7908090353012085
  ],
  "Training Time": 5.1393656730651855,
  "Validate": [
    3.434171199798584,
    3.265784978866577,
    3.045308828353882,
    2.9330854415893555,
    2.8625309467315674,
    2.8015668392181396,
    2.739980459213257,
    2.6711478233337402,
    2.596036672592163,
    2.5254464149475098
  ]
}