{
  "Train": [
    1.1213126182556152,
    1.0468345880508423,
    1.0411778688430786,
    1.0384124517440796,
    1.0364587306976318,
    1.0345901250839233,
    1.031740427017212,
    1.0266999006271362,
    1.0205259323120117,
    1.0080251693725586
  ],
  "Training Time": 19.979613304138184,
  "Validate": [
    NaN,
    NaN,
    NaN,
    NaN,
    NaN,
    NaN,
    NaN,
    NaN,
    NaN,
    NaN
  ]
}