{
  "Train": [
    1.1002987623214722,
    1.0905921459197998,
    1.0872468948364258,
    1.0839513540267944,
    1.0800162553787231,
    1.0753905773162842,
    1.0696184635162354,
    1.0623267889022827,
    1.0528814792633057,
    1.039354920387268
  ],
  "Training Time": 17.430402517318726,
  "Validate": [
    4.372050762176514,
    4.370349407196045,
    4.358173847198486,
    4.3416829109191895,
    4.319053649902344,
    4.294801712036133,
    4.277968406677246,
    4.278097152709961,
    4.307357311248779,
    4.366174221038818
  ]
}