{
  "Train": [
    1.1617008447647095,
    1.149825930595398,
    1.1426974534988403,
    1.136999487876892,
    1.1358834505081177,
    1.1178114414215088,
    1.1449357271194458,
    1.10067617893219,
    1.0962270498275757,
    1.084877371788025
  ],
  "Training Time": 15.364770889282227,
  "Validate": [
    0.938742458820343,
    0.9893626570701599,
    0.9990395903587341,
    1.0057429075241089,
    1.0872254371643066,
    1.0706108808517456,
    1.186082363128662,
    1.1525441408157349,
    1.105711817741394,
    1.3296122550964355
  ]
}