{
  "Train": [
    1.253808617591858,
    1.1413296461105347,
    1.1174533367156982,
    1.0977674722671509,
    1.0771626234054565,
    1.054355263710022,
    1.0355312824249268,
    1.0224593877792358,
    1.0640801191329956,
    0.9917500615119934
  ],
  "Training Time": 11.314556360244751,
  "Validate": [
    1.9433127641677856,
    2.1468513011932373,
    2.5864603519439697,
    3.325747013092041,
    4.441125392913818,
    5.8825364112854,
    7.199615001678467,
    8.077969551086426,
    5.720158576965332,
    6.136573791503906
  ]
}