{
  "Train": [
    1.082542896270752,
    1.0333033800125122,
    0.9728511571884155,
    0.9557137489318848,
    0.9415939450263977,
    0.9297454953193665,
    0.9144729971885681,
    0.8995634317398071,
    0.8822726011276245,
    0.8693477511405945
  ],
  "Training Time": 14.73079776763916,
  "Validate": [
    NaN,
    NaN,
    NaN,
    NaN,
    NaN,
    NaN,
    NaN,
    NaN,
    NaN,
    NaN
  ]
}