{
  "Train": [
    1.1047346591949463,
    1.0916004180908203,
    1.0863772630691528,
    1.0807898044586182,
    1.0735217332839966,
    1.0632071495056152,
    1.0471725463867188,
    1.022508144378662,
    0.986079216003418,
    0.9324535727500916
  ],
  "Training Time": 12.055254459381104,
  "Validate": [
    4.3686747550964355,
    4.36722993850708,
    4.349846363067627,
    4.317848205566406,
    4.266885757446289,
    4.208842754364014,
    4.172996520996094,
    4.195549488067627,
    4.338711738586426,
    4.6797099113464355
  ]
}