{
  "Train": [
    1.153773546218872,
    1.1477080583572388,
    1.1440073251724243,
    1.1412042379379272,
    1.1401679515838623,
    1.1392561197280884,
    1.1318029165267944,
    1.1284466981887817,
    1.1151609420776367,
    1.1121747493743896
  ],
  "Training Time": 15.912112712860107,
  "Validate": [
    1.0061086416244507,
    1.0358506441116333,
    1.0267783403396606,
    0.9998131394386292,
    1.0058190822601318,
    1.0556503534317017,
    1.0567774772644043,
    1.116994023323059,
    1.127699851989746,
    1.1195303201675415
  ]
}