{
  "Train": [
    1.0985126495361328,
    1.0342369079589844,
    1.0200566053390503,
    1.0354244709014893,
    1.0209170579910278,
    0.9997763633728027,
    1.0129458904266357,
    0.9947469830513,
    1.0029586553573608,
    0.9775812029838562
  ],
  "Training Time": 20.240084648132324,
  "Validate": [
    NaN,
    NaN,
    NaN,
    NaN,
    NaN,
    NaN,
    NaN,
    NaN,
    NaN,
    NaN
  ]
}