{
  "Train": [
    0.9513154625892639,
    0.9094215631484985,
    0.8669369220733643,
    0.8521688580513,
    0.8421635627746582,
    0.8341968059539795,
    0.8277475237846375,
    0.8219794034957886,
    0.8164928555488586,
    0.8111613988876343
  ],
  "Training Time": 5.897417068481445,
  "Validate": [
    3.3596091270446777,
    3.2595014572143555,
    3.0008749961853027,
    2.91530704498291,
    2.868583917617798,
    2.8350861072540283,
    2.8120157718658447,
    2.794487237930298,
    2.7821357250213623,
    2.774843454360962
  ]
}