{
  "Train": [
    0.8005600571632385,
    0.7609126567840576,
    0.7436720728874207,
    0.731322169303894,
    0.720259964466095,
    0.70848149061203,
    0.693477988243103,
    0.6832019686698914,
    0.6819576621055603,
    0.6712096333503723
  ],
  "Training Time": 6.678902626037598,
  "Validate": [
    NaN,
    NaN,
    NaN,
    NaN,
    NaN,
    NaN,
    NaN,
    NaN,
    NaN,
    NaN
  ]
}