{
  "Train": [
    0.912632405757904,
    0.8938102722167969,
    0.8509100675582886,
    0.8443414568901062,
    0.8374406695365906,
    0.8324180245399475,
    0.8282760977745056,
    0.8245517015457153,
    0.8207021951675415,
    0.8159164786338806
  ],
  "Training Time": 11.937039613723755,
  "Validate": [
    3.184370994567871,
    3.2621705532073975,
    3.046553134918213,
    2.995115041732788,
    2.9614412784576416,
    2.931628942489624,
    2.9057552814483643,
    2.8772621154785156,
    2.8447017669677734,
    2.7998616695404053
  ]
}