{
  "Train": [
    0.738021194934845,
    0.6932896971702576,
    0.6944548487663269,
    0.6913177371025085,
    0.6845324039459229,
    0.6774817109107971,
    0.6685198545455933,
    0.6582019925117493,
    0.6556147336959839,
    0.6521324515342712
  ],
  "Training Time": 13.987607955932617,
  "Validate": [
    NaN,
    NaN,
    NaN,
    NaN,
    NaN,
    NaN,
    NaN,
    NaN,
    NaN,
    NaN
  ]
}