{
  "Train": [
    0.7384419441223145,
    0.7175021767616272,
    0.7030819058418274,
    0.684780478477478,
    0.6594299077987671,
    0.6334433555603027,
    0.6072800755500793,
    0.5934667587280273,
    0.5733950734138489,
    0.5578174591064453
  ],
  "Training Time": 11.219532489776611,
  "Validate": [
    0.37739723920822144,
    0.39029452204704285,
    0.3892925977706909,
    0.3891192674636841,
    0.41047441959381104,
    0.42826128005981445,
    0.4774009585380554,
    0.4656008780002594,
    0.46921584010124207,
    0.4617094099521637
  ]
}