{
  "Train": [
    0.08504582196474075,
    0.044456347823143005,
    0.04188617691397667,
    0.0348752960562706,
    0.03137562796473503,
    0.030088841915130615,
    0.028898967429995537,
    0.03002699464559555,
    0.027993740513920784,
    0.02820996381342411,
    0.027621805667877197,
    0.02700674906373024,
    0.02653552033007145,
    0.026077991351485252,
    0.02545541524887085,
    0.024698249995708466,
    0.025087321177124977,
    0.02340257540345192,
    0.024563102051615715,
    0.02369815856218338,
    0.022302880883216858,
    0.022496389225125313,
    0.023127203807234764,
    0.023304203525185585,
    0.021039970219135284
  ],
  "Training Time": 24.161164045333862,
  "Validate": [
    NaN,
    NaN,
    NaN,
    NaN,
    NaN,
    NaN,
    NaN,
    NaN,
    NaN,
    NaN,
    NaN,
    NaN,
    NaN,
    NaN,
    NaN,
    NaN,
    NaN,
    NaN,
    NaN,
    NaN,
    NaN,
    NaN,
    NaN,
    NaN,
    NaN
  ]
}