{
  "Train": [
    0.5033380389213562,
    0.1644531488418579,
    0.12044063210487366,
    0.10742906481027603,
    0.07792621105909348,
    0.04352395236492157,
    0.051562052220106125,
    0.046772949397563934,
    0.0539964884519577,
    0.03263136371970177,
    0.03128470480442047,
    0.029249411076307297,
    0.02870739810168743,
    0.02802683226764202,
    0.027313299477100372,
    0.026848379522562027,
    0.027034465223550797,
    0.027217134833335876,
    0.02669849991798401,
    0.026349324733018875,
    0.026481181383132935,
    0.025934524834156036,
    0.025079328566789627,
    0.026523202657699585,
    0.03094768151640892
  ],
  "Training Time": 16.32430672645569,
  "Validate": [
    1.501301884651184,
    0.8272829651832581,
    0.9012477397918701,
    1.0359967947006226,
    1.5664199590682983,
    1.8638129234313965,
    1.8522148132324219,
    1.8134368658065796,
    1.8978829383850098,
    1.6925768852233887,
    1.6193153858184814,
    1.6295126676559448,
    1.6158922910690308,
    1.6104748249053955,
    1.6019749641418457,
    1.592441439628601,
    1.5804558992385864,
    1.5662150382995605,
    1.5559512376785278,
    1.5470389127731323,
    1.529050350189209,
    1.5023620128631592,
    1.4894732236862183,
    1.3638920783996582,
    1.3815919160842896
  ]
}