{
  "Train": [
    0.2638830840587616,
    0.09575542062520981,
    0.08282987028360367,
    0.0793880894780159,
    0.06952056288719177,
    0.053223345428705215,
    0.04350641369819641,
    0.04185815528035164,
    0.040876977145671844,
    0.03954954072833061,
    0.03807801008224487,
    0.03653367608785629,
    0.035111259669065475,
    0.03390827029943466,
    0.032924287021160126,
    0.03211561217904091,
    0.03143426403403282,
    0.030840817838907242,
    0.03030601143836975,
    0.029808897525072098,
    0.02933465503156185,
    0.02887248620390892,
    0.028413785621523857,
    0.027950849384069443,
    0.02747587114572525
  ],
  "Training Time": 11.462692260742188,
  "Validate": [
    0.6929234862327576,
    0.446510910987854,
    0.45303770899772644,
    0.48683273792266846,
    0.5489453673362732,
    0.6221659183502197,
    0.6303608417510986,
    0.6472187638282776,
    0.6505977511405945,
    0.6526646018028259,
    0.6515779495239258,
    0.6477616429328918,
    0.6423434615135193,
    0.636633574962616,
    0.6316128969192505,
    0.6277950406074524,
    0.6253634691238403,
    0.6243196129798889,
    0.6245720982551575,
    0.6259853839874268,
    0.6284040808677673,
    0.6316770911216736,
    0.6356689929962158,
    0.6402839422225952,
    0.6454777717590332
  ]
}