{
  "Train": [
    1.1006460189819336,
    1.092302918434143,
    1.0889071226119995,
    1.0852934122085571,
    1.0802690982818604,
    1.0711023807525635,
    1.0585473775863647,
    1.0460652112960815,
    1.0328636169433594,
    1.0169891119003296
  ],
  "Training Time": 17.656829595565796,
  "Validate": [
    4.3678669929504395,
    4.363661289215088,
    4.35023832321167,
    4.3197221755981445,
    4.279489994049072,
    4.256708145141602,
    4.260900020599365,
    4.286506652832031,
    4.326433181762695,
    4.367969036102295
  ]
}