{
  "Train": [
    0.670160174369812,
    0.55424964427948,
    0.5068118572235107,
    0.46873554587364197,
    0.4337451159954071,
    0.4026174247264862,
    0.37733837962150574,
    0.35816338658332825,
    0.3437609076499939,
    0.3318083882331848
  ],
  "Training Time": 1.5991206169128418,
  "Validate": [
    0.6792530417442322,
    0.5157885551452637,
    0.4166014492511749,
    0.3826485276222229,
    0.384237676858902,
    0.41508740186691284,
    0.4839094281196594,
    0.5533649325370789,
    0.560973048210144,
    0.4938361942768097
  ]
}