{
  "Train": [
    1.0176419019699097,
    0.8802687525749207,
    0.8136386275291443,
    0.7810550928115845,
    0.765302836894989,
    0.7244358658790588,
    0.685671865940094,
    0.6544146537780762,
    0.6327380537986755,
    0.6161460876464844,
    0.5929227471351624,
    0.5912414193153381,
    0.5818586349487305,
    0.563191831111908,
    0.5489259362220764,
    0.5314642190933228,
    0.5538849234580994,
    0.5175157785415649,
    0.507121741771698,
    0.46631869673728943,
    0.4602387547492981,
    0.44354772567749023,
    0.4112986922264099,
    0.46667224168777466,
    0.45048457384109497,
    0.41815871000289917,
    0.4556450843811035,
    0.48214396834373474,
    0.4016101360321045,
    0.40167832374572754,
    0.4930965006351471,
    0.46190953254699707,
    0.36627668142318726,
    0.36454886198043823,
    0.35219818353652954,
    0.34311291575431824,
    0.3310372531414032,
    0.31670382618904114,
    0.32273417711257935,
    0.30349794030189514,
    0.307643860578537,
    0.2940247356891632,
    0.31571435928344727,
    0.32140931487083435,
    0.3448874354362488,
    0.3164697587490082,
    0.30939221382141113,
    0.30563873052597046,
    0.33919888734817505,
    0.35887888073921204,
    0.3216821253299713,
    0.2965734302997589,
    0.28198105096817017,
    0.28109484910964966,
    0.278347909450531,
    0.27712950110435486,
    0.26876962184906006,
    0.25953251123428345,
    0.29715338349342346,
    0.31014174222946167,
    0.6294485330581665,
    0.527077853679657,
    0.49029627442359924,
    0.4279203414916992,
    0.39843958616256714,
    0.3754851818084717,
    0.31210967898368835,
    0.27967923879623413,
    0.34307268261909485,
    0.293449729681015,
    0.29418379068374634,
    0.36481863260269165,
    0.3049333989620209,
    0.27506881952285767,
    0.24951839447021484,
    0.2441612184047699,
    0.25669392943382263,
    0.2583688795566559,
    0.25249430537223816,
    0.3700786530971527,
    0.29098573327064514,
    0.37254267930984497,
    0.2950984835624695,
    0.2491658627986908,
    0.24497082829475403,
    0.22505517303943634,
    0.23883876204490662,
    0.39240095019340515,
    0.36168891191482544,
    0.32083091139793396,
    0.3195905387401581,
    0.3603081703186035,
    0.26507964730262756,
    0.2447197437286377,
    0.24151287972927094,
    0.231449156999588,
    0.22152194380760193,
    0.2228204905986786,
    0.2012905776500702,
    0.19666577875614166
  ],
  "Training Time": 141.855890750885,
  "Validate": [
    0.6569787263870239,
    0.5132831931114197,
    0.5082290768623352,
    0.49987202882766724,
    0.4698643386363983,
    0.5083069205284119,
    0.5032370090484619,
    0.4564490020275116,
    0.4578794538974762,
    0.43355095386505127,
    0.44510209560394287,
    0.4714638888835907,
    0.5044429302215576,
    0.4208601713180542,
    0.43854859471321106,
    0.4522957503795624,
    0.47227784991264343,
    0.47491762042045593,
    0.45797979831695557,
    0.47501084208488464,
    0.49994972348213196,
    0.5169544816017151,
    0.4582228362560272,
    0.455708771944046,
    0.4802965819835663,
    0.43754005432128906,
    0.43899014592170715,
    0.46383076906204224,
    0.4395999610424042,
    0.8785824179649353,
    0.4414529502391815,
    0.440926730632782,
    0.4522021412849426,
    0.5831977725028992,
    0.8388715982437134,
    0.5466797947883606,
    0.5206165313720703,
    0.5970830917358398,
    0.5722677707672119,
    0.5267320275306702,
    0.6686776280403137,
    0.7089364528656006,
    0.7742792367935181,
    0.843468427658081,
    0.9450702667236328,
    0.5625964999198914,
    0.543467104434967,
    0.9233303666114807,
    0.45910242199897766,
    0.532241702079773,
    0.6257460117340088,
    0.6208109259605408,
    0.549299955368042,
    0.607837975025177,
    0.5811834931373596,
    0.58524489402771,
    0.6002347469329834,
    0.9230843186378479,
    0.5376709699630737,
    0.47361963987350464,
    0.9999576210975647,
    0.9180050492286682,
    0.44981518387794495,
    0.521177351474762,
    0.5458484888076782,
    0.6127471923828125,
    0.5407775044441223,
    0.5582953691482544,
    0.741283655166626,
    0.7647720575332642,
    0.41779887676239014,
    0.5045515894889832,
    0.4852583110332489,
    0.6269440054893494,
    0.7137227654457092,
    0.7021921873092651,
    0.6985855102539062,
    0.7007415890693665,
    0.6185660362243652,
    0.6743714809417725,
    0.6882767081260681,
    0.5172240734100342,
    0.5900614261627197,
    0.6455223560333252,
    0.7238865494728088,
    0.8701795339584351,
    0.9769855737686157,
    0.6381384134292603,
    0.44905728101730347,
    0.39402106404304504,
    0.40463516116142273,
    0.42799386382102966,
    0.43999186158180237,
    0.42513105273246765,
    0.3922465443611145,
    0.4014451205730438,
    0.4106975793838501,
    0.4076383411884308,
    0.40928563475608826,
    0.4202006459236145
  ]
}