{
  "Train": [
    1.5220105648040771,
    0.8826136589050293,
    0.6902421712875366,
    1.1488386392593384,
    0.9279719591140747,
    0.8710246086120605,
    0.850522518157959,
    0.8170490860939026,
    0.8833826184272766,
    0.9317622780799866,
    0.8435013890266418,
    0.7874345183372498,
    0.6946155428886414,
    0.6974831223487854,
    0.7324210405349731,
    0.6749151349067688,
    0.536830484867096,
    0.5284913778305054,
    0.3939252197742462,
    0.7610670924186707,
    0.4432048499584198,
    0.7649739384651184,
    0.6962006688117981,
    0.5249466300010681,
    0.36186712980270386,
    0.4251081049442291,
    0.3455533981323242,
    0.40418386459350586,
    0.3990495502948761,
    0.37818631529808044,
    0.23444055020809174,
    0.19920194149017334,
    0.18495002388954163,
    0.1730242669582367,
    0.1562967598438263,
    0.14909832179546356,
    0.13896428048610687,
    0.1408580243587494,
    0.14205573499202728,
    0.14140759408473969,
    0.15712212026119232,
    0.17433369159698486,
    0.1946018934249878,
    0.14890246093273163,
    0.2549595236778259,
    0.7783883213996887,
    0.5172938108444214,
    0.49709564447402954,
    0.3621916174888611,
    0.24744316935539246,
    0.15056867897510529,
    0.13986419141292572,
    0.133185476064682,
    0.13093197345733643,
    0.1284797489643097,
    0.1250385046005249,
    0.12218250334262848,
    0.11871594935655594,
    0.11784350126981735,
    0.1152268797159195,
    0.1167876124382019,
    0.11380559951066971,
    0.12015014886856079,
    0.11755386739969254,
    0.20264457166194916,
    0.3590616285800934,
    0.2763785421848297,
    0.3109157383441925,
    0.1969233602285385,
    0.14735467731952667,
    0.1334170252084732,
    0.1381755769252777,
    0.15798190236091614,
    0.14478324353694916,
    0.13787415623664856,
    0.31052690744400024,
    0.43452969193458557,
    0.5936310887336731,
    0.18392150104045868,
    0.12099011987447739,
    0.10712094604969025,
    0.10078708082437515,
    0.09955704212188721,
    0.10174595564603806,
    0.10478011518716812,
    0.10127872228622437,
    0.09603215754032135,
    0.09213660657405853,
    0.09080999344587326,
    0.11587346345186234,
    0.0976724699139595,
    0.09413572400808334,
    0.1352146565914154,
    0.1605667918920517,
    0.29908138513565063,
    0.4652976095676422,
    1.033687949180603,
    0.808659017086029,
    0.7291237711906433,
    0.7826758027076721
  ],
  "Training Time": 208.23269295692444,
  "Validate": [
    0.743147075176239,
    0.6358791589736938,
    0.6309549808502197,
    0.46553289890289307,
    0.4569244086742401,
    0.4636910557746887,
    0.4957687556743622,
    0.5232023596763611,
    0.573685884475708,
    0.6125821471214294,
    0.5966813564300537,
    0.6593819260597229,
    0.7273864150047302,
    0.7977877259254456,
    1.087257742881775,
    1.2527244091033936,
    1.4189053773880005,
    1.589443564414978,
    1.5510306358337402,
    1.57813560962677,
    2.037632465362549,
    0.7124273180961609,
    0.8322489261627197,
    0.7088235020637512,
    0.8460701107978821,
    1.0544462203979492,
    1.3624874353408813,
    1.2632911205291748,
    1.811669945716858,
    1.4079782962799072,
    1.5924450159072876,
    1.5674083232879639,
    1.454985499382019,
    1.6460250616073608,
    1.6263502836227417,
    1.7492133378982544,
    1.5528720617294312,
    1.9488788843154907,
    1.6651047468185425,
    1.942060112953186,
    1.4076976776123047,
    1.5992920398712158,
    1.5544501543045044,
    2.4999706745147705,
    1.7171748876571655,
    1.688524603843689,
    1.9479080438613892,
    2.6087958812713623,
    1.8527370691299438,
    1.715536117553711,
    2.1943933963775635,
    2.130793571472168,
    1.979026436805725,
    2.438945770263672,
    1.8748106956481934,
    2.541959524154663,
    1.942875623703003,
    2.4872968196868896,
    2.0322399139404297,
    2.5574254989624023,
    2.033698797225952,
    2.603411912918091,
    1.9483802318572998,
    2.3436851501464844,
    2.0344340801239014,
    1.6149932146072388,
    1.7504780292510986,
    1.4151172637939453,
    1.7208768129348755,
    1.8880417346954346,
    1.7594348192214966,
    1.9070258140563965,
    2.817397117614746,
    1.4451360702514648,
    1.8871281147003174,
    1.8064911365509033,
    1.469058632850647,
    1.2953978776931763,
    2.0024778842926025,
    1.6435970067977905,
    1.9800820350646973,
    2.147815465927124,
    2.045011281967163,
    2.531283140182495,
    1.5746392011642456,
    2.5492279529571533,
    1.8853815793991089,
    2.2029130458831787,
    2.3732008934020996,
    1.4911048412322998,
    1.9225364923477173,
    2.3679051399230957,
    1.8844707012176514,
    2.061530828475952,
    1.8563116788864136,
    1.0717602968215942,
    0.6093509197235107,
    0.5933549404144287,
    0.7652341723442078,
    0.6168119311332703
  ]
}