{
  "Train": [
    1.1454836130142212,
    1.1524897813796997,
    1.1311731338500977,
    1.1268976926803589,
    1.115401029586792,
    1.1044753789901733,
    1.091424822807312,
    1.1341092586517334,
    1.1224830150604248,
    1.1128919124603271
  ],
  "Training Time": 7.168771743774414,
  "Validate": [
    1.0095373392105103,
    1.1294645071029663,
    1.108139157295227,
    1.141814112663269,
    1.1903700828552246,
    1.2768101692199707,
    1.2873331308364868,
    1.2675904035568237,
    1.343479037284851,
    1.4803681373596191
  ]
}