{
  "Train": [
    1.102551817893982,
    1.0930496454238892,
    1.0899022817611694,
    1.0864050388336182,
    1.0820249319076538,
    1.0764493942260742,
    1.069373369216919,
    1.059381365776062,
    1.043265461921692,
    1.022672414779663
  ],
  "Training Time": 8.3938729763031,
  "Validate": [
    4.381811618804932,
    4.38292121887207,
    4.379870891571045,
    4.37375020980835,
    4.362079620361328,
    4.337991714477539,
    4.299766540527344,
    4.283445358276367,
    4.309248447418213,
    4.326416969299316
  ]
}