{
  "Train": [
    0.7064812779426575,
    0.40467649698257446,
    0.3270258903503418,
    0.2901492714881897,
    0.27121108770370483,
    0.2591298818588257,
    0.2509399652481079,
    0.2448989450931549,
    0.23998142778873444,
    0.2356065809726715,
    0.2314639389514923,
    0.2273884266614914,
    0.2232844978570938,
    0.2190859317779541,
    0.21473363041877747,
    0.2101612538099289,
    0.2052830457687378,
    0.19998277723789215,
    0.19412152469158173,
    0.18761660158634186,
    0.18060268461704254,
    0.17351467907428741,
    0.16717429459095,
    0.16200001537799835,
    0.15671944618225098
  ],
  "Training Time": 10.374328851699829,
  "Validate": [
    3.479454278945923,
    3.0787580013275146,
    3.0716590881347656,
    3.048736333847046,
    3.040510654449463,
    3.0644257068634033,
    3.1136069297790527,
    3.17738938331604,
    3.2474989891052246,
    3.3190221786499023,
    3.389406681060791,
    3.4574129581451416,
    3.522407293319702,
    3.5839312076568604,
    3.6414639949798584,
    3.694281578063965,
    3.74143123626709,
    3.7819876670837402,
    3.816007375717163,
    3.8461663722991943,
    3.877777338027954,
    3.9166059494018555,
    3.9715006351470947,
    4.037195682525635,
    4.094045639038086
  ]
}