{
  "Train": [
    0.21609117090702057,
    0.14201387763023376,
    0.1272113174200058,
    0.11983755975961685,
    0.11512932926416397,
    0.11161567270755768,
    0.10875967890024185,
    0.10629294812679291,
    0.1040898934006691,
    0.1021493524312973,
    0.10058192908763885,
    0.09908492863178253,
    0.09698213636875153,
    0.09511172771453857,
    0.09357805550098419,
    0.09171012789011002,
    0.09075009077787399,
    0.08739956468343735,
    0.08998395502567291,
    0.0837680771946907,
    0.08672178536653519,
    0.08451398462057114,
    0.07745908200740814,
    0.08607874810695648,
    0.07518754154443741
  ],
  "Training Time": 12.04679799079895,
  "Validate": [
    0.15861499309539795,
    0.1688593626022339,
    0.17579320073127747,
    0.19015684723854065,
    0.21002589166164398,
    0.23490749299526215,
    0.26314547657966614,
    0.2922873795032501,
    0.3200300931930542,
    0.3448024094104767,
    0.36525917053222656,
    0.3791970908641815,
    0.3932528495788574,
    0.41038820147514343,
    0.4253086745738983,
    0.4492257237434387,
    0.4542365074157715,
    0.527380645275116,
    0.4271293580532074,
    0.6624622941017151,
    0.627772867679596,
    0.5687335729598999,
    0.8064004778862,
    0.618830144405365,
    0.8637157678604126
  ]
}