{
  "Train": [
    1.0651787519454956,
    1.0348546504974365,
    1.0157978534698486,
    1.0189869403839111,
    1.0153220891952515,
    0.9708309173583984,
    1.0007283687591553,
    0.9468184113502502,
    1.0109977722167969,
    1.0222532749176025
  ],
  "Training Time": 3.1790122985839844,
  "Validate": [
    NaN,
    NaN,
    NaN,
    NaN,
    NaN,
    NaN,
    NaN,
    NaN,
    NaN,
    NaN
  ]
}