{
  "Train": [
    1.0790979862213135,
    1.0233794450759888,
    0.9975524544715881,
    0.9735372066497803,
    0.97690749168396,
    0.9285407066345215,
    0.9093841910362244,
    0.8908917307853699,
    0.9135872721672058,
    0.8625786900520325
  ],
  "Training Time": 13.49695086479187,
  "Validate": [
    NaN,
    NaN,
    NaN,
    NaN,
    NaN,
    NaN,
    NaN,
    NaN,
    NaN,
    NaN
  ]
}