{
  "Train": [
    1.0967235565185547,
    1.0847920179367065,
    1.0801966190338135,
    1.0754441022872925,
    1.0689870119094849,
    1.0594520568847656,
    1.047194242477417,
    1.0287622213363647,
    1.0011473894119263,
    0.9606754779815674
  ],
  "Training Time": 10.696012735366821,
  "Validate": [
    4.360720634460449,
    4.3566412925720215,
    4.343841075897217,
    4.32064962387085,
    4.280044078826904,
    4.226166248321533,
    4.1898345947265625,
    4.179315090179443,
    4.2090535163879395,
    4.2151594161987305
  ]
}