{
  "Train": [
    0.7580747008323669,
    0.7461611032485962,
    0.7374492287635803,
    0.7288029789924622,
    0.7182404398918152,
    0.706254243850708,
    0.6929125189781189,
    0.6776842474937439,
    0.6606128811836243,
    0.6420800685882568
  ],
  "Training Time": 2.9395625591278076,
  "Validate": [
    NaN,
    NaN,
    NaN,
    NaN,
    NaN,
    NaN,
    NaN,
    NaN,
    NaN,
    NaN
  ]
}