{
  "Train": [
    0.9487060904502869,
    0.9031659960746765,
    0.8726911544799805,
    0.8501797914505005,
    0.8320391178131104,
    0.8162570595741272,
    0.8020740747451782,
    0.7890532612800598,
    0.7768315076828003,
    0.7651882171630859
  ],
  "Training Time": 2.4337329864501953,
  "Validate": [
    0.3258465528488159,
    0.36015570163726807,
    0.39711958169937134,
    0.43163248896598816,
    0.45879724621772766,
    0.48017022013664246,
    0.497060090303421,
    0.5109317898750305,
    0.522013247013092,
    0.53081876039505
  ]
}