{
  "Train": [
    0.052741970866918564,
    0.03764321282505989,
    0.03396754339337349,
    0.03303157538175583,
    0.032159287482500076,
    0.03114316798746586,
    0.030308948829770088,
    0.029592271894216537,
    0.028939146548509598,
    0.028315847739577293,
    0.02767748385667801,
    0.02731732837855816,
    0.026600264012813568,
    0.02586425095796585,
    0.025529097765684128,
    0.02516930177807808,
    0.024792248383164406,
    0.02438424527645111,
    0.024040374904870987,
    0.024031581357121468,
    0.023457355797290802,
    0.023608706891536713,
    0.022953148931264877,
    0.02246677130460739,
    0.022160055115818977
  ],
  "Training Time": 9.340884685516357,
  "Validate": [
    NaN,
    NaN,
    NaN,
    NaN,
    NaN,
    NaN,
    NaN,
    NaN,
    NaN,
    NaN,
    NaN,
    NaN,
    NaN,
    NaN,
    NaN,
    NaN,
    NaN,
    NaN,
    NaN,
    NaN,
    NaN,
    NaN,
    NaN,
    NaN,
    NaN
  ]
}