{
  "Train": [
    0.030473435297608376,
    0.026971664279699326,
    0.024239027872681618,
    0.02361447736620903,
    0.02275065705180168,
    0.022640135139226913,
    0.022122066468000412,
    0.022039785981178284,
    0.02164202369749546,
    0.02151370421051979,
    0.021181853488087654,
    0.020989060401916504,
    0.02068360149860382,
    0.02042984403669834,
    0.020119616761803627,
    0.019817667081952095,
    0.019487682729959488,
    0.019152522087097168,
    0.018805693835020065,
    0.018458886072039604,
    0.01811802387237549,
    0.017792154103517532,
    0.017482483759522438,
    0.017179841175675392,
    0.016865506768226624
  ],
  "Training Time": 7.364163637161255,
  "Validate": [
    0.03272319957613945,
    0.037148617208004,
    0.03559472784399986,
    0.03657320514321327,
    0.03553562983870506,
    0.035615112632513046,
    0.03516975790262222,
    0.034955110400915146,
    0.03475692495703697,
    0.034483831375837326,
    0.03434836491942406,
    0.03409162908792496,
    0.03394084796309471,
    0.03370971605181694,
    0.03353559598326683,
    0.03332662582397461,
    0.03314632549881935,
    0.03296168893575668,
    0.03279760107398033,
    0.03264862671494484,
    0.03251994773745537,
    0.032402995973825455,
    0.03228481486439705,
    0.032157037407159805,
    0.03203902393579483
  ]
}