{
  "Train": [
    0.7381148934364319,
    0.6897028088569641,
    0.676557183265686,
    0.6669329404830933,
    0.662316083908081,
    0.6661390066146851,
    0.6629670262336731,
    0.6382805705070496,
    0.6187865138053894,
    0.602258026599884
  ],
  "Training Time": 14.328805208206177,
  "Validate": [
    NaN,
    NaN,
    NaN,
    NaN,
    NaN,
    NaN,
    NaN,
    NaN,
    NaN,
    NaN
  ]
}