{
  "Train": [
    0.8959944248199463,
    0.8747068643569946,
    0.8520025610923767,
    0.841544508934021,
    0.8349735736846924,
    0.8286370635032654,
    0.82405686378479,
    0.819259762763977,
    0.8147788643836975,
    0.8093985915184021
  ],
  "Training Time": 12.425709247589111,
  "Validate": [
    2.9867208003997803,
    3.0226356983184814,
    2.9412012100219727,
    2.8820765018463135,
    2.85723876953125,
    2.8213589191436768,
    2.800442695617676,
    2.7761127948760986,
    2.757448673248291,
    2.7394959926605225
  ]
}