{
  "Train": [
    1.097832441329956,
    1.067179560661316,
    1.063841462135315,
    1.0617526769638062,
    1.060705542564392,
    1.0598679780960083,
    1.059362530708313,
    1.0588574409484863,
    1.0582501888275146,
    1.0578968524932861
  ],
  "Training Time": 4.308242082595825,
  "Validate": [
    7.157168865203857,
    7.15144681930542,
    7.1591477394104,
    7.1657938957214355,
    7.168156623840332,
    7.172184467315674,
    7.173445701599121,
    7.1806864738464355,
    7.180826187133789,
    7.184786796569824
  ]
}