{
  "Train": [
    1.1354702711105347,
    1.0904715061187744,
    1.0412203073501587,
    1.0052896738052368,
    0.9951041340827942,
    0.9643083214759827,
    0.9435918927192688,
    0.9601300358772278,
    0.934002697467804,
    1.0691583156585693
  ],
  "Training Time": 19.91010332107544,
  "Validate": [
    NaN,
    NaN,
    NaN,
    NaN,
    NaN,
    NaN,
    NaN,
    NaN,
    NaN,
    NaN
  ]
}