{
  "Train": [
    1.0544013977050781,
    1.071344017982483,
    1.030936360359192,
    1.0013116598129272,
    0.9400841593742371,
    1.0312695503234863,
    0.9420939087867737,
    0.861446738243103,
    0.8580822944641113,
    1.0616896152496338
  ],
  "Training Time": 16.515602588653564,
  "Validate": [
    0.5771406292915344,
    0.5380998849868774,
    0.513148844242096,
    0.45025521516799927,
    0.4050377905368805,
    0.2713764011859894,
    0.3085748255252838,
    0.25876161456108093,
    0.22618551552295685,
    0.3968786895275116
  ]
}