{
  "Train": [
    0.060826726257801056,
    0.012516571208834648,
    0.007646852172911167,
    0.00693633034825325,
    0.006847852375358343,
    0.0069353049620985985,
    0.00698986928910017,
    0.006948437541723251,
    0.006783302407711744,
    0.006589491385966539,
    0.006445854902267456,
    0.006318479310721159,
    0.0062182024121284485,
    0.00616954080760479,
    0.006245242431759834,
    0.0067212507128715515,
    0.008012467995285988,
    0.009722317568957806,
    0.010390713810920715,
    0.008402006700634956,
    0.006858302280306816,
    0.006805611774325371,
    0.005777637008577585,
    0.004879051353782415,
    0.0044947778806090355
  ],
  "Training Time": 16.836942434310913,
  "Validate": [
    NaN,
    NaN,
    NaN,
    NaN,
    NaN,
    NaN,
    NaN,
    NaN,
    NaN,
    NaN,
    NaN,
    NaN,
    NaN,
    NaN,
    NaN,
    NaN,
    NaN,
    NaN,
    NaN,
    NaN,
    NaN,
    NaN,
    NaN,
    NaN,
    NaN
  ]
}