{
  "Train": [
    0.2875400483608246,
    0.05856526270508766,
    0.045945316553115845,
    0.03754589334130287,
    0.03435681015253067,
    0.031790461391210556,
    0.029683813452720642,
    0.027786454185843468,
    0.02598346211016178,
    0.02426532655954361,
    0.022700121626257896,
    0.0213936697691679,
    0.02039421908557415,
    0.019606096670031548,
    0.018875842913985252,
    0.018127407878637314,
    0.017365653067827225,
    0.016620110720396042,
    0.01592963933944702,
    0.01522941142320633,
    0.014492020942270756,
    0.013832159340381622,
    0.013178040273487568,
    0.012499155476689339,
    0.011769990436732769
  ],
  "Training Time": 11.501439332962036,
  "Validate": [
    21.799497604370117,
    17.361446380615234,
    16.0958251953125,
    15.202587127685547,
    14.31210708618164,
    13.532400131225586,
    12.894479751586914,
    12.422061920166016,
    12.128280639648438,
    11.998083114624023,
    11.977645874023438,
    12.000102996826172,
    12.026937484741211,
    12.049542427062988,
    12.066414833068848,
    12.0740966796875,
    12.069061279296875,
    12.044363021850586,
    12.028955459594727,
    12.031988143920898,
    11.98827838897705,
    11.952004432678223,
    11.922076225280762,
    11.896048545837402,
    11.863306045532227
  ]
}