{
  "Train": [
    0.27460676431655884,
    0.2301444709300995,
    0.1959395557641983,
    0.16319280862808228,
    0.14442533254623413,
    0.13228832185268402,
    0.11980026215314865,
    0.10627901554107666,
    0.09924276918172836,
    0.10499700903892517
  ],
  "Training Time": 3.158313274383545,
  "Validate": [
    NaN,
    NaN,
    NaN,
    NaN,
    NaN,
    NaN,
    NaN,
    NaN,
    NaN,
    NaN
  ]
}