{
  "Train": [
    0.6835611462593079,
    0.5520867705345154,
    0.44743016362190247,
    0.39012110233306885,
    0.3341245651245117,
    0.30422961711883545,
    0.3661345839500427,
    0.2481439709663391,
    0.2263878583908081,
    0.1942853480577469
  ],
  "Training Time": 2.598470449447632,
  "Validate": [
    0.758043646812439,
    0.616033673286438,
    0.6640610098838806,
    0.7257575988769531,
    0.5654247403144836,
    0.2733592092990875,
    0.6632798314094543,
    0.3023633658885956,
    0.46669575572013855,
    0.520689845085144
  ]
}