{
  "Train": [
    0.6055213809013367,
    0.4354841709136963,
    0.3821127712726593,
    0.34658098220825195,
    0.32625797390937805,
    0.3140447735786438,
    0.30519160628318787,
    0.2981737554073334,
    0.29236650466918945,
    0.2873767614364624
  ],
  "Training Time": 3.967883825302124,
  "Validate": [
    54.4405403137207,
    53.66600036621094,
    52.69025802612305,
    51.410308837890625,
    50.03836441040039,
    48.790950775146484,
    47.6942024230957,
    46.7301139831543,
    45.87300109863281,
    45.10465621948242
  ]
}