{
  "Train": [
    1.179173469543457,
    1.1492749452590942,
    0.872769832611084,
    0.709503710269928,
    1.1414408683776855,
    0.9723002314567566,
    0.8514127135276794,
    0.782148540019989,
    0.6702479124069214,
    0.581304132938385,
    0.5407671332359314,
    0.5134229063987732,
    0.49447962641716003,
    0.47751283645629883,
    0.46293288469314575,
    0.45015689730644226,
    0.4334823191165924,
    0.423155814409256,
    0.4155561327934265,
    0.3979018032550812,
    0.3853294849395752,
    0.3743632435798645,
    0.35981839895248413,
    0.342820405960083,
    0.32493263483047485,
    0.3068314492702484,
    0.28697338700294495,
    0.26987895369529724,
    0.25232723355293274,
    0.24436458945274353,
    0.2333332598209381,
    0.2106497436761856,
    0.21034371852874756,
    0.21911458671092987,
    0.2683315575122833,
    0.4738278090953827,
    0.36640074849128723,
    0.32652798295021057,
    0.25493669509887695,
    0.265520304441452,
    0.23504243791103363,
    0.22449199855327606,
    0.2048601359128952,
    0.21439404785633087,
    0.2018488198518753,
    0.21539923548698425,
    0.1896679550409317,
    0.20019568502902985,
    0.18322910368442535,
    0.18561217188835144,
    0.18262158334255219,
    0.18625536561012268,
    0.19370673596858978,
    0.19255034625530243,
    0.16948989033699036,
    0.16411861777305603,
    0.1658448725938797,
    0.15498694777488708,
    0.15669550001621246,
    0.15088166296482086,
    0.15587370097637177,
    0.17059104144573212,
    0.16060009598731995,
    0.13411186635494232,
    0.1306745558977127,
    0.12456612288951874,
    0.1212785616517067,
    0.11768317967653275,
    0.11553605645895004,
    0.11675628274679184,
    0.19032014906406403,
    0.31355762481689453,
    0.28937193751335144,
    0.13852663338184357,
    0.09969945251941681,
    0.09580572694540024,
    0.08147609233856201,
    0.07983885705471039,
    0.08901970833539963,
    0.12033397704362869,
    0.11239399015903473,
    0.06544613838195801,
    0.05687117204070091,
    0.05299478769302368,
    0.04897627234458923,
    0.04446856305003166,
    0.24487970769405365,
    0.241347998380661,
    0.13119523227214813,
    0.10308898240327835,
    0.08712922036647797,
    0.0781104639172554,
    0.07057379186153412,
    0.06476632505655289,
    0.06088623031973839,
    0.05817057564854622,
    0.05522207170724869,
    0.05337556451559067,
    0.051597416400909424,
    0.050820913165807724
  ],
  "Training Time": 100.03075075149536,
  "Validate": [
    0.7200214862823486,
    0.7411207556724548,
    0.8169673681259155,
    0.8117499947547913,
    0.41783931851387024,
    0.45008185505867004,
    0.4828859567642212,
    0.483622282743454,
    0.4579382836818695,
    0.43174898624420166,
    0.38937491178512573,
    0.3624151349067688,
    0.337719202041626,
    0.3160703480243683,
    0.2958618402481079,
    0.2751823663711548,
    0.26759055256843567,
    0.26177555322647095,
    0.2550044357776642,
    0.3072843849658966,
    0.2687450647354126,
    0.36493217945098877,
    0.4086014926433563,
    0.4353513717651367,
    0.4479140341281891,
    0.4402981698513031,
    0.43392398953437805,
    0.4280695617198944,
    0.4410534203052521,
    0.45161688327789307,
    0.388642817735672,
    0.4169391691684723,
    0.454066663980484,
    0.4144112765789032,
    0.3917985260486603,
    0.3390585780143738,
    0.7941960692405701,
    0.7035776376724243,
    0.48319199681282043,
    0.4206831753253937,
    0.42052385210990906,
    0.41694962978363037,
    0.453277587890625,
    0.4159179627895355,
    0.4863904118537903,
    0.41437235474586487,
    0.4630950689315796,
    0.41738012433052063,
    0.43563124537467957,
    0.4235899746417999,
    0.4300985336303711,
    0.4689498245716095,
    0.2894623875617981,
    0.4093272089958191,
    0.4310542047023773,
    0.43648627400398254,
    0.41483747959136963,
    0.40211641788482666,
    0.45078036189079285,
    0.40186694264411926,
    0.774945080280304,
    0.2737966775894165,
    0.33043864369392395,
    0.3482474088668823,
    0.3833129107952118,
    0.38970324397087097,
    0.4296424090862274,
    0.43638646602630615,
    0.5055463314056396,
    0.4673469662666321,
    1.115111231803894,
    0.28242218494415283,
    0.36809414625167847,
    0.2723972499370575,
    0.26236021518707275,
    0.26083967089653015,
    0.2607478201389313,
    0.2645942270755768,
    0.32568666338920593,
    0.7601041197776794,
    0.27486714720726013,
    0.28223392367362976,
    0.29749324917793274,
    0.30670976638793945,
    0.31499183177948,
    0.3196769058704376,
    0.3378022313117981,
    0.2785695195198059,
    0.2647445797920227,
    0.26529473066329956,
    0.2644398808479309,
    0.2639841139316559,
    0.2640857398509979,
    0.26434963941574097,
    0.2625478506088257,
    0.2595279812812805,
    0.2582109272480011,
    0.2565461993217468,
    0.25624626874923706,
    0.25548458099365234
  ]
}