{
  "Train": [
    1.1746079921722412,
    1.1522908210754395,
    1.1415904760360718,
    1.1315357685089111,
    1.1229912042617798,
    1.115120530128479,
    1.1073740720748901,
    1.0989705324172974,
    1.0891425609588623,
    1.0764751434326172,
    1.056749939918518,
    1.0243529081344604,
    1.0157097578048706,
    0.985425591468811,
    0.9596400856971741,
    0.929558277130127,
    0.8909576535224915,
    0.8362204432487488,
    0.79368656873703,
    0.9634261727333069,
    0.7505419850349426,
    0.681717574596405,
    0.6227652430534363,
    0.6066464185714722,
    0.5591180920600891,
    0.5035349726676941,
    0.4803787171840668,
    0.5540198087692261,
    0.9419671297073364,
    0.6829215884208679,
    0.5382353663444519,
    0.43289703130722046,
    0.4134737253189087,
    0.38483694195747375,
    0.3581978380680084,
    0.3380257487297058,
    0.320597767829895,
    0.3048943877220154,
    0.2904997169971466,
    0.27699726819992065,
    0.2642255425453186,
    0.25219640135765076,
    0.24101582169532776,
    0.2307475209236145,
    0.22135616838932037,
    0.21276484429836273,
    0.2049085646867752,
    0.1977282017469406,
    0.1911580115556717,
    0.1851295381784439,
    0.17958000302314758,
    0.17445676028728485,
    0.16971494257450104,
    0.16531233489513397,
    0.16119889914989471,
    0.1573021113872528,
    0.15351952612400055,
    0.14975908398628235,
    0.14602398872375488,
    0.1423742175102234,
    0.13870884478092194,
    0.13531048595905304,
    0.13944979012012482,
    0.25558286905288696,
    0.24993744492530823,
    1.1528531312942505,
    0.31618982553482056,
    0.19304193556308746,
    0.15448062121868134,
    0.14373528957366943,
    0.13570906221866608,
    0.12944340705871582,
    0.12427547574043274,
    0.1199486181139946,
    0.11631835997104645,
    0.11323762685060501,
    0.11052126437425613,
    0.10803274065256119,
    0.10571371018886566,
    0.10354191064834595,
    0.10150368511676788,
    0.09958440810441971,
    0.09775909036397934,
    0.0959886983036995,
    0.09423038363456726,
    0.09245715290307999,
    0.09067055583000183,
    0.08890508860349655,
    0.08723439276218414,
    0.0857841894030571,
    0.08458064496517181,
    0.08272744715213776,
    0.08094659447669983,
    0.08035288751125336,
    0.0812971293926239,
    0.079669289290905,
    0.07885250449180603,
    0.0787418782711029,
    0.0867338627576828,
    0.0824444442987442
  ],
  "Training Time": 76.21363806724548,
  "Validate": [
    2.002528667449951,
    2.0352537631988525,
    2.073024272918701,
    2.0880887508392334,
    2.0810282230377197,
    2.063814640045166,
    2.0425074100494385,
    2.0189030170440674,
    1.9925754070281982,
    1.9656792879104614,
    1.9520760774612427,
    1.9307574033737183,
    1.934072494506836,
    1.9543274641036987,
    1.9521725177764893,
    1.953759789466858,
    1.953635334968567,
    1.9559834003448486,
    2.2270407676696777,
    1.9698550701141357,
    1.9825764894485474,
    1.9839671850204468,
    2.0204319953918457,
    2.0574984550476074,
    2.0067903995513916,
    2.0183005332946777,
    2.0775671005249023,
    2.3474161624908447,
    2.520401954650879,
    2.4551851749420166,
    2.1898090839385986,
    2.1539106369018555,
    2.156151056289673,
    2.1616034507751465,
    2.1673424243927,
    2.1719119548797607,
    2.1748311519622803,
    2.177183151245117,
    2.1802825927734375,
    2.1859018802642822,
    2.195187568664551,
    2.20780348777771,
    2.222425699234009,
    2.2378575801849365,
    2.253652334213257,
    2.2697434425354004,
    2.2861149311065674,
    2.3028290271759033,
    2.320066213607788,
    2.337967872619629,
    2.3564999103546143,
    2.3754563331604004,
    2.394503593444824,
    2.4131925106048584,
    2.4307687282562256,
    2.4458348751068115,
    2.4570016860961914,
    2.464658498764038,
    2.4701039791107178,
    2.4720311164855957,
    2.4646379947662354,
    2.4338979721069336,
    2.3309166431427,
    2.8463945388793945,
    2.456120729446411,
    2.456829309463501,
    2.248882532119751,
    2.251784563064575,
    2.1953039169311523,
    2.1916439533233643,
    2.1749346256256104,
    2.1548163890838623,
    2.134915351867676,
    2.1196515560150146,
    2.1119728088378906,
    2.1120970249176025,
    2.118143320083618,
    2.1278951168060303,
    2.1398401260375977,
    2.153110980987549,
    2.1670663356781006,
    2.1809308528900146,
    2.193570852279663,
    2.2036263942718506,
    2.210010528564453,
    2.212334156036377,
    2.2112040519714355,
    2.2092010974884033,
    2.2128098011016846,
    2.228654623031616,
    2.2399206161499023,
    2.2243661880493164,
    2.2271642684936523,
    2.2874555587768555,
    2.245603322982788,
    2.212174415588379,
    2.199230909347534,
    2.367990732192993,
    2.330780506134033,
    2.24985408782959
  ]
}