{
  "Train": [
    1.2164860963821411,
    1.1429897546768188,
    1.1298367977142334,
    1.1178339719772339,
    1.106752634048462,
    1.0962321758270264,
    1.0843982696533203,
    1.0712287425994873,
    1.0566565990447998,
    1.0400745868682861
  ],
  "Training Time": 5.2510597705841064,
  "Validate": [
    1.3393895626068115,
    1.4180370569229126,
    1.6368286609649658,
    2.0124926567077637,
    2.482927083969116,
    2.8858745098114014,
    3.1680963039398193,
    3.355576992034912,
    3.441470146179199,
    3.432253837585449
  ]
}