{
  "Train": [
    1.1054821014404297,
    1.0921052694320679,
    1.0883952379226685,
    1.0841997861862183,
    1.0780833959579468,
    1.0681313276290894,
    1.0509984493255615,
    1.0152710676193237,
    0.9965104460716248,
    0.9744812250137329
  ],
  "Training Time": 5.926991939544678,
  "Validate": [
    4.382058620452881,
    4.38355827331543,
    4.371772766113281,
    4.345170974731445,
    4.305004596710205,
    4.272453784942627,
    4.311966896057129,
    4.384746074676514,
    4.127161026000977,
    4.081655979156494
  ]
}