{
  "Train": [
    1.0335447788238525,
    1.0232670307159424,
    0.9824013710021973,
    0.9620634913444519,
    0.9472269415855408,
    0.9333142042160034,
    0.9169663786888123,
    0.9326841831207275,
    0.8839290142059326,
    0.8817521333694458
  ],
  "Training Time": 6.6642115116119385,
  "Validate": [
    NaN,
    NaN,
    NaN,
    NaN,
    NaN,
    NaN,
    NaN,
    NaN,
    NaN,
    NaN
  ]
}