{
  "Train": [
    1.1628518104553223,
    1.154409646987915,
    1.1503156423568726,
    1.1462163925170898,
    1.142434000968933,
    1.1389882564544678,
    1.1357680559158325,
    1.1326382160186768,
    1.129380702972412,
    1.1256417036056519,
    1.1209670305252075,
    1.1150480508804321,
    1.1086444854736328,
    1.1037877798080444,
    1.099292278289795,
    1.094137191772461,
    1.087133765220642,
    1.080237627029419,
    1.0650386810302734,
    1.0519851446151733,
    1.0707725286483765,
    1.084493637084961,
    1.0291697978973389,
    1.0039093494415283,
    1.0114980936050415,
    1.0011298656463623,
    1.0167919397354126,
    1.0565673112869263,
    0.9794758558273315,
    0.9416569471359253,
    0.9414057731628418,
    0.9221897721290588,
    0.9228845238685608,
    0.9212271571159363,
    0.9034463763237,
    0.9072160124778748,
    0.9209689497947693,
    0.8870869874954224,
    0.8967454433441162,
    0.9122796654701233,
    0.8693304657936096,
    0.8992951512336731,
    0.9503401517868042,
    0.8834144473075867,
    0.9135650396347046,
    0.866151750087738,
    0.8756026029586792,
    0.8554579615592957,
    0.8546508550643921,
    0.8382840156555176,
    0.7889748811721802,
    0.760593056678772,
    0.7553290128707886,
    0.7495549321174622,
    1.388645887374878,
    1.0974808931350708,
    1.0701563358306885,
    0.9920527338981628,
    0.970335066318512,
    0.9493703842163086,
    0.9351537823677063,
    0.9118674993515015,
    0.8975037932395935,
    1.1598236560821533,
    1.019041895866394,
    0.9923370480537415,
    0.9310397505760193,
    0.8902150392532349,
    0.872075080871582,
    0.859555184841156,
    0.850835919380188,
    0.8444221615791321,
    0.8390088081359863,
    0.8343012928962708,
    0.8299423456192017,
    0.8259962797164917,
    0.8225634694099426,
    0.8194246292114258,
    0.8166608810424805,
    0.8141610026359558,
    0.811906099319458,
    0.8099122643470764,
    0.8082584738731384,
    0.8177245259284973,
    0.8350161910057068,
    0.8049875497817993,
    0.8004665374755859,
    0.7977314591407776,
    0.7967210412025452,
    0.7951425909996033,
    0.7939103841781616,
    0.7921786904335022,
    0.7914191484451294,
    0.7890558242797852,
    0.7906808257102966,
    0.7863966822624207,
    0.7870016694068909,
    1.080795407295227,
    0.9969466924667358,
    1.0164644718170166
  ],
  "Training Time": 70.32569360733032,
  "Validate": [
    1.9307273626327515,
    1.9657706022262573,
    1.9880908727645874,
    1.9976898431777954,
    2.002678871154785,
    2.006416082382202,
    2.0102434158325195,
    2.0150723457336426,
    2.021477222442627,
    2.0294973850250244,
    2.038470983505249,
    2.0468385219573975,
    2.0485599040985107,
    2.0481679439544678,
    2.061464786529541,
    2.071791410446167,
    2.1196112632751465,
    2.14308500289917,
    2.2784922122955322,
    2.252807140350342,
    1.9272055625915527,
    2.359025001525879,
    2.379676342010498,
    2.465968132019043,
    2.193866491317749,
    2.4815239906311035,
    2.160771369934082,
    2.291558265686035,
    2.43166446685791,
    2.5400030612945557,
    2.564218759536743,
    2.5818896293640137,
    2.5948805809020996,
    2.592987060546875,
    2.5800437927246094,
    2.6006062030792236,
    2.5759389400482178,
    2.545459747314453,
    2.5940113067626953,
    2.543543815612793,
    2.623323678970337,
    2.414699077606201,
    2.620573043823242,
    2.62953782081604,
    2.58311128616333,
    2.5563366413116455,
    2.569655418395996,
    2.614834785461426,
    2.5621824264526367,
    2.5340561866760254,
    2.6577982902526855,
    2.610015869140625,
    2.667637825012207,
    2.9783003330230713,
    2.2081832885742188,
    2.0853688716888428,
    2.0588414669036865,
    2.063676595687866,
    2.084402322769165,
    2.0970702171325684,
    2.1251368522644043,
    2.1235735416412354,
    2.093385934829712,
    2.052800178527832,
    2.04878568649292,
    2.0989248752593994,
    2.0107035636901855,
    1.9692378044128418,
    1.9401224851608276,
    1.921871542930603,
    1.9101650714874268,
    1.9036329984664917,
    1.9021592140197754,
    1.902821660041809,
    1.9045772552490234,
    1.9064122438430786,
    1.9076813459396362,
    1.909016489982605,
    1.9102493524551392,
    1.9110301733016968,
    1.9124795198440552,
    1.9131011962890625,
    1.9137775897979736,
    1.8325978517532349,
    1.9379916191101074,
    1.877160668373108,
    1.8545361757278442,
    1.87152099609375,
    1.846887469291687,
    1.8711575269699097,
    1.8838568925857544,
    1.8978034257888794,
    1.9049404859542847,
    1.8893431425094604,
    1.870629072189331,
    1.8989810943603516,
    1.7919198274612427,
    2.410820245742798,
    2.7515628337860107,
    2.5614092350006104
  ]
}