{
  "Train": [
    1.0105946063995361,
    0.8562565445899963,
    1.0442066192626953,
    0.9613481760025024,
    1.0029938220977783,
    0.8953874707221985,
    0.9402957558631897,
    0.9326691031455994,
    0.833421528339386,
    0.9030742049217224,
    0.8223137855529785,
    0.8450364470481873,
    0.8101091384887695,
    0.8354926705360413,
    0.7827547192573547,
    0.8143361806869507,
    0.7642857432365417,
    0.787384033203125,
    0.752521812915802,
    0.7546495795249939,
    0.7350332140922546,
    0.7250112891197205,
    0.7113591432571411,
    0.7008719444274902,
    0.6860777735710144,
    0.6723098754882812,
    0.6495351195335388,
    0.6247407793998718,
    0.601841390132904,
    0.5824233889579773,
    0.574443519115448,
    0.5630456805229187,
    0.670936644077301,
    0.7577735781669617,
    0.6683387160301208,
    0.6357008218765259,
    0.621236264705658,
    0.6105717420578003,
    0.6006510853767395,
    0.5905380845069885,
    0.5786659121513367,
    0.568377673625946,
    0.5579920411109924,
    0.5476143956184387,
    0.5408642888069153,
    0.531434953212738,
    0.5107153058052063,
    0.4983265697956085,
    0.493020623922348,
    0.484804630279541,
    0.46900710463523865,
    0.4544556438922882,
    0.4450346827507019,
    0.4320686161518097,
    0.4338456094264984,
    0.39595937728881836,
    0.4397881329059601,
    0.45295634865760803,
    0.4428196847438812,
    1.1589401960372925,
    0.8360891342163086,
    0.8422561883926392,
    1.2952299118041992,
    0.6963497400283813,
    0.6057285070419312,
    0.5696758031845093,
    0.49685773253440857,
    0.4909968674182892,
    0.9367817044258118,
    0.7795193791389465,
    0.7213869094848633,
    0.6238369345664978,
    0.5553044676780701,
    0.5535983443260193,
    0.6671743392944336,
    0.6772890686988831,
    0.5393092632293701,
    0.5405438542366028,
    0.5814538598060608,
    0.48703688383102417,
    0.49633365869522095,
    0.5776729583740234,
    0.5098488926887512,
    0.5080729126930237,
    0.49309730529785156,
    0.5083288550376892,
    0.45437416434288025,
    0.4573611915111542,
    0.44919243454933167,
    0.4298647344112396,
    0.4657972455024719,
    0.45581674575805664,
    0.42506852746009827,
    0.4682500958442688,
    0.48814478516578674,
    0.4587455689907074,
    0.41753700375556946,
    0.4557094871997833,
    0.4525652825832367,
    0.4129166305065155
  ],
  "Training Time": 91.31186604499817,
  "Validate": [
    0.8056690692901611,
    0.7501459121704102,
    0.657792866230011,
    0.5403029322624207,
    0.43276652693748474,
    0.4367782473564148,
    0.3915630578994751,
    0.2987569570541382,
    0.2973009943962097,
    0.26075923442840576,
    0.24539925158023834,
    0.23398002982139587,
    0.22764015197753906,
    0.22064243257045746,
    0.2191895842552185,
    0.21447435021400452,
    0.21456460654735565,
    0.21198207139968872,
    0.21132177114486694,
    0.21022701263427734,
    0.20929937064647675,
    0.208354651927948,
    0.20768794417381287,
    0.20698608458042145,
    0.20670093595981598,
    0.2066105455160141,
    0.2071671038866043,
    0.2079797238111496,
    0.21209098398685455,
    0.21416129171848297,
    0.22520071268081665,
    0.21822795271873474,
    0.4589303731918335,
    0.2115367352962494,
    0.21399489045143127,
    0.2164454460144043,
    0.21500658988952637,
    0.2136220484972,
    0.21253059804439545,
    0.21192890405654907,
    0.21230734884738922,
    0.2138737589120865,
    0.21665269136428833,
    0.2235846370458603,
    0.22434458136558533,
    0.3016151487827301,
    0.31337565183639526,
    0.28651124238967896,
    0.32190006971359253,
    0.3669050335884094,
    0.34264126420021057,
    0.3458615839481354,
    0.3723566234111786,
    0.3486420810222626,
    0.4576468765735626,
    0.3478338122367859,
    0.5228061676025391,
    0.3653199374675751,
    0.372905433177948,
    0.6060976982116699,
    0.5588164329528809,
    0.47928497195243835,
    0.5594338774681091,
    0.4601876139640808,
    0.3863598704338074,
    0.2936016917228699,
    0.2693483233451843,
    0.2504415214061737,
    0.2351415753364563,
    0.23589247465133667,
    0.2502884864807129,
    0.3215530514717102,
    0.35475707054138184,
    0.3501991033554077,
    0.4519113302230835,
    0.2682025134563446,
    0.34217360615730286,
    0.3041834831237793,
    0.3786306381225586,
    0.3654918670654297,
    0.3787723481655121,
    0.2615673243999481,
    0.2388676255941391,
    0.23864804208278656,
    0.279940128326416,
    0.23622050881385803,
    0.2665208876132965,
    0.24339298903942108,
    0.28798365592956543,
    0.24580782651901245,
    0.2468126267194748,
    0.28609970211982727,
    0.2563294470310211,
    0.24179738759994507,
    0.28647753596305847,
    0.26108407974243164,
    0.25188910961151123,
    0.2406109869480133,
    0.28102874755859375,
    0.25361311435699463
  ]
}