{
  "Train": [
    1.1897764205932617,
    1.1645219326019287,
    1.162567377090454,
    1.15790593624115,
    1.1530404090881348,
    1.1475448608398438,
    1.1426048278808594,
    1.1368236541748047,
    1.1305654048919678,
    1.1229591369628906,
    1.113991618156433,
    1.1032681465148926,
    1.092118501663208,
    1.0826588869094849,
    1.0745325088500977,
    1.0641635656356812,
    1.0518337488174438,
    1.0422804355621338,
    1.0461883544921875,
    1.0692235231399536,
    1.0490161180496216,
    1.0197538137435913,
    1.0082918405532837,
    0.9909318089485168,
    0.9731705784797668,
    0.9553486704826355,
    0.9360052943229675,
    0.9057453870773315,
    0.8831051588058472,
    0.8669440150260925,
    0.8174849152565002,
    0.8554754853248596,
    0.8098238706588745,
    1.1544212102890015,
    1.0445555448532104,
    0.8350801467895508,
    0.8314006328582764,
    0.7587870359420776,
    0.7829480171203613,
    0.7072867155075073,
    0.7430019378662109,
    0.652388870716095,
    0.7172116041183472,
    0.6441019773483276,
    0.6718942523002625,
    0.6241410374641418,
    0.5844166874885559,
    0.5945817232131958,
    0.7884421944618225,
    1.495400309562683,
    1.1131207942962646,
    0.7699507474899292,
    1.0133869647979736,
    0.9792478680610657,
    0.7938265204429626,
    0.5992051362991333,
    0.5315189957618713,
    0.5169532299041748,
    0.47325876355171204,
    0.49599695205688477,
    0.4502410888671875,
    0.44943609833717346,
    0.4331545829772949,
    0.4086328148841858,
    0.3699202239513397,
    0.3960810899734497,
    0.44599097967147827,
    0.3018147051334381,
    0.26228848099708557,
    0.23731742799282074,
    0.2204923927783966,
    0.21453776955604553,
    0.21179480850696564,
    0.21055130660533905,
    0.2097216695547104,
    0.2082453966140747,
    0.20644347369670868,
    0.20500265061855316,
    0.2042035609483719,
    0.20404861867427826,
    0.20320861041545868,
    0.2018631249666214,
    0.20037251710891724,
    0.19962042570114136,
    0.19973978400230408,
    0.19908520579338074,
    0.19797725975513458,
    0.19685374200344086,
    0.19628527760505676,
    0.19664357602596283,
    0.1941639631986618,
    0.20526397228240967,
    0.21547028422355652,
    0.3029535412788391,
    1.0179669857025146,
    0.40721437335014343,
    0.262519896030426,
    0.20229966938495636,
    0.18651321530342102,
    0.1875622272491455
  ],
  "Training Time": 123.24954557418823,
  "Validate": [
    1.9938569068908691,
    1.973077416419983,
    1.991844654083252,
    2.007256507873535,
    2.0235557556152344,
    2.042280912399292,
    2.05625057220459,
    2.0756309032440186,
    2.0918519496917725,
    2.112990617752075,
    2.135331153869629,
    2.163479804992676,
    2.2024221420288086,
    2.2438807487487793,
    2.279275894165039,
    2.316169023513794,
    2.3750011920928955,
    2.4232401847839355,
    2.396580696105957,
    2.3256444931030273,
    2.328047037124634,
    2.3458523750305176,
    2.3417410850524902,
    2.3315558433532715,
    2.3142952919006348,
    2.291043281555176,
    2.2554757595062256,
    2.2131612300872803,
    2.1706199645996094,
    2.1691477298736572,
    2.2529633045196533,
    2.1408891677856445,
    2.1158339977264404,
    2.112090587615967,
    2.290435791015625,
    2.4354074001312256,
    2.3613967895507812,
    2.4102132320404053,
    2.3427958488464355,
    2.346407175064087,
    2.3353700637817383,
    2.340304136276245,
    2.299570322036743,
    2.357884407043457,
    2.42828369140625,
    2.399696111679077,
    2.7244951725006104,
    2.4694366455078125,
    2.2992563247680664,
    1.923233151435852,
    1.8219914436340332,
    2.0931754112243652,
    2.0465898513793945,
    2.0880491733551025,
    2.2283966541290283,
    2.410156011581421,
    2.436025619506836,
    2.4513251781463623,
    2.4980759620666504,
    2.4511537551879883,
    2.4937639236450195,
    2.467691421508789,
    2.4446158409118652,
    2.4185314178466797,
    2.2885589599609375,
    2.357819080352783,
    2.319394588470459,
    2.2620041370391846,
    2.270132064819336,
    2.3046579360961914,
    2.313460111618042,
    2.317317008972168,
    2.31387996673584,
    2.3125557899475098,
    2.3193414211273193,
    2.3354599475860596,
    2.354151725769043,
    2.3653509616851807,
    2.3724563121795654,
    2.388080596923828,
    2.413722038269043,
    2.443659782409668,
    2.4638330936431885,
    2.479158639907837,
    2.5015413761138916,
    2.527773141860962,
    2.5414063930511475,
    2.5728743076324463,
    2.6229515075683594,
    2.6292476654052734,
    2.610659599304199,
    2.6887381076812744,
    2.689727783203125,
    3.113670587539673,
    2.525129795074463,
    2.2969679832458496,
    2.148218870162964,
    2.249201774597168,
    2.32033371925354,
    2.3329992294311523
  ]
}