{
  "Train": [
    0.5905324220657349,
    0.4721565842628479,
    0.4473419189453125,
    0.4246411919593811,
    0.40648967027664185,
    0.350172758102417,
    0.3354903757572174,
    0.3190867304801941,
    0.3041099011898041,
    0.2901737689971924
  ],
  "Training Time": 20.39421248435974,
  "Validate": [
    NaN,
    NaN,
    NaN,
    NaN,
    NaN,
    NaN,
    NaN,
    NaN,
    NaN,
    NaN
  ]
}