{
  "Train": [
    0.7273281812667847,
    0.39670324325561523,
    0.35941484570503235,
    0.33414679765701294,
    0.3116772770881653,
    0.285042941570282,
    0.2593894302845001,
    0.24935032427310944,
    0.2382495105266571,
    0.22991366684436798
  ],
  "Training Time": 17.554131984710693,
  "Validate": [
    42.53725814819336,
    41.32786560058594,
    40.53274154663086,
    39.91868591308594,
    39.02106857299805,
    38.38184356689453,
    37.2606315612793,
    38.56607437133789,
    37.288082122802734,
    36.08951187133789
  ]
}