{
  "Train": [
    0.30756935477256775,
    0.2483961284160614,
    0.22684483230113983,
    0.2017199993133545,
    0.1860927790403366,
    0.17238259315490723,
    0.16122519969940186,
    0.1519353836774826,
    0.1438596248626709,
    0.1367996782064438
  ],
  "Training Time": 4.0596818923950195,
  "Validate": [
    NaN,
    NaN,
    NaN,
    NaN,
    NaN,
    NaN,
    NaN,
    NaN,
    NaN,
    NaN
  ]
}