{
  "Train": [
    0.7762413024902344,
    0.5653285980224609,
    0.5350619554519653,
    0.5100826621055603,
    0.486235111951828,
    0.462876558303833,
    0.44045305252075195,
    0.41987836360931396,
    0.4019779860973358,
    0.38701021671295166
  ],
  "Training Time": 5.389365911483765,
  "Validate": [
    55.58112716674805,
    56.03369903564453,
    56.60535430908203,
    57.19221878051758,
    57.7752685546875,
    58.33143615722656,
    58.807655334472656,
    59.122657775878906,
    59.212242126464844,
    59.071720123291016
  ]
}