{
  "Train": [
    0.9943124651908875,
    0.9508637189865112,
    0.9100126028060913,
    0.8594258427619934,
    0.7876995801925659,
    0.6986640691757202,
    0.6167832016944885,
    0.5510658621788025,
    0.487272173166275,
    0.41537001729011536
  ],
  "Training Time": 3.329481601715088,
  "Validate": [
    2.4759769439697266,
    2.0752134323120117,
    1.9364521503448486,
    1.756354808807373,
    1.5491892099380493,
    1.3591828346252441,
    1.302048683166504,
    1.3328039646148682,
    1.2573963403701782,
    1.0295439958572388
  ]
}