{
  "Train": [
    0.7723018527030945,
    0.3755335807800293,
    0.30203238129615784,
    0.26540327072143555,
    0.24524644017219543,
    0.2288447916507721,
    0.21692493557929993,
    0.21060962975025177,
    0.2043655812740326,
    0.19833607971668243,
    0.19391345977783203,
    0.18779075145721436,
    0.18438465893268585,
    0.17668351531028748,
    0.17501282691955566,
    0.16621530055999756,
    0.16775399446487427,
    0.15666721761226654,
    0.15943266451358795,
    0.14916501939296722,
    0.1526838093996048,
    0.1452958583831787,
    0.14334629476070404,
    0.14319318532943726,
    0.13700154423713684
  ],
  "Training Time": 11.469980955123901,
  "Validate": [
    0.31480130553245544,
    0.5266207456588745,
    0.6505013704299927,
    0.6323730945587158,
    0.5957017540931702,
    0.5771802663803101,
    0.5694774985313416,
    0.5568289160728455,
    0.5411387085914612,
    0.5268069505691528,
    0.5055015683174133,
    0.4918469488620758,
    0.46343478560447693,
    0.4533904790878296,
    0.42163601517677307,
    0.4194769859313965,
    0.38563135266304016,
    0.39439013600349426,
    0.34910157322883606,
    0.3689556419849396,
    0.32761746644973755,
    0.3623613119125366,
    0.3180501163005829,
    0.3477723300457001,
    0.3393481373786926
  ]
}