{
  "Train": [
    0.11794748157262802,
    0.10535400360822678,
    0.10018210858106613,
    0.09662002325057983,
    0.09403210878372192,
    0.09212399274110794,
    0.09025030583143234,
    0.09049011021852493,
    0.08561259508132935,
    0.08438949286937714,
    0.07788864523172379,
    0.08345425128936768,
    0.08200076967477798,
    0.0855984166264534,
    0.07090039551258087,
    0.06816648691892624,
    0.07064665108919144,
    0.07095436006784439,
    0.06359348446130753,
    0.05874669924378395,
    0.05985533446073532,
    0.08473590761423111,
    0.05477903410792351,
    0.05099283903837204,
    0.06734390556812286
  ],
  "Training Time": 13.220870971679688,
  "Validate": [
    0.3424019515514374,
    0.2621884346008301,
    0.2205544412136078,
    0.18597431480884552,
    0.16302409768104553,
    0.13437189161777496,
    0.12249788641929626,
    0.11002755165100098,
    0.09663570672273636,
    0.10027062892913818,
    0.10156798362731934,
    0.10279826819896698,
    0.10236575454473495,
    0.08539759367704391,
    0.09345876425504684,
    0.10492999851703644,
    0.09237436950206757,
    0.10301778465509415,
    0.10212967544794083,
    0.11234844475984573,
    0.12008335441350937,
    0.10946039855480194,
    0.15651416778564453,
    0.09833744168281555,
    0.10059504210948944
  ]
}