{
  "Train": [
    0.14749181270599365,
    0.10937388241291046,
    0.09323932975530624,
    0.08709753304719925,
    0.08338024467229843,
    0.08016455918550491,
    0.07649421691894531,
    0.07173027098178864,
    0.06675053387880325,
    0.06219984591007233,
    0.06461922824382782,
    0.05806519836187363,
    0.05315174162387848,
    0.08160597085952759,
    0.07899348437786102,
    0.054109759628772736,
    0.046790242195129395,
    0.0423131138086319,
    0.04755954071879387,
    0.037402935326099396,
    0.051596879959106445,
    0.03896791860461235,
    0.04725457727909088,
    0.03732752427458763,
    0.04622636362910271
  ],
  "Training Time": 16.940398454666138,
  "Validate": [
    NaN,
    NaN,
    NaN,
    NaN,
    NaN,
    NaN,
    NaN,
    NaN,
    NaN,
    NaN,
    NaN,
    NaN,
    NaN,
    NaN,
    NaN,
    NaN,
    NaN,
    NaN,
    NaN,
    NaN,
    NaN,
    NaN,
    NaN,
    NaN,
    NaN
  ]
}