{
  "Train": [
    0.8923031687736511,
    0.8670889139175415,
    0.5100685954093933,
    0.575728714466095,
    0.5750482082366943,
    0.7410062551498413,
    0.47188645601272583,
    0.3407747149467468,
    0.35955044627189636,
    0.3693975508213043,
    0.31742358207702637,
    0.2759406864643097,
    0.26474684476852417,
    0.28466495871543884,
    0.291779100894928,
    0.47384482622146606,
    0.7593414187431335,
    0.6980800628662109,
    0.5236543416976929,
    0.31607797741889954,
    0.2442822903394699,
    0.2310386300086975,
    0.22176899015903473,
    0.21727192401885986,
    0.21274428069591522,
    0.20820406079292297,
    0.20228193700313568,
    0.19941210746765137,
    0.2168883979320526,
    0.1988324522972107,
    0.22996021807193756,
    0.28860950469970703,
    0.3187878131866455,
    0.24558033049106598,
    0.20672982931137085,
    0.23909913003444672,
    0.21575762331485748,
    0.2741982042789459,
    0.2590523660182953,
    0.5560065507888794,
    0.5203735828399658,
    0.6700528860092163,
    0.5596280097961426,
    0.48169320821762085,
    0.4285125136375427,
    0.40566468238830566,
    0.3909463882446289,
    0.3743929862976074,
    0.35473453998565674,
    0.29823216795921326,
    0.29844382405281067,
    0.3191261291503906,
    0.2738039195537567,
    0.2932688593864441,
    0.21560873091220856,
    0.19710075855255127,
    0.18787123262882233,
    0.17447933554649353,
    0.17474523186683655,
    0.16229620575904846,
    0.19581902027130127,
    0.26456934213638306,
    0.17478728294372559,
    0.16014178097248077,
    0.15274718403816223,
    0.14992274343967438,
    0.14280733466148376,
    0.1425718069076538,
    0.1401147097349167,
    0.13770978152751923,
    0.15004722774028778,
    0.13863301277160645,
    0.1507706493139267,
    0.13891765475273132,
    0.14871613681316376,
    0.14559143781661987,
    0.16031032800674438,
    0.2374744415283203,
    0.1553691178560257,
    0.14553511142730713,
    0.1567777842283249,
    0.1621181219816208,
    0.13187435269355774,
    0.13443440198898315,
    0.12695926427841187,
    0.13803084194660187,
    0.13347572088241577,
    0.13802047073841095,
    0.1348843276500702,
    0.1278289407491684,
    0.12663474678993225,
    0.1233944445848465,
    0.1200731098651886,
    0.11951765418052673,
    0.12836644053459167,
    0.1297534704208374,
    0.1348210722208023,
    0.15810731053352356,
    0.13298018276691437,
    0.1270197480916977
  ],
  "Training Time": 116.92595314979553,
  "Validate": [
    NaN,
    NaN,
    NaN,
    NaN,
    NaN,
    NaN,
    NaN,
    NaN,
    NaN,
    NaN,
    NaN,
    NaN,
    NaN,
    NaN,
    NaN,
    NaN,
    NaN,
    NaN,
    NaN,
    NaN,
    NaN,
    NaN,
    NaN,
    NaN,
    NaN,
    NaN,
    NaN,
    NaN,
    NaN,
    NaN,
    NaN,
    NaN,
    NaN,
    NaN,
    NaN,
    NaN,
    NaN,
    NaN,
    NaN,
    NaN,
    NaN,
    NaN,
    NaN,
    NaN,
    NaN,
    NaN,
    NaN,
    NaN,
    NaN,
    NaN,
    NaN,
    NaN,
    NaN,
    NaN,
    NaN,
    NaN,
    NaN,
    NaN,
    NaN,
    NaN,
    NaN,
    NaN,
    NaN,
    NaN,
    NaN,
    NaN,
    NaN,
    NaN,
    NaN,
    NaN,
    NaN,
    NaN,
    NaN,
    NaN,
    NaN,
    NaN,
    NaN,
    NaN,
    NaN,
    NaN,
    NaN,
    NaN,
    NaN,
    NaN,
    NaN,
    NaN,
    NaN,
    NaN,
    NaN,
    NaN,
    NaN,
    NaN,
    NaN,
    NaN,
    NaN,
    NaN,
    NaN,
    NaN,
    NaN,
    NaN
  ]
}