{
  "Train": [
    1.0767288208007812,
    1.0626059770584106,
    1.0573543310165405,
    1.0554577112197876,
    1.052846908569336,
    1.0512982606887817,
    1.0426185131072998,
    1.0285682678222656,
    1.0151432752609253,
    0.996985673904419
  ],
  "Training Time": 4.2399983406066895,
  "Validate": [
    3.1534583568573,
    3.129725694656372,
    3.123500347137451,
    3.114015579223633,
    3.1033082008361816,
    3.0791518688201904,
    3.0295917987823486,
    2.8852362632751465,
    2.9076080322265625,
    2.8809702396392822
  ]
}