{
  "Train": [
    1.0859345197677612,
    0.6917992234230042,
    0.5867058038711548,
    0.5079531073570251,
    0.4434182643890381,
    0.39717382192611694,
    0.36217015981674194,
    0.33413824439048767,
    0.31070321798324585,
    0.29056838154792786,
    0.27315837144851685,
    0.2583102583885193,
    0.24592579901218414,
    0.23568782210350037,
    0.22712825238704681,
    0.21986842155456543,
    0.2136496752500534,
    0.20825907588005066,
    0.20350725948810577,
    0.19923938810825348,
    0.1953388750553131,
    0.19172132015228271,
    0.18832512199878693,
    0.18510405719280243,
    0.1820220947265625
  ],
  "Training Time": 10.156682968139648,
  "Validate": [
    0.7229347825050354,
    0.33500364422798157,
    0.346286803483963,
    0.36690863966941833,
    0.42108237743377686,
    0.48160693049430847,
    0.5364771485328674,
    0.5802890062332153,
    0.6092841625213623,
    0.621022641658783,
    0.615574300289154,
    0.5980304479598999,
    0.5771976709365845,
    0.559204638004303,
    0.5452234148979187,
    0.5342493653297424,
    0.5251247882843018,
    0.5170352458953857,
    0.5094859600067139,
    0.5021984577178955,
    0.4950237274169922,
    0.48789092898368835,
    0.48077917098999023,
    0.4736974835395813,
    0.4666716754436493
  ]
}