{
  "Train": [
    1.113486409187317,
    1.1114894151687622,
    1.1106550693511963,
    1.110097885131836,
    1.109815001487732,
    1.109717607498169,
    1.109599232673645,
    1.1095037460327148,
    1.109410047531128,
    1.1093416213989258
  ],
  "Training Time": 3.3453381061553955,
  "Validate": [
    1.4331165552139282,
    1.4116262197494507,
    1.4003928899765015,
    1.3931843042373657,
    1.3892000913619995,
    1.3860584497451782,
    1.38521146774292,
    1.3835562467575073,
    1.382839322090149,
    1.3823062181472778
  ]
}