{
  "Train": [
    1.027566909790039,
    1.0274919271469116,
    1.0269824266433716,
    1.0270943641662598,
    1.0268009901046753,
    1.0263991355895996,
    1.0249159336090088,
    1.014484167098999,
    1.0006977319717407,
    0.9965330958366394
  ],
  "Training Time": 4.096551895141602,
  "Validate": [
    NaN,
    NaN,
    NaN,
    NaN,
    NaN,
    NaN,
    NaN,
    NaN,
    NaN,
    NaN
  ]
}