{
  "Train": [
    1.0694156885147095,
    1.0601943731307983,
    1.0589109659194946,
    1.0579999685287476,
    1.0572806596755981,
    1.0567512512207031,
    1.0562855005264282,
    1.0558468103408813,
    1.0554407835006714,
    1.055111289024353
  ],
  "Training Time": 5.888671398162842,
  "Validate": [
    7.1837358474731445,
    7.167422771453857,
    7.16406774520874,
    7.16417121887207,
    7.164770603179932,
    7.165350914001465,
    7.167078495025635,
    7.167426109313965,
    7.169498443603516,
    7.1708083152771
  ]
}