{
  "Train": [
    0.919884443283081,
    0.8507099747657776,
    0.7769126892089844,
    0.6986692547798157,
    0.6196704506874084,
    0.5465550422668457,
    0.4775228202342987,
    0.41527634859085083,
    0.35169583559036255,
    0.30009695887565613
  ],
  "Training Time": 3.3098323345184326,
  "Validate": [
    2.251157760620117,
    1.7541660070419312,
    1.5844042301177979,
    1.355967402458191,
    1.1407089233398438,
    0.9727763533592224,
    0.8362593650817871,
    0.6351496577262878,
    0.517590343952179,
    0.3023252487182617
  ]
}