{
  "Train": [
    0.7869461178779602,
    0.5652639269828796,
    0.5338107943534851,
    0.5035860538482666,
    0.4736820161342621,
    0.44475528597831726,
    0.417914479970932,
    0.3942701816558838,
    0.374237060546875,
    0.35745862126350403
  ],
  "Training Time": 5.819672346115112,
  "Validate": [
    54.652801513671875,
    54.673885345458984,
    54.829315185546875,
    55.03564453125,
    55.26736831665039,
    55.44099426269531,
    55.47249984741211,
    55.28791809082031,
    54.876365661621094,
    54.3072395324707
  ]
}