{
  "Train": [
    0.5718051195144653,
    0.46304112672805786,
    0.41572707891464233,
    0.38538986444473267,
    0.3632975220680237,
    0.34782031178474426,
    0.33831146359443665,
    0.3249131143093109,
    0.3090381324291229,
    0.29987311363220215
  ],
  "Training Time": 5.966769218444824,
  "Validate": [
    NaN,
    NaN,
    NaN,
    NaN,
    NaN,
    NaN,
    NaN,
    NaN,
    NaN,
    NaN
  ]
}