{
  "Train": [
    1.0438205003738403,
    0.6230996251106262,
    0.5024216771125793,
    0.40665459632873535,
    0.3506818413734436,
    0.3163369596004486,
    0.3041099011898041,
    0.2912813425064087,
    0.2812260389328003,
    0.271688848733902,
    0.26262930035591125,
    0.2538229823112488,
    0.24519847333431244,
    0.2367650717496872,
    0.22859962284564972,
    0.22082631289958954,
    0.2135770320892334,
    0.20693713426589966,
    0.20091019570827484,
    0.1954375058412552,
    0.190450981259346,
    0.18589745461940765,
    0.18172451853752136,
    0.17784081399440765,
    0.17407654225826263
  ],
  "Training Time": 15.455254077911377,
  "Validate": [
    8.649054527282715,
    8.918806076049805,
    7.414348125457764,
    6.097862720489502,
    5.878979682922363,
    5.975975513458252,
    6.199697971343994,
    6.348843097686768,
    6.466833114624023,
    6.547928333282471,
    6.595182418823242,
    6.611901760101318,
    6.603515148162842,
    6.576298713684082,
    6.537518501281738,
    6.49580717086792,
    6.459202766418457,
    6.432431221008301,
    6.416450023651123,
    6.409982204437256,
    6.4111528396606445,
    6.418257236480713,
    6.429864406585693,
    6.444725036621094,
    6.461804389953613
  ]
}