{
  "Train": [
    0.46151620149612427,
    0.197866290807724,
    0.16360004246234894,
    0.14545385539531708,
    0.13225188851356506,
    0.12266375124454498,
    0.11575855314731598,
    0.11028580367565155,
    0.10565978288650513,
    0.10162284225225449,
    0.09810788929462433,
    0.09509958326816559,
    0.09254707396030426,
    0.09037180244922638,
    0.08850032091140747,
    0.0868833139538765,
    0.08549053966999054,
    0.08429522067308426,
    0.08325357735157013,
    0.08234556764364243,
    0.08148915320634842,
    0.08084862679243088,
    0.08034864813089371,
    0.07983710616827011,
    0.07895982265472412
  ],
  "Training Time": 17.575894832611084,
  "Validate": [
    0.24934715032577515,
    0.16745442152023315,
    0.1636217087507248,
    0.17257674038410187,
    0.18400421738624573,
    0.19543041288852692,
    0.2071457952260971,
    0.21937991678714752,
    0.23163238167762756,
    0.24239148199558258,
    0.250600665807724,
    0.25679123401641846,
    0.2619019150733948,
    0.2667617201805115,
    0.27215152978897095,
    0.27837130427360535,
    0.28579291701316833,
    0.2934367060661316,
    0.3031608760356903,
    0.3091077506542206,
    0.32806748151779175,
    0.3142277002334595,
    0.3966844379901886,
    0.3196556866168976,
    0.43030253052711487
  ]
}