{
  "Train": [
    1.0331999063491821,
    0.9890832901000977,
    0.9780407547950745,
    0.9639151096343994,
    0.9490319490432739,
    0.9343249797821045,
    0.9205015897750854,
    0.9073551297187805,
    0.8939608335494995,
    0.8794739842414856
  ],
  "Training Time": 3.028365135192871,
  "Validate": [
    NaN,
    NaN,
    NaN,
    NaN,
    NaN,
    NaN,
    NaN,
    NaN,
    NaN,
    NaN
  ]
}