{
  "Train": [
    1.1190248727798462,
    1.1123695373535156,
    1.1106599569320679,
    1.1096488237380981,
    1.108816385269165,
    1.1083333492279053,
    1.1075581312179565,
    1.1064088344573975,
    1.1036642789840698,
    1.098374843597412
  ],
  "Training Time": 2.4886484146118164,
  "Validate": [
    1.492156744003296,
    1.4642707109451294,
    1.451562523841858,
    1.4497052431106567,
    1.4463709592819214,
    1.4507029056549072,
    1.4558790922164917,
    1.4675476551055908,
    1.4844266176223755,
    1.5106860399246216
  ]
}