{
  "Train": [
    0.21666760742664337,
    0.13382557034492493,
    0.11178526282310486,
    0.1028783842921257,
    0.09745770692825317,
    0.09373122453689575,
    0.09169445931911469,
    0.0907040536403656,
    0.08500123023986816,
    0.09957387298345566,
    0.09039409458637238,
    0.07842917740345001,
    0.07922706753015518,
    0.10510525852441788,
    0.07816965878009796,
    0.08714696764945984,
    0.08534540235996246,
    0.07035157829523087,
    0.07141164690256119,
    0.08396651595830917,
    0.0804772824048996,
    0.06532172113656998,
    0.05984574928879738,
    0.06901554763317108,
    0.09469752013683319
  ],
  "Training Time": 23.16494083404541,
  "Validate": [
    NaN,
    NaN,
    NaN,
    NaN,
    NaN,
    NaN,
    NaN,
    NaN,
    NaN,
    NaN,
    NaN,
    NaN,
    NaN,
    NaN,
    NaN,
    NaN,
    NaN,
    NaN,
    NaN,
    NaN,
    NaN,
    NaN,
    NaN,
    NaN,
    NaN
  ]
}