{
  "Train": [
    0.2003892958164215,
    0.17442846298217773,
    0.1685783863067627,
    0.1631450206041336,
    0.1580059677362442,
    0.15296156704425812,
    0.14775298535823822,
    0.14224973320960999,
    0.13638341426849365,
    0.13013948500156403,
    0.12364012748003006,
    0.11722200363874435,
    0.11229398101568222,
    0.1097186952829361,
    0.10572481900453568,
    0.09688526391983032,
    0.09321431815624237,
    0.0877796858549118,
    0.08850862830877304,
    0.08239859342575073,
    0.08724552392959595,
    0.0796104297041893,
    0.07595358043909073,
    0.07270251214504242,
    0.07037752121686935
  ],
  "Training Time": 17.89177179336548,
  "Validate": [
    0.5844988226890564,
    0.5438907742500305,
    0.5380189418792725,
    0.5338364839553833,
    0.5285511016845703,
    0.523811936378479,
    0.5177658796310425,
    0.5061199069023132,
    0.48354730010032654,
    0.44673407077789307,
    0.40186354517936707,
    0.36871233582496643,
    0.3633876144886017,
    0.3863435983657837,
    0.40556448698043823,
    0.3770444691181183,
    0.42027613520622253,
    0.33514440059661865,
    0.40012800693511963,
    0.2904745936393738,
    0.22986570000648499,
    0.19814690947532654,
    0.1816083788871765,
    0.18653513491153717,
    0.18849611282348633
  ]
}