{
  "Train": [
    1.003636121749878,
    0.7998318076133728,
    0.6245280504226685,
    0.49878042936325073,
    0.4118986427783966,
    0.36608415842056274,
    0.3306010663509369,
    0.3044341802597046,
    0.2877974510192871,
    0.2775077521800995,
    0.26939645409584045,
    0.262243390083313,
    0.2558128833770752,
    0.2492290884256363,
    0.24313347041606903,
    0.2375670224428177,
    0.23271358013153076,
    0.22837768495082855,
    0.22455039620399475,
    0.22108276188373566,
    0.21800300478935242,
    0.21524128317832947,
    0.21281467378139496,
    0.21066389977931976,
    0.20873761177062988
  ],
  "Training Time": 15.75862717628479,
  "Validate": [
    0.36705225706100464,
    0.2976579964160919,
    0.33820727467536926,
    0.4726830720901489,
    0.650725781917572,
    0.7775318026542664,
    0.8441531658172607,
    0.8617307543754578,
    0.8349249362945557,
    0.8012252449989319,
    0.79469895362854,
    0.8072075247764587,
    0.8246116042137146,
    0.844014585018158,
    0.8625447750091553,
    0.8788446187973022,
    0.891903817653656,
    0.9012036919593811,
    0.9070683121681213,
    0.9096778631210327,
    0.9098457098007202,
    0.9079793691635132,
    0.9051628112792969,
    0.9017616510391235,
    0.898716390132904
  ]
}