{
  "Train": [
    1.0628825426101685,
    1.056607723236084,
    1.0560804605484009,
    1.0541528463363647,
    1.0546175241470337,
    1.0530258417129517,
    1.052458643913269,
    1.0520398616790771,
    1.0517257452011108,
    1.0511256456375122
  ],
  "Training Time": 6.369998216629028,
  "Validate": [
    3.149542808532715,
    3.150780439376831,
    3.1429502964019775,
    3.146531581878662,
    3.138329267501831,
    3.137535333633423,
    3.135532855987549,
    3.134983539581299,
    3.133723497390747,
    3.133126735687256
  ]
}