{
  "Train": [
    1.032941460609436,
    1.035166621208191,
    1.0331273078918457,
    1.0313972234725952,
    1.0304791927337646,
    1.0308623313903809,
    1.0312681198120117,
    1.0301533937454224,
    1.0298293828964233,
    1.0296363830566406
  ],
  "Training Time": 3.6299655437469482,
  "Validate": [
    0.434631884098053,
    0.4146893620491028,
    0.41095292568206787,
    0.4120447337627411,
    0.412852019071579,
    0.4134461283683777,
    0.41277772188186646,
    0.413174569606781,
    0.41367241740226746,
    0.41397908329963684
  ]
}