{
  "Train": [
    1.0286808013916016,
    1.0285671949386597,
    1.028888463973999,
    1.0277678966522217,
    1.0220632553100586,
    1.0077574253082275,
    0.9942824244499207,
    0.9763582944869995,
    0.9647620320320129,
    0.9521733522415161
  ],
  "Training Time": 4.359963655471802,
  "Validate": [
    NaN,
    NaN,
    NaN,
    NaN,
    NaN,
    NaN,
    NaN,
    NaN,
    NaN,
    NaN
  ]
}