{
  "Train": [
    0.8641841411590576,
    0.8410154581069946,
    0.8267112374305725,
    0.8117543458938599,
    0.7964882850646973,
    0.7814927101135254,
    0.7668738961219788,
    0.7522262930870056,
    0.7373716235160828,
    0.7222979068756104
  ],
  "Training Time": 3.5549066066741943,
  "Validate": [
    NaN,
    NaN,
    NaN,
    NaN,
    NaN,
    NaN,
    NaN,
    NaN,
    NaN,
    NaN
  ]
}