{
  "Train": [
    1.1616580486297607,
    1.1256309747695923,
    1.1048015356063843,
    1.087548851966858,
    1.072245717048645,
    1.0579869747161865,
    1.0441614389419556,
    1.0303806066513062,
    1.0164686441421509,
    1.0025578737258911
  ],
  "Training Time": 3.2650821208953857,
  "Validate": [
    1.8768703937530518,
    1.8521541357040405,
    1.830546498298645,
    1.8082515001296997,
    1.785069227218628,
    1.7629002332687378,
    1.7431247234344482,
    1.7264714241027832,
    1.7135714292526245,
    1.704960584640503
  ]
}