{
  "Train": [
    1.1920915842056274,
    1.1632041931152344,
    1.1517817974090576,
    1.1413915157318115,
    1.1348373889923096,
    1.1284252405166626,
    1.1220874786376953,
    1.1151137351989746,
    1.1068120002746582,
    1.0963412523269653,
    1.0825891494750977,
    1.0647634267807007,
    1.0428305864334106,
    1.016029953956604,
    0.9874890446662903,
    0.96034836769104,
    0.9316667318344116,
    0.8932759165763855,
    0.9975528120994568,
    0.8659393191337585,
    0.7846059799194336,
    0.7932063937187195,
    0.6053024530410767,
    0.7125199437141418,
    0.4541456401348114,
    0.6141969561576843,
    0.4354313611984253,
    0.3454395830631256,
    0.37810590863227844,
    0.3133525252342224,
    0.2794153094291687,
    0.2695539593696594,
    0.21188884973526,
    0.22195972502231598,
    0.19203273952007294,
    0.18715567886829376,
    0.16124264895915985,
    0.17639167606830597,
    0.15446501970291138,
    0.16435301303863525,
    0.14186379313468933,
    0.13444176316261292,
    0.1284821331501007,
    0.14091095328330994,
    0.1402909755706787,
    0.13246913254261017,
    0.13753069937229156,
    0.13168318569660187,
    0.12214382737874985,
    0.12346191704273224,
    0.1113579198718071,
    0.14683528244495392,
    0.13117167353630066,
    0.6012012362480164,
    0.5084101557731628,
    0.8221107125282288,
    0.6319481134414673,
    0.5304238796234131,
    0.3345077931880951,
    0.22316397726535797,
    0.16927506029605865,
    0.14773030579090118,
    0.13450898230075836,
    0.12428329885005951,
    0.11640047281980515,
    0.11171901971101761,
    0.10150714963674545,
    0.10243295133113861,
    0.09393380582332611,
    0.08984880894422531,
    0.0919414684176445,
    0.08340706676244736,
    0.08967911452054977,
    0.08187033236026764,
    0.09041490405797958,
    0.0772518441081047,
    0.07686052471399307,
    0.08568622171878815,
    0.07614561170339584,
    0.07012651115655899,
    0.06551001220941544,
    0.06291847676038742,
    0.05955759063363075,
    0.06341943144798279,
    0.06541973352432251,
    0.0727274939417839,
    0.0674678236246109,
    0.07549922913312912,
    0.062350042164325714,
    0.07315899431705475,
    0.15661056339740753,
    0.11130841821432114,
    0.08443684130907059,
    0.08422640711069107,
    0.06761034578084946,
    0.07527707517147064,
    0.08578851073980331,
    0.06709517538547516,
    0.0561542809009552,
    0.05317804217338562
  ],
  "Training Time": 75.86517643928528,
  "Validate": [
    1.971823811531067,
    1.993387222290039,
    2.046694040298462,
    2.072732925415039,
    2.0681722164154053,
    2.061324119567871,
    2.0509626865386963,
    2.039438486099243,
    2.0271637439727783,
    2.012763738632202,
    1.993710994720459,
    1.9684319496154785,
    1.9377875328063965,
    1.9052563905715942,
    1.887569785118103,
    1.8879401683807373,
    1.8715649843215942,
    1.6448451280593872,
    1.9787143468856812,
    1.9989078044891357,
    1.9886516332626343,
    1.9401377439498901,
    2.2375659942626953,
    1.8772395849227905,
    2.127521276473999,
    1.9314132928848267,
    1.947014570236206,
    2.0588295459747314,
    1.9717658758163452,
    1.9865176677703857,
    1.9890259504318237,
    2.0589630603790283,
    1.9479460716247559,
    2.0174264907836914,
    1.9346858263015747,
    2.06282114982605,
    1.9545279741287231,
    2.0717389583587646,
    2.0177178382873535,
    2.102823495864868,
    2.0037121772766113,
    2.04531192779541,
    2.137312889099121,
    2.069031000137329,
    2.114461660385132,
    2.053945302963257,
    2.1207072734832764,
    1.964731216430664,
    1.8921784162521362,
    2.0497939586639404,
    2.029564380645752,
    2.0332698822021484,
    2.198796510696411,
    3.7024483680725098,
    2.358776330947876,
    1.5571826696395874,
    1.7513056993484497,
    1.8411269187927246,
    1.8402117490768433,
    1.9984233379364014,
    2.078437089920044,
    2.096123456954956,
    2.1192147731781006,
    2.1495110988616943,
    2.179056406021118,
    2.1746459007263184,
    2.2070982456207275,
    2.194027900695801,
    2.207336187362671,
    2.2234067916870117,
    2.2445785999298096,
    2.230381488800049,
    2.300609588623047,
    2.225769519805908,
    2.2940804958343506,
    2.2292897701263428,
    2.270400285720825,
    2.219820499420166,
    2.2902772426605225,
    2.3202054500579834,
    2.324387550354004,
    2.345947027206421,
    2.378135919570923,
    2.323019504547119,
    2.3711633682250977,
    2.3475022315979004,
    2.509437084197998,
    2.220255136489868,
    2.280858278274536,
    2.51735782623291,
    2.3039846420288086,
    2.434438943862915,
    2.344632863998413,
    2.3553919792175293,
    2.574178695678711,
    2.2133638858795166,
    2.556215286254883,
    2.434842109680176,
    2.621732473373413,
    2.4760305881500244
  ]
}