{
  "Train": [
    1.0749298334121704,
    1.0616257190704346,
    1.0597225427627563,
    1.0585827827453613,
    1.0576716661453247,
    1.0570474863052368,
    1.0565329790115356,
    1.056122899055481,
    1.0557029247283936,
    1.0554357767105103
  ],
  "Training Time": 5.546554088592529,
  "Validate": [
    7.178167819976807,
    7.164406776428223,
    7.165848255157471,
    7.1656694412231445,
    7.166719436645508,
    7.170721054077148,
    7.171774387359619,
    7.173542499542236,
    7.179617404937744,
    7.180737495422363
  ]
}