{
  "Train": [
    1.0286519527435303,
    1.0273499488830566,
    1.027640700340271,
    1.027145266532898,
    1.026986837387085,
    1.026153326034546,
    1.0247029066085815,
    1.012488603591919,
    1.0048946142196655,
    0.9899972081184387
  ],
  "Training Time": 4.2032294273376465,
  "Validate": [
    NaN,
    NaN,
    NaN,
    NaN,
    NaN,
    NaN,
    NaN,
    NaN,
    NaN,
    NaN
  ]
}