{
  "Train": [
    1.1002371311187744,
    1.0873883962631226,
    1.0825945138931274,
    1.0774873495101929,
    1.0708019733428955,
    1.0611141920089722,
    1.0471702814102173,
    1.0296083688735962,
    1.0115896463394165,
    0.9950464963912964,
    0.9793664813041687,
    0.9641741514205933,
    0.9492337107658386,
    0.9344390630722046,
    0.9197400212287903,
    0.9049340486526489,
    0.8897981643676758,
    0.8743752837181091,
    0.8587719798088074,
    0.8430009484291077,
    0.8271923661231995,
    0.8115635514259338,
    0.7959672212600708,
    0.7794109582901001,
    0.7616372108459473,
    0.7451009154319763,
    0.730485737323761,
    0.724664568901062,
    0.7204731702804565,
    0.6989242434501648,
    0.6931647062301636,
    0.6755756139755249,
    0.6529505252838135,
    0.6569404602050781,
    0.646833062171936,
    0.6228991746902466,
    0.6179330945014954,
    0.6137862801551819,
    0.5935251712799072,
    0.5815806984901428,
    0.5720603466033936,
    0.5668468475341797,
    0.5580336451530457,
    0.5478359460830688,
    0.5382153987884521,
    0.5427303910255432,
    0.5313991904258728,
    0.5146715641021729,
    0.5045962929725647,
    0.4966045320034027,
    0.49333298206329346,
    0.5309260487556458,
    0.4792051911354065,
    0.46039679646492004,
    0.45017388463020325,
    0.4434630572795868,
    0.437622994184494,
    0.4309867322444916,
    0.4194486439228058,
    0.4142308235168457,
    0.4053213596343994,
    0.40409162640571594,
    0.3845912218093872,
    0.37934255599975586,
    0.36231979727745056,
    0.35399383306503296,
    0.3434118926525116,
    0.3379139006137848,
    0.32933518290519714,
    0.29156848788261414,
    0.29818350076675415,
    0.28403234481811523,
    0.2874724268913269,
    0.2630864679813385,
    0.25082454085350037,
    0.23933205008506775,
    0.2295175939798355,
    0.21981535851955414,
    0.21025095880031586,
    0.20075036585330963,
    0.1913820058107376,
    0.18228860199451447,
    0.17359279096126556,
    0.16572940349578857,
    0.15881647169589996,
    0.15266244113445282,
    0.14682476222515106,
    0.14253267645835876,
    0.13671846687793732,
    0.13501785695552826,
    0.3155224919319153,
    0.38335397839546204,
    0.40573278069496155,
    0.27013736963272095,
    0.21086005866527557,
    0.1644456386566162,
    0.1441958099603653,
    0.1332893818616867,
    0.12504850327968597,
    0.11789996922016144
  ],
  "Training Time": 76.95476841926575,
  "Validate": [
    4.431684970855713,
    4.434402942657471,
    4.436222076416016,
    4.438416004180908,
    4.444395065307617,
    4.4659743309021,
    4.523841381072998,
    4.615699768066406,
    4.7100019454956055,
    4.792474269866943,
    4.866140365600586,
    4.932870864868164,
    4.988951206207275,
    5.026386737823486,
    5.037702560424805,
    5.0216264724731445,
    4.986330032348633,
    4.947985649108887,
    4.921487331390381,
    4.911019802093506,
    4.909962177276611,
    4.904794216156006,
    4.881669521331787,
    4.84230899810791,
    4.8048505783081055,
    4.7730302810668945,
    4.723544597625732,
    4.7023773193359375,
    4.798067569732666,
    4.81157112121582,
    4.980523586273193,
    4.885110855102539,
    4.813969135284424,
    5.414860248565674,
    4.897961616516113,
    4.8354902267456055,
    5.559893608093262,
    4.86815881729126,
    4.814359664916992,
    4.847256183624268,
    4.78254508972168,
    5.37315559387207,
    4.729820251464844,
    4.771450042724609,
    4.695103168487549,
    5.67543363571167,
    4.728132247924805,
    4.733376979827881,
    4.715635299682617,
    4.651134014129639,
    4.631198406219482,
    5.836743354797363,
    5.0049943923950195,
    4.993458271026611,
    4.874490737915039,
    4.764209270477295,
    4.700605869293213,
    4.739274501800537,
    5.003520965576172,
    5.109762668609619,
    5.456847667694092,
    5.559299945831299,
    5.75942325592041,
    5.812699794769287,
    5.90651273727417,
    5.958812236785889,
    6.023303508758545,
    6.051657199859619,
    6.195377826690674,
    6.679542064666748,
    6.678642272949219,
    6.738729953765869,
    6.841496467590332,
    6.938708305358887,
    7.0457000732421875,
    7.16417121887207,
    7.294009208679199,
    7.430954456329346,
    7.5751752853393555,
    7.721305847167969,
    7.864534378051758,
    7.999050617218018,
    8.118947982788086,
    8.224008560180664,
    8.320427894592285,
    8.416210174560547,
    8.50784683227539,
    8.579026222229004,
    8.682038307189941,
    8.771227836608887,
    7.976022243499756,
    7.829496383666992,
    9.123295783996582,
    8.158951759338379,
    8.085051536560059,
    8.048700332641602,
    8.155338287353516,
    8.25522232055664,
    8.325385093688965,
    8.387459754943848
  ]
}