{
  "Train": [
    1.1010169982910156,
    1.089887261390686,
    1.0860850811004639,
    1.0825203657150269,
    1.078452229499817,
    1.0742632150650024,
    1.0688246488571167,
    1.0568394660949707,
    1.0385875701904297,
    1.0152430534362793
  ],
  "Training Time": 16.649842262268066,
  "Validate": [
    4.378285884857178,
    4.379935264587402,
    4.37310791015625,
    4.360708236694336,
    4.331110000610352,
    4.292290210723877,
    4.2733964920043945,
    4.291691303253174,
    4.293642044067383,
    4.275999069213867
  ]
}