{
  "Train": [
    1.1514075994491577,
    1.1526046991348267,
    1.135483980178833,
    1.1425061225891113,
    1.121861457824707,
    1.1189377307891846,
    1.0944782495498657,
    1.0879908800125122,
    1.1524120569229126,
    1.1077687740325928
  ],
  "Training Time": 7.22210431098938,
  "Validate": [
    0.8282037377357483,
    1.0254850387573242,
    0.9913621544837952,
    1.121511459350586,
    1.1727412939071655,
    1.409248948097229,
    1.1420550346374512,
    1.2279003858566284,
    1.3373888731002808,
    1.5679482221603394
  ]
}