{
  "Train": [
    0.9662576913833618,
    0.9047034382820129,
    0.8870360255241394,
    0.8816661238670349,
    0.8734040856361389,
    0.8564398288726807,
    0.8383877873420715,
    0.801118016242981,
    0.8055817484855652,
    0.7987160682678223
  ],
  "Training Time": 7.956867456436157,
  "Validate": [
    NaN,
    NaN,
    NaN,
    NaN,
    NaN,
    NaN,
    NaN,
    NaN,
    NaN,
    NaN
  ]
}