{
  "Train": [
    0.956304669380188,
    0.9430345296859741,
    0.9321894645690918,
    0.9232540130615234,
    0.915736973285675,
    0.9092627167701721,
    0.9035564064979553,
    0.8984232544898987,
    0.8937200903892517,
    0.889342725276947
  ],
  "Training Time": 1.4997577667236328,
  "Validate": [
    0.34940460324287415,
    0.34125009179115295,
    0.33553385734558105,
    0.33172619342803955,
    0.32938697934150696,
    0.3282063603401184,
    0.32796505093574524,
    0.32849568128585815,
    0.32965925335884094,
    0.3313346207141876
  ]
}