{
  "Train": [
    1.0504062175750732,
    1.0441573858261108,
    1.0395017862319946,
    1.0348882675170898,
    1.0302557945251465,
    1.0255472660064697,
    1.0207253694534302,
    1.0157756805419922,
    1.0107003450393677,
    1.0055155754089355
  ],
  "Training Time": 2.2041478157043457,
  "Validate": [
    3.0245308876037598,
    2.9980688095092773,
    2.972317934036255,
    2.9474661350250244,
    2.923388719558716,
    2.9000244140625,
    2.8773810863494873,
    2.8555498123168945,
    2.8346993923187256,
    2.8150618076324463
  ]
}