{
  "Train": [
    0.878721296787262,
    0.8747891783714294,
    0.8705509305000305,
    0.8665021657943726,
    0.8625780344009399,
    0.8587273359298706,
    0.8549126386642456,
    0.8511069416999817,
    0.8472942113876343,
    0.8434625864028931
  ],
  "Training Time": 1.8297178745269775,
  "Validate": [
    NaN,
    NaN,
    NaN,
    NaN,
    NaN,
    NaN,
    NaN,
    NaN,
    NaN,
    NaN
  ]
}