{
  "Train": [
    0.12061470001935959,
    0.11464583873748779,
    0.11027069389820099,
    0.10635962337255478,
    0.10405666381120682,
    0.10174164921045303,
    0.09995932132005692,
    0.09814511239528656,
    0.0965573638677597,
    0.0949767455458641,
    0.09348937124013901,
    0.09213147312402725,
    0.0908413678407669,
    0.089754618704319,
    0.08822181075811386,
    0.08704816550016403,
    0.08518985658884048,
    0.08574122190475464,
    0.08471892774105072,
    0.08214005082845688,
    0.08210944384336472,
    0.0747336819767952,
    0.07290835678577423,
    0.07609797269105911,
    0.07154630869626999
  ],
  "Training Time": 12.987827777862549,
  "Validate": [
    0.3546221852302551,
    0.37636882066726685,
    0.25193411111831665,
    0.23423896729946136,
    0.19042421877384186,
    0.1817779541015625,
    0.15529438853263855,
    0.14871765673160553,
    0.12736189365386963,
    0.12061836570501328,
    0.09932243824005127,
    0.0928206741809845,
    0.07530060410499573,
    0.07177083194255829,
    0.06239810958504677,
    0.06365419179201126,
    0.06556863337755203,
    0.08788266032934189,
    0.11229204386472702,
    0.08282016962766647,
    0.08288142085075378,
    0.09318023175001144,
    0.07411327213048935,
    0.05138108879327774,
    0.07222822308540344
  ]
}