{
  "Train": [
    1.0367796421051025,
    0.8580094575881958,
    0.7670982480049133,
    0.7040005922317505,
    0.6167765259742737,
    0.49402257800102234,
    0.40126147866249084,
    0.3434746265411377,
    0.30693531036376953,
    0.27286744117736816,
    0.24600093066692352,
    0.2246171236038208,
    0.21245455741882324,
    0.21264423429965973,
    0.22219395637512207,
    0.2355443239212036,
    0.23441097140312195,
    0.21322894096374512,
    0.19091612100601196,
    0.17658011615276337,
    0.16801077127456665,
    0.1613633632659912,
    0.15377603471279144,
    0.14404749870300293,
    0.1334076225757599
  ],
  "Training Time": 15.559360027313232,
  "Validate": [
    0.5625787973403931,
    0.4218320846557617,
    0.4884016811847687,
    0.4335987865924835,
    0.3626296818256378,
    0.5095964074134827,
    0.7559065222740173,
    0.9953396320343018,
    1.1573351621627808,
    1.2463935613632202,
    1.2470791339874268,
    1.154771327972412,
    1.0587186813354492,
    1.012062430381775,
    1.0170671939849854,
    1.0126172304153442,
    0.9673147797584534,
    0.9268308281898499,
    0.8864108920097351,
    0.8383837342262268,
    0.7874497771263123,
    0.7401390671730042,
    0.7002058029174805,
    0.6652948260307312,
    0.6302623152732849
  ]
}