{
  "Train": [
    0.615808367729187,
    0.17904578149318695,
    0.08452359586954117,
    0.043166253715753555,
    0.029026905074715614,
    0.025358516722917557,
    0.02297518588602543,
    0.021083181723952293,
    0.019566724076867104,
    0.018286291509866714,
    0.01717391610145569,
    0.01624470017850399,
    0.015552671626210213,
    0.0151242446154356,
    0.014896811917424202,
    0.014753732830286026,
    0.0146042350679636,
    0.014414322562515736,
    0.014184638857841492,
    0.013926279731094837,
    0.01365010067820549,
    0.01336316391825676,
    0.013068795204162598,
    0.012768062762916088,
    0.012460519559681416
  ],
  "Training Time": 10.974042654037476,
  "Validate": [
    23.464916229248047,
    24.767284393310547,
    24.262310028076172,
    24.593053817749023,
    25.124656677246094,
    25.68608283996582,
    26.190052032470703,
    26.603431701660156,
    26.915191650390625,
    27.120824813842773,
    27.231285095214844,
    27.284618377685547,
    27.32843780517578,
    27.402467727661133,
    27.53333282470703,
    27.724201202392578,
    27.959980010986328,
    28.224559783935547,
    28.505205154418945,
    28.79119873046875,
    29.073549270629883,
    29.345012664794922,
    29.599939346313477,
    29.834453582763672,
    30.04656982421875
  ]
}