{
  "Train": [
    0.1354750245809555,
    0.11351359635591507,
    0.10634218901395798,
    0.10135667771100998,
    0.09798428416252136,
    0.09535002708435059,
    0.09331652522087097,
    0.09173493087291718,
    0.09040214866399765,
    0.08919267356395721,
    0.0881447121500969,
    0.0872405543923378,
    0.0863606259226799,
    0.08542231470346451,
    0.08443659543991089,
    0.08344462513923645,
    0.08251962065696716,
    0.08180928975343704,
    0.08172065764665604,
    0.08202052861452103,
    0.07952816039323807,
    0.07915891706943512,
    0.07897121459245682,
    0.07708469033241272,
    0.07639867812395096
  ],
  "Training Time": 14.834853649139404,
  "Validate": [
    NaN,
    NaN,
    NaN,
    NaN,
    NaN,
    NaN,
    NaN,
    NaN,
    NaN,
    NaN,
    NaN,
    NaN,
    NaN,
    NaN,
    NaN,
    NaN,
    NaN,
    NaN,
    NaN,
    NaN,
    NaN,
    NaN,
    NaN,
    NaN,
    NaN
  ]
}