{
  "Train": [
    1.0176503658294678,
    0.9723219275474548,
    0.8802011609077454,
    0.8520219326019287,
    0.8325256705284119,
    0.806776762008667,
    0.7909842729568481,
    0.7660667896270752,
    0.7496594786643982,
    0.7163190245628357
  ],
  "Training Time": 6.485893487930298,
  "Validate": [
    NaN,
    NaN,
    NaN,
    NaN,
    NaN,
    NaN,
    NaN,
    NaN,
    NaN,
    NaN
  ]
}