{
  "Train": [
    1.0311769247055054,
    1.0339014530181885,
    1.0336498022079468,
    1.0303341150283813,
    1.029450535774231,
    1.0293095111846924,
    1.029228687286377,
    1.0291682481765747,
    1.029176950454712,
    1.029356598854065
  ],
  "Training Time": 3.3799705505371094,
  "Validate": [
    0.4224090576171875,
    0.4178610146045685,
    0.412493497133255,
    0.4132319390773773,
    0.41374462842941284,
    0.414131760597229,
    0.4144423305988312,
    0.41472750902175903,
    0.415052205324173,
    0.41521063446998596
  ]
}