{
  "Train": [
    1.0284136533737183,
    1.028276801109314,
    1.0286096334457397,
    1.0283924341201782,
    1.0272117853164673,
    1.021870493888855,
    1.007969617843628,
    0.9889529347419739,
    0.9708402752876282,
    0.95725417137146
  ],
  "Training Time": 4.1599671840667725,
  "Validate": [
    NaN,
    NaN,
    NaN,
    NaN,
    NaN,
    NaN,
    NaN,
    NaN,
    NaN,
    NaN
  ]
}