{
  "Train": [
    1.0645582675933838,
    1.0577186346054077,
    1.0554627180099487,
    1.0543638467788696,
    1.0536378622055054,
    1.0527445077896118,
    1.0519537925720215,
    1.0513962507247925,
    1.0508846044540405,
    1.0504460334777832
  ],
  "Training Time": 5.5299973487854,
  "Validate": [
    3.1535141468048096,
    3.1457276344299316,
    3.1442220211029053,
    3.1427104473114014,
    3.1386001110076904,
    3.136362075805664,
    3.135683298110962,
    3.1343841552734375,
    3.133368968963623,
    3.1324427127838135
  ]
}