{
  "ACF": [
    1.0,
    0.924272159830614,
    0.8480461220664687,
    0.7677711992691584,
    0.6891100996890658,
    0.607115052735521,
    0.5189147513454488,
    0.43769670366343616,
    0.359761124017542,
    0.2926214160657258,
    0.24463111233673662,
    0.22280279296132963,
    0.22668400013473333,
    0.24366249791128533,
    0.25752164733618166,
    0.27754869410426136,
    0.30377791949141675,
    0.33148997880613035,
    0.35779442546656953,
    0.375680002090239,
    0.39656024341964646,
    0.3910692529695361,
    0.376908047975384,
    0.354338801262001,
    0.33232922803797055
  ],
  "PACF": [
    1.0,
    0.9297412258651151,
    -0.04629576511309642,
    -0.07524839410074685,
    -0.03702915768464863,
    -0.07575594554520025,
    -0.10492078679903341,
    -0.008109808611589574,
    -0.03498864638203492,
    0.018415489073884864,
    0.09718477368472637,
    0.1625953214149063,
    0.1780379330325024,
    0.10362933519435842,
    -0.03795852055199612,
    0.022177491753927744,
    0.03147265915016557,
    0.0053019976381181895,
    0.017718702367908044,
    -0.010597021977320122,
    0.10333529774397528,
    -0.11850981661955036,
    0.0030305728092391406,
    -0.004939691552165823,
    0.03347699881404092
  ],
  "Confidence": [
    0.1475106448282976,
    -0.15927535071065055,
    0.1475106448282976,
    -0.15927535071065055
  ]
}