{
  "ACF": [
    1.0,
    0.9715039629794413,
    0.9331494926705978,
    0.8836205057244039,
    0.8289304424486973,
    0.7662088891967236,
    0.7007200443944076,
    0.632876296149118,
    0.5654399880962684,
    0.4929987414945161,
    0.43049957462928196,
    0.37109414387342315,
    0.33150064865061457,
    0.29799605970041965,
    0.27120486431024454,
    0.2518248629719339,
    0.23544271257097768,
    0.22378976200998227,
    0.2178377763142537,
    0.2117663065323861,
    0.21071913364143122,
    0.2070523548400779,
    0.20411518640337664,
    0.1971136146994528,
    0.1902168883307149
  ],
  "PACF": [
    1.0,
    0.9772525071390831,
    -0.2393205176561784,
    -0.24169733474803098,
    -0.06760073335239981,
    -0.15972317091622246,
    -0.034170221718237304,
    -0.0327663974265484,
    -0.007520744540120283,
    -0.16621463160518718,
    0.2477672285585041,
    -0.009911763053339882,
    0.41697042188833217,
    -0.056866459016866225,
    -0.08550318820214656,
    0.06094974740582686,
    -0.21013791487293848,
    0.08687456843379437,
    -0.04029406343481862,
    -0.09433926939025952,
    -0.03262400296888284,
    0.047495921237479574,
    -0.013510174194707186,
    0.08665819645693149,
    0.12706913407733472
  ],
  "Confidence": [
    0.1475106448282976,
    -0.15927535071065055,
    0.1475106448282976,
    -0.15927535071065055
  ]
}