{
  "Train": [
    0.17339903116226196,
    0.05974480137228966,
    0.03521452471613884,
    0.025875167921185493,
    0.02085432969033718,
    0.01784588396549225,
    0.015831587836146355,
    0.01482095755636692,
    0.01919025182723999,
    0.01805250532925129,
    0.01243987213820219,
    0.019785720854997635,
    0.01148579828441143,
    0.008678538724780083,
    0.00775979645550251,
    0.007730528712272644,
    0.016946131363511086,
    0.012932702898979187,
    0.018228456377983093,
    0.02501041442155838,
    0.015694620087742805,
    0.011039561592042446,
    0.010558090172708035,
    0.008024279959499836,
    0.010796388611197472
  ],
  "Training Time": 22.806699752807617,
  "Validate": [
    NaN,
    NaN,
    NaN,
    NaN,
    NaN,
    NaN,
    NaN,
    NaN,
    NaN,
    NaN,
    NaN,
    NaN,
    NaN,
    NaN,
    NaN,
    NaN,
    NaN,
    NaN,
    NaN,
    NaN,
    NaN,
    NaN,
    NaN,
    NaN,
    NaN
  ]
}