{
  "Train": [
    0.45500198006629944,
    0.17525739967823029,
    0.1297057569026947,
    0.12007267028093338,
    0.11187875270843506,
    0.1051868349313736,
    0.09954450279474258,
    0.09459411352872849,
    0.08999793976545334,
    0.08531664311885834,
    0.08084064722061157,
    0.07624224573373795,
    0.07142657041549683,
    0.06646347045898438,
    0.061816390603780746,
    0.05802760645747185,
    0.05404993146657944,
    0.049148138612508774,
    0.04363643750548363,
    0.03835735470056534,
    0.034859441220760345,
    0.03346937522292137,
    0.03040868043899536,
    0.029066506773233414,
    0.025609683245420456
  ],
  "Training Time": 17.51979112625122,
  "Validate": [
    1.6565864086151123,
    1.813900351524353,
    1.938442349433899,
    2.1018505096435547,
    2.273266077041626,
    2.4591550827026367,
    2.666288137435913,
    2.8969781398773193,
    3.1516644954681396,
    3.449251413345337,
    3.7967162132263184,
    4.163201808929443,
    4.5453267097473145,
    4.9434990882873535,
    5.304837226867676,
    5.540069103240967,
    5.644432544708252,
    5.666602611541748,
    5.616653919219971,
    5.497583389282227,
    5.352707386016846,
    5.195834636688232,
    5.015923976898193,
    4.811488628387451,
    4.611196517944336
  ]
}