{
  "Train": [
    0.2601723372936249,
    0.09844501316547394,
    0.09394200146198273,
    0.08327490836381912,
    0.06785707175731659,
    0.05472525581717491,
    0.047351475805044174,
    0.04609492048621178,
    0.04549732804298401,
    0.042106736451387405,
    0.03885585442185402,
    0.03691354766488075,
    0.03554251044988632,
    0.03448469564318657,
    0.03366130590438843,
    0.03300274908542633,
    0.03245929628610611,
    0.03199777007102966,
    0.03159605711698532,
    0.031239142641425133,
    0.030916476622223854,
    0.030620232224464417,
    0.030344465747475624,
    0.030084481462836266,
    0.029836421832442284
  ],
  "Training Time": 11.469369888305664,
  "Validate": [
    0.5588128566741943,
    0.5505437850952148,
    0.5783272981643677,
    0.5942745804786682,
    0.6780508756637573,
    0.7491918206214905,
    0.7048428058624268,
    0.7033098936080933,
    0.6889294981956482,
    0.6562614440917969,
    0.62993985414505,
    0.6125335693359375,
    0.6020715832710266,
    0.5971172451972961,
    0.5963309407234192,
    0.5985657572746277,
    0.6029504537582397,
    0.6088411808013916,
    0.6157598495483398,
    0.6233404874801636,
    0.6312943696975708,
    0.6393873691558838,
    0.6474278569221497,
    0.6552547216415405,
    0.6627377867698669
  ]
}