{
  "Train": [
    0.05763771012425423,
    0.04356594756245613,
    0.0377713143825531,
    0.03657747805118561,
    0.035833533853292465,
    0.035346679389476776,
    0.03491818904876709,
    0.034596800804138184,
    0.0343182235956192,
    0.03405778110027313,
    0.033554695546627045,
    0.033104900270700455,
    0.032392848283052444,
    0.03255050256848335,
    0.03187387436628342,
    0.03204868361353874,
    0.03169771656394005,
    0.03181958943605423,
    0.03113168478012085,
    0.031306758522987366,
    0.030809462070465088,
    0.03087415173649788,
    0.03045162744820118,
    0.030362294986844063,
    0.03000797890126705
  ],
  "Training Time": 16.596858739852905,
  "Validate": [
    NaN,
    NaN,
    NaN,
    NaN,
    NaN,
    NaN,
    NaN,
    NaN,
    NaN,
    NaN,
    NaN,
    NaN,
    NaN,
    NaN,
    NaN,
    NaN,
    NaN,
    NaN,
    NaN,
    NaN,
    NaN,
    NaN,
    NaN,
    NaN,
    NaN
  ]
}