{
  "Train": [
    0.06359140574932098,
    0.057882536202669144,
    0.046774473041296005,
    0.04101762920618057,
    0.03763752803206444,
    0.03497830405831337,
    0.0327414870262146,
    0.03079286590218544,
    0.029058316722512245,
    0.027497822418808937,
    0.0260943453758955,
    0.024845564737915993,
    0.023754771798849106,
    0.022823123261332512,
    0.022045614197850227,
    0.021410677582025528,
    0.02090107463300228,
    0.020495787262916565,
    0.0201723612844944,
    0.019909512251615524,
    0.019688637927174568,
    0.019494904205203056,
    0.019317133352160454,
    0.019147377461194992,
    0.01898028329014778
  ],
  "Training Time": 12.958295583724976,
  "Validate": [
    0.060155127197504044,
    0.0605885349214077,
    0.0549003966152668,
    0.0496482290327549,
    0.04572812095284462,
    0.04252975061535835,
    0.039876773953437805,
    0.03766988217830658,
    0.03586198017001152,
    0.03440912812948227,
    0.0332583524286747,
    0.032354529947042465,
    0.03165040537714958,
    0.031108487397432327,
    0.030696658417582512,
    0.03038603626191616,
    0.030151011422276497,
    0.029969988390803337,
    0.02982587367296219,
    0.029706036671996117,
    0.0296021718531847,
    0.029509497806429863,
    0.02942604571580887,
    0.029351603239774704,
    0.029287053272128105
  ]
}