{
  "Train": [
    0.6134682893753052,
    0.3429548144340515,
    0.3115561604499817,
    0.2940753400325775,
    0.28138357400894165,
    0.2705747187137604,
    0.2605298161506653,
    0.2506309151649475,
    0.2410285472869873,
    0.2332720160484314
  ],
  "Training Time": 5.227209568023682,
  "Validate": [
    34.760311126708984,
    31.4302978515625,
    30.706876754760742,
    30.22650718688965,
    30.016063690185547,
    29.9661808013916,
    30.013080596923828,
    30.1195011138916,
    30.216228485107422,
    30.092744827270508
  ]
}