{
  "Train": [
    1.1499186754226685,
    1.1372121572494507,
    1.1320737600326538,
    1.1282545328140259,
    1.1248632669448853,
    1.1215790510177612,
    1.1182448863983154,
    1.1147679090499878,
    1.1110888719558716,
    1.1071679592132568
  ],
  "Training Time": 2.359239101409912,
  "Validate": [
    1.0146377086639404,
    1.0183064937591553,
    1.0236512422561646,
    1.0302895307540894,
    1.0380966663360596,
    1.0470166206359863,
    1.0570560693740845,
    1.0682778358459473,
    1.0807876586914062,
    1.0947171449661255
  ]
}