{
  "Train": [
    1.161819577217102,
    1.1473578214645386,
    1.1282508373260498,
    1.119206428527832,
    1.1113274097442627,
    1.1035735607147217,
    1.0946727991104126,
    1.084384560585022,
    1.0716663599014282,
    1.1260714530944824
  ],
  "Training Time": 10.764893531799316,
  "Validate": [
    0.9760887026786804,
    1.1022297143936157,
    1.14146888256073,
    1.176274061203003,
    1.2042816877365112,
    1.233362078666687,
    1.266269326210022,
    1.3034467697143555,
    1.2861295938491821,
    1.5530956983566284
  ]
}