{
  "Train": [
    1.0089300870895386,
    1.0374228954315186,
    0.9322570562362671,
    0.8889954686164856,
    0.8662917613983154,
    0.8092493414878845,
    0.772794246673584,
    0.7084530591964722,
    0.8736549019813538,
    0.7202007174491882
  ],
  "Training Time": 6.553469896316528,
  "Validate": [
    NaN,
    NaN,
    NaN,
    NaN,
    NaN,
    NaN,
    NaN,
    NaN,
    NaN,
    NaN
  ]
}