{
  "Train": [
    1.0762441158294678,
    0.9002245664596558,
    0.8507359623908997,
    0.8028340935707092,
    0.7477467656135559,
    0.6911483407020569,
    0.6409382224082947,
    0.5978490710258484,
    0.5597249269485474,
    0.5257135629653931
  ],
  "Training Time": 12.943820476531982,
  "Validate": [
    0.9810173511505127,
    0.9865685105323792,
    1.053840160369873,
    1.1233696937561035,
    1.1742583513259888,
    1.1992751359939575,
    1.2184433937072754,
    1.2702584266662598,
    1.4090330600738525,
    1.6494277715682983
  ]
}