{
  "Train": [
    0.3814598619937897,
    0.3493342399597168,
    0.32044780254364014,
    0.2960161566734314,
    0.275540828704834,
    0.25735166668891907,
    0.24099312722682953,
    0.22535791993141174,
    0.20916138589382172,
    0.1917339414358139
  ],
  "Training Time": 16.201967000961304,
  "Validate": [
    NaN,
    NaN,
    NaN,
    NaN,
    NaN,
    NaN,
    NaN,
    NaN,
    NaN,
    NaN
  ]
}