{
  "Train": [
    0.7470422983169556,
    0.3838963806629181,
    0.3595147430896759,
    0.33767011761665344,
    0.31527698040008545,
    0.2837790548801422,
    0.2710331678390503,
    0.26305773854255676,
    0.2548995018005371,
    0.2488044798374176
  ],
  "Training Time": 16.493658781051636,
  "Validate": [
    44.53166580200195,
    41.67356872558594,
    39.82257080078125,
    39.058265686035156,
    38.68722915649414,
    38.94065475463867,
    38.04372787475586,
    37.228477478027344,
    36.962162017822266,
    36.8864860534668
  ]
}