{
  "Train": [
    1.1356785297393799,
    0.9593786597251892,
    0.9198623895645142,
    0.8893677592277527,
    0.8577480316162109,
    0.8252781629562378,
    0.7960468530654907,
    0.7598101496696472,
    0.7004586458206177,
    0.648097813129425
  ],
  "Training Time": 16.106852054595947,
  "Validate": [
    1.5374722480773926,
    1.4397995471954346,
    1.523017406463623,
    1.6230448484420776,
    1.7404500246047974,
    1.8894397020339966,
    2.5968759059906006,
    2.61867356300354,
    3.1908388137817383,
    3.578230381011963
  ]
}