{
  "Train": [
    0.740233838558197,
    0.7065778374671936,
    0.6950109601020813,
    0.6876527070999146,
    0.6803003549575806,
    0.6672461628913879,
    0.6540782451629639,
    0.6410133242607117,
    0.6259838342666626,
    0.6084712743759155
  ],
  "Training Time": 6.69891881942749,
  "Validate": [
    NaN,
    NaN,
    NaN,
    NaN,
    NaN,
    NaN,
    NaN,
    NaN,
    NaN,
    NaN
  ]
}