{
  "Train": [
    1.105406403541565,
    1.08740234375,
    1.080022931098938,
    1.0695714950561523,
    1.0523484945297241,
    1.0357227325439453,
    1.004430890083313,
    0.9713770747184753,
    0.9351399540901184,
    0.9098817110061646
  ],
  "Training Time": 12.436972856521606,
  "Validate": [
    4.381180286407471,
    4.367178916931152,
    4.333377361297607,
    4.282193183898926,
    4.34181547164917,
    4.353330612182617,
    4.435236930847168,
    4.341518878936768,
    4.166579723358154,
    4.030929088592529
  ]
}