{
  "Train": [
    1.0124728679656982,
    1.0364258289337158,
    0.9401764273643494,
    0.892422080039978,
    0.8742841482162476,
    0.8388829231262207,
    0.8164486885070801,
    0.7741764783859253,
    0.7579184174537659,
    0.7313647270202637
  ],
  "Training Time": 13.57624864578247,
  "Validate": [
    NaN,
    NaN,
    NaN,
    NaN,
    NaN,
    NaN,
    NaN,
    NaN,
    NaN,
    NaN
  ]
}