{
  "Train": [
    0.9373301267623901,
    0.8915336728096008,
    0.8712018132209778,
    0.8618214130401611,
    0.8514224290847778,
    0.8446769714355469,
    0.8399344086647034,
    0.8357768654823303,
    0.8317140340805054,
    0.8277752995491028,
    0.8244460821151733,
    0.8211581110954285,
    0.8177872896194458,
    0.8135181069374084,
    0.8081125617027283,
    0.7993374466896057,
    0.7877519130706787,
    0.7779520750045776,
    0.7672262191772461,
    0.764215886592865,
    0.7503930330276489,
    0.743309736251831,
    0.7864781022071838,
    0.7140271663665771,
    0.7128946781158447,
    0.6856768131256104,
    0.6557357311248779,
    0.6224982142448425,
    0.7427323460578918,
    0.6463598012924194,
    0.6295887231826782,
    0.5891829133033752,
    0.572510838508606,
    0.6048176288604736,
    0.5550374984741211,
    0.5593155026435852,
    0.5129868388175964,
    0.49626585841178894,
    0.5054084062576294,
    0.5198620557785034,
    0.4652450680732727,
    0.42989760637283325,
    0.41833749413490295,
    0.41690465807914734,
    0.38017523288726807,
    0.405276894569397,
    0.3842834234237671,
    0.3103647530078888,
    0.2707343101501465,
    0.2604341506958008,
    0.3197995126247406,
    0.4468775987625122,
    0.2744680643081665,
    0.21519924700260162,
    0.18722939491271973,
    0.1739923655986786,
    0.15052124857902527,
    0.13214147090911865,
    0.16631047427654266,
    0.10667932033538818,
    0.2753860652446747,
    0.42185142636299133,
    0.4112994968891144,
    0.46078619360923767,
    0.26676511764526367,
    0.2357131540775299,
    0.19009988009929657,
    0.20342524349689484,
    0.17693832516670227,
    0.10224032402038574,
    0.0731223002076149,
    0.06294732540845871,
    0.05909717455506325,
    0.053033437579870224,
    0.07136567682027817,
    0.07211509346961975,
    0.0727158784866333,
    0.047506529837846756,
    0.04171058163046837,
    0.03618498519062996,
    0.03416291996836662,
    0.031816065311431885,
    0.030271101742982864,
    0.029132090508937836,
    0.026251669973134995,
    0.025693150237202644,
    0.05175935477018356,
    0.0882229283452034,
    0.2682037055492401,
    0.10667924582958221,
    0.04615406319499016,
    0.03758763521909714,
    0.04323581978678703,
    0.03463734686374664,
    0.03255477175116539,
    0.03479994088411331,
    0.02215559221804142,
    0.023378901183605194,
    0.018153982236981392,
    0.01613932102918625
  ],
  "Training Time": 77.92178893089294,
  "Validate": [
    2.984506130218506,
    3.068821907043457,
    2.943783760070801,
    2.968341588973999,
    2.9007043838500977,
    2.889108657836914,
    2.855288028717041,
    2.8643875122070312,
    2.83697509765625,
    2.8397223949432373,
    2.8238587379455566,
    2.825519323348999,
    2.8163888454437256,
    2.8202314376831055,
    2.8266477584838867,
    2.8634371757507324,
    2.8542592525482178,
    2.81382155418396,
    2.7843692302703857,
    2.7941222190856934,
    2.704434633255005,
    2.8080148696899414,
    2.681379795074463,
    2.587622880935669,
    2.6307451725006104,
    2.5072476863861084,
    2.465041399002075,
    2.3529818058013916,
    2.561452627182007,
    2.550271511077881,
    2.55403733253479,
    2.3912885189056396,
    2.165059804916382,
    2.4377870559692383,
    2.5276198387145996,
    2.693880558013916,
    2.445805072784424,
    2.301325559616089,
    2.285252809524536,
    2.2825591564178467,
    2.743366241455078,
    2.382744073867798,
    3.3551933765411377,
    3.118436336517334,
    2.5165257453918457,
    2.6279008388519287,
    2.62845778465271,
    2.66990327835083,
    2.6956944465637207,
    3.128013849258423,
    3.104022264480591,
    2.595370292663574,
    3.633171319961548,
    3.384775400161743,
    3.3886423110961914,
    3.235121011734009,
    3.070323944091797,
    2.85794997215271,
    2.944509744644165,
    3.1923065185546875,
    4.086597919464111,
    2.2396295070648193,
    2.455355167388916,
    2.023794651031494,
    2.3570051193237305,
    2.1864163875579834,
    2.047908306121826,
    2.1238348484039307,
    1.9787647724151611,
    2.165548801422119,
    2.108320713043213,
    2.1643471717834473,
    2.0937864780426025,
    2.0246119499206543,
    1.987895131111145,
    1.990403413772583,
    2.1803736686706543,
    2.2212109565734863,
    2.2722036838531494,
    2.310232400894165,
    2.2923662662506104,
    2.3160927295684814,
    2.2968900203704834,
    2.261713981628418,
    2.232045888900757,
    2.3659608364105225,
    2.206376075744629,
    2.214021921157837,
    1.7154395580291748,
    2.0912094116210938,
    1.740713119506836,
    2.283917188644409,
    1.7269225120544434,
    1.6656886339187622,
    2.087580919265747,
    1.9602090120315552,
    1.8561732769012451,
    1.9210549592971802,
    2.025493860244751,
    1.9494190216064453
  ]
}