{
  "Train": [
    1.1710599660873413,
    0.8450652360916138,
    0.7314081788063049,
    0.6273361444473267,
    0.5905361175537109,
    0.5393127202987671,
    0.5166372060775757,
    0.49766403436660767,
    0.5834259390830994,
    0.5564450025558472,
    0.470096230506897,
    0.449396014213562,
    0.43733903765678406,
    0.41852957010269165,
    0.41841867566108704,
    0.41489776968955994,
    0.4174811542034149,
    0.4113902449607849,
    0.40117761492729187,
    0.4447861909866333,
    0.4053305387496948,
    0.38940000534057617,
    0.3803955316543579,
    0.6301485300064087,
    0.47231701016426086,
    0.3950771987438202,
    0.4508522152900696,
    0.39273667335510254,
    0.3596671521663666,
    0.3527109622955322,
    0.34783288836479187,
    0.34361276030540466,
    0.3421851098537445,
    0.33342769742012024,
    0.33200234174728394,
    0.31962454319000244,
    0.4048251211643219,
    0.5055572986602783,
    0.390766978263855,
    0.34552085399627686,
    0.31838172674179077,
    0.33412298560142517,
    0.3353172242641449,
    0.2872586250305176,
    0.2682916820049286,
    0.27213922142982483,
    0.26820486783981323,
    0.2574532628059387,
    0.245001420378685,
    0.2430851310491562,
    0.3129791021347046,
    0.2638944983482361,
    0.2368902713060379,
    0.3054302930831909,
    0.2551547884941101,
    0.2216331511735916,
    0.21608491241931915,
    0.22247453033924103,
    0.2090206891298294,
    0.20158809423446655,
    0.20284506678581238,
    0.19379550218582153,
    0.1900443732738495,
    0.19509050250053406,
    0.2012593150138855,
    0.1919819563627243,
    0.18093791604042053,
    0.3554897606372833,
    0.6412050724029541,
    0.3644043505191803,
    0.2869144082069397,
    0.2187688946723938,
    0.18553122878074646,
    0.1723194420337677,
    0.16883741319179535,
    0.1596895307302475,
    0.15777689218521118,
    0.15123692154884338,
    0.14886902272701263,
    0.1462453454732895,
    0.14132869243621826,
    0.14189155399799347,
    0.13767078518867493,
    0.1418415755033493,
    0.5562233924865723,
    0.5993039011955261,
    0.3828216791152954,
    0.3509748876094818,
    0.26811736822128296,
    0.2401464730501175,
    0.18565282225608826,
    0.17901010811328888,
    0.14002948999404907,
    0.13433334231376648,
    0.1305604875087738,
    0.12698401510715485,
    0.1230468899011612,
    0.11924336105585098,
    0.1165676936507225,
    0.1143772080540657
  ],
  "Training Time": 124.95269870758057,
  "Validate": [
    NaN,
    NaN,
    NaN,
    NaN,
    NaN,
    NaN,
    NaN,
    NaN,
    NaN,
    NaN,
    NaN,
    NaN,
    NaN,
    NaN,
    NaN,
    NaN,
    NaN,
    NaN,
    NaN,
    NaN,
    NaN,
    NaN,
    NaN,
    NaN,
    NaN,
    NaN,
    NaN,
    NaN,
    NaN,
    NaN,
    NaN,
    NaN,
    NaN,
    NaN,
    NaN,
    NaN,
    NaN,
    NaN,
    NaN,
    NaN,
    NaN,
    NaN,
    NaN,
    NaN,
    NaN,
    NaN,
    NaN,
    NaN,
    NaN,
    NaN,
    NaN,
    NaN,
    NaN,
    NaN,
    NaN,
    NaN,
    NaN,
    NaN,
    NaN,
    NaN,
    NaN,
    NaN,
    NaN,
    NaN,
    NaN,
    NaN,
    NaN,
    NaN,
    NaN,
    NaN,
    NaN,
    NaN,
    NaN,
    NaN,
    NaN,
    NaN,
    NaN,
    NaN,
    NaN,
    NaN,
    NaN,
    NaN,
    NaN,
    NaN,
    NaN,
    NaN,
    NaN,
    NaN,
    NaN,
    NaN,
    NaN,
    NaN,
    NaN,
    NaN,
    NaN,
    NaN,
    NaN,
    NaN,
    NaN,
    NaN
  ]
}