{
  "Train": [
    0.9402911067008972,
    0.875843346118927,
    0.8469191193580627,
    0.8316860795021057,
    0.8211389183998108,
    0.8133825063705444,
    0.8072561025619507,
    0.8018479943275452,
    0.7964352369308472,
    0.7903728485107422,
    0.7829539179801941,
    0.7732638120651245,
    0.7609463930130005,
    0.7478458285331726,
    0.7382877469062805,
    0.7256465554237366,
    0.7070037722587585,
    0.6905892491340637,
    0.6780546307563782,
    0.664105236530304,
    0.6848539710044861,
    0.6688897013664246,
    0.6698353886604309,
    0.6545125246047974,
    0.6489747166633606,
    0.6527454853057861,
    0.6572852730751038,
    0.6538005471229553,
    0.6427361965179443,
    0.6406756639480591,
    0.6419636011123657,
    0.6461759805679321,
    0.6459723711013794,
    0.6349020600318909,
    0.6270345449447632,
    0.6205392479896545,
    0.6147992014884949,
    0.6115075945854187,
    0.6085547208786011,
    0.6078732013702393,
    0.6018438339233398,
    0.61555415391922,
    0.6012573838233948,
    0.593700647354126,
    0.5852048397064209,
    0.5779103636741638,
    0.6049731969833374,
    0.6222224831581116,
    0.6596159338951111,
    0.6109585762023926,
    0.5726613998413086,
    0.571008026599884,
    0.560623824596405,
    0.5472403168678284,
    0.6046420335769653,
    0.5777165293693542,
    0.5215965509414673,
    0.5285441279411316,
    0.5250256061553955,
    0.5210620164871216,
    0.5136909484863281,
    0.5144636034965515,
    0.5615900754928589,
    0.5284837484359741,
    0.4857471287250519,
    0.4933393895626068,
    0.4801754057407379,
    0.464260995388031,
    0.44499000906944275,
    0.46633046865463257,
    0.47091782093048096,
    0.4760482907295227,
    0.4415457248687744,
    0.4250921607017517,
    0.42467400431632996,
    0.41622474789619446,
    0.461841344833374,
    0.5409197211265564,
    0.655604362487793,
    0.6132808923721313,
    0.6123727560043335,
    0.5883817076683044,
    0.5634796619415283,
    0.5180957913398743,
    0.5165360569953918,
    0.5006048679351807,
    0.5021647214889526,
    0.4995765686035156,
    0.4866678714752197,
    0.4854840934276581,
    0.485627144575119,
    0.4779399037361145,
    0.472705602645874,
    0.47410863637924194,
    0.4677722752094269,
    0.4537002444267273,
    0.448295533657074,
    0.4471997618675232,
    0.4440689980983734,
    0.4527404010295868
  ],
  "Training Time": 75.41979765892029,
  "Validate": [
    3.496917724609375,
    3.2864067554473877,
    3.1612257957458496,
    3.072763204574585,
    3.0025017261505127,
    2.944870948791504,
    2.8965609073638916,
    2.8547914028167725,
    2.8170464038848877,
    2.7826812267303467,
    2.749596357345581,
    2.694150686264038,
    2.5985560417175293,
    2.495133638381958,
    2.481278896331787,
    2.557969808578491,
    2.779855489730835,
    2.870506525039673,
    3.0855712890625,
    3.1860404014587402,
    3.5211591720581055,
    3.2915544509887695,
    3.358677625656128,
    3.4800469875335693,
    3.395979404449463,
    3.2327027320861816,
    3.182199001312256,
    3.4060914516448975,
    3.460115909576416,
    3.4385340213775635,
    3.3241422176361084,
    3.2194366455078125,
    3.3531761169433594,
    3.484300136566162,
    3.6023354530334473,
    3.709557294845581,
    3.7781434059143066,
    3.793168544769287,
    3.8060615062713623,
    3.8288774490356445,
    3.822587728500366,
    3.9492287635803223,
    3.973647356033325,
    3.9422593116760254,
    3.85506272315979,
    3.938417673110962,
    4.115400791168213,
    2.922335624694824,
    2.816343069076538,
    4.189335823059082,
    4.077148914337158,
    4.026155471801758,
    3.7712385654449463,
    3.8449668884277344,
    3.777545690536499,
    3.670912265777588,
    3.5927019119262695,
    3.5977981090545654,
    3.476572275161743,
    3.56185245513916,
    3.4549105167388916,
    3.764284610748291,
    3.7097268104553223,
    3.6113440990448,
    3.731607675552368,
    3.618830919265747,
    3.786142110824585,
    3.6936752796173096,
    3.5214273929595947,
    3.810920476913452,
    3.5862162113189697,
    3.728881597518921,
    3.776719093322754,
    3.775606632232666,
    3.5707390308380127,
    3.6455233097076416,
    3.5870909690856934,
    4.475577354431152,
    4.061687469482422,
    4.045878887176514,
    3.5823631286621094,
    3.212022542953491,
    3.6814234256744385,
    3.7327966690063477,
    3.7643473148345947,
    3.8267126083374023,
    3.825439214706421,
    4.022807598114014,
    3.902482509613037,
    4.169346332550049,
    3.7530715465545654,
    4.103069305419922,
    3.8775551319122314,
    4.324820041656494,
    3.957308769226074,
    4.141180992126465,
    4.131085395812988,
    4.314813613891602,
    3.8631272315979004,
    4.332798004150391
  ]
}