{
  "Train": [
    1.089876413345337,
    1.007022500038147,
    0.9716911911964417,
    1.0132763385772705,
    1.051169991493225,
    1.0573536157608032,
    1.0077896118164062,
    0.9495915174484253,
    0.9720338582992554,
    0.9884597659111023
  ],
  "Training Time": 13.612292051315308,
  "Validate": [
    NaN,
    NaN,
    NaN,
    NaN,
    NaN,
    NaN,
    NaN,
    NaN,
    NaN,
    NaN
  ]
}