{
  "Train": [
    1.2001512050628662,
    1.1658464670181274,
    1.1415750980377197,
    1.134705662727356,
    1.1074572801589966,
    1.104931116104126,
    1.0874083042144775,
    1.0763951539993286,
    1.0731666088104248,
    1.107360601425171
  ],
  "Training Time": 10.184282779693604,
  "Validate": [
    0.8537218570709229,
    1.0984784364700317,
    1.2144056558609009,
    1.366234302520752,
    1.4179232120513916,
    1.586347222328186,
    1.6801848411560059,
    1.71038818359375,
    1.6453940868377686,
    1.7210979461669922
  ]
}