{
  "Train": [
    1.0978068113327026,
    1.0845822095870972,
    1.078647255897522,
    1.0721313953399658,
    1.0649051666259766,
    1.054211974143982,
    1.0392780303955078,
    1.0197032690048218,
    0.9568241834640503,
    0.8844453692436218
  ],
  "Training Time": 11.599700689315796,
  "Validate": [
    4.359003067016602,
    4.34462833404541,
    4.3089919090271,
    4.246124744415283,
    4.2079668045043945,
    4.192342758178711,
    4.199059963226318,
    4.309780597686768,
    4.402304172515869,
    4.338996887207031
  ]
}