{
  "Train": [
    0.31046414375305176,
    0.28611359000205994,
    0.2699683904647827,
    0.25569814443588257,
    0.24954575300216675,
    0.23911052942276,
    0.23361173272132874,
    0.2234073281288147,
    0.21878014504909515,
    0.20759131014347076
  ],
  "Training Time": 2.8784308433532715,
  "Validate": [
    NaN,
    NaN,
    NaN,
    NaN,
    NaN,
    NaN,
    NaN,
    NaN,
    NaN,
    NaN
  ]
}