{
  "Train": [
    1.133732795715332,
    1.1204408407211304,
    1.1154848337173462,
    1.112473726272583,
    1.1096636056900024,
    1.1066370010375977,
    1.102846622467041,
    1.0978277921676636,
    1.0912519693374634,
    1.0831929445266724
  ],
  "Training Time": 1.7990443706512451,
  "Validate": [
    1.5286719799041748,
    1.4675360918045044,
    1.4411870241165161,
    1.4289838075637817,
    1.4236305952072144,
    1.4244792461395264,
    1.4297637939453125,
    1.4378832578659058,
    1.4447550773620605,
    1.4490728378295898
  ]
}