{
  "Train": [
    1.0816278457641602,
    1.0652302503585815,
    1.0615880489349365,
    1.0589861869812012,
    1.0571091175079346,
    1.0556325912475586,
    1.0543807744979858,
    1.0532476902008057,
    1.052174687385559,
    1.0511170625686646
  ],
  "Training Time": 2.3087761402130127,
  "Validate": [
    7.253931522369385,
    7.37700891494751,
    7.44975471496582,
    7.506590843200684,
    7.554376602172852,
    7.5975799560546875,
    7.63958740234375,
    7.681978225708008,
    7.7264018058776855,
    7.774407386779785
  ]
}