{
  "Train": [
    1.1563196182250977,
    1.1516597270965576,
    1.1384223699569702,
    1.132744312286377,
    1.1285489797592163,
    1.1241580247879028,
    1.1196964979171753,
    1.1154038906097412,
    1.1113711595535278,
    1.107359528541565
  ],
  "Training Time": 4.80850887298584,
  "Validate": [
    0.9658898711204529,
    1.0762600898742676,
    1.1262837648391724,
    1.14906644821167,
    1.1693440675735474,
    1.1902587413787842,
    1.213948130607605,
    1.2428730726242065,
    1.2771912813186646,
    1.3182069063186646
  ]
}