{
  "Train": [
    1.0740318298339844,
    1.0408060550689697,
    1.0153053998947144,
    1.029782772064209,
    1.0321608781814575,
    1.006575107574463,
    0.9996433854103088,
    0.9926413893699646,
    0.9880239367485046,
    0.985507071018219
  ],
  "Training Time": 6.403227806091309,
  "Validate": [
    NaN,
    NaN,
    NaN,
    NaN,
    NaN,
    NaN,
    NaN,
    NaN,
    NaN,
    NaN
  ]
}