{
  "Train": [
    0.18286290764808655,
    0.11495216190814972,
    0.11028432101011276,
    0.10638942569494247,
    0.10286665707826614,
    0.09996288269758224,
    0.09769810736179352,
    0.0958818644285202,
    0.0943523645401001,
    0.09303940832614899,
    0.09189550578594208,
    0.0908774882555008,
    0.08994787931442261,
    0.08907514065504074,
    0.08823298662900925,
    0.08740530908107758,
    0.08659111708402634,
    0.08579646050930023,
    0.08501504361629486,
    0.08421702682971954,
    0.0833434984087944,
    0.08234308660030365,
    0.08128191530704498,
    0.08022242039442062,
    0.07928158342838287
  ],
  "Training Time": 7.254401445388794,
  "Validate": [
    0.22211790084838867,
    0.29616692662239075,
    0.36825570464134216,
    0.4528532922267914,
    0.543160617351532,
    0.6207435131072998,
    0.6799836754798889,
    0.725077211856842,
    0.760219395160675,
    0.7877134084701538,
    0.8094046115875244,
    0.8271116614341736,
    0.8424788117408752,
    0.8568258881568909,
    0.8710249066352844,
    0.8855060935020447,
    0.9003650546073914,
    0.9154144525527954,
    0.9303951859474182,
    0.9456348419189453,
    0.9624885320663452,
    0.9810835123062134,
    0.9995350241661072,
    1.016060709953308,
    1.028952717781067
  ]
}