{
  "Train": [
    0.14574338495731354,
    0.09913261979818344,
    0.10184404999017715,
    0.09044061601161957,
    0.08817508816719055,
    0.0830809623003006,
    0.08260800689458847,
    0.07887836545705795,
    0.08029992133378983,
    0.07655315846204758,
    0.07812143862247467,
    0.07473217695951462,
    0.0763067677617073,
    0.07306993007659912,
    0.07447892427444458,
    0.07150858640670776,
    0.07262858748435974,
    0.07001864910125732,
    0.07062804698944092,
    0.06798628717660904,
    0.06839999556541443,
    0.06629200279712677,
    0.0665077194571495,
    0.06487264484167099,
    0.06467092037200928
  ],
  "Training Time": 9.13116979598999,
  "Validate": [
    NaN,
    NaN,
    NaN,
    NaN,
    NaN,
    NaN,
    NaN,
    NaN,
    NaN,
    NaN,
    NaN,
    NaN,
    NaN,
    NaN,
    NaN,
    NaN,
    NaN,
    NaN,
    NaN,
    NaN,
    NaN,
    NaN,
    NaN,
    NaN,
    NaN
  ]
}