{
  "Train": [
    1.000993251800537,
    0.980457603931427,
    0.9663477540016174,
    0.9505566954612732,
    0.937608003616333,
    0.9253228306770325,
    0.9135410189628601,
    0.9019407033920288,
    0.8904634118080139,
    0.87917560338974
  ],
  "Training Time": 3.0738186836242676,
  "Validate": [
    NaN,
    NaN,
    NaN,
    NaN,
    NaN,
    NaN,
    NaN,
    NaN,
    NaN,
    NaN
  ]
}