{
  "Train": [
    0.8934251070022583,
    0.8584840893745422,
    0.8287141919136047,
    0.8078131675720215,
    0.7977936863899231,
    0.7848851084709167,
    0.7710293531417847,
    0.7574823498725891,
    0.7481134533882141,
    0.7493937015533447
  ],
  "Training Time": 9.552426099777222,
  "Validate": [
    NaN,
    NaN,
    NaN,
    NaN,
    NaN,
    NaN,
    NaN,
    NaN,
    NaN,
    NaN
  ]
}