{
  "Train": [
    0.12448330223560333,
    0.09433340281248093,
    0.08858199417591095,
    0.09540041536092758,
    0.08839334547519684,
    0.08500556647777557,
    0.08395892381668091,
    0.08199360221624374,
    0.0807628333568573,
    0.07961268723011017,
    0.07303904742002487,
    0.07258651405572891,
    0.06973811239004135,
    0.0804910808801651,
    0.0669342651963234,
    0.06569234281778336,
    0.062143474817276,
    0.060415491461753845,
    0.05613754317164421,
    0.05466493219137192,
    0.05949913337826729,
    0.05427262932062149,
    0.053858522325754166,
    0.05857326090335846,
    0.05853718891739845
  ],
  "Training Time": 15.441951990127563,
  "Validate": [
    NaN,
    NaN,
    NaN,
    NaN,
    NaN,
    NaN,
    NaN,
    NaN,
    NaN,
    NaN,
    NaN,
    NaN,
    NaN,
    NaN,
    NaN,
    NaN,
    NaN,
    NaN,
    NaN,
    NaN,
    NaN,
    NaN,
    NaN,
    NaN,
    NaN
  ]
}