{
  "Train": [
    0.1551814079284668,
    0.12384622544050217,
    0.09621018916368484,
    0.09730400145053864,
    0.09788966178894043,
    0.08508647978305817,
    0.08118146657943726,
    0.07853008061647415,
    0.07646748423576355,
    0.07610414177179337,
    0.07539340108633041,
    0.07547144591808319,
    0.07433576881885529,
    0.07393515110015869,
    0.07258184999227524,
    0.07220292836427689,
    0.07141377031803131,
    0.07091449946165085,
    0.07087209075689316,
    0.06987013667821884,
    0.0700763612985611,
    0.06787331402301788,
    0.0682811439037323,
    0.06667784601449966,
    0.06667552143335342
  ],
  "Training Time": 16.275365829467773,
  "Validate": [
    NaN,
    NaN,
    NaN,
    NaN,
    NaN,
    NaN,
    NaN,
    NaN,
    NaN,
    NaN,
    NaN,
    NaN,
    NaN,
    NaN,
    NaN,
    NaN,
    NaN,
    NaN,
    NaN,
    NaN,
    NaN,
    NaN,
    NaN,
    NaN,
    NaN
  ]
}