{
  "Train": [
    0.2866484522819519,
    0.12612499296665192,
    0.11429082602262497,
    0.10932093858718872,
    0.10564292967319489,
    0.10273880511522293,
    0.10026057064533234,
    0.09793751686811447,
    0.09612938016653061,
    0.093849316239357,
    0.08900396525859833,
    0.08937358111143112,
    0.08296196162700653,
    0.08857661485671997,
    0.07993455976247787,
    0.08388613164424896,
    0.08526329696178436,
    0.07694201171398163,
    0.07995390146970749,
    0.0821947306394577,
    0.07552928477525711,
    0.0751030370593071,
    0.08875703066587448,
    0.069867804646492,
    0.0740552768111229
  ],
  "Training Time": 12.81423306465149,
  "Validate": [
    0.14607234299182892,
    0.2539305090904236,
    0.3227710425853729,
    0.39404934644699097,
    0.45641326904296875,
    0.511980414390564,
    0.5765452980995178,
    0.6645703911781311,
    0.7292125821113586,
    0.7226098775863647,
    0.8134351372718811,
    0.7294512391090393,
    0.9020470976829529,
    0.760811984539032,
    0.9546927809715271,
    0.9192405343055725,
    0.7957347631454468,
    0.8966900110244751,
    1.1196317672729492,
    0.9071634411811829,
    0.9795911908149719,
    1.2027968168258667,
    1.1039881706237793,
    1.2647967338562012,
    1.038350224494934
  ]
}