{
  "Train": [
    0.6913256049156189,
    0.3917444348335266,
    0.3286610245704651,
    0.29590487480163574,
    0.27621936798095703,
    0.2614133656024933,
    0.2499818354845047,
    0.24038593471050262,
    0.23194672167301178,
    0.2242986410856247,
    0.21716570854187012,
    0.21038071811199188,
    0.2038344293832779,
    0.19744132459163666,
    0.19112475216388702,
    0.1848149448633194,
    0.17845135927200317,
    0.17198552191257477,
    0.16539904475212097,
    0.1587613970041275,
    0.15229390561580658,
    0.14632725715637207,
    0.14115281403064728,
    0.13687103986740112,
    0.13325737416744232
  ],
  "Training Time": 11.09943437576294,
  "Validate": [
    5.537041187286377,
    5.5316948890686035,
    5.9981584548950195,
    6.28639554977417,
    6.5052266120910645,
    6.671119689941406,
    6.800199508666992,
    6.893026351928711,
    6.952024936676025,
    6.9842000007629395,
    6.995267868041992,
    6.989185810089111,
    6.9682817459106445,
    6.93359375,
    6.885373115539551,
    6.823919773101807,
    6.750582695007324,
    6.668081283569336,
    6.579818248748779,
    6.490110397338867,
    6.404937744140625,
    6.32924222946167,
    6.266473293304443,
    6.220865249633789,
    6.189224720001221
  ]
}