{
  "Train": [
    0.9648759365081787,
    0.6427337527275085,
    0.43032997846603394,
    0.3353230059146881,
    0.2908102869987488,
    0.2611366808414459,
    0.2396429479122162,
    0.2233254313468933,
    0.21048976480960846,
    0.2001710683107376,
    0.19178315997123718,
    0.18493764102458954,
    0.1793552041053772,
    0.17481237649917603,
    0.17110493779182434,
    0.16803400218486786,
    0.165419340133667,
    0.16311867535114288,
    0.1610340029001236,
    0.1591031849384308,
    0.1572876274585724,
    0.1555623859167099,
    0.15391060709953308,
    0.15231989324092865,
    0.15078070759773254
  ],
  "Training Time": 5.906515836715698,
  "Validate": [
    0.7714622616767883,
    0.3801425099372864,
    0.3323954939842224,
    0.40235307812690735,
    0.46679356694221497,
    0.5136308670043945,
    0.5445623993873596,
    0.563186764717102,
    0.5727329254150391,
    0.5757677555084229,
    0.5742659568786621,
    0.5697152614593506,
    0.5632622241973877,
    0.5558372735977173,
    0.5481756925582886,
    0.5407514572143555,
    0.5337557792663574,
    0.527181088924408,
    0.5209414958953857,
    0.514948308467865,
    0.5091388821601868,
    0.5034787654876709,
    0.4979529082775116,
    0.49255821108818054,
    0.4872993528842926
  ]
}