{
  "Train": [
    1.0773898363113403,
    1.1478137969970703,
    1.0074474811553955,
    0.9573243260383606,
    0.9555534720420837,
    0.8937992453575134,
    0.8841355443000793,
    0.8908476233482361,
    0.88902747631073,
    0.8117427825927734,
    0.8110901713371277,
    0.748011589050293,
    0.6993207931518555,
    0.6385898590087891,
    0.6275443434715271,
    0.5840802788734436,
    0.6324130296707153,
    0.6879857778549194,
    0.6531694531440735,
    0.5612235069274902,
    0.5896773338317871,
    0.5729084610939026,
    0.5654100775718689,
    0.551960825920105,
    0.5594648122787476,
    0.4711492657661438,
    0.5347184538841248,
    0.5209473371505737,
    0.5296390652656555,
    0.4242801070213318,
    0.45033079385757446,
    0.5610318183898926,
    0.4774230122566223,
    0.5918595194816589,
    0.4202573597431183,
    0.345274418592453,
    0.43219107389450073,
    0.3780391216278076,
    0.5049213171005249,
    0.36860689520835876,
    0.37774911522865295,
    0.6813579201698303,
    0.3703371584415436,
    0.3973323702812195,
    0.25581297278404236,
    0.27045688033103943,
    0.4659077823162079,
    0.3764471113681793,
    0.3327457308769226,
    0.4051555097103119,
    0.2975851893424988,
    0.4052204191684723,
    0.21069779992103577,
    0.19310326874256134,
    0.1789233684539795,
    0.1711280196905136,
    0.16823290288448334,
    0.16725614666938782,
    0.15931472182273865,
    0.16060443222522736,
    0.1604052633047104,
    0.15755799412727356,
    0.16880986094474792,
    0.17970038950443268,
    0.16682517528533936,
    0.15788328647613525,
    0.16698241233825684,
    0.27041807770729065,
    1.208317756652832,
    1.2233644723892212,
    0.8050144910812378,
    0.7788796424865723,
    0.5187178254127502,
    0.5218040347099304,
    0.4337858259677887,
    0.3519738018512726,
    0.2708227336406708,
    0.22833724319934845,
    0.20440204441547394,
    0.18999221920967102,
    0.17713654041290283,
    0.16848909854888916,
    0.16329462826251984,
    0.15971587598323822,
    0.1569811850786209,
    0.15453402698040009,
    0.15186889469623566,
    0.1500706970691681,
    0.14872585237026215,
    0.16216206550598145,
    0.1663079410791397,
    0.16075517237186432,
    0.1827942132949829,
    0.19450649619102478,
    0.15301820635795593,
    0.16666890680789948,
    0.1466306895017624,
    0.1454313099384308,
    0.2101777344942093,
    0.880814254283905
  ],
  "Training Time": 162.3608410358429,
  "Validate": [
    1.1587233543395996,
    0.9927865862846375,
    1.0777407884597778,
    1.070815920829773,
    1.0328381061553955,
    1.1407338380813599,
    1.183645486831665,
    1.3255447149276733,
    1.0613054037094116,
    1.2697747945785522,
    1.3230293989181519,
    1.4721490144729614,
    1.7230744361877441,
    1.8558748960494995,
    1.8942570686340332,
    1.9680664539337158,
    1.9494946002960205,
    1.8386337757110596,
    2.0182430744171143,
    2.1732337474823,
    2.111799478530884,
    2.387615919113159,
    2.2483856678009033,
    2.422041416168213,
    2.22066593170166,
    2.4118406772613525,
    2.4216039180755615,
    2.3952295780181885,
    1.87775719165802,
    2.127163887023926,
    2.0992932319641113,
    2.696945905685425,
    2.961263418197632,
    1.685951590538025,
    2.71980619430542,
    2.9647057056427,
    2.8383359909057617,
    3.244537591934204,
    2.200551748275757,
    2.6676297187805176,
    3.269029140472412,
    2.8761181831359863,
    2.8087317943573,
    2.5349035263061523,
    2.639514684677124,
    2.8634164333343506,
    2.54339337348938,
    3.079064130783081,
    3.0828847885131836,
    2.86318039894104,
    3.492464303970337,
    1.8983032703399658,
    2.3007330894470215,
    2.2277891635894775,
    2.456308603286743,
    2.027580499649048,
    1.9394943714141846,
    2.049363851547241,
    2.0110361576080322,
    2.2723467350006104,
    2.1116697788238525,
    1.9785130023956299,
    2.2303597927093506,
    2.1361923217773438,
    1.9812816381454468,
    2.284364700317383,
    3.459355354309082,
    4.634126663208008,
    0.8839401602745056,
    4.380970001220703,
    3.845177412033081,
    3.177029609680176,
    2.515422821044922,
    2.253643751144409,
    1.538831353187561,
    1.5011909008026123,
    1.930144190788269,
    2.490734338760376,
    3.140186071395874,
    3.833153486251831,
    4.395292282104492,
    4.616510391235352,
    4.681180953979492,
    4.704258918762207,
    4.740014553070068,
    4.804174900054932,
    4.910333633422852,
    5.077876091003418,
    5.1385908126831055,
    5.252699851989746,
    5.023294448852539,
    5.528183460235596,
    5.822656631469727,
    5.662815570831299,
    5.438143730163574,
    5.903850078582764,
    5.425703048706055,
    5.728189945220947,
    6.022223949432373,
    1.0057700872421265
  ]
}