{
  "Train": [
    0.824336051940918,
    0.5006336569786072,
    0.35245397686958313,
    0.2907356321811676,
    0.2681225836277008,
    0.2563426196575165,
    0.24741317331790924,
    0.2398727387189865,
    0.23336318135261536,
    0.22771407663822174
  ],
  "Training Time": 7.665944814682007,
  "Validate": [
    30.5423583984375,
    30.43011474609375,
    30.155061721801758,
    29.7696475982666,
    29.377342224121094,
    29.032318115234375,
    28.748964309692383,
    28.52452850341797,
    28.349071502685547,
    28.211389541625977
  ]
}