{
  "Train": [
    0.8164771199226379,
    0.49728307127952576,
    0.435259610414505,
    0.38509127497673035,
    0.3513994514942169,
    0.3321716785430908,
    0.3206673264503479,
    0.31258708238601685,
    0.3062097430229187,
    0.3008892238140106
  ],
  "Training Time": 4.065507411956787,
  "Validate": [
    52.6146354675293,
    52.64391326904297,
    52.5342903137207,
    52.510013580322266,
    52.369232177734375,
    51.993167877197266,
    51.5069694519043,
    51.0270881652832,
    50.58336639404297,
    50.177547454833984
  ]
}