{
  "Train": [
    0.28428688645362854,
    0.25044023990631104,
    0.18013671040534973,
    0.15972012281417847,
    0.1437453180551529,
    0.12719003856182098,
    0.1160593256354332,
    0.10883408039808273,
    0.1015658751130104,
    0.09650380164384842
  ],
  "Training Time": 3.0795297622680664,
  "Validate": [
    NaN,
    NaN,
    NaN,
    NaN,
    NaN,
    NaN,
    NaN,
    NaN,
    NaN,
    NaN
  ]
}