{
  "Train": [
    1.2072144746780396,
    1.1502130031585693,
    1.125802993774414,
    1.1170730590820312,
    1.1058070659637451,
    1.0989618301391602,
    1.0897791385650635,
    1.0812170505523682,
    1.0717130899429321,
    1.0624359846115112
  ],
  "Training Time": 6.328697681427002,
  "Validate": [
    0.918881356716156,
    1.1526600122451782,
    1.2040290832519531,
    1.253252387046814,
    1.249984860420227,
    1.271295189857483,
    1.299961805343628,
    1.3536916971206665,
    1.4289461374282837,
    1.520068645477295
  ]
}