{
  "Train": [
    0.8121969103813171,
    0.795798122882843,
    0.7862990498542786,
    0.7774283289909363,
    0.766817033290863,
    0.7541980743408203,
    0.7405434250831604,
    0.7274910807609558,
    0.7161361575126648,
    0.7067418694496155
  ],
  "Training Time": 3.319196939468384,
  "Validate": [
    0.7372839450836182,
    0.766811728477478,
    0.7780948281288147,
    0.7798510193824768,
    0.7753914594650269,
    0.7656890153884888,
    0.7525967359542847,
    0.739206850528717,
    0.7279177308082581,
    0.7196259498596191
  ]
}