{
  "Train": [
    0.2817018926143646,
    0.2581895589828491,
    0.2315448820590973,
    0.21170924603939056,
    0.19517727196216583,
    0.1812770515680313,
    0.16904626786708832,
    0.15781499445438385,
    0.1476607322692871,
    0.13886944949626923
  ],
  "Training Time": 14.947298288345337,
  "Validate": [
    NaN,
    NaN,
    NaN,
    NaN,
    NaN,
    NaN,
    NaN,
    NaN,
    NaN,
    NaN
  ]
}