{
  "Train": [
    0.9282875061035156,
    0.8375458717346191,
    0.8191402554512024,
    0.8132991194725037,
    0.8100287318229675,
    0.8077319264411926,
    0.8059243559837341,
    0.8043973445892334,
    0.8030443787574768,
    0.8018057346343994
  ],
  "Training Time": 5.973860502243042,
  "Validate": [
    2.9722635746002197,
    2.673731565475464,
    2.6327483654022217,
    2.6126418113708496,
    2.599846363067627,
    2.5905981063842773,
    2.583385944366455,
    2.5774738788604736,
    2.5724565982818604,
    2.568094253540039
  ]
}