{
  "Train": [
    0.7581533789634705,
    0.7592775821685791,
    0.7534295320510864,
    0.7481582164764404,
    0.7430037260055542,
    0.7382252216339111,
    0.7338061332702637,
    0.7297525405883789,
    0.7259892225265503,
    0.7224267721176147
  ],
  "Training Time": 4.107540130615234,
  "Validate": [
    NaN,
    NaN,
    NaN,
    NaN,
    NaN,
    NaN,
    NaN,
    NaN,
    NaN,
    NaN
  ]
}