{
  "Train": [
    0.9511779546737671,
    0.9017506837844849,
    0.8641291856765747,
    0.8433632254600525,
    0.8237210512161255,
    0.800719678401947,
    0.7811256051063538,
    0.7473710775375366,
    0.8118491768836975,
    0.7313160300254822
  ],
  "Training Time": 7.008355140686035,
  "Validate": [
    0.7087602615356445,
    0.4712454080581665,
    0.4609987139701843,
    0.4290696084499359,
    0.41201508045196533,
    0.40491774678230286,
    0.39183762669563293,
    0.39326417446136475,
    0.34958723187446594,
    0.35567525029182434
  ]
}