{
  "Train": [
    1.0288351774215698,
    0.9836331605911255,
    0.9566887617111206,
    0.9339262843132019,
    0.9135237336158752,
    0.8943701982498169,
    0.8767858147621155,
    0.8610377311706543,
    0.8464820981025696,
    0.8327932357788086
  ],
  "Training Time": 6.019157409667969,
  "Validate": [
    NaN,
    NaN,
    NaN,
    NaN,
    NaN,
    NaN,
    NaN,
    NaN,
    NaN,
    NaN
  ]
}