{
  "Train": [
    1.0153039693832397,
    0.9846746325492859,
    0.9529339671134949,
    0.9208709001541138,
    0.9414064288139343,
    0.9030476212501526,
    0.8316991925239563,
    0.8880801796913147,
    0.7840084433555603,
    0.757926344871521
  ],
  "Training Time": 5.139249086380005,
  "Validate": [
    0.4397954046726227,
    0.3861444294452667,
    0.4296247661113739,
    0.3972284197807312,
    0.513336718082428,
    0.4211644232273102,
    0.37320613861083984,
    0.41200482845306396,
    0.3857283592224121,
    0.35780829191207886
  ]
}