{
  "Train": [
    0.9974251985549927,
    0.9228789210319519,
    0.8565266728401184,
    0.8370892405509949,
    0.8227537274360657,
    0.8103974461555481,
    0.798669695854187,
    0.7873567938804626,
    0.7769819498062134,
    0.7658144235610962,
    0.7492117285728455,
    0.7375617027282715,
    0.7335734963417053,
    0.7236232161521912,
    0.7136987447738647,
    0.7079244256019592,
    0.7048103213310242,
    0.7014033198356628,
    0.6955615282058716,
    0.688805341720581,
    0.6830936074256897,
    0.677996814250946,
    0.673047661781311,
    0.6680858135223389,
    0.6629698872566223,
    0.6575720310211182,
    0.6517479419708252,
    0.645309329032898,
    0.6380028128623962,
    0.6298837661743164,
    0.6224767565727234,
    0.6168617606163025,
    0.6132368445396423,
    0.6133494973182678,
    0.6283708214759827,
    0.6429459452629089,
    0.6429116725921631,
    0.6511225700378418,
    0.620344340801239,
    0.6029078364372253,
    0.6117863059043884,
    0.6071770191192627,
    0.5875154137611389,
    0.5765429139137268,
    0.5737727880477905,
    0.5691642761230469,
    0.5619699358940125,
    0.5541495680809021,
    0.545991837978363,
    0.5374236702919006,
    0.5284447073936462,
    0.5186915993690491,
    0.5083569884300232,
    0.4983029365539551,
    0.4883139729499817,
    0.4781685471534729,
    0.46764978766441345,
    0.4592388868331909,
    0.4493636190891266,
    0.46642351150512695,
    0.6149478554725647,
    0.5095401406288147,
    0.519627034664154,
    0.6700153946876526,
    0.49509596824645996,
    0.4004678726196289,
    0.3796892464160919,
    0.3767911195755005,
    0.35997629165649414,
    0.34650495648384094,
    0.33315351605415344,
    0.3198625147342682,
    0.30979377031326294,
    0.2999613285064697,
    0.29177147150039673,
    0.2824673056602478,
    0.2742619812488556,
    0.26816076040267944,
    0.2673940062522888,
    0.24461501836776733,
    0.24127280712127686,
    0.24689881503582,
    0.2631884217262268,
    0.32657650113105774,
    0.35058385133743286,
    0.44108548760414124,
    0.3791213929653168,
    0.4676746428012848,
    0.4229223430156708,
    0.2497275173664093,
    0.2135460376739502,
    0.20033814013004303,
    0.186359241604805,
    0.17874298989772797,
    0.1687089502811432,
    0.16351856291294098,
    0.15515652298927307,
    0.15302912890911102,
    0.14374510943889618,
    0.14507924020290375
  ],
  "Training Time": 76.36912512779236,
  "Validate": [
    3.656968116760254,
    3.3594894409179688,
    3.0010886192321777,
    2.85722279548645,
    2.766827344894409,
    2.6848485469818115,
    2.606862783432007,
    2.544346809387207,
    2.519162893295288,
    2.5643088817596436,
    2.621598720550537,
    2.5751259326934814,
    2.47694993019104,
    2.3721094131469727,
    2.308462381362915,
    2.2744672298431396,
    2.2613425254821777,
    2.248922109603882,
    2.2337911128997803,
    2.219344139099121,
    2.2059531211853027,
    2.191591739654541,
    2.176187515258789,
    2.15999436378479,
    2.1432137489318848,
    2.126091480255127,
    2.1091437339782715,
    2.0938546657562256,
    2.0841805934906006,
    2.084563970565796,
    2.089362621307373,
    2.0952188968658447,
    2.104553461074829,
    2.1081113815307617,
    1.9234893321990967,
    2.0575733184814453,
    2.2526824474334717,
    2.135158061981201,
    2.3272480964660645,
    2.1858139038085938,
    2.1562917232513428,
    2.2882795333862305,
    2.4288957118988037,
    2.382629632949829,
    2.398946523666382,
    2.449476718902588,
    2.4985532760620117,
    2.548682689666748,
    2.6047444343566895,
    2.6685163974761963,
    2.7437245845794678,
    2.830098867416382,
    2.908342123031616,
    2.974761724472046,
    3.026594400405884,
    3.011444330215454,
    2.9378950595855713,
    2.9367494583129883,
    2.85629940032959,
    3.1451308727264404,
    3.1327598094940186,
    3.4125335216522217,
    3.0818214416503906,
    3.6324732303619385,
    2.885805606842041,
    3.0522079467773438,
    3.1965630054473877,
    3.2938392162323,
    3.3593575954437256,
    3.444281816482544,
    3.483330488204956,
    3.5411081314086914,
    3.6098990440368652,
    3.7472877502441406,
    3.7982850074768066,
    3.885301113128662,
    3.9052674770355225,
    4.048316478729248,
    4.0507612228393555,
    4.123457908630371,
    4.095857620239258,
    4.555718421936035,
    4.135924816131592,
    4.350064277648926,
    4.568490505218506,
    5.186901092529297,
    4.6182332038879395,
    4.583383560180664,
    4.379324436187744,
    4.785754203796387,
    4.783655166625977,
    4.876113414764404,
    4.854750156402588,
    4.93546724319458,
    4.944147109985352,
    4.915521621704102,
    4.989177703857422,
    4.935458183288574,
    5.0636820793151855,
    5.051980495452881
  ]
}