{
  "Train": [
    0.7364702820777893,
    0.7087887525558472,
    0.6965238451957703,
    0.6873034834861755,
    0.6782196164131165,
    0.6687371134757996,
    0.6580312848091125,
    0.6449611783027649,
    0.6276915669441223,
    0.6105412244796753
  ],
  "Training Time": 5.119142293930054,
  "Validate": [
    0.3912914991378784,
    0.40118172764778137,
    0.3998468220233917,
    0.3921583294868469,
    0.38473251461982727,
    0.3824467957019806,
    0.39286404848098755,
    0.42464783787727356,
    0.46004679799079895,
    0.47157248854637146
  ]
}