{
  "Train": [
    0.9433955550193787,
    0.9002267122268677,
    0.855713963508606,
    0.8438716530799866,
    0.8322384357452393,
    0.8218313455581665,
    0.8114247918128967,
    0.800237774848938,
    0.7889019846916199,
    0.780333936214447
  ],
  "Training Time": 5.609129428863525,
  "Validate": [
    3.2345595359802246,
    3.313603401184082,
    2.998969793319702,
    2.9510068893432617,
    2.8763978481292725,
    2.8386685848236084,
    2.808323860168457,
    2.8214550018310547,
    2.8577375411987305,
    2.8413145542144775
  ]
}