{
  "Train": [
    0.28209808468818665,
    0.19521717727184296,
    0.16164129972457886,
    0.13675256073474884,
    0.12212620675563812,
    0.10599294304847717,
    0.09690471738576889,
    0.08774445950984955,
    0.08067250996828079,
    0.07478087395429611
  ],
  "Training Time": 4.019430637359619,
  "Validate": [
    NaN,
    NaN,
    NaN,
    NaN,
    NaN,
    NaN,
    NaN,
    NaN,
    NaN,
    NaN
  ]
}