{
  "Train": [
    0.8207728862762451,
    0.5814891457557678,
    0.5394012331962585,
    0.49597373604774475,
    0.4511077404022217,
    0.41048672795295715,
    0.379899263381958,
    0.35913515090942383,
    0.34494510293006897,
    0.33452725410461426
  ],
  "Training Time": 5.3797523975372314,
  "Validate": [
    53.90483856201172,
    54.041709899902344,
    54.125450134277344,
    54.29777145385742,
    54.643775939941406,
    54.98825454711914,
    55.079158782958984,
    54.88911819458008,
    54.508548736572266,
    54.012630462646484
  ]
}