{
  "Train": [
    0.0821041613817215,
    0.055367279797792435,
    0.04881906136870384,
    0.04356105998158455,
    0.04142410308122635,
    0.03764372691512108,
    0.03682442009449005,
    0.034136030822992325,
    0.03356562927365303,
    0.031138181686401367,
    0.03099053166806698,
    0.02861698716878891,
    0.0291628185659647,
    0.027046486735343933,
    0.027125947177410126,
    0.02549247071146965,
    0.025039030238986015,
    0.024311956018209457,
    0.02346215210855007,
    0.023548981174826622,
    0.022622860968112946,
    0.022623267024755478,
    0.022074716165661812,
    0.02175965905189514,
    0.021478883922100067
  ],
  "Training Time": 15.24355936050415,
  "Validate": [
    NaN,
    NaN,
    NaN,
    NaN,
    NaN,
    NaN,
    NaN,
    NaN,
    NaN,
    NaN,
    NaN,
    NaN,
    NaN,
    NaN,
    NaN,
    NaN,
    NaN,
    NaN,
    NaN,
    NaN,
    NaN,
    NaN,
    NaN,
    NaN,
    NaN
  ]
}