{
  "Train": [
    0.6159552335739136,
    0.3466586768627167,
    0.31921544671058655,
    0.30240392684936523,
    0.2894756495952606,
    0.27861765027046204,
    0.2689127027988434,
    0.25980016589164734,
    0.2510930001735687,
    0.24338847398757935
  ],
  "Training Time": 5.147211790084839,
  "Validate": [
    32.03615188598633,
    30.77679443359375,
    30.15138053894043,
    29.803680419921875,
    29.677379608154297,
    29.69151496887207,
    29.7972469329834,
    29.972867965698242,
    30.208189010620117,
    30.486114501953125
  ]
}