{
  "Train": [
    0.34715762734413147,
    0.28459760546684265,
    0.25154557824134827,
    0.22380253672599792,
    0.19946780800819397,
    0.18325263261795044,
    0.1676727831363678,
    0.1603497862815857,
    0.15227220952510834,
    0.15889529883861542
  ],
  "Training Time": 6.076755523681641,
  "Validate": [
    NaN,
    NaN,
    NaN,
    NaN,
    NaN,
    NaN,
    NaN,
    NaN,
    NaN,
    NaN
  ]
}