{
  "Train": [
    1.0407403707504272,
    0.8831507563591003,
    0.8399398922920227,
    0.8213633298873901,
    0.8096267580986023,
    0.7997740507125854,
    0.7904413342475891,
    0.7812159657478333,
    0.7718169093132019,
    0.7620007991790771,
    0.750164806842804,
    0.7343171238899231,
    0.7200456261634827,
    0.7077834010124207,
    0.696260392665863,
    0.6828513741493225,
    0.674414336681366,
    0.6926704049110413,
    0.6968659162521362,
    0.6835789084434509,
    0.669854462146759,
    0.6589453220367432,
    0.6532346606254578,
    0.6479170322418213,
    0.6432357430458069,
    0.6384604573249817,
    0.6330000162124634,
    0.6265270709991455,
    0.619482696056366,
    0.6126640439033508,
    0.6064863204956055,
    0.6009277701377869,
    0.5959528684616089,
    0.592069685459137,
    0.5897148847579956,
    0.5896016359329224,
    0.5915318131446838,
    0.5680937767028809,
    0.5677558779716492,
    0.5616562366485596,
    0.5402174592018127,
    0.5576208829879761,
    0.5349183678627014,
    0.6133714318275452,
    0.5273011922836304,
    0.5224459767341614,
    0.5008821487426758,
    0.4845324754714966,
    0.47405195236206055,
    0.46350255608558655,
    0.45429274439811707,
    0.4469040036201477,
    0.4396602511405945,
    0.4313737452030182,
    0.4239634871482849,
    0.41860833764076233,
    0.414050817489624,
    0.4091648459434509,
    0.404558390378952,
    0.40089136362075806,
    0.39912375807762146,
    0.4006655514240265,
    0.41975873708724976,
    0.6830757260322571,
    0.6011609435081482,
    0.5338930487632751,
    0.5030679106712341,
    0.4800114333629608,
    0.461631178855896,
    0.4486636519432068,
    0.4394729733467102,
    0.4322998821735382,
    0.4261600375175476,
    0.42044609785079956,
    0.41482269763946533,
    0.4091615080833435,
    0.4034307897090912,
    0.39745911955833435,
    0.3910779654979706,
    0.3844377100467682,
    0.37808606028556824,
    0.37226152420043945,
    0.3668539226055145,
    0.3616885244846344,
    0.3566634953022003,
    0.35172101855278015,
    0.3467697203159332,
    0.34167900681495667,
    0.3363126218318939,
    0.3305824100971222,
    0.32447028160095215,
    0.31804829835891724,
    0.31149840354919434,
    0.30513259768486023,
    0.29949888586997986,
    0.2947941720485687,
    0.29158082604408264,
    0.29155510663986206,
    0.3653896152973175,
    0.44703584909439087
  ],
  "Training Time": 76.00075507164001,
  "Validate": [
    3.4953620433807373,
    3.161299228668213,
    2.9452004432678223,
    2.8089945316314697,
    2.7160749435424805,
    2.640716314315796,
    2.576853036880493,
    2.5232362747192383,
    2.489631414413452,
    2.4789891242980957,
    2.502354621887207,
    2.561331033706665,
    2.573201894760132,
    2.499115467071533,
    2.4197323322296143,
    2.491412878036499,
    2.3179564476013184,
    2.0861661434173584,
    2.25126051902771,
    2.208383083343506,
    2.1555862426757812,
    2.1372182369232178,
    2.1163594722747803,
    2.1012182235717773,
    2.0916051864624023,
    2.0879459381103516,
    2.0899786949157715,
    2.0968778133392334,
    2.107529640197754,
    2.1210691928863525,
    2.1366682052612305,
    2.1535768508911133,
    2.171754837036133,
    2.192875862121582,
    2.2168149948120117,
    2.242523431777954,
    2.276043176651001,
    2.306083917617798,
    2.4040415287017822,
    2.377887487411499,
    2.4766643047332764,
    2.5270185470581055,
    2.449740409851074,
    2.513319730758667,
    2.336014986038208,
    2.442315101623535,
    2.2670950889587402,
    2.335563898086548,
    2.3611581325531006,
    2.3824331760406494,
    2.370410203933716,
    2.3827195167541504,
    2.423909902572632,
    2.4680120944976807,
    2.509678602218628,
    2.542957305908203,
    2.574598550796509,
    2.6090872287750244,
    2.6471405029296875,
    2.6565706729888916,
    2.766341209411621,
    2.577181100845337,
    2.8184168338775635,
    2.4052207469940186,
    2.860163450241089,
    2.408508777618408,
    2.4332103729248047,
    2.4520556926727295,
    2.4604651927948,
    2.457980155944824,
    2.460625410079956,
    2.4666190147399902,
    2.475849151611328,
    2.4909186363220215,
    2.514652729034424,
    2.5472371578216553,
    2.5826570987701416,
    2.613435983657837,
    2.637500047683716,
    2.654261350631714,
    2.6667098999023438,
    2.6805617809295654,
    2.699455976486206,
    2.723651885986328,
    2.7517666816711426,
    2.7822625637054443,
    2.8136847019195557,
    2.844489336013794,
    2.8729662895202637,
    2.896601676940918,
    2.9120423793792725,
    2.918001651763916,
    2.918470621109009,
    2.9198484420776367,
    2.923908233642578,
    2.932570695877075,
    2.9460039138793945,
    3.0469412803649902,
    3.05997371673584,
    2.683305025100708
  ]
}