{
  "Train": [
    0.7097020149230957,
    0.5880846381187439,
    0.5351209044456482,
    0.5154271721839905,
    0.4869978725910187,
    0.4602642357349396,
    0.4403042495250702,
    0.4231007397174835,
    0.40920963883399963,
    0.3981289267539978,
    0.38301125168800354,
    0.37213262915611267,
    0.3631479740142822,
    0.35206982493400574,
    0.3392184376716614,
    0.3579404056072235,
    0.3742750287055969,
    0.3519703447818756,
    0.31284263730049133,
    0.3594561219215393,
    0.33137887716293335,
    0.28626182675361633,
    0.27506527304649353,
    0.26769858598709106,
    0.25672775506973267,
    0.2739625871181488,
    0.2744508981704712,
    0.24405160546302795,
    0.2583487331867218,
    0.2304723709821701,
    0.22526220977306366,
    0.2130807638168335,
    0.2428586781024933,
    0.29326245188713074,
    0.23468543589115143,
    0.20404815673828125,
    0.20576223731040955,
    0.19379352033138275,
    0.22392399609088898,
    0.2235834151506424,
    0.2200220674276352,
    0.1853782683610916,
    0.16669850051403046,
    0.14736032485961914,
    0.1478576809167862,
    0.14490939676761627,
    0.1353999674320221,
    0.1308036744594574,
    0.13270244002342224,
    0.12902255356311798,
    0.1328594833612442,
    0.20504187047481537,
    0.3768186569213867,
    0.3004302978515625,
    0.2677515149116516,
    0.23631630837917328,
    0.22187602519989014,
    0.1779325008392334,
    0.1539059579372406,
    0.1672240048646927,
    0.1478062868118286,
    0.14321479201316833,
    0.126053586602211,
    0.12149576842784882,
    0.11442194879055023,
    0.11046835035085678,
    0.10719235986471176,
    0.10341249406337738,
    0.0993344709277153,
    0.10124833136796951,
    0.09671936929225922,
    0.10954094678163528,
    0.09288788586854935,
    0.088109590113163,
    0.09162811934947968,
    0.08994102478027344,
    0.09611053019762039,
    0.0848102793097496,
    0.1526026427745819,
    0.338513046503067,
    0.20143011212348938,
    0.1453685313463211,
    0.11846594512462616,
    0.11509036272764206,
    0.12769193947315216,
    0.14236406981945038,
    0.09811217337846756,
    0.11001469939947128,
    0.08543850481510162,
    0.16969433426856995,
    0.1259404718875885,
    0.0914604663848877,
    0.0789007693529129,
    0.11807449162006378,
    0.07163022458553314,
    0.07737543433904648,
    0.10517673939466476,
    0.09543274343013763,
    0.06558500975370407,
    0.049206025898456573
  ],
  "Training Time": 99.38046097755432,
  "Validate": [
    0.30870306491851807,
    0.31012746691703796,
    0.3029876947402954,
    0.29885077476501465,
    0.29428064823150635,
    0.29038694500923157,
    0.28551188111305237,
    0.28007078170776367,
    0.27404895424842834,
    0.2687873840332031,
    0.26189297437667847,
    0.25512051582336426,
    0.2512865364551544,
    0.24216502904891968,
    0.2348477840423584,
    0.22770994901657104,
    0.2319822460412979,
    0.22718705236911774,
    0.22380146384239197,
    0.22415514290332794,
    0.22508324682712555,
    0.2205149531364441,
    0.22005416452884674,
    0.22035440802574158,
    0.22952646017074585,
    0.23850518465042114,
    0.22612930834293365,
    0.2180953174829483,
    0.221939817070961,
    0.20600436627864838,
    0.22547024488449097,
    0.22230543196201324,
    0.20509757101535797,
    0.2058400958776474,
    0.20565670728683472,
    0.1961730569601059,
    0.1961643546819687,
    0.2224859595298767,
    0.24562282860279083,
    0.21412740647792816,
    0.19558611512184143,
    0.1885717809200287,
    0.18920351564884186,
    0.18619798123836517,
    0.18528734147548676,
    0.1845964789390564,
    0.18121908605098724,
    0.18033799529075623,
    0.18101687729358673,
    0.1774997115135193,
    0.17815887928009033,
    0.1810372769832611,
    0.21680507063865662,
    0.22320275008678436,
    0.17580896615982056,
    0.1585138440132141,
    0.16082121431827545,
    0.15447606146335602,
    0.12276847660541534,
    0.13294507563114166,
    0.15705591440200806,
    0.17896080017089844,
    0.17170052230358124,
    0.17251084744930267,
    0.18397942185401917,
    0.20440302789211273,
    0.2334677278995514,
    0.27391135692596436,
    0.33150044083595276,
    0.36029911041259766,
    0.4331984221935272,
    0.41385748982429504,
    0.4389747679233551,
    0.5199424624443054,
    0.5400194525718689,
    0.5324949622154236,
    0.6071114540100098,
    0.584912896156311,
    0.7096220850944519,
    0.5853683352470398,
    0.3732595443725586,
    0.4568527936935425,
    0.49214789271354675,
    0.35135698318481445,
    0.7050683498382568,
    0.4444984197616577,
    0.5540640354156494,
    0.4254831075668335,
    0.5898764729499817,
    0.3026256859302521,
    0.4655984044075012,
    0.5653799772262573,
    0.5877999067306519,
    0.5719282031059265,
    0.6407432556152344,
    0.3505825102329254,
    0.8206982016563416,
    0.33047112822532654,
    0.3773080110549927,
    0.4377882778644562
  ]
}