{
  "Train": [
    0.41507163643836975,
    0.33883583545684814,
    0.29175227880477905,
    0.27397584915161133,
    0.2599833309650421,
    0.24667586386203766,
    0.2363765984773636,
    0.226863831281662,
    0.2196962684392929,
    0.21249854564666748
  ],
  "Training Time": 6.119961500167847,
  "Validate": [
    32.35856628417969,
    32.322933197021484,
    31.930469512939453,
    31.860424041748047,
    31.417705535888672,
    31.180992126464844,
    30.620704650878906,
    30.328845977783203,
    29.707334518432617,
    29.5795955657959
  ]
}