{
  "Train": [
    0.20515745878219604,
    0.2014862447977066,
    0.16442011296749115,
    0.15227048099040985,
    0.1397887021303177,
    0.1317238062620163,
    0.1225397065281868,
    0.11480455845594406,
    0.10828979313373566,
    0.09951464086771011
  ],
  "Training Time": 7.059995889663696,
  "Validate": [
    NaN,
    NaN,
    NaN,
    NaN,
    NaN,
    NaN,
    NaN,
    NaN,
    NaN,
    NaN
  ]
}