{
  "Train": [
    1.1165635585784912,
    1.0895334482192993,
    1.0740429162979126,
    1.05784010887146,
    1.0390897989273071,
    1.0172990560531616,
    0.9940155148506165,
    0.9701855778694153,
    0.9465951919555664,
    0.9234920144081116
  ],
  "Training Time": 3.6019649505615234,
  "Validate": [
    4.340664386749268,
    4.366267681121826,
    4.3683552742004395,
    4.364104747772217,
    4.380739688873291,
    4.437171459197998,
    4.497629165649414,
    4.516452312469482,
    4.486392498016357,
    4.422861099243164
  ]
}