{
  "Train": [
    1.2345770597457886,
    1.1198468208312988,
    1.0840169191360474,
    1.0542304515838623,
    1.026328444480896,
    1.0017046928405762,
    0.9743202328681946,
    0.9676786065101624,
    0.9446524977684021,
    0.9228958487510681
  ],
  "Training Time": 2.8280434608459473,
  "Validate": [
    1.5647422075271606,
    1.7472026348114014,
    1.9829472303390503,
    2.2701146602630615,
    2.500523805618286,
    2.5623960494995117,
    2.649090528488159,
    2.7423081398010254,
    2.8971974849700928,
    3.0208702087402344
  ]
}