{
  "Train": [
    0.670066237449646,
    0.5636386871337891,
    0.49109891057014465,
    0.4636725187301636,
    0.4470122754573822,
    0.44407814741134644,
    0.4383830726146698,
    0.4170633852481842,
    0.40597376227378845,
    0.40657007694244385
  ],
  "Training Time": 20.298871517181396,
  "Validate": [
    NaN,
    NaN,
    NaN,
    NaN,
    NaN,
    NaN,
    NaN,
    NaN,
    NaN,
    NaN
  ]
}