{
  "Train": [
    0.7048815488815308,
    0.38959768414497375,
    0.35757771134376526,
    0.33582600951194763,
    0.3163295388221741,
    0.2970088720321655,
    0.27999094128608704,
    0.26360994577407837,
    0.24756832420825958,
    0.23882949352264404
  ],
  "Training Time": 18.096195936203003,
  "Validate": [
    39.999168395996094,
    36.393733978271484,
    35.67930221557617,
    35.46919250488281,
    35.6395149230957,
    36.28175354003906,
    37.502342224121094,
    38.64306640625,
    39.39862060546875,
    39.225120544433594
  ]
}