{
  "Train": [
    0.9771475791931152,
    0.9626819491386414,
    0.9471856951713562,
    0.9333537220954895,
    0.9206151366233826,
    0.9179363250732422,
    0.9048472046852112,
    0.8996832966804504,
    0.880321204662323,
    0.9367275238037109
  ],
  "Training Time": 2.4796204566955566,
  "Validate": [
    0.4831234812736511,
    0.4326268136501312,
    0.36330506205558777,
    0.34797680377960205,
    0.33529624342918396,
    0.34839752316474915,
    0.339013010263443,
    0.3702559769153595,
    0.34198668599128723,
    0.30962201952934265
  ]
}