{
  "Train": [
    0.9172505140304565,
    0.9229010939598083,
    0.8880881667137146,
    0.8732322454452515,
    0.8764275312423706,
    0.8578841090202332,
    0.8281868696212769,
    0.8376320004463196,
    0.818389356136322,
    0.7762491703033447
  ],
  "Training Time": 3.099555253982544,
  "Validate": [
    NaN,
    NaN,
    NaN,
    NaN,
    NaN,
    NaN,
    NaN,
    NaN,
    NaN,
    NaN
  ]
}