{
  "Train": [
    0.9712952375411987,
    0.7930215001106262,
    0.7254210114479065,
    0.6659568548202515,
    0.6159862279891968,
    0.581114649772644,
    0.5472856760025024,
    0.5118862986564636,
    0.48049500584602356,
    0.4509751498699188
  ],
  "Training Time": 5.039969205856323,
  "Validate": [
    0.9373697638511658,
    0.8693671822547913,
    0.8870913982391357,
    0.892795741558075,
    0.8654075860977173,
    1.0226686000823975,
    0.8235765099525452,
    0.9398494362831116,
    0.6931121349334717,
    0.5847286581993103
  ]
}