{
  "Train": [
    0.8769530057907104,
    0.3607560694217682,
    0.3051660656929016,
    0.2873936891555786,
    0.2755253314971924,
    0.2660285532474518,
    0.2580196261405945,
    0.25094476342201233,
    0.24458248913288116,
    0.2387852519750595
  ],
  "Training Time": 5.779966354370117,
  "Validate": [
    32.505943298339844,
    32.94962692260742,
    31.856403350830078,
    31.442363739013672,
    30.983379364013672,
    30.696441650390625,
    30.416040420532227,
    30.16136932373047,
    29.921886444091797,
    29.697948455810547
  ]
}