{
  "Train": [
    0.9263960123062134,
    0.4235040247440338,
    0.38376346230506897,
    0.3606589436531067,
    0.3387909531593323,
    0.32154735922813416,
    0.30841219425201416,
    0.29677239060401917,
    0.28595632314682007,
    0.2758501470088959
  ],
  "Training Time": 8.00996446609497,
  "Validate": [
    36.81222152709961,
    37.819210052490234,
    37.48017501831055,
    37.1541748046875,
    36.93887710571289,
    36.73707580566406,
    36.57434844970703,
    36.44685363769531,
    36.34599304199219,
    36.27830505371094
  ]
}