{
  "Train": [
    1.13213050365448,
    0.9485405087471008,
    0.9079129099845886,
    0.8818231821060181,
    0.8514083623886108,
    0.8169933557510376,
    0.7845001220703125,
    0.7502662539482117,
    0.7317224144935608,
    0.7005663514137268
  ],
  "Training Time": 7.169963359832764,
  "Validate": [
    1.7013859748840332,
    1.829383373260498,
    2.079911470413208,
    2.3022661209106445,
    2.586970567703247,
    3.089167833328247,
    3.6394858360290527,
    4.905383586883545,
    5.103143215179443,
    6.694343090057373
  ]
}