{
  "Train": [
    0.603822648525238,
    0.4900199770927429,
    0.46591463685035706,
    0.45396214723587036,
    0.44442352652549744,
    0.4353058338165283,
    0.42646634578704834,
    0.4170413315296173,
    0.4066459834575653,
    0.39486876130104065
  ],
  "Training Time": 9.159956216812134,
  "Validate": [
    NaN,
    NaN,
    NaN,
    NaN,
    NaN,
    NaN,
    NaN,
    NaN,
    NaN,
    NaN
  ]
}