{
  "Train": [
    1.0631088018417358,
    1.05818772315979,
    1.0553582906723022,
    1.0541834831237793,
    1.0533264875411987,
    1.0527819395065308,
    1.052149772644043,
    1.051575779914856,
    1.0510858297348022,
    1.051304578781128
  ],
  "Training Time": 5.530028581619263,
  "Validate": [
    3.157656669616699,
    3.1455636024475098,
    3.1425936222076416,
    3.140289306640625,
    3.139402151107788,
    3.136911392211914,
    3.1349730491638184,
    3.1344127655029297,
    3.13716459274292,
    3.133692979812622
  ]
}