{
  "Train": [
    0.7977601885795593,
    0.7101547122001648,
    0.6873353123664856,
    0.6672376990318298,
    0.6556660532951355,
    0.6435732841491699,
    0.6275805830955505,
    0.6121311783790588,
    0.5959140658378601,
    0.5890582799911499
  ],
  "Training Time": 14.914685010910034,
  "Validate": [
    0.41101205348968506,
    0.44031932950019836,
    0.4373894929885864,
    0.4317990243434906,
    0.42731669545173645,
    0.43046876788139343,
    0.4411276578903198,
    0.4690825343132019,
    0.508353054523468,
    0.5366741418838501
  ]
}