{
  "Train": [
    0.8872807025909424,
    0.8301215767860413,
    0.7908081412315369,
    0.7726103067398071,
    0.7245607972145081,
    0.7230322360992432,
    0.6396094560623169,
    0.6549332737922668,
    0.7697186470031738,
    0.6251553297042847
  ],
  "Training Time": 19.666685581207275,
  "Validate": [
    NaN,
    NaN,
    NaN,
    NaN,
    NaN,
    NaN,
    NaN,
    NaN,
    NaN,
    NaN
  ]
}