{
  "Train": [
    0.44109228253364563,
    0.4174584746360779,
    0.4016217887401581,
    0.38925567269325256,
    0.378847599029541,
    0.3698250949382782,
    0.36195534467697144,
    0.3550955057144165,
    0.34911492466926575,
    0.34388527274131775
  ],
  "Training Time": 1.798924446105957,
  "Validate": [
    NaN,
    NaN,
    NaN,
    NaN,
    NaN,
    NaN,
    NaN,
    NaN,
    NaN,
    NaN
  ]
}