{
  "Train": [
    0.4766713082790375,
    0.12241830676794052,
    0.08127909153699875,
    0.0706653743982315,
    0.06422191858291626,
    0.05881023406982422,
    0.053952332586050034,
    0.04953506216406822,
    0.04548530653119087,
    0.04171472787857056,
    0.0381309911608696,
    0.03466399386525154,
    0.03130622208118439,
    0.028186682611703873,
    0.025739187374711037,
    0.024433203041553497,
    0.023907512426376343,
    0.02354275994002819,
    0.023186882957816124,
    0.02285427786409855,
    0.022554337978363037,
    0.022286146879196167,
    0.0220454353839159,
    0.021827571094036102,
    0.021628545597195625
  ],
  "Training Time": 5.509683132171631,
  "Validate": [
    1.754231572151184,
    0.5634133815765381,
    0.3751845061779022,
    0.3167020082473755,
    0.29307377338409424,
    0.2806941270828247,
    0.2734244167804718,
    0.26955991983413696,
    0.2687118351459503,
    0.27120938897132874,
    0.2777393162250519,
    0.2887251377105713,
    0.303207665681839,
    0.3188048303127289,
    0.335488498210907,
    0.34975969791412354,
    0.3562418520450592,
    0.3596104085445404,
    0.36286938190460205,
    0.36625900864601135,
    0.3695153295993805,
    0.37245625257492065,
    0.3750033378601074,
    0.37713584303855896,
    0.3788636326789856
  ]
}