{
  "Train": [
    0.9024583697319031,
    0.859761655330658,
    0.839848518371582,
    0.8284669518470764,
    0.8205326795578003,
    0.8140461444854736,
    0.8083786368370056,
    0.8029541373252869,
    0.7973740696907043,
    0.7912021279335022
  ],
  "Training Time": 5.96084451675415,
  "Validate": [
    3.140989065170288,
    3.074298620223999,
    3.0523569583892822,
    3.0340638160705566,
    3.016815423965454,
    2.9969239234924316,
    2.976264238357544,
    2.953591823577881,
    2.9280929565429688,
    2.899669885635376
  ]
}