{
  "Train": [
    0.7718499302864075,
    0.7427402138710022,
    0.7283429503440857,
    0.7123495936393738,
    0.6923386454582214,
    0.6730895042419434,
    0.6644555926322937,
    0.6248916387557983,
    0.6135693192481995,
    0.5962807536125183
  ],
  "Training Time": 6.747359275817871,
  "Validate": [
    NaN,
    NaN,
    NaN,
    NaN,
    NaN,
    NaN,
    NaN,
    NaN,
    NaN,
    NaN
  ]
}