{
  "Train": [
    0.7084912657737732,
    0.5617159008979797,
    0.5019850134849548,
    0.46895915269851685,
    0.4375438392162323,
    0.401416152715683,
    0.360927015542984,
    0.31770727038383484,
    0.27683934569358826,
    0.24507105350494385
  ],
  "Training Time": 2.9084200859069824,
  "Validate": [
    0.19482488930225372,
    0.24120770394802094,
    0.26425009965896606,
    0.2884550392627716,
    0.3241626024246216,
    0.38443487882614136,
    0.4390527904033661,
    0.30961719155311584,
    0.2723810374736786,
    0.28458425402641296
  ]
}