{
  "Train": [
    1.4359652996063232,
    1.0491106510162354,
    0.9126631021499634,
    0.8270666003227234,
    0.7729982137680054,
    0.7772555351257324,
    0.8381523489952087,
    0.7512883543968201,
    0.7042553424835205,
    0.6915249228477478,
    0.6642407178878784,
    0.6705584526062012,
    0.699284017086029,
    0.7272433042526245,
    0.6319591403007507,
    0.6259590983390808,
    0.6150858402252197,
    0.6090946793556213,
    0.5865111947059631,
    0.5980302691459656,
    0.5720791220664978,
    0.5705869197845459,
    0.5530766844749451,
    0.5488223433494568,
    0.5521935224533081,
    0.5657122135162354,
    0.5237832069396973,
    0.5147476196289062,
    0.5142185091972351,
    0.5231117010116577,
    0.5348677635192871,
    0.5496927499771118,
    0.6885123252868652,
    0.5959789752960205,
    0.5676863193511963,
    0.5270086526870728,
    0.5097531080245972,
    0.48978859186172485,
    0.5001040697097778,
    0.5101582407951355,
    0.4920678734779358,
    0.46053558588027954,
    0.4521082937717438,
    0.4378610849380493,
    0.43612682819366455,
    0.43528521060943604,
    0.41997694969177246,
    0.4022461473941803,
    0.39595338702201843,
    0.40174397826194763,
    0.39226943254470825,
    0.46079787611961365,
    0.4694313704967499,
    0.42419421672821045,
    0.46209418773651123,
    0.40050366520881653,
    0.3692569136619568,
    0.3663189709186554,
    0.5761025547981262,
    0.6245911717414856,
    0.6040398478507996,
    0.5040171146392822,
    0.4573131203651428,
    0.4199336767196655,
    0.4120745062828064,
    0.3957831859588623,
    0.4127787947654724,
    0.40340423583984375,
    0.3789668381214142,
    0.38822197914123535,
    0.37285786867141724,
    0.35365086793899536,
    0.34348011016845703,
    0.35442042350769043,
    0.34227874875068665,
    0.34556087851524353,
    0.3328295946121216,
    0.3260909616947174,
    0.32788506150245667,
    0.3146718442440033,
    0.32012060284614563,
    0.3102450966835022,
    0.2961404025554657,
    0.2938695549964905,
    0.28402572870254517,
    0.2840414047241211,
    0.27845361828804016,
    0.27983760833740234,
    0.2747661769390106,
    0.26589757204055786,
    0.26892611384391785,
    0.26703622937202454,
    0.2630942463874817,
    0.4798668622970581,
    0.4490244686603546,
    0.30440595746040344,
    0.302452951669693,
    0.3024894893169403,
    0.3711792528629303,
    0.27885475754737854
  ],
  "Training Time": 129.79608941078186,
  "Validate": [
    NaN,
    NaN,
    NaN,
    NaN,
    NaN,
    NaN,
    NaN,
    NaN,
    NaN,
    NaN,
    NaN,
    NaN,
    NaN,
    NaN,
    NaN,
    NaN,
    NaN,
    NaN,
    NaN,
    NaN,
    NaN,
    NaN,
    NaN,
    NaN,
    NaN,
    NaN,
    NaN,
    NaN,
    NaN,
    NaN,
    NaN,
    NaN,
    NaN,
    NaN,
    NaN,
    NaN,
    NaN,
    NaN,
    NaN,
    NaN,
    NaN,
    NaN,
    NaN,
    NaN,
    NaN,
    NaN,
    NaN,
    NaN,
    NaN,
    NaN,
    NaN,
    NaN,
    NaN,
    NaN,
    NaN,
    NaN,
    NaN,
    NaN,
    NaN,
    NaN,
    NaN,
    NaN,
    NaN,
    NaN,
    NaN,
    NaN,
    NaN,
    NaN,
    NaN,
    NaN,
    NaN,
    NaN,
    NaN,
    NaN,
    NaN,
    NaN,
    NaN,
    NaN,
    NaN,
    NaN,
    NaN,
    NaN,
    NaN,
    NaN,
    NaN,
    NaN,
    NaN,
    NaN,
    NaN,
    NaN,
    NaN,
    NaN,
    NaN,
    NaN,
    NaN,
    NaN,
    NaN,
    NaN,
    NaN,
    NaN
  ]
}