{
  "Train": [
    1.182625412940979,
    1.1590206623077393,
    1.1499063968658447,
    1.1367233991622925,
    1.1324949264526367,
    1.117294430732727,
    1.1108182668685913,
    1.0838111639022827,
    1.050984263420105,
    0.9943246841430664
  ],
  "Training Time": 5.826993942260742,
  "Validate": [
    1.9970977306365967,
    2.02316951751709,
    1.9990253448486328,
    2.032344102859497,
    1.9880332946777344,
    2.0006227493286133,
    1.9911481142044067,
    1.9727836847305298,
    2.0176849365234375,
    2.056516170501709
  ]
}