{
  "Train": [
    1.0600426197052002,
    1.0660995244979858,
    1.050503134727478,
    1.0403742790222168,
    1.024739384651184,
    0.9992046356201172,
    0.9645960927009583,
    0.9324273467063904,
    0.9909155964851379,
    0.9915040135383606
  ],
  "Training Time": 7.645940780639648,
  "Validate": [
    0.6590985655784607,
    0.6490175127983093,
    0.731980562210083,
    0.6498567461967468,
    0.7297545075416565,
    0.6667303442955017,
    0.6380986571311951,
    0.6059175729751587,
    0.634438157081604,
    0.33334553241729736
  ]
}