{
  "Train": [
    0.5977386236190796,
    0.17652377486228943,
    0.09021805226802826,
    0.05436434596776962,
    0.034161925315856934,
    0.023404227569699287,
    0.01893114298582077,
    0.01665923185646534,
    0.015797995030879974,
    0.01505935937166214,
    0.014313566498458385,
    0.013688196428120136,
    0.013165736570954323,
    0.01273056585341692,
    0.012364006601274014,
    0.012046090327203274,
    0.011759196408092976,
    0.011490501463413239,
    0.011232227087020874,
    0.010980706661939621,
    0.010735265910625458,
    0.010497557930648327,
    0.010270961560308933,
    0.010059669613838196,
    0.009867413900792599
  ],
  "Training Time": 10.724164962768555,
  "Validate": [
    19.628583908081055,
    20.773290634155273,
    19.225664138793945,
    19.030122756958008,
    19.468671798706055,
    20.346967697143555,
    21.271371841430664,
    21.935081481933594,
    22.301000595092773,
    22.508121490478516,
    22.648357391357422,
    22.748117446899414,
    22.814725875854492,
    22.852766036987305,
    22.866334915161133,
    22.86017417907715,
    22.83957290649414,
    22.80984878540039,
    22.77585792541504,
    22.741985321044922,
    22.712371826171875,
    22.691152572631836,
    22.68244743347168,
    22.69001579284668,
    22.716690063476562
  ]
}