{
  "Train": [
    0.3990282714366913,
    0.18384502828121185,
    0.11839663237333298,
    0.1006886214017868,
    0.0912390723824501,
    0.08406314998865128,
    0.07793797552585602,
    0.07223009318113327,
    0.0670909583568573,
    0.06243608146905899,
    0.05763351172208786,
    0.05331379920244217,
    0.050186801701784134,
    0.047513626515865326,
    0.044727057218551636,
    0.04181251302361488,
    0.03880595415830612,
    0.03578587621450424,
    0.0328245684504509,
    0.0300417710095644,
    0.027629194781184196,
    0.025717677548527718,
    0.024182891473174095,
    0.022778142243623734,
    0.021415332332253456
  ],
  "Training Time": 12.303318500518799,
  "Validate": [
    1.7518643140792847,
    1.4727343320846558,
    1.4407167434692383,
    1.6892589330673218,
    1.8956176042556763,
    2.0480763912200928,
    2.165910482406616,
    2.2610490322113037,
    2.342271327972412,
    2.4005014896392822,
    2.4292032718658447,
    2.4440605640411377,
    2.4630939960479736,
    2.4927289485931396,
    2.5323116779327393,
    2.579214334487915,
    2.630678176879883,
    2.6841623783111572,
    2.7369680404663086,
    2.785918951034546,
    2.8269541263580322,
    2.8552286624908447,
    2.8657121658325195,
    2.8541369438171387,
    2.8188107013702393
  ]
}