{
  "Train": [
    1.0486948490142822,
    0.7550872564315796,
    0.5691728591918945,
    0.45802292227745056,
    0.36120131611824036,
    0.3019977807998657,
    0.2625963091850281,
    0.24993231892585754,
    0.25776228308677673,
    0.2618144154548645,
    0.2714484930038452,
    0.272116094827652,
    0.2652330696582794,
    0.25742024183273315,
    0.25006967782974243,
    0.24312858283519745,
    0.23660138249397278,
    0.23045238852500916,
    0.2246348261833191,
    0.21906326711177826,
    0.2136238068342209,
    0.20819729566574097,
    0.20267251133918762,
    0.19692739844322205,
    0.19088126718997955
  ],
  "Training Time": 15.834959030151367,
  "Validate": [
    0.28672707080841064,
    0.38097846508026123,
    0.35629937052726746,
    0.5521529316902161,
    0.8624868392944336,
    1.0602725744247437,
    1.062146782875061,
    0.9707559943199158,
    1.002626657485962,
    1.1405620574951172,
    1.1831512451171875,
    1.1575616598129272,
    1.112160325050354,
    1.0556821823120117,
    0.9973558783531189,
    0.9400461316108704,
    0.8859351873397827,
    0.8347391486167908,
    0.785757839679718,
    0.7376983165740967,
    0.6891533732414246,
    0.6390321254730225,
    0.5877323150634766,
    0.5384564995765686,
    0.4958632290363312
  ]
}