{
  "Train": [
    0.9379290342330933,
    0.9056724309921265,
    0.8641267418861389,
    0.8522236943244934,
    0.8436567783355713,
    0.8371559381484985,
    0.8306177854537964,
    0.8245898485183716,
    0.8183530569076538,
    0.8128535747528076,
    0.8001556992530823,
    0.8014237880706787,
    0.7948604822158813,
    0.7868925929069519,
    0.7779709696769714,
    0.7683140635490417,
    0.7634349465370178,
    0.7501511573791504,
    0.7414637207984924,
    0.7330716848373413,
    0.7229596376419067,
    0.7128204107284546,
    0.7027578949928284,
    0.6925610303878784,
    0.683438777923584,
    0.6745849847793579,
    0.6648110151290894,
    0.6578488945960999,
    0.6272849440574646,
    0.6101422905921936,
    0.5978368520736694,
    0.6028965711593628,
    0.6097049713134766,
    0.5622027516365051,
    0.5437625646591187,
    0.6400153040885925,
    0.5557534098625183,
    0.5433754324913025,
    0.544356644153595,
    0.5122871398925781,
    0.48791974782943726,
    0.4592955708503723,
    0.5812301635742188,
    0.7509142756462097,
    0.6362870335578918,
    0.5913944840431213,
    0.5933619141578674,
    0.5918641090393066,
    0.5240825414657593,
    0.5142958164215088,
    0.4702942669391632,
    0.45997923612594604,
    0.5198530554771423,
    0.45657670497894287,
    0.4043467044830322,
    0.4112415909767151,
    0.4322768449783325,
    0.36235132813453674,
    0.37130290269851685,
    0.39888995885849,
    0.36138999462127686,
    0.3176006078720093,
    0.37000349164009094,
    0.42005088925361633,
    0.3676793575286865,
    0.3375687003135681,
    0.3227860927581787,
    0.3057768642902374,
    0.29026076197624207,
    0.2872313857078552,
    0.26435744762420654,
    0.3496941924095154,
    0.3433201313018799,
    0.32325536012649536,
    0.2727504372596741,
    0.26628464460372925,
    0.40527668595314026,
    0.2538629174232483,
    0.2207852154970169,
    0.21113799512386322,
    0.18519529700279236,
    0.18392202258110046,
    0.17054308950901031,
    0.18216028809547424,
    0.29206687211990356,
    0.7639460563659668,
    0.5183795094490051,
    0.25072771310806274,
    0.17371757328510284,
    0.1588725745677948,
    0.2118373066186905,
    0.2172006219625473,
    0.11458635330200195,
    0.08465100824832916,
    0.2686242461204529,
    0.2036922574043274,
    0.13113373517990112,
    0.09972332417964935,
    0.08303350955247879,
    0.07067856192588806
  ],
  "Training Time": 75.92229652404785,
  "Validate": [
    3.186455488204956,
    3.325178623199463,
    3.0694212913513184,
    3.003817558288574,
    2.9511497020721436,
    2.9137628078460693,
    2.851172924041748,
    2.807920455932617,
    2.709371566772461,
    2.5843584537506104,
    2.329911231994629,
    2.3978285789489746,
    2.393440008163452,
    2.3656985759735107,
    2.399146318435669,
    2.4128496646881104,
    2.3996024131774902,
    2.4118967056274414,
    2.45501446723938,
    2.437875747680664,
    2.4575889110565186,
    2.49641752243042,
    2.5395917892456055,
    2.602445363998413,
    2.684166431427002,
    2.7330915927886963,
    2.860417366027832,
    2.9145240783691406,
    3.2210028171539307,
    3.175288200378418,
    3.7649900913238525,
    2.957465410232544,
    3.219494581222534,
    2.8818840980529785,
    3.0093119144439697,
    2.665318012237549,
    3.136883020401001,
    2.825946092605591,
    2.823859453201294,
    2.9910271167755127,
    2.878092050552368,
    2.7879717350006104,
    3.4576776027679443,
    3.4675607681274414,
    2.718291759490967,
    3.0323586463928223,
    2.9129676818847656,
    3.0744354724884033,
    3.1797800064086914,
    3.301311492919922,
    3.1422104835510254,
    3.5676565170288086,
    3.5511229038238525,
    3.439408779144287,
    3.946296453475952,
    3.7469680309295654,
    3.692192792892456,
    3.734517812728882,
    3.5862457752227783,
    3.3469443321228027,
    3.531259775161743,
    3.7112488746643066,
    2.3383748531341553,
    2.8173131942749023,
    2.7278125286102295,
    2.874181032180786,
    2.9284629821777344,
    2.8354785442352295,
    2.939427137374878,
    3.060981512069702,
    2.805290460586548,
    2.8539812564849854,
    2.4801583290100098,
    2.7548844814300537,
    3.171511650085449,
    2.6989502906799316,
    3.3807313442230225,
    3.474440097808838,
    3.518115997314453,
    3.510272979736328,
    3.654939889907837,
    3.6135094165802,
    3.6482999324798584,
    3.7990076541900635,
    3.798753261566162,
    3.6268842220306396,
    3.1113944053649902,
    3.0865395069122314,
    2.926093101501465,
    3.736978054046631,
    2.3899362087249756,
    2.790295362472534,
    2.5695242881774902,
    3.1574578285217285,
    2.8305110931396484,
    2.669656991958618,
    2.79494047164917,
    2.769961357116699,
    2.8248870372772217,
    2.6825056076049805
  ]
}