{
  "Train": [
    0.61159747838974,
    0.37020227313041687,
    0.332053005695343,
    0.30381399393081665,
    0.28922685980796814,
    0.2758638858795166,
    0.2649497389793396,
    0.2552018165588379,
    0.24627360701560974,
    0.2378980964422226,
    0.2298988252878189,
    0.22213999927043915,
    0.2145075500011444,
    0.2069023847579956,
    0.19925102591514587,
    0.19154448807239532,
    0.18389683961868286,
    0.1765502691268921,
    0.1697610467672348,
    0.163676455616951,
    0.15835411846637726,
    0.1538223922252655,
    0.1500621885061264,
    0.14696653187274933,
    0.1443597376346588
  ],
  "Training Time": 11.174261093139648,
  "Validate": [
    6.3489789962768555,
    5.562309265136719,
    6.242474555969238,
    6.612766742706299,
    6.926782608032227,
    7.087690830230713,
    7.158133029937744,
    7.159693717956543,
    7.116176128387451,
    7.042234420776367,
    6.9470319747924805,
    6.835812091827393,
    6.711113452911377,
    6.573631286621094,
    6.423182964324951,
    6.26027250289917,
    6.088565349578857,
    5.916512966156006,
    5.754822254180908,
    5.612560749053955,
    5.496592998504639,
    5.411135196685791,
    5.354345798492432,
    5.317229747772217,
    5.288829803466797
  ]
}