{
  "Train": [
    0.31957483291625977,
    0.13890017569065094,
    0.12366056442260742,
    0.11606335639953613,
    0.11144449561834335,
    0.10820917040109634,
    0.10572356730699539,
    0.10370286554098129,
    0.10187406837940216,
    0.10007353872060776,
    0.09844160825014114,
    0.09717626869678497,
    0.09606438130140305,
    0.09494855254888535,
    0.09388870000839233,
    0.09286438673734665,
    0.09187240898609161,
    0.09092540293931961,
    0.09006007015705109,
    0.08929700404405594,
    0.08860838413238525,
    0.08793146908283234,
    0.08720973879098892,
    0.08643705397844315,
    0.08564405143260956
  ],
  "Training Time": 12.508448600769043,
  "Validate": [
    0.17329829931259155,
    0.15711431205272675,
    0.13647212088108063,
    0.12558139860630035,
    0.12245673686265945,
    0.12539444863796234,
    0.1338639259338379,
    0.14871661365032196,
    0.1728140264749527,
    0.20829954743385315,
    0.25141552090644836,
    0.2941841185092926,
    0.33489373326301575,
    0.37428557872772217,
    0.4125284254550934,
    0.4494905471801758,
    0.48451292514801025,
    0.5165135860443115,
    0.544090747833252,
    0.5651582479476929,
    0.5771652460098267,
    0.579778254032135,
    0.576897919178009,
    0.5735697150230408,
    0.5723181962966919
  ]
}