{
  "Train": [
    0.30249181389808655,
    0.2225603461265564,
    0.20611713826656342,
    0.20081035792827606,
    0.19749145209789276,
    0.19553551077842712,
    0.19409768283367157,
    0.19302508234977722,
    0.1921108216047287,
    0.19131295382976532
  ],
  "Training Time": 9.186392545700073,
  "Validate": [
    27.914426803588867,
    26.96002197265625,
    26.130632400512695,
    25.530067443847656,
    25.095062255859375,
    24.802019119262695,
    24.611614227294922,
    24.50530433654785,
    24.449546813964844,
    24.439416885375977
  ]
}