{
  "Train": [
    0.6267151236534119,
    0.525457501411438,
    0.4174729883670807,
    0.33699750900268555,
    0.30834779143333435,
    0.28334710001945496,
    0.3043019473552704,
    0.33681219816207886,
    0.24312777817249298,
    0.20060332119464874
  ],
  "Training Time": 8.479249238967896,
  "Validate": [
    0.1809559315443039,
    0.15476003289222717,
    0.18287628889083862,
    0.19403114914894104,
    0.19377216696739197,
    0.2806045711040497,
    0.22196675837039948,
    0.19694066047668457,
    0.3348938226699829,
    0.37275877594947815
  ]
}