{
  "Train": [
    0.9524965286254883,
    0.9224085211753845,
    0.9108359217643738,
    0.9159179329872131,
    0.8866646885871887,
    0.8757115602493286,
    0.8564121127128601,
    0.8373496532440186,
    0.8177978992462158,
    0.7963322997093201
  ],
  "Training Time": 2.9883859157562256,
  "Validate": [
    NaN,
    NaN,
    NaN,
    NaN,
    NaN,
    NaN,
    NaN,
    NaN,
    NaN,
    NaN
  ]
}