{
  "Train": [
    0.7177727222442627,
    0.7232407331466675,
    0.7231522798538208,
    0.7217177152633667,
    0.7202101349830627,
    0.718718945980072,
    0.7172370553016663,
    0.7157468795776367,
    0.7142330408096313,
    0.712678849697113
  ],
  "Training Time": 3.1567542552948,
  "Validate": [
    NaN,
    NaN,
    NaN,
    NaN,
    NaN,
    NaN,
    NaN,
    NaN,
    NaN,
    NaN
  ]
}