{
  "Train": [
    0.8932173252105713,
    0.8321180939674377,
    0.8202471733093262,
    0.8144304156303406,
    0.8098257184028625,
    0.8073616623878479,
    0.8047690987586975,
    0.8031336665153503,
    0.8012978434562683,
    0.8000180721282959
  ],
  "Training Time": 4.353635787963867,
  "Validate": [
    2.603485107421875,
    2.5249710083007812,
    2.472919225692749,
    2.447423219680786,
    2.4274394512176514,
    2.417019844055176,
    2.4067094326019287,
    2.4004158973693848,
    2.3942694664001465,
    2.3903603553771973
  ]
}