{
  "Train": [
    0.8018627762794495,
    0.7826915979385376,
    0.760346531867981,
    0.7399789094924927,
    0.721385657787323,
    0.709242582321167,
    0.7012702226638794,
    0.6957008838653564,
    0.6911435127258301,
    0.687289297580719
  ],
  "Training Time": 2.5879106521606445,
  "Validate": [
    0.6999944448471069,
    0.7048123478889465,
    0.7072657346725464,
    0.7076299786567688,
    0.7073072195053101,
    0.7060495615005493,
    0.7056320309638977,
    0.7059324383735657,
    0.7072311639785767,
    0.7091072797775269
  ]
}