{
  "Train": [
    0.30765214562416077,
    0.22582758963108063,
    0.22697535157203674,
    0.2085663229227066,
    0.1536204069852829,
    0.14245226979255676,
    0.1352083683013916,
    0.12287768721580505,
    0.11113031953573227,
    0.10312264412641525
  ],
  "Training Time": 3.1596996784210205,
  "Validate": [
    NaN,
    NaN,
    NaN,
    NaN,
    NaN,
    NaN,
    NaN,
    NaN,
    NaN,
    NaN
  ]
}