{
  "Train": [
    0.5604123473167419,
    0.433030366897583,
    0.38746556639671326,
    0.3530825674533844,
    0.3333909809589386,
    0.32155171036720276,
    0.3131549060344696,
    0.30667105317115784,
    0.30131250619888306,
    0.296665757894516
  ],
  "Training Time": 4.122747898101807,
  "Validate": [
    54.724342346191406,
    54.864036560058594,
    54.386329650878906,
    53.44873809814453,
    52.24382400512695,
    51.026451110839844,
    49.911163330078125,
    48.90934371948242,
    47.99972152709961,
    47.15922546386719
  ]
}