{
  "Train": [
    0.7126668691635132,
    0.6244257092475891,
    0.5343058705329895,
    0.46572792530059814,
    0.40221425890922546,
    0.35005220770835876,
    0.31679821014404297,
    0.3125077784061432,
    0.2346114069223404,
    0.22232727706432343
  ],
  "Training Time": 2.599663496017456,
  "Validate": [
    0.24227038025856018,
    0.5218319892883301,
    0.3782516419887543,
    0.44840100407600403,
    0.5266592502593994,
    0.470706582069397,
    0.48152661323547363,
    0.5775532722473145,
    0.6654596924781799,
    0.6768209934234619
  ]
}