{
  "Train": [
    1.0592776536941528,
    1.0529767274856567,
    1.050755262374878,
    1.048667073249817,
    1.0465012788772583,
    1.044085144996643,
    1.0412176847457886,
    1.0376485586166382,
    1.0330530405044556,
    1.0270129442214966
  ],
  "Training Time": 3.8444557189941406,
  "Validate": [
    3.081761360168457,
    3.075932502746582,
    3.0674521923065186,
    3.058030843734741,
    3.0479276180267334,
    3.0369608402252197,
    3.0249030590057373,
    3.011629581451416,
    2.997166633605957,
    2.9815220832824707
  ]
}