{
  "Train": [
    0.9939239621162415,
    0.9780001640319824,
    0.9583518505096436,
    0.9393014311790466,
    0.9218039512634277,
    0.9065949320793152,
    0.8938968181610107,
    0.8834027051925659,
    0.874537467956543,
    0.866732120513916
  ],
  "Training Time": 2.4596211910247803,
  "Validate": [
    0.34125351905822754,
    0.3336412310600281,
    0.3264178931713104,
    0.3244093060493469,
    0.3280072510242462,
    0.33702319860458374,
    0.3495852053165436,
    0.3636855185031891,
    0.37778404355049133,
    0.39095720648765564
  ]
}