{
  "Train": [
    0.9758160710334778,
    0.7757805585861206,
    0.6994941830635071,
    0.6360684633255005,
    0.5818312764167786,
    0.5356525778770447,
    0.49689096212387085,
    0.45592185854911804,
    0.42378926277160645,
    0.38103845715522766
  ],
  "Training Time": 5.109997510910034,
  "Validate": [
    0.7217198610305786,
    0.7840973138809204,
    0.8259981274604797,
    0.9398987293243408,
    1.1580876111984253,
    1.4487042427062988,
    1.6450263261795044,
    1.6914149522781372,
    1.3471193313598633,
    1.2080636024475098
  ]
}