{
  "Train": [
    0.2695479393005371,
    0.2465164214372635,
    0.22190801799297333,
    0.20064488053321838,
    0.18444518744945526,
    0.17088524997234344,
    0.15821321308612823,
    0.14505068957805634,
    0.13255847990512848,
    0.1207679957151413
  ],
  "Training Time": 6.439996242523193,
  "Validate": [
    NaN,
    NaN,
    NaN,
    NaN,
    NaN,
    NaN,
    NaN,
    NaN,
    NaN,
    NaN
  ]
}