{
  "Train": [
    1.1596548557281494,
    1.1357463598251343,
    1.1248526573181152,
    1.1136895418167114,
    1.1084967851638794,
    1.0995951890945435,
    1.0993976593017578,
    1.0866899490356445,
    1.0817636251449585,
    1.0752873420715332,
    1.0722657442092896,
    1.0608519315719604,
    1.0550193786621094,
    1.0561752319335938,
    1.043042540550232,
    1.0314027070999146,
    1.019103765487671,
    1.0129849910736084,
    1.001115322113037,
    0.9905047416687012,
    0.9765570163726807,
    0.959833025932312,
    0.9467365741729736,
    0.9261156916618347,
    0.9300500750541687,
    0.9493693709373474,
    0.8891589641571045,
    0.948901355266571,
    0.8142817616462708,
    0.7872844934463501,
    0.8849336504936218,
    0.7463110089302063,
    0.6329442262649536,
    0.7047447562217712,
    0.8625454306602478,
    0.826508641242981,
    0.6580680012702942,
    0.5508304238319397,
    0.47697708010673523,
    0.5629391670227051,
    0.4071635901927948,
    0.37630772590637207,
    0.3452075719833374,
    0.3431916832923889,
    0.33962419629096985,
    0.32920441031455994,
    0.29546576738357544,
    0.2586902379989624,
    0.2405266910791397,
    0.22427596151828766,
    0.22069190442562103,
    0.20396053791046143,
    0.19670648872852325,
    0.1885729730129242,
    0.18101035058498383,
    0.17607316374778748,
    0.17187312245368958,
    0.17271792888641357,
    0.17470484972000122,
    0.16566801071166992,
    0.16033408045768738,
    0.1649848073720932,
    0.24885226786136627,
    1.3003438711166382,
    1.0629574060440063,
    0.9448698163032532,
    0.7702819108963013,
    0.7237838506698608,
    0.5366814136505127,
    0.38788852095603943,
    0.29512524604797363,
    0.18218129873275757,
    0.170022651553154,
    0.16211335361003876,
    0.15759232640266418,
    0.15351353585720062,
    0.15003801882266998,
    0.14696098864078522,
    0.14433646202087402,
    0.14217698574066162,
    0.14035077393054962,
    0.13847815990447998,
    0.1364852786064148,
    0.13445451855659485,
    0.1324215978384018,
    0.13039560616016388,
    0.12840618193149567,
    0.12645842134952545,
    0.12459997087717056,
    0.12319376319646835,
    0.12288466840982437,
    0.12748631834983826,
    0.13386258482933044,
    0.17509523034095764,
    0.3796851933002472,
    0.18832172453403473,
    0.13815557956695557,
    0.11522696912288666,
    0.11536913365125656,
    0.12083921581506729
  ],
  "Training Time": 40.29790449142456,
  "Validate": [
    1.9632046222686768,
    1.9706645011901855,
    1.9516921043395996,
    1.9656758308410645,
    1.900862455368042,
    1.9410011768341064,
    1.8532938957214355,
    1.9303557872772217,
    1.8579522371292114,
    1.8883427381515503,
    1.8670825958251953,
    1.9059070348739624,
    1.8804360628128052,
    1.895020604133606,
    1.9105480909347534,
    1.9751774072647095,
    1.9723583459854126,
    1.9873169660568237,
    1.974425196647644,
    1.970329761505127,
    1.9766228199005127,
    1.9819056987762451,
    1.9673985242843628,
    1.9560431241989136,
    1.9646755456924438,
    1.8120923042297363,
    1.9433680772781372,
    2.1091763973236084,
    2.034320592880249,
    2.0836877822875977,
    2.1558873653411865,
    2.300290584564209,
    2.4444963932037354,
    2.4194133281707764,
    2.3588507175445557,
    2.119335412979126,
    2.1383097171783447,
    2.0660898685455322,
    2.1363935470581055,
    2.1731302738189697,
    2.16764235496521,
    2.1623048782348633,
    2.231072425842285,
    2.2761547565460205,
    2.3184804916381836,
    2.3528850078582764,
    2.3842241764068604,
    2.4222264289855957,
    2.4472076892852783,
    2.4860830307006836,
    2.4893763065338135,
    2.5245893001556396,
    2.506244421005249,
    2.5870704650878906,
    2.520397424697876,
    2.5551984310150146,
    2.5415146350860596,
    2.573132276535034,
    2.637091636657715,
    2.6631321907043457,
    2.6460483074188232,
    2.683022975921631,
    2.8894615173339844,
    3.2437632083892822,
    2.633164167404175,
    2.533567428588867,
    2.591555595397949,
    2.1956613063812256,
    2.4328176975250244,
    2.5121665000915527,
    2.5015766620635986,
    2.524225950241089,
    2.5546576976776123,
    2.5773861408233643,
    2.599595069885254,
    2.615819215774536,
    2.629102945327759,
    2.6402246952056885,
    2.65130352973938,
    2.664067506790161,
    2.6788365840911865,
    2.6952590942382812,
    2.7131731510162354,
    2.73292875289917,
    2.7545576095581055,
    2.777480125427246,
    2.8007514476776123,
    2.823289632797241,
    2.844038963317871,
    2.8610036373138428,
    2.8626744747161865,
    2.904935598373413,
    2.869495391845703,
    3.000108242034912,
    3.4875681400299072,
    3.06624436378479,
    3.077864646911621,
    3.0372438430786133,
    3.079463005065918,
    3.0306098461151123
  ]
}