{
  "Train": [
    1.1104011535644531,
    1.0169461965560913,
    0.9907329082489014,
    0.9678698182106018,
    0.965884268283844,
    0.920208752155304,
    0.919079065322876,
    0.963369607925415,
    1.032278060913086,
    0.9280838370323181
  ],
  "Training Time": 6.025287628173828,
  "Validate": [
    NaN,
    NaN,
    NaN,
    NaN,
    NaN,
    NaN,
    NaN,
    NaN,
    NaN,
    NaN
  ]
}