{
  "Train": [
    0.06050973758101463,
    0.047239724546670914,
    0.04397813230752945,
    0.040872372686862946,
    0.038293950259685516,
    0.03612926974892616,
    0.0342596098780632,
    0.032604169100522995,
    0.031107863411307335,
    0.029737556353211403,
    0.028476083651185036,
    0.027313271537423134,
    0.026240302249789238,
    0.02524895779788494,
    0.02433265931904316,
    0.02348688431084156,
    0.022709015756845474,
    0.02199767343699932,
    0.021351661533117294,
    0.0207692701369524,
    0.020247921347618103,
    0.01978384144604206,
    0.01937231607735157,
    0.0190079715102911,
    0.018685070797801018
  ],
  "Training Time": 12.729333639144897,
  "Validate": [
    0.06810486316680908,
    0.05935275927186012,
    0.05294157192111015,
    0.048066917806863785,
    0.04428553953766823,
    0.04139600321650505,
    0.03922586888074875,
    0.03761324658989906,
    0.036407846957445145,
    0.03548535332083702,
    0.0347602441906929,
    0.03418483957648277,
    0.03373623266816139,
    0.0334014892578125,
    0.03316797688603401,
    0.03302035853266716,
    0.0329413078725338,
    0.03291366621851921,
    0.03292238339781761,
    0.032955363392829895,
    0.033003661781549454,
    0.033060766756534576,
    0.03312170132994652,
    0.03318199887871742,
    0.03323713317513466
  ]
}