{
  "Train": [
    0.9886639714241028,
    0.8822625279426575,
    0.8461496233940125,
    0.8304578065872192,
    0.8195729851722717,
    0.8109222650527954,
    0.8030580878257751,
    0.7950822710990906,
    0.7867897152900696,
    0.778609573841095
  ],
  "Training Time": 11.414028882980347,
  "Validate": [
    3.531048059463501,
    3.1612730026245117,
    3.00227427482605,
    2.9200072288513184,
    2.860635995864868,
    2.809779167175293,
    2.7601850032806396,
    2.7083165645599365,
    2.6531927585601807,
    2.597477912902832
  ]
}