{
  "Train": [
    0.7162382006645203,
    0.6902498602867126,
    0.6816384196281433,
    0.6751947402954102,
    0.6692109704017639,
    0.6631718277931213,
    0.6566241383552551,
    0.649276852607727,
    0.6409815549850464,
    0.6316319704055786
  ],
  "Training Time": 10.887910604476929,
  "Validate": [
    0.4548390507698059,
    0.4412463307380676,
    0.4420890808105469,
    0.4473782777786255,
    0.4522800147533417,
    0.4572245478630066,
    0.46257007122039795,
    0.4687238037586212,
    0.4761772155761719,
    0.4852314889431
  ]
}