{
  "Train": [
    0.7886577844619751,
    0.7565035820007324,
    0.7378888726234436,
    0.7242565155029297,
    0.7127699851989746,
    0.7028647661209106,
    0.6943859457969666,
    0.6871958374977112,
    0.681132435798645,
    0.6760363578796387
  ],
  "Training Time": 1.5611467361450195,
  "Validate": [
    0.6722217798233032,
    0.6749007105827332,
    0.6787193417549133,
    0.6823075413703918,
    0.6857179999351501,
    0.6889392733573914,
    0.6919960975646973,
    0.6949976682662964,
    0.6979821920394897,
    0.70086669921875
  ]
}