{
  "Train": [
    0.8938822746276855,
    0.8062027096748352,
    0.8003520369529724,
    0.7975005507469177,
    0.7954935431480408,
    0.7939293384552002,
    0.7926307320594788,
    0.7915053963661194,
    0.7904995083808899,
    0.7895784378051758
  ],
  "Training Time": 2.2616612911224365,
  "Validate": [
    2.7152347564697266,
    2.553257942199707,
    2.5252187252044678,
    2.5036206245422363,
    2.4840474128723145,
    2.465885877609253,
    2.448803663253784,
    2.4325830936431885,
    2.417083978652954,
    2.402212619781494
  ]
}