{
  "Train": [
    0.7762914299964905,
    0.7344751358032227,
    0.7255886197090149,
    0.7141857147216797,
    0.7031606435775757,
    0.6913463473320007,
    0.6806891560554504,
    0.6728859543800354,
    0.6681028008460999,
    0.6632900834083557
  ],
  "Training Time": 15.67130422592163,
  "Validate": [
    0.38664475083351135,
    0.3638441264629364,
    0.3545800447463989,
    0.351638525724411,
    0.35629111528396606,
    0.3638858497142792,
    0.37825843691825867,
    0.39749857783317566,
    0.417531281709671,
    0.4396493136882782
  ]
}