{
  "Train": [
    0.965033233165741,
    0.9330591559410095,
    0.9027640223503113,
    0.8845582008361816,
    0.866668164730072,
    0.8483158946037292,
    0.8287245035171509,
    0.8076606392860413,
    0.7869144678115845,
    0.7676527500152588
  ],
  "Training Time": 2.6101644039154053,
  "Validate": [
    0.3198773264884949,
    0.3460080623626709,
    0.37234312295913696,
    0.3978844881057739,
    0.4257719814777374,
    0.4529527723789215,
    0.4749644994735718,
    0.4861971139907837,
    0.48797595500946045,
    0.4814618229866028
  ]
}