{
  "Train": [
    0.7730044722557068,
    0.7497068047523499,
    0.7243104577064514,
    0.7126179337501526,
    0.7049630284309387,
    0.654921293258667,
    0.6146562695503235,
    0.5752204060554504,
    0.6059513092041016,
    0.582688570022583
  ],
  "Training Time": 3.129970073699951,
  "Validate": [
    NaN,
    NaN,
    NaN,
    NaN,
    NaN,
    NaN,
    NaN,
    NaN,
    NaN,
    NaN
  ]
}