{
  "Train": [
    1.0694924592971802,
    1.061278223991394,
    1.0584862232208252,
    1.0564690828323364,
    1.0549240112304688,
    1.0536705255508423,
    1.052616000175476,
    1.0516632795333862,
    1.0507628917694092,
    1.049862027168274
  ],
  "Training Time": 3.947904109954834,
  "Validate": [
    7.231157302856445,
    7.225757598876953,
    7.231751918792725,
    7.241672039031982,
    7.252369403839111,
    7.26375150680542,
    7.2755889892578125,
    7.288198471069336,
    7.30171537399292,
    7.3164167404174805
  ]
}