{
  "Train": [
    1.1248798370361328,
    1.1158639192581177,
    1.1135034561157227,
    1.1121853590011597,
    1.1112760305404663,
    1.1105645895004272,
    1.1099481582641602,
    1.1093559265136719,
    1.1087136268615723,
    1.107898235321045
  ],
  "Training Time": 2.4187161922454834,
  "Validate": [
    1.5001909732818604,
    1.4664441347122192,
    1.4509985446929932,
    1.4434168338775635,
    1.4399503469467163,
    1.4390265941619873,
    1.4398692846298218,
    1.442111849784851,
    1.4456350803375244,
    1.4504750967025757
  ]
}