{
  "Train": [
    1.4435021877288818,
    1.1615362167358398,
    1.0877749919891357,
    1.053649663925171,
    1.0817188024520874,
    1.0965381860733032,
    1.0510519742965698,
    1.0249767303466797,
    0.9796343445777893,
    1.2050807476043701,
    1.1350799798965454,
    1.2543010711669922,
    1.1676870584487915,
    1.12271249294281,
    1.0965336561203003,
    1.0901247262954712,
    1.1088237762451172,
    1.1044598817825317,
    1.0655443668365479,
    1.0635390281677246,
    1.018598198890686,
    1.0105891227722168,
    1.0090893507003784,
    0.9365695714950562,
    1.0288408994674683,
    0.9829152226448059,
    0.9633265733718872,
    0.9679686427116394,
    0.9437689781188965,
    0.8600080609321594,
    1.0206917524337769,
    0.9609819650650024,
    0.8417224884033203,
    1.0640915632247925,
    1.0506312847137451,
    0.9956640601158142,
    1.0893148183822632,
    1.0441595315933228,
    1.0150423049926758,
    1.0334197282791138,
    1.0256191492080688,
    0.928812563419342,
    0.9967002272605896,
    1.0860484838485718,
    1.0554198026657104,
    0.9465760588645935,
    0.9313117861747742,
    0.900826096534729,
    0.889966607093811,
    0.8772175908088684,
    0.865554690361023,
    0.8543305993080139,
    0.8422809839248657,
    0.8284478783607483,
    0.8144821524620056,
    0.8027061223983765,
    0.7930933237075806,
    0.7842954993247986,
    0.7754735946655273,
    0.7665154337882996,
    0.7576848864555359,
    0.7491808533668518,
    0.7410076856613159,
    0.7330933809280396,
    0.7252410650253296,
    0.7161374688148499,
    0.7115181088447571,
    0.7030999064445496,
    0.6920361518859863,
    0.7288928627967834,
    0.7032456994056702,
    0.9684807062149048,
    0.9287238121032715,
    0.8219051957130432,
    0.8004441261291504,
    0.7650227546691895,
    0.7561303973197937,
    0.7611297965049744,
    0.7157064080238342,
    0.6975789070129395,
    0.6819232106208801,
    0.6771386861801147,
    0.6635934114456177,
    0.6563998460769653,
    0.6849402785301208,
    0.6929565668106079,
    0.6585873365402222,
    0.6520059704780579,
    0.6375460624694824,
    0.6232393980026245,
    0.6228052377700806,
    0.5952840447425842,
    0.637638509273529,
    0.6080029606819153,
    0.5836228728294373,
    0.6466835141181946,
    0.5818589329719543,
    0.5648391842842102,
    0.5650702714920044,
    0.5572807192802429
  ],
  "Training Time": 106.17766284942627,
  "Validate": [
    1.8083579540252686,
    1.5049452781677246,
    1.6081089973449707,
    2.0319719314575195,
    2.5774497985839844,
    2.4459228515625,
    1.5036574602127075,
    1.3797328472137451,
    1.4780551195144653,
    1.5681369304656982,
    1.6974835395812988,
    2.0100293159484863,
    1.2142671346664429,
    1.2064226865768433,
    1.2268505096435547,
    1.5204148292541504,
    1.3314054012298584,
    1.3164100646972656,
    1.701606035232544,
    1.96922767162323,
    1.7431927919387817,
    2.213554620742798,
    1.9706975221633911,
    1.5901633501052856,
    2.0920138359069824,
    2.062220335006714,
    2.4049949645996094,
    1.356460452079773,
    1.2324827909469604,
    1.7071784734725952,
    2.153270959854126,
    1.2412798404693604,
    1.5902291536331177,
    1.808233380317688,
    2.5606496334075928,
    1.6484233140945435,
    1.8792403936386108,
    1.8569515943527222,
    1.812403917312622,
    1.662546157836914,
    1.6753960847854614,
    1.3755369186401367,
    1.8326507806777954,
    2.0118117332458496,
    2.564286947250366,
    2.690761089324951,
    2.869337558746338,
    2.9625747203826904,
    3.006016492843628,
    3.041639566421509,
    3.0761964321136475,
    3.1113626956939697,
    3.1465048789978027,
    3.1909432411193848,
    3.287282705307007,
    3.4332306385040283,
    3.5809836387634277,
    3.714890241622925,
    3.841078996658325,
    3.9638185501098633,
    4.079273700714111,
    4.186381816864014,
    4.288132190704346,
    4.388658046722412,
    4.492792129516602,
    4.648773193359375,
    4.464648246765137,
    4.470532417297363,
    4.0163469314575195,
    4.014313220977783,
    3.8751723766326904,
    4.414332866668701,
    3.8661928176879883,
    3.855320692062378,
    3.898625135421753,
    3.870837450027466,
    3.94388747215271,
    3.8563971519470215,
    4.162407398223877,
    3.900599479675293,
    4.369219779968262,
    4.058475017547607,
    4.844939708709717,
    4.307464599609375,
    4.472482681274414,
    3.781451463699341,
    4.049713134765625,
    3.7543649673461914,
    4.556978702545166,
    4.8472371101379395,
    4.488454818725586,
    5.0639328956604,
    5.372469902038574,
    4.790499210357666,
    5.510711669921875,
    5.065548419952393,
    4.741645812988281,
    4.903411865234375,
    5.251929759979248,
    5.429243564605713
  ]
}