{
  "Train": [
    0.9970829486846924,
    1.0431630611419678,
    0.9784405827522278,
    0.9223885536193848,
    0.9363355040550232,
    0.9157542586326599,
    0.8947924375534058,
    0.8821863532066345,
    0.8724659085273743,
    0.9053173065185547
  ],
  "Training Time": 14.272435665130615,
  "Validate": [
    NaN,
    NaN,
    NaN,
    NaN,
    NaN,
    NaN,
    NaN,
    NaN,
    NaN,
    NaN
  ]
}