{
  "Train": [
    1.1674940586090088,
    1.1331936120986938,
    1.0989381074905396,
    1.076147198677063,
    1.1052815914154053,
    1.0407804250717163,
    0.9991298913955688,
    0.9990835189819336,
    1.0149098634719849,
    1.0019019842147827
  ],
  "Training Time": 11.355594635009766,
  "Validate": [
    0.9137887358665466,
    1.0821800231933594,
    1.3454698324203491,
    1.4346312284469604,
    1.405178189277649,
    1.6102585792541504,
    1.7325024604797363,
    1.6755954027175903,
    1.7119773626327515,
    1.7424449920654297
  ]
}