{
  "Train": [
    1.1555678844451904,
    1.1588928699493408,
    1.143625020980835,
    1.1290318965911865,
    1.1216683387756348,
    1.106194257736206,
    1.1503816843032837,
    1.1136449575424194,
    1.1080654859542847,
    1.1041252613067627
  ],
  "Training Time": 14.657713413238525,
  "Validate": [
    0.7713260650634766,
    0.9894701242446899,
    1.1039656400680542,
    1.1082574129104614,
    1.1337873935699463,
    1.207060694694519,
    1.274687647819519,
    1.213502049446106,
    1.3115540742874146,
    1.3054922819137573
  ]
}