{
  "Train": [
    0.7134489417076111,
    0.7135822772979736,
    0.7150005102157593,
    0.7133073806762695,
    0.7118237018585205,
    0.7095909118652344,
    0.707390308380127,
    0.7044996619224548,
    0.7010874152183533,
    0.696821928024292
  ],
  "Training Time": 3.299025058746338,
  "Validate": [
    NaN,
    NaN,
    NaN,
    NaN,
    NaN,
    NaN,
    NaN,
    NaN,
    NaN,
    NaN
  ]
}