{
  "Train": [
    0.7254835367202759,
    0.6091917157173157,
    0.5256279110908508,
    0.45264095067977905,
    0.3841106593608856,
    0.3378957509994507,
    0.2959400415420532,
    0.2521868646144867,
    0.25037631392478943,
    0.23643888533115387
  ],
  "Training Time": 2.599660634994507,
  "Validate": [
    0.6450372338294983,
    0.39025628566741943,
    0.2882543206214905,
    0.33405664563179016,
    0.42560866475105286,
    0.3231021761894226,
    0.39445245265960693,
    0.5070961713790894,
    0.5454874038696289,
    1.2547396421432495
  ]
}