{
  "Train": [
    1.11198890209198,
    1.0939899682998657,
    1.0874266624450684,
    1.081648349761963,
    1.0745230913162231,
    1.0642725229263306,
    1.0498065948486328,
    1.0325576066970825,
    1.0156499147415161,
    1.0008127689361572,
    0.987625002861023,
    0.9751158356666565,
    0.9626826643943787,
    0.9499682188034058,
    0.9367860555648804,
    0.9230923652648926,
    0.90897136926651,
    0.894619882106781,
    0.8803026080131531,
    0.8662819266319275,
    0.8527408242225647,
    0.839741051197052,
    0.8272444009780884,
    0.8151696920394897,
    0.8034487366676331,
    0.79205322265625,
    0.7809937596321106,
    0.770304262638092,
    0.7600225210189819,
    0.750177264213562,
    0.7407779693603516,
    0.7318137288093567,
    0.7232550978660583,
    0.7150598168373108,
    0.7071787714958191,
    0.6995616555213928,
    0.6921592354774475,
    0.6849275231361389,
    0.6778269410133362,
    0.6708239316940308,
    0.6638907790184021,
    0.6570054292678833,
    0.6501508951187134,
    0.6433156132698059,
    0.636492133140564,
    0.6296774744987488,
    0.6228724718093872,
    0.6160805225372314,
    0.6093073487281799,
    0.6025617122650146,
    0.5958532094955444,
    0.5891915559768677,
    0.5825861096382141,
    0.5760427713394165,
    0.5695626139640808,
    0.5631389021873474,
    0.5567604899406433,
    0.550411581993103,
    0.5440755486488342,
    0.5377376079559326,
    0.5313868522644043,
    0.5250144600868225,
    0.5186159610748291,
    0.5121887922286987,
    0.5057313442230225,
    0.4992429316043854,
    0.4927224814891815,
    0.4861676096916199,
    0.47957298159599304,
    0.47293123602867126,
    0.46623000502586365,
    0.45945122838020325,
    0.4525713324546814,
    0.44555771350860596,
    0.43837234377861023,
    0.43097466230392456,
    0.4233351945877075,
    0.415455162525177,
    0.40737828612327576,
    0.3991788923740387,
    0.39093533158302307,
    0.38271936774253845,
    0.37461429834365845,
    0.3667396605014801,
    0.3592429459095001,
    0.35222864151000977,
    0.3456433415412903,
    0.33926257491111755,
    0.33290523290634155,
    0.32664015889167786,
    0.32067587971687317,
    0.31512022018432617,
    0.3099047541618347,
    0.304869681596756,
    0.2998866140842438,
    0.29490402340888977,
    0.2899094223976135,
    0.28487592935562134,
    0.27974027395248413,
    0.2744123041629791
  ],
  "Training Time": 80.58822298049927,
  "Validate": [
    4.34983491897583,
    4.363663196563721,
    4.370045185089111,
    4.375565528869629,
    4.3874006271362305,
    4.417436599731445,
    4.469377517700195,
    4.52330207824707,
    4.56199312210083,
    4.58770227432251,
    4.611159801483154,
    4.641720771789551,
    4.6842756271362305,
    4.740746021270752,
    4.811455249786377,
    4.896033763885498,
    4.993865966796875,
    5.104081153869629,
    5.225243091583252,
    5.3552165031433105,
    5.491592884063721,
    5.632328510284424,
    5.775893688201904,
    5.920880317687988,
    6.065554618835449,
    6.207693099975586,
    6.34476900100708,
    6.4742841720581055,
    6.594101428985596,
    6.70269775390625,
    6.799317836761475,
    6.883999824523926,
    6.957519054412842,
    7.02119255065918,
    7.076654434204102,
    7.1256327629089355,
    7.169772148132324,
    7.210517406463623,
    7.249049663543701,
    7.286256313323975,
    7.322726726531982,
    7.3587870597839355,
    7.3945231437683105,
    7.429830551147461,
    7.464440822601318,
    7.497953414916992,
    7.529850482940674,
    7.559483051300049,
    7.586087226867676,
    7.608749866485596,
    7.62646484375,
    7.638190746307373,
    7.642956733703613,
    7.640022277832031,
    7.629060745239258,
    7.610310077667236,
    7.5846757888793945,
    7.553736686706543,
    7.51961088180542,
    7.484808444976807,
    7.452000617980957,
    7.423855781555176,
    7.402924060821533,
    7.391606330871582,
    7.392202377319336,
    7.406966686248779,
    7.438180446624756,
    7.488259792327881,
    7.559817790985107,
    7.655725479125977,
    7.779080390930176,
    7.933074474334717,
    8.120537757873535,
    8.343060493469238,
    8.599427223205566,
    8.883722305297852,
    9.184123992919922,
    9.48441219329834,
    9.768661499023438,
    10.026435852050781,
    10.25472354888916,
    10.456104278564453,
    10.635698318481445,
    10.799137115478516,
    10.952055931091309,
    11.100228309631348,
    11.248942375183105,
    11.401095390319824,
    11.556654930114746,
    11.71380615234375,
    11.870946884155273,
    12.028533935546875,
    12.18911075592041,
    12.355758666992188,
    12.530709266662598,
    12.715239524841309,
    12.910449028015137,
    13.117624282836914,
    13.337904930114746,
    13.571582794189453
  ]
}