{
  "Train": [
    0.9497700333595276,
    0.9148775935173035,
    0.8491491675376892,
    0.8470431566238403,
    0.8337929844856262,
    0.8228537440299988,
    0.8120272159576416,
    0.8006609082221985,
    0.7930522561073303,
    0.795024037361145
  ],
  "Training Time": 11.58919095993042,
  "Validate": [
    3.516308546066284,
    3.4035794734954834,
    2.96781063079834,
    2.927222490310669,
    2.8108959197998047,
    2.6939902305603027,
    2.4747214317321777,
    2.125992774963379,
    1.9692736864089966,
    1.9630343914031982
  ]
}