{
  "Train": [
    0.7540794014930725,
    0.700234591960907,
    0.6854851841926575,
    0.6673706769943237,
    0.6693540811538696,
    0.6553487181663513,
    0.6569324731826782,
    0.636865496635437,
    0.645537257194519,
    0.6344391107559204
  ],
  "Training Time": 10.776509523391724,
  "Validate": [
    0.36173760890960693,
    0.43037649989128113,
    0.4636094868183136,
    0.4442099630832672,
    0.48541879653930664,
    0.476192831993103,
    0.5060006976127625,
    0.4481060802936554,
    0.5300185084342957,
    0.4961649179458618
  ]
}