{
  "Train": [
    0.7978339195251465,
    0.7817997336387634,
    0.7628340125083923,
    0.7504008412361145,
    0.7294666767120361,
    0.7072586417198181,
    0.6925825476646423,
    0.693570613861084,
    0.6904999613761902,
    0.6832674741744995
  ],
  "Training Time": 13.43699026107788,
  "Validate": [
    NaN,
    NaN,
    NaN,
    NaN,
    NaN,
    NaN,
    NaN,
    NaN,
    NaN,
    NaN
  ]
}