{
  "Train": [
    1.1209110021591187,
    1.049730658531189,
    0.9989333748817444,
    0.9998908042907715,
    0.9835607409477234,
    0.9953655004501343,
    0.9460011124610901,
    0.9401568174362183,
    0.9259105324745178,
    0.9010568857192993
  ],
  "Training Time": 6.107366561889648,
  "Validate": [
    NaN,
    NaN,
    NaN,
    NaN,
    NaN,
    NaN,
    NaN,
    NaN,
    NaN,
    NaN
  ]
}