{
  "Train": [
    1.0977427959442139,
    1.0852081775665283,
    1.0793274641036987,
    1.0722103118896484,
    1.0633509159088135,
    1.0499074459075928,
    1.0313383340835571,
    0.9996554851531982,
    0.9516606330871582,
    0.8951850533485413
  ],
  "Training Time": 5.250118970870972,
  "Validate": [
    4.341245651245117,
    4.334932327270508,
    4.312593460083008,
    4.261471271514893,
    4.185935974121094,
    4.139499187469482,
    4.1834869384765625,
    4.407752990722656,
    4.641116142272949,
    4.516275405883789
  ]
}