{
  "Train": [
    0.7387383580207825,
    0.7073954939842224,
    0.7014862895011902,
    0.6953933238983154,
    0.6857480406761169,
    0.6763352155685425,
    0.6670510768890381,
    0.6583179831504822,
    0.6502819061279297,
    0.6413260698318481
  ],
  "Training Time": 7.014839172363281,
  "Validate": [
    NaN,
    NaN,
    NaN,
    NaN,
    NaN,
    NaN,
    NaN,
    NaN,
    NaN,
    NaN
  ]
}