{
  "Train": [
    0.7403548359870911,
    0.7167899012565613,
    0.691012442111969,
    0.6675039529800415,
    0.641935408115387,
    0.6291618943214417,
    0.6137305498123169,
    0.5930132865905762,
    0.580755889415741,
    0.5688085556030273
  ],
  "Training Time": 5.435689449310303,
  "Validate": [
    0.36229023337364197,
    0.3690481185913086,
    0.37167978286743164,
    0.37677201628685,
    0.37534743547439575,
    0.3766680955886841,
    0.37771692872047424,
    0.37739551067352295,
    0.38030484318733215,
    0.38818418979644775
  ]
}