{
  "Train": [
    0.9348939657211304,
    0.8986877799034119,
    0.8839613795280457,
    0.8692113161087036,
    0.8601373434066772,
    0.8538072109222412,
    0.8441264629364014,
    0.8381036520004272,
    0.8339775204658508,
    0.8303101658821106
  ],
  "Training Time": 6.11611795425415,
  "Validate": [
    3.090789556503296,
    3.159363031387329,
    3.0870742797851562,
    3.0078680515289307,
    2.9812309741973877,
    2.9415481090545654,
    2.890042304992676,
    2.860621452331543,
    2.832423210144043,
    2.8126771450042725
  ]
}