{
  "Train": [
    0.3063752353191376,
    0.22466132044792175,
    0.2082616090774536,
    0.20186865329742432,
    0.1986074447631836,
    0.19671757519245148,
    0.19548526406288147,
    0.1945829689502716,
    0.19385413825511932,
    0.1931782066822052
  ],
  "Training Time": 3.6180686950683594,
  "Validate": [
    28.339635848999023,
    27.3016414642334,
    26.44487953186035,
    25.774904251098633,
    25.316028594970703,
    24.947114944458008,
    24.734703063964844,
    24.5740966796875,
    24.50188636779785,
    24.459430694580078
  ]
}