{
  "Train": [
    0.736247718334198,
    0.4740281105041504,
    0.4314381778240204,
    0.3957671821117401,
    0.36830461025238037,
    0.34913960099220276,
    0.3368525505065918,
    0.3290007710456848,
    0.3233901560306549,
    0.3188066780567169
  ],
  "Training Time": 4.106959581375122,
  "Validate": [
    53.6128044128418,
    53.700260162353516,
    53.6453857421875,
    53.48078536987305,
    53.15284729003906,
    52.681617736816406,
    52.15901184082031,
    51.64350128173828,
    51.153507232666016,
    50.68947982788086
  ]
}