{
  "Train": [
    0.843737781047821,
    0.755194902420044,
    0.6809073686599731,
    0.6176206469535828,
    0.5658681392669678,
    0.5244622230529785,
    0.4900580048561096,
    0.4590893089771271,
    0.42765823006629944,
    0.3960937559604645
  ],
  "Training Time": 2.5196099281311035,
  "Validate": [
    0.9753646850585938,
    0.9587488770484924,
    0.9117259979248047,
    0.889633297920227,
    0.8842794299125671,
    0.8920303583145142,
    0.8998614549636841,
    0.9070979356765747,
    0.9191203117370605,
    0.92099529504776
  ]
}