{
  "Train": [
    0.3156704008579254,
    0.28199586272239685,
    0.25006192922592163,
    0.23656463623046875,
    0.22089463472366333,
    0.206798255443573,
    0.19350986182689667,
    0.1810283362865448,
    0.1707833707332611,
    0.16006113588809967
  ],
  "Training Time": 3.0595338344573975,
  "Validate": [
    NaN,
    NaN,
    NaN,
    NaN,
    NaN,
    NaN,
    NaN,
    NaN,
    NaN,
    NaN
  ]
}