{
  "Train": [
    0.05610671266913414,
    0.04608495905995369,
    0.039496880024671555,
    0.034935496747493744,
    0.03130768984556198,
    0.028355315327644348,
    0.0260318610817194,
    0.024231525138020515,
    0.02289087511599064,
    0.021906955167651176,
    0.02118086814880371,
    0.020632203668355942,
    0.02019684948027134,
    0.019826892763376236,
    0.019491566345095634,
    0.019175682216882706,
    0.018874794244766235,
    0.018589865416288376,
    0.01832394115626812,
    0.01808130368590355,
    0.017867302522063255,
    0.017683932557702065,
    0.017514502629637718,
    0.017317963764071465,
    0.01708233915269375
  ],
  "Training Time": 13.249306917190552,
  "Validate": [
    0.04077222943305969,
    0.037432070821523666,
    0.03362636640667915,
    0.03152898699045181,
    0.03034566529095173,
    0.02977564185857773,
    0.02956731989979744,
    0.029519593343138695,
    0.029546620324254036,
    0.02961013838648796,
    0.02968844212591648,
    0.02976897545158863,
    0.02984854392707348,
    0.029934214428067207,
    0.030041314661502838,
    0.030189575627446175,
    0.03039972111582756,
    0.030691789463162422,
    0.031084440648555756,
    0.03159314766526222,
    0.03222497180104256,
    0.032972097396850586,
    0.033811647444963455,
    0.03469548001885414,
    0.035555049777030945
  ]
}