{
  "Train": [
    0.27920863032341003,
    0.09731471538543701,
    0.09798429906368256,
    0.09606406092643738,
    0.05754818767309189,
    0.04356830567121506,
    0.0439302995800972,
    0.043174151331186295,
    0.042456332594156265,
    0.04055380821228027,
    0.03868578001856804,
    0.037195008248090744,
    0.03597027808427811,
    0.034923478960990906,
    0.03401464223861694,
    0.0332149863243103,
    0.032502319663763046,
    0.03186027333140373,
    0.03127644583582878,
    0.030740894377231598,
    0.03024495206773281,
    0.029780788347125053,
    0.02934141643345356,
    0.028920773416757584,
    0.028513938188552856
  ],
  "Training Time": 11.73377513885498,
  "Validate": [
    0.5725933909416199,
    0.4088360071182251,
    0.6034315228462219,
    0.6643708944320679,
    0.646601676940918,
    0.5992867946624756,
    0.5764994025230408,
    0.575381338596344,
    0.5717988014221191,
    0.559726357460022,
    0.5459277629852295,
    0.5347506999969482,
    0.5268090963363647,
    0.5218064785003662,
    0.5192697048187256,
    0.5186464786529541,
    0.5194027423858643,
    0.5210831165313721,
    0.5233295559883118,
    0.5258692502975464,
    0.5284959673881531,
    0.5310585498809814,
    0.5334470272064209,
    0.535592257976532,
    0.5374683737754822
  ]
}