{
  "Train": [
    0.058569300919771194,
    0.039075545966625214,
    0.033236585557460785,
    0.030522441491484642,
    0.02840571291744709,
    0.026851210743188858,
    0.025835055857896805,
    0.025539519265294075,
    0.025219175964593887,
    0.02426752634346485,
    0.02417621947824955,
    0.023841753602027893,
    0.02344747632741928,
    0.02323608286678791,
    0.023083096370100975,
    0.023044878616929054,
    0.02365363948047161,
    0.02393627166748047,
    0.022968659177422523,
    0.022603366523981094,
    0.02260785736143589,
    0.023382265120744705,
    0.02295393869280815,
    0.02168072946369648,
    0.021081123501062393
  ],
  "Training Time": 7.790831565856934,
  "Validate": [
    NaN,
    NaN,
    NaN,
    NaN,
    NaN,
    NaN,
    NaN,
    NaN,
    NaN,
    NaN,
    NaN,
    NaN,
    NaN,
    NaN,
    NaN,
    NaN,
    NaN,
    NaN,
    NaN,
    NaN,
    NaN,
    NaN,
    NaN,
    NaN,
    NaN
  ]
}