{
  "Train": [
    0.19041402637958527,
    0.15960772335529327,
    0.15300916135311127,
    0.1474079191684723,
    0.14261896908283234,
    0.1383334994316101,
    0.13433636724948883,
    0.13052518665790558,
    0.12689635157585144,
    0.12341160327196121,
    0.12003421038389206,
    0.11680605262517929,
    0.11381649225950241,
    0.1112704947590828,
    0.10996876657009125,
    0.11230840533971786,
    0.11032897233963013,
    0.10599754750728607,
    0.10227242857217789,
    0.10048319399356842,
    0.09766390174627304,
    0.0952538475394249,
    0.09328489750623703,
    0.09128402918577194,
    0.08953041583299637
  ],
  "Training Time": 11.66300916671753,
  "Validate": [
    1.6756829023361206,
    1.5633429288864136,
    1.4792100191116333,
    1.401048183441162,
    1.3285229206085205,
    1.262977123260498,
    1.2053405046463013,
    1.1560808420181274,
    1.1149824857711792,
    1.0809624195098877,
    1.0528836250305176,
    1.0299733877182007,
    1.011539340019226,
    0.9966049194335938,
    0.9834780097007751,
    0.9784441590309143,
    0.9864010214805603,
    0.9866708517074585,
    0.9835531711578369,
    0.9802795052528381,
    0.9735839366912842,
    0.9682115912437439,
    0.9659028649330139,
    0.9647626876831055,
    0.9643350839614868
  ]
}