{
  "Train": [
    1.1618095636367798,
    1.14242684841156,
    1.132074236869812,
    1.123739242553711,
    1.1157749891281128,
    1.107378602027893,
    1.0973716974258423,
    1.0842812061309814,
    1.0655030012130737,
    1.036447525024414
  ],
  "Training Time": 12.341304302215576,
  "Validate": [
    2.0597174167633057,
    2.086496353149414,
    2.075042486190796,
    2.0586585998535156,
    2.0378129482269287,
    2.0133230686187744,
    1.9855393171310425,
    1.9566898345947266,
    1.9387282133102417,
    1.9325309991836548
  ]
}