{
  "Train": [
    0.8413658738136292,
    0.8346330523490906,
    0.7633596658706665,
    0.7309830784797668,
    0.7059201002120972,
    0.6722692251205444,
    0.6425737142562866,
    0.6207143068313599,
    0.6060222387313843,
    0.5893591642379761
  ],
  "Training Time": 14.067353963851929,
  "Validate": [
    NaN,
    NaN,
    NaN,
    NaN,
    NaN,
    NaN,
    NaN,
    NaN,
    NaN,
    NaN
  ]
}