{
  "Train": [
    0.2751622498035431,
    0.10699230432510376,
    0.08270876854658127,
    0.07614144682884216,
    0.06365691125392914,
    0.049396391957998276,
    0.038757894188165665,
    0.0336037203669548,
    0.03084096498787403,
    0.029212621971964836,
    0.027987590059638023,
    0.026995807886123657,
    0.02617489919066429,
    0.0255257748067379,
    0.024997299537062645,
    0.024563290178775787,
    0.024204149842262268,
    0.023905154317617416,
    0.02364930510520935,
    0.0234182458370924,
    0.023196840658783913,
    0.02297859638929367,
    0.022765547037124634,
    0.02256299927830696,
    0.022374771535396576
  ],
  "Training Time": 11.292519569396973,
  "Validate": [
    0.594544529914856,
    0.5015723705291748,
    0.5048941373825073,
    0.5194531679153442,
    0.5215833187103271,
    0.5702323317527771,
    0.655562698841095,
    0.6725773215293884,
    0.6543571352958679,
    0.6390088796615601,
    0.6386252045631409,
    0.6412006616592407,
    0.6445561051368713,
    0.6481157541275024,
    0.6514905095100403,
    0.6545172333717346,
    0.6572141051292419,
    0.6598322987556458,
    0.662743866443634,
    0.6662392020225525,
    0.6703809499740601,
    0.6750643253326416,
    0.6801652908325195,
    0.6856135725975037,
    0.6913833022117615
  ]
}