{
  "Train": [
    0.7520703673362732,
    0.7101678252220154,
    0.6893419623374939,
    0.6663842797279358,
    0.6434201598167419,
    0.6227144598960876,
    0.6011180877685547,
    0.5941006541252136,
    0.5617119669914246,
    0.5480552911758423
  ],
  "Training Time": 5.35718035697937,
  "Validate": [
    0.3740120232105255,
    0.3844856917858124,
    0.39426329731941223,
    0.4050748944282532,
    0.41194355487823486,
    0.41366490721702576,
    0.416869193315506,
    0.4266890287399292,
    0.430423378944397,
    0.4672242999076843
  ]
}