{
  "Train": [
    0.913273274898529,
    0.8859408497810364,
    0.869478166103363,
    0.8556414842605591,
    0.8489100337028503,
    0.8406217694282532,
    0.8346329927444458,
    0.8294995427131653,
    0.8264710903167725,
    0.8196777701377869
  ],
  "Training Time": 6.023758411407471,
  "Validate": [
    2.952073097229004,
    3.0286710262298584,
    2.9537644386291504,
    2.9151201248168945,
    2.8826308250427246,
    2.8661372661590576,
    2.843095541000366,
    2.8293793201446533,
    2.8550820350646973,
    2.8297572135925293
  ]
}