{
  "Train": [
    0.35296630859375,
    0.1717788726091385,
    0.11706598848104477,
    0.09589563310146332,
    0.08567192405462265,
    0.07651899755001068,
    0.06971979141235352,
    0.06280924379825592,
    0.05620820075273514,
    0.050587404519319534,
    0.04601269215345383,
    0.04234647750854492,
    0.039359308779239655,
    0.03681343048810959,
    0.03469131141901016,
    0.032823093235492706,
    0.031220125034451485,
    0.029763272032141685,
    0.028486652299761772,
    0.027275273576378822,
    0.02619648166000843,
    0.02508273348212242,
    0.02411002106964588,
    0.02294047735631466,
    0.02212957851588726
  ],
  "Training Time": 12.744818449020386,
  "Validate": [
    1.7016657590866089,
    2.0735604763031006,
    2.2351741790771484,
    2.593477249145508,
    3.111062526702881,
    3.7265570163726807,
    4.278430461883545,
    4.744134426116943,
    5.20689058303833,
    5.570866107940674,
    5.837472915649414,
    6.025535583496094,
    6.131274700164795,
    6.163886547088623,
    6.1318817138671875,
    6.056674480438232,
    5.951800346374512,
    5.835130214691162,
    5.714695453643799,
    5.6021575927734375,
    5.499646186828613,
    5.415828227996826,
    5.346428871154785,
    5.299679756164551,
    5.256683826446533
  ]
}