{
  "Train": [
    0.10321643948554993,
    0.033980704843997955,
    0.025762248784303665,
    0.021972080692648888,
    0.019618242979049683,
    0.01794329471886158,
    0.01669388823211193,
    0.01572263054549694,
    0.014949716627597809,
    0.014338165521621704,
    0.013867571018636227,
    0.013517006300389767,
    0.01326223649084568,
    0.013084355741739273,
    0.012978470884263515,
    0.012948278337717056,
    0.012978942133486271,
    0.013012880459427834,
    0.012973728589713573,
    0.0128141725435853,
    0.012538803741335869,
    0.012185443192720413,
    0.01179427932947874,
    0.011393703520298004,
    0.010995516553521156
  ],
  "Training Time": 16.204415321350098,
  "Validate": [
    NaN,
    NaN,
    NaN,
    NaN,
    NaN,
    NaN,
    NaN,
    NaN,
    NaN,
    NaN,
    NaN,
    NaN,
    NaN,
    NaN,
    NaN,
    NaN,
    NaN,
    NaN,
    NaN,
    NaN,
    NaN,
    NaN,
    NaN,
    NaN,
    NaN
  ]
}