{
  "Train": [
    0.7966544032096863,
    0.8839343190193176,
    0.7930713891983032,
    0.7484279870986938,
    0.7171030044555664,
    0.6872531771659851,
    0.6484702229499817,
    0.612717866897583,
    0.5842039585113525,
    0.567699134349823
  ],
  "Training Time": 13.845372676849365,
  "Validate": [
    NaN,
    NaN,
    NaN,
    NaN,
    NaN,
    NaN,
    NaN,
    NaN,
    NaN,
    NaN
  ]
}