{
  "Train": [
    1.1869102716445923,
    1.1596028804779053,
    1.1514180898666382,
    1.14119553565979,
    1.133868932723999,
    1.1272289752960205,
    1.120356798171997,
    1.1126984357833862,
    1.1039164066314697,
    1.0935295820236206
  ],
  "Training Time": 12.974639177322388,
  "Validate": [
    2.0090832710266113,
    2.0264387130737305,
    2.0480902194976807,
    2.0703399181365967,
    2.0601840019226074,
    2.0533173084259033,
    2.0426740646362305,
    2.029125928878784,
    2.012364625930786,
    1.9921516180038452
  ]
}