{
  "Train": [
    1.1930196285247803,
    1.1711667776107788,
    1.154834270477295,
    1.1454344987869263,
    1.1398652791976929,
    1.1353329420089722,
    1.1305757761001587,
    1.1239804029464722,
    1.1168705224990845,
    1.1066911220550537
  ],
  "Training Time": 5.936928033828735,
  "Validate": [
    1.9484634399414062,
    1.9927818775177002,
    2.0412027835845947,
    2.046497106552124,
    2.0237746238708496,
    1.9937933683395386,
    1.971596121788025,
    1.9528800249099731,
    1.9127535820007324,
    1.8778729438781738
  ]
}