{
  "Train": [
    0.8270496726036072,
    0.6789918541908264,
    0.7384113669395447,
    0.5413913130760193,
    0.4860808551311493,
    0.45229458808898926,
    0.44140297174453735,
    0.4250584840774536,
    0.4190270006656647,
    0.42936575412750244
  ],
  "Training Time": 6.866382837295532,
  "Validate": [
    NaN,
    NaN,
    NaN,
    NaN,
    NaN,
    NaN,
    NaN,
    NaN,
    NaN,
    NaN
  ]
}