{
  "Train": [
    0.4463547170162201,
    0.12851455807685852,
    0.08454340696334839,
    0.07432112842798233,
    0.06520861387252808,
    0.05632288381457329,
    0.05042937770485878,
    0.045772403478622437,
    0.041709356009960175,
    0.03729776665568352,
    0.03618447110056877,
    0.03629724308848381,
    0.030672524124383926,
    0.03696093708276749,
    0.027502313256263733,
    0.031933460384607315,
    0.027326805517077446,
    0.03372655063867569,
    0.02303566224873066,
    0.02578459493815899,
    0.02322334609925747,
    0.022655855864286423,
    0.02274123765528202,
    0.0296300258487463,
    0.018731767311692238
  ],
  "Training Time": 10.408825635910034,
  "Validate": [
    1.6935935020446777,
    1.8910324573516846,
    1.9097672700881958,
    1.893072485923767,
    1.9025585651397705,
    1.9154903888702393,
    1.9186631441116333,
    1.934712290763855,
    1.8736897706985474,
    1.9682167768478394,
    1.5702300071716309,
    2.2122888565063477,
    1.5543498992919922,
    2.259129047393799,
    1.811505913734436,
    2.193903923034668,
    1.3902541399002075,
    2.1815874576568604,
    1.9567385911941528,
    1.862036943435669,
    1.6004961729049683,
    1.8713008165359497,
    0.9297813177108765,
    2.100203514099121,
    1.8753162622451782
  ]
}