{
  "Train": [
    0.13106147944927216,
    0.03768380731344223,
    0.02866194024682045,
    0.024068070575594902,
    0.020957963541150093,
    0.018571453168988228,
    0.01665576919913292,
    0.014944787137210369,
    0.013090197928249836,
    0.011000679805874825,
    0.009066409431397915,
    0.007947889156639576,
    0.007630583364516497,
    0.007619381882250309,
    0.007563904393464327,
    0.007430262863636017,
    0.007215058896690607,
    0.007186432369053364,
    0.007868563756346703,
    0.016676658764481544,
    0.029344141483306885,
    0.03478551283478737,
    0.03113362565636635,
    0.012034942395985126,
    0.006012029945850372
  ],
  "Training Time": 13.176164388656616,
  "Validate": [
    NaN,
    NaN,
    NaN,
    NaN,
    NaN,
    NaN,
    NaN,
    NaN,
    NaN,
    NaN,
    NaN,
    NaN,
    NaN,
    NaN,
    NaN,
    NaN,
    NaN,
    NaN,
    NaN,
    NaN,
    NaN,
    NaN,
    NaN,
    NaN,
    NaN
  ]
}