{
  "Train": [
    0.07864919304847717,
    0.04521597921848297,
    0.03932015970349312,
    0.0361870676279068,
    0.03332792967557907,
    0.031210439279675484,
    0.030752770602703094,
    0.030305761843919754,
    0.029484262689948082,
    0.029455622658133507,
    0.02894018031656742,
    0.028904125094413757,
    0.028861409053206444,
    0.027894794940948486,
    0.027773043140769005,
    0.027897357940673828,
    0.02735246904194355,
    0.02667841501533985,
    0.0295321773737669,
    0.0274062417447567,
    0.02698086015880108,
    0.026699259877204895,
    0.026541296392679214,
    0.026438524946570396,
    0.026319347321987152
  ],
  "Training Time": 16.00461220741272,
  "Validate": [
    NaN,
    NaN,
    NaN,
    NaN,
    NaN,
    NaN,
    NaN,
    NaN,
    NaN,
    NaN,
    NaN,
    NaN,
    NaN,
    NaN,
    NaN,
    NaN,
    NaN,
    NaN,
    NaN,
    NaN,
    NaN,
    NaN,
    NaN,
    NaN,
    NaN
  ]
}