{
  "Train": [
    0.5152482390403748,
    0.13111776113510132,
    0.09705434739589691,
    0.08661019057035446,
    0.07418450713157654,
    0.05670759454369545,
    0.04090078920125961,
    0.035675015300512314,
    0.03373784199357033,
    0.030446857213974,
    0.02848227135837078,
    0.02731201983988285,
    0.02650383487343788,
    0.025909166783094406,
    0.025444770231842995,
    0.025067560374736786,
    0.024753957986831665,
    0.02449064515531063,
    0.02426999993622303,
    0.024087555706501007,
    0.023940425366163254,
    0.02382638119161129,
    0.02374325878918171,
    0.023688456043601036,
    0.023658588528633118
  ],
  "Training Time": 11.253321886062622,
  "Validate": [
    1.1908485889434814,
    0.8647464513778687,
    0.9015951752662659,
    1.0658475160598755,
    1.2679352760314941,
    1.478265404701233,
    1.6763430833816528,
    1.7822879552841187,
    1.8262360095977783,
    1.8244056701660156,
    1.8036857843399048,
    1.7768133878707886,
    1.7465351819992065,
    1.7144500017166138,
    1.6815600395202637,
    1.6484068632125854,
    1.6152980327606201,
    1.5824154615402222,
    1.5498913526535034,
    1.5178325176239014,
    1.486341953277588,
    1.4555243253707886,
    1.4255034923553467,
    1.3964403867721558,
    1.3685463666915894
  ]
}