{
  "Train": [
    0.897439181804657,
    0.8215500712394714,
    0.781867265701294,
    0.7407909035682678,
    0.7087783813476562,
    0.6907220482826233,
    0.5858082175254822,
    0.5567492842674255,
    0.49684959650039673,
    0.46850836277008057
  ],
  "Training Time": 14.740662574768066,
  "Validate": [
    NaN,
    NaN,
    NaN,
    NaN,
    NaN,
    NaN,
    NaN,
    NaN,
    NaN,
    NaN
  ]
}