{
  "Train": [
    0.684518575668335,
    0.4144740402698517,
    0.3677842915058136,
    0.3415555953979492,
    0.3207473158836365,
    0.2991240918636322,
    0.2803638279438019,
    0.2636985182762146,
    0.2501625716686249,
    0.24096199870109558
  ],
  "Training Time": 8.13002896308899,
  "Validate": [
    45.06814956665039,
    42.35285186767578,
    40.97441101074219,
    40.688785552978516,
    40.977054595947266,
    41.57742691040039,
    42.243309020996094,
    42.87489318847656,
    42.98637390136719,
    42.649208068847656
  ]
}