{
  "Train": [
    0.9830716252326965,
    0.9220292568206787,
    0.8694587349891663,
    0.8426082134246826,
    0.8264439702033997,
    0.8143439292907715,
    0.8053398728370667,
    0.7982456684112549,
    0.7920613288879395,
    0.7860280275344849,
    0.7796788215637207,
    0.7722535729408264,
    0.7617190480232239,
    0.7434578537940979,
    0.7217434644699097,
    0.7076882719993591,
    0.6968492269515991,
    0.6876019239425659,
    0.6785712242126465,
    0.67001873254776,
    0.6674192547798157,
    0.6670151948928833,
    0.6637216210365295,
    0.6566501259803772,
    0.6507039666175842,
    0.6477972269058228,
    0.6459251046180725,
    0.6436632871627808,
    0.6399061679840088,
    0.6360812187194824,
    0.6344344019889832,
    0.6340980529785156,
    0.632544219493866,
    0.6305323839187622,
    0.6287111043930054,
    0.6270102262496948,
    0.6251417994499207,
    0.6230669021606445,
    0.620879590511322,
    0.6186102032661438,
    0.6162188649177551,
    0.6136544346809387,
    0.6108641028404236,
    0.6077911853790283,
    0.6044085621833801,
    0.6007527709007263,
    0.5968424081802368,
    0.5926147103309631,
    0.5880444645881653,
    0.5831990838050842,
    0.578140139579773,
    0.5728499293327332,
    0.5672658085823059,
    0.5612911581993103,
    0.5545551776885986,
    0.5460936427116394,
    0.5343553423881531,
    0.5200899839401245,
    0.5089086294174194,
    0.4927268922328949,
    0.49946653842926025,
    0.46563705801963806,
    0.4869253635406494,
    0.5392938256263733,
    0.4402623176574707,
    0.4244851768016815,
    0.417470246553421,
    0.4096325933933258,
    0.6168968081474304,
    0.45270490646362305,
    0.43717795610427856,
    0.42916083335876465,
    0.4228570759296417,
    0.4159470200538635,
    0.40913575887680054,
    0.46074724197387695,
    0.42829596996307373,
    0.39098405838012695,
    0.40034976601600647,
    0.39447519183158875,
    0.38109132647514343,
    0.38190993666648865,
    0.38105693459510803,
    0.3741503059864044,
    0.4093758165836334,
    0.36319461464881897,
    0.37764620780944824,
    0.3698887825012207,
    0.3849179148674011,
    0.37135401368141174,
    0.3551907539367676,
    0.37298154830932617,
    0.35873571038246155,
    0.41051924228668213,
    0.37754175066947937,
    0.3308977484703064,
    0.3271571099758148,
    0.31993207335472107,
    0.31412091851234436,
    0.30864813923835754
  ],
  "Training Time": 123.54741406440735,
  "Validate": [
    3.4448904991149902,
    3.2169649600982666,
    2.909097909927368,
    2.7482128143310547,
    2.6331472396850586,
    2.514672040939331,
    2.4181172847747803,
    2.3598344326019287,
    2.3392317295074463,
    2.34615421295166,
    2.374002695083618,
    2.425213575363159,
    2.5262393951416016,
    2.6803274154663086,
    2.722060203552246,
    2.6872098445892334,
    2.7597267627716064,
    2.9203269481658936,
    3.1902174949645996,
    3.457146406173706,
    3.526352882385254,
    3.432143211364746,
    3.4496877193450928,
    3.4969682693481445,
    3.4133148193359375,
    3.322526693344116,
    3.280219316482544,
    3.311757802963257,
    3.386221170425415,
    3.4241135120391846,
    3.377150774002075,
    3.36586856842041,
    3.38333797454834,
    3.395677328109741,
    3.3947553634643555,
    3.391770839691162,
    3.3920679092407227,
    3.3927338123321533,
    3.3910300731658936,
    3.3870506286621094,
    3.3817834854125977,
    3.375887155532837,
    3.3699562549591064,
    3.364901065826416,
    3.3618712425231934,
    3.361738681793213,
    3.365032911300659,
    3.3721163272857666,
    3.3828375339508057,
    3.3965811729431152,
    3.412750005722046,
    3.4307661056518555,
    3.4495229721069336,
    3.4667601585388184,
    3.479238986968994,
    3.48738956451416,
    3.504769802093506,
    3.5424463748931885,
    3.587318181991577,
    3.6111016273498535,
    3.6674039363861084,
    3.768023729324341,
    3.9456679821014404,
    3.48159122467041,
    3.680813789367676,
    3.7346410751342773,
    3.7781715393066406,
    3.9087257385253906,
    4.059717655181885,
    4.058800220489502,
    4.138664245605469,
    4.180911064147949,
    4.231231689453125,
    4.290686130523682,
    4.232088088989258,
    4.472520351409912,
    4.345227241516113,
    4.312484264373779,
    4.303294658660889,
    4.318457126617432,
    4.136634826660156,
    4.21329927444458,
    4.253580093383789,
    4.0571699142456055,
    4.221183776855469,
    4.030349254608154,
    4.249091625213623,
    3.9353830814361572,
    3.988863229751587,
    4.211153984069824,
    3.8870508670806885,
    3.9062039852142334,
    4.1042399406433105,
    4.337381362915039,
    4.207492828369141,
    4.102335453033447,
    4.080456256866455,
    3.993232488632202,
    3.9301042556762695,
    3.840440511703491
  ]
}