{
  "Train": [
    0.9934824705123901,
    0.577853262424469,
    0.44940444827079773,
    0.3595851957798004,
    0.3083968162536621,
    0.28455302119255066,
    0.2603045701980591,
    0.24645866453647614,
    0.2276460975408554,
    0.21308475732803345,
    0.20325696468353271,
    0.19787605106830597,
    0.1894703209400177,
    0.18330353498458862,
    0.17749719321727753,
    0.1721787005662918,
    0.16896170377731323,
    0.16548651456832886,
    0.16968658566474915,
    0.16122324764728546,
    0.16322943568229675,
    0.1594729870557785,
    0.15268762409687042,
    0.14794370532035828,
    0.1438693404197693
  ],
  "Training Time": 15.442728042602539,
  "Validate": [
    7.283175945281982,
    7.236973762512207,
    6.6796555519104,
    6.295692443847656,
    6.179178237915039,
    6.059462070465088,
    5.993406772613525,
    5.771490097045898,
    5.582400321960449,
    5.45350980758667,
    5.385114669799805,
    5.26992130279541,
    5.214869976043701,
    5.182043075561523,
    5.173505783081055,
    5.188525676727295,
    5.228072166442871,
    5.272052764892578,
    5.334336280822754,
    5.386435508728027,
    5.440182209014893,
    5.49741792678833,
    5.564516067504883,
    5.639156818389893,
    5.719484329223633
  ]
}