{
  "Train": [
    0.42108455300331116,
    0.2636593282222748,
    0.22027313709259033,
    0.18961212038993835,
    0.1604463905096054,
    0.1370294839143753,
    0.11981215327978134,
    0.11113327741622925,
    0.1059502512216568,
    0.1020134761929512,
    0.0989684984087944,
    0.09656023234128952,
    0.09458480030298233,
    0.09289832413196564,
    0.09140891581773758,
    0.09005711227655411,
    0.0888001024723053,
    0.08760515600442886,
    0.08645050972700119,
    0.08532647043466568,
    0.0842321440577507,
    0.08317053318023682,
    0.08214467763900757,
    0.0811583399772644,
    0.08021735399961472
  ],
  "Training Time": 22.53260350227356,
  "Validate": [
    NaN,
    NaN,
    NaN,
    NaN,
    NaN,
    NaN,
    NaN,
    NaN,
    NaN,
    NaN,
    NaN,
    NaN,
    NaN,
    NaN,
    NaN,
    NaN,
    NaN,
    NaN,
    NaN,
    NaN,
    NaN,
    NaN,
    NaN,
    NaN,
    NaN
  ]
}