{
  "Train": [
    1.0697859525680542,
    0.9543963670730591,
    0.8872541785240173,
    0.8509971499443054,
    0.8301802277565002,
    0.8098734617233276,
    0.7861328721046448,
    0.7516918182373047,
    0.7225310206413269,
    0.7171154618263245
  ],
  "Training Time": 17.26867389678955,
  "Validate": [
    4.509725570678711,
    3.79305362701416,
    3.346946954727173,
    3.1131746768951416,
    3.0083718299865723,
    2.906038284301758,
    2.8026480674743652,
    2.7375800609588623,
    2.7547004222869873,
    2.8236989974975586
  ]
}