{
  "Train": [
    0.4434814751148224,
    0.22948241233825684,
    0.12107903510332108,
    0.10930722206830978,
    0.09796340763568878,
    0.09153590351343155,
    0.08527591079473495,
    0.07707017660140991,
    0.06897760182619095,
    0.06246751919388771,
    0.05742756649851799,
    0.0542328767478466,
    0.05174795165657997,
    0.04873418062925339,
    0.046814654022455215,
    0.0441085584461689,
    0.04345497488975525,
    0.04027770832180977,
    0.041777726262807846,
    0.03645385056734085,
    0.04260575771331787,
    0.03342670574784279,
    0.03982919454574585,
    0.03227173164486885,
    0.03529040887951851
  ],
  "Training Time": 18.164627075195312,
  "Validate": [
    2.611612558364868,
    4.268069267272949,
    5.504153728485107,
    6.326761245727539,
    6.963316440582275,
    7.458497524261475,
    7.741270542144775,
    7.9999098777771,
    8.228690147399902,
    8.376762390136719,
    8.449433326721191,
    8.437931060791016,
    8.346404075622559,
    8.206732749938965,
    7.99940299987793,
    7.80732536315918,
    7.53969144821167,
    7.395149230957031,
    7.01975679397583,
    7.055181980133057,
    6.450718402862549,
    6.7532758712768555,
    5.983032703399658,
    6.060009479522705,
    5.492653846740723
  ]
}