{
  "Train": [
    0.1501944214105606,
    0.08607561141252518,
    0.05098729580640793,
    0.03545695170760155,
    0.030838802456855774,
    0.024906670674681664,
    0.020316818729043007,
    0.017379693686962128,
    0.015315506607294083,
    0.014111200347542763,
    0.013500014320015907,
    0.013099473901093006,
    0.012578693218529224,
    0.01197434775531292,
    0.0115741528570652,
    0.011537466198205948,
    0.011810805648565292,
    0.012218805961310863,
    0.012612917460501194,
    0.013533390127122402,
    0.04439566656947136,
    0.03458169102668762,
    0.01700311154127121,
    0.013545788824558258,
    0.010509859770536423
  ],
  "Training Time": 23.782301425933838,
  "Validate": [
    NaN,
    NaN,
    NaN,
    NaN,
    NaN,
    NaN,
    NaN,
    NaN,
    NaN,
    NaN,
    NaN,
    NaN,
    NaN,
    NaN,
    NaN,
    NaN,
    NaN,
    NaN,
    NaN,
    NaN,
    NaN,
    NaN,
    NaN,
    NaN,
    NaN
  ]
}