{
  "Train": [
    0.06952166557312012,
    0.04752504453063011,
    0.0368269607424736,
    0.032970115542411804,
    0.030972063541412354,
    0.02948712930083275,
    0.028277309611439705,
    0.027149459347128868,
    0.026136277243494987,
    0.02540520206093788,
    0.024858465418219566,
    0.0245668888092041,
    0.0237736739218235,
    0.023974906653165817,
    0.022507475689053535,
    0.022497784346342087,
    0.022201063111424446,
    0.027944352477788925,
    0.030321918427944183,
    0.0227672066539526,
    0.022562257945537567,
    0.02230331487953663,
    0.02199968323111534,
    0.022233953699469566,
    0.021359805017709732
  ],
  "Training Time": 16.284446001052856,
  "Validate": [
    NaN,
    NaN,
    NaN,
    NaN,
    NaN,
    NaN,
    NaN,
    NaN,
    NaN,
    NaN,
    NaN,
    NaN,
    NaN,
    NaN,
    NaN,
    NaN,
    NaN,
    NaN,
    NaN,
    NaN,
    NaN,
    NaN,
    NaN,
    NaN,
    NaN
  ]
}