{
  "Train": [
    1.0607470273971558,
    1.0556954145431519,
    1.0546919107437134,
    1.053877830505371,
    1.0530906915664673,
    1.0524638891220093,
    1.05199134349823,
    1.0516048669815063,
    1.0510163307189941,
    1.050642728805542
  ],
  "Training Time": 5.489997863769531,
  "Validate": [
    3.142850399017334,
    3.144320487976074,
    3.1424386501312256,
    3.1399917602539062,
    3.1383748054504395,
    3.1376733779907227,
    3.1365480422973633,
    3.1340088844299316,
    3.133312940597534,
    3.1324126720428467
  ]
}