{
  "Train": [
    0.19327481091022491,
    0.13419446349143982,
    0.12153063714504242,
    0.11824040859937668,
    0.11752895265817642,
    0.10948408395051956,
    0.10562336444854736,
    0.10324027389287949,
    0.10152645409107208,
    0.09995226562023163,
    0.0982225239276886,
    0.09613829851150513,
    0.0938069149851799,
    0.09167631715536118,
    0.09018068760633469,
    0.08967145532369614,
    0.09018897265195847,
    0.08823975175619125,
    0.08218862116336823,
    0.08029735833406448,
    0.08257132768630981,
    0.07959642261266708,
    0.07602056115865707,
    0.0707843154668808,
    0.07402589917182922
  ],
  "Training Time": 23.571573734283447,
  "Validate": [
    NaN,
    NaN,
    NaN,
    NaN,
    NaN,
    NaN,
    NaN,
    NaN,
    NaN,
    NaN,
    NaN,
    NaN,
    NaN,
    NaN,
    NaN,
    NaN,
    NaN,
    NaN,
    NaN,
    NaN,
    NaN,
    NaN,
    NaN,
    NaN,
    NaN
  ]
}