{
  "Train": [
    0.9376965165138245,
    0.6806936860084534,
    0.5105186104774475,
    0.42293256521224976,
    0.35954850912094116,
    0.32348400354385376,
    0.29142868518829346,
    0.27374503016471863,
    0.2656252086162567,
    0.2610729932785034,
    0.25512444972991943,
    0.24927955865859985,
    0.24978020787239075,
    0.24964787065982819,
    0.24576203525066376,
    0.24288126826286316,
    0.23626725375652313,
    0.23678824305534363,
    0.23309145867824554,
    0.2331118881702423,
    0.22890658676624298,
    0.2272578477859497,
    0.22310477495193481,
    0.2207859456539154,
    0.2160101979970932
  ],
  "Training Time": 15.967296123504639,
  "Validate": [
    0.3417878746986389,
    0.3140365779399872,
    0.39398613572120667,
    0.5987731218338013,
    0.8368842601776123,
    1.007371425628662,
    1.0407294034957886,
    0.9862805008888245,
    0.9625360369682312,
    0.8994798064231873,
    0.9350749850273132,
    0.8697417974472046,
    0.9081702828407288,
    0.8863109350204468,
    0.908435583114624,
    0.8857006430625916,
    0.9070500731468201,
    0.8780677914619446,
    0.8861852884292603,
    0.8547539114952087,
    0.8516771793365479,
    0.8153800368309021,
    0.8007346987724304,
    0.7540051937103271,
    0.7286830544471741
  ]
}