{
  "Train": [
    0.18402430415153503,
    0.16937769949436188,
    0.15799634158611298,
    0.1486642062664032,
    0.14038707315921783,
    0.13291803002357483,
    0.12675996124744415,
    0.12131132185459137,
    0.11551228910684586,
    0.11010430753231049,
    0.10492278635501862,
    0.1007324829697609,
    0.0976339802145958,
    0.09536988288164139,
    0.09427754580974579,
    0.09298954159021378,
    0.08854300528764725,
    0.08894933015108109,
    0.08946578204631805,
    0.08798561990261078,
    0.08590812236070633,
    0.0867801085114479,
    0.08660844713449478,
    0.08366861194372177,
    0.081495001912117
  ],
  "Training Time": 18.409376621246338,
  "Validate": [
    0.7035313248634338,
    0.6963830590248108,
    0.6562609076499939,
    0.6069201231002808,
    0.546302855014801,
    0.47745218873023987,
    0.40286633372306824,
    0.3204965591430664,
    0.2462986558675766,
    0.19414645433425903,
    0.17931808531284332,
    0.2047746777534485,
    0.26077839732170105,
    0.2925514876842499,
    0.22711481153964996,
    0.17569629848003387,
    0.13407307863235474,
    0.09414967894554138,
    0.12457222491502762,
    0.061792612075805664,
    0.07941419631242752,
    0.09589815139770508,
    0.07784402370452881,
    0.07228413224220276,
    0.08796269446611404
  ]
}