{
  "Train": [
    1.0011279582977295,
    0.9944972395896912,
    0.990702748298645,
    0.9874920845031738,
    0.98599773645401,
    0.9844446182250977,
    0.9824292063713074,
    0.9797707796096802,
    0.9761654138565063,
    0.9729655981063843
  ],
  "Training Time": 2.878438949584961,
  "Validate": [
    NaN,
    NaN,
    NaN,
    NaN,
    NaN,
    NaN,
    NaN,
    NaN,
    NaN,
    NaN
  ]
}