{
  "Train": [
    1.0832825899124146,
    1.0615804195404053,
    1.058097004890442,
    1.0559571981430054,
    1.054587960243225,
    1.053626537322998,
    1.0529088973999023,
    1.0523306131362915,
    1.0518535375595093,
    1.0514413118362427
  ],
  "Training Time": 3.6980361938476562,
  "Validate": [
    7.197723388671875,
    7.246184349060059,
    7.276000499725342,
    7.297436714172363,
    7.316247463226318,
    7.334360122680664,
    7.351956367492676,
    7.37025785446167,
    7.389825820922852,
    7.410670757293701
  ]
}