{
  "Train": [
    1.197670817375183,
    1.1709030866622925,
    1.1669262647628784,
    1.1635648012161255,
    1.1584011316299438,
    1.1595425605773926,
    1.155444860458374,
    1.1477773189544678,
    1.1464177370071411,
    1.1384028196334839,
    1.1406879425048828,
    1.1232613325119019,
    1.12723970413208,
    1.1272763013839722,
    1.1023579835891724,
    1.062904953956604,
    1.0521647930145264,
    1.0662730932235718,
    1.1316863298416138,
    1.0271941423416138,
    1.0677311420440674,
    0.9907722473144531,
    1.0030680894851685,
    0.9832391142845154,
    0.959941565990448,
    0.9215022325515747,
    0.8679930567741394,
    0.9192260503768921,
    1.2156065702438354,
    0.9187906980514526,
    0.8019364476203918,
    0.9760525822639465,
    0.691034197807312,
    0.7423614859580994,
    0.9851819276809692,
    0.6614097356796265,
    0.6321926116943359,
    0.6088902950286865,
    0.6054936647415161,
    0.5555633306503296,
    0.5154858827590942,
    0.49301832914352417,
    0.4552331566810608,
    0.4114249646663666,
    0.3723558783531189,
    0.3334094285964966,
    0.2799733877182007,
    0.22875267267227173,
    0.19013433158397675,
    0.16670015454292297,
    0.16735748946666718,
    0.18300144374370575,
    0.1766013503074646,
    0.16938574612140656,
    0.17364546656608582,
    0.17625074088573456,
    0.22336356341838837,
    0.3581926226615906,
    0.7071132063865662,
    0.6682934761047363,
    0.3247981071472168,
    0.17158770561218262,
    0.15761160850524902,
    0.1493479609489441,
    0.14445747435092926,
    0.14048069715499878,
    0.1377430260181427,
    0.13524113595485687,
    0.13388963043689728,
    0.13171443343162537,
    0.13165134191513062,
    0.1292436271905899,
    0.13369114696979523,
    0.13154323399066925,
    0.14765425026416779,
    0.14101222157478333,
    0.16544196009635925,
    0.1297723799943924,
    0.1251210868358612,
    0.12084447592496872,
    0.12014472484588623,
    0.11994832754135132,
    0.11830321699380875,
    0.11828544735908508,
    0.11793500930070877,
    0.11596547812223434,
    0.11631231009960175,
    0.11648166924715042,
    0.12772679328918457,
    0.3715168237686157,
    0.42316436767578125,
    1.1811192035675049,
    0.2821413576602936,
    0.19545894861221313,
    0.17211362719535828,
    0.14705881476402283,
    0.1340693086385727,
    0.13192029297351837,
    0.13464784622192383,
    0.13225491344928741
  ],
  "Training Time": 167.85098910331726,
  "Validate": [
    1.9683709144592285,
    1.971889615058899,
    2.0016801357269287,
    2.0055084228515625,
    2.0516157150268555,
    2.006671905517578,
    2.06014347076416,
    2.099799156188965,
    2.0667529106140137,
    2.1006674766540527,
    2.033571481704712,
    2.084244966506958,
    2.0150070190429688,
    2.1338679790496826,
    2.130446434020996,
    2.2409310340881348,
    2.2154550552368164,
    2.106673002243042,
    2.136949062347412,
    2.3144443035125732,
    2.3443310260772705,
    2.4201529026031494,
    2.353681802749634,
    2.38607120513916,
    2.343087911605835,
    2.417198896408081,
    2.373448371887207,
    2.6573610305786133,
    2.608052968978882,
    2.72310471534729,
    2.44806170463562,
    2.5206470489501953,
    2.5794620513916016,
    2.502838611602783,
    2.879777193069458,
    2.579679012298584,
    2.5760700702667236,
    2.583153486251831,
    2.5762481689453125,
    2.586768865585327,
    2.6020796298980713,
    2.6137914657592773,
    2.6279003620147705,
    2.6456692218780518,
    2.6507463455200195,
    2.6598944664001465,
    2.6908414363861084,
    2.707791805267334,
    2.7255971431732178,
    2.684354543685913,
    2.673489570617676,
    2.7932498455047607,
    2.6714465618133545,
    2.844212055206299,
    2.6301424503326416,
    2.7573235034942627,
    2.3920140266418457,
    2.713137626647949,
    2.5202016830444336,
    2.274911642074585,
    2.341937303543091,
    2.41646409034729,
    2.433433771133423,
    2.4609148502349854,
    2.485121250152588,
    2.499333381652832,
    2.517575263977051,
    2.520822525024414,
    2.5378713607788086,
    2.5297117233276367,
    2.562180995941162,
    2.527956008911133,
    2.598208427429199,
    2.516907215118408,
    2.6049864292144775,
    2.4295148849487305,
    2.6442503929138184,
    2.5300493240356445,
    2.585090398788452,
    2.5836198329925537,
    2.5912344455718994,
    2.6088602542877197,
    2.6040608882904053,
    2.619192600250244,
    2.6416635513305664,
    2.6301681995391846,
    2.664004325866699,
    2.6453771591186523,
    2.31887149810791,
    2.907930612564087,
    2.3634588718414307,
    2.371953248977661,
    2.4375827312469482,
    2.3342478275299072,
    2.375547409057617,
    2.419619083404541,
    2.3836936950683594,
    2.3742568492889404,
    2.3669841289520264,
    2.3553991317749023
  ]
}