{
  "Train": [
    0.8092382550239563,
    0.7978914976119995,
    0.7869725823402405,
    0.7767687439918518,
    0.7667286992073059,
    0.7565143704414368,
    0.7460227608680725,
    0.735207200050354,
    0.7239120006561279,
    0.7118995189666748
  ],
  "Training Time": 2.9795846939086914,
  "Validate": [
    NaN,
    NaN,
    NaN,
    NaN,
    NaN,
    NaN,
    NaN,
    NaN,
    NaN,
    NaN
  ]
}