{
  "Train": [
    0.9655263423919678,
    0.934750497341156,
    0.9068888425827026,
    0.8865243196487427,
    0.8714378476142883,
    0.8594409823417664,
    0.8490979671478271,
    0.839626133441925,
    0.8305290341377258,
    0.821433424949646
  ],
  "Training Time": 2.4297609329223633,
  "Validate": [
    0.322906494140625,
    0.32644540071487427,
    0.3428933620452881,
    0.3662358224391937,
    0.3888126611709595,
    0.4085763990879059,
    0.4254801869392395,
    0.44013461470603943,
    0.4532131254673004,
    0.4653056859970093
  ]
}