{
  "Train": [
    1.059097409248352,
    1.052987813949585,
    1.0507911443710327,
    1.0486408472061157,
    1.0461456775665283,
    1.042967438697815,
    1.0385912656784058,
    1.0324331521987915,
    1.0237890481948853,
    1.012115478515625
  ],
  "Training Time": 3.8483755588531494,
  "Validate": [
    3.1299686431884766,
    3.123297691345215,
    3.1142497062683105,
    3.1028218269348145,
    3.0883939266204834,
    3.0694825649261475,
    3.0447487831115723,
    3.0126655101776123,
    2.9728565216064453,
    2.9265809059143066
  ]
}