{
  "Train": [
    0.9643079042434692,
    0.8670094609260559,
    0.8347810506820679,
    0.8215363621711731,
    0.8139328360557556,
    0.808536171913147,
    0.8039424419403076,
    0.7995832562446594,
    0.7950459718704224,
    0.7900882363319397
  ],
  "Training Time": 6.607858419418335,
  "Validate": [
    3.746518611907959,
    3.387974739074707,
    3.198129177093506,
    3.0855467319488525,
    3.0168402194976807,
    2.9688470363616943,
    2.928050994873047,
    2.8885436058044434,
    2.8466997146606445,
    2.7997355461120605
  ]
}