{
  "Train": [
    0.7676758766174316,
    0.7395511269569397,
    0.7205918431282043,
    0.709301233291626,
    0.7001463174819946,
    0.6923736333847046,
    0.6855977177619934,
    0.679607629776001,
    0.6743066906929016,
    0.6696402430534363
  ],
  "Training Time": 7.412555694580078,
  "Validate": [
    NaN,
    NaN,
    NaN,
    NaN,
    NaN,
    NaN,
    NaN,
    NaN,
    NaN,
    NaN
  ]
}