{
  "Train": [
    0.719022810459137,
    0.6939615607261658,
    0.6781755089759827,
    0.664236843585968,
    0.6521895527839661,
    0.6413030028343201,
    0.6306124925613403,
    0.619426429271698,
    0.6068340539932251,
    0.5924469232559204
  ],
  "Training Time": 6.082249164581299,
  "Validate": [
    0.4193299114704132,
    0.4377775192260742,
    0.4422041177749634,
    0.43906620144844055,
    0.43372294306755066,
    0.4290342628955841,
    0.42537668347358704,
    0.4235932528972626,
    0.428437739610672,
    0.44325485825538635
  ]
}