{
  "Train": [
    0.7780410647392273,
    0.7221037149429321,
    0.6312036514282227,
    0.5903054475784302,
    0.5292012691497803,
    0.4951712191104889,
    0.45621904730796814,
    0.4304860234260559,
    0.4174867272377014,
    0.40772107243537903
  ],
  "Training Time": 6.776435136795044,
  "Validate": [
    NaN,
    NaN,
    NaN,
    NaN,
    NaN,
    NaN,
    NaN,
    NaN,
    NaN,
    NaN
  ]
}