{
  "Train": [
    1.1822689771652222,
    1.166365385055542,
    1.1526639461517334,
    1.1451045274734497,
    1.1389102935791016,
    1.1328647136688232,
    1.126438856124878,
    1.1185405254364014,
    1.1081522703170776,
    1.093980073928833
  ],
  "Training Time": 5.866937875747681,
  "Validate": [
    1.9815033674240112,
    2.0442264080047607,
    2.0849814414978027,
    2.0785019397735596,
    2.0620689392089844,
    2.052217721939087,
    2.032308340072632,
    2.007047653198242,
    1.971639633178711,
    1.935811996459961
  ]
}