{
  "Train": [
    0.8120139241218567,
    0.3864020109176636,
    0.14737409353256226,
    0.11490530520677567,
    0.08711397647857666,
    0.06377197802066803,
    0.04960078001022339,
    0.04471668601036072,
    0.04316223785281181,
    0.04215624928474426,
    0.04104252904653549,
    0.039813701063394547,
    0.038605887442827225,
    0.037472277879714966,
    0.03641991689801216,
    0.03545645251870155,
    0.03459770232439041,
    0.033867038786411285,
    0.033268459141254425,
    0.03271099552512169,
    0.03199872747063637,
    0.03099733218550682,
    0.029751161113381386,
    0.02842678129673004,
    0.02717267908155918
  ],
  "Training Time": 15.508015394210815,
  "Validate": [
    4.832310199737549,
    1.5897338390350342,
    1.5902583599090576,
    1.9372462034225464,
    2.3300423622131348,
    2.6267309188842773,
    2.870884895324707,
    2.985175848007202,
    3.016144037246704,
    3.0109238624572754,
    2.988281488418579,
    2.9597976207733154,
    2.9313127994537354,
    2.904977560043335,
    2.8814451694488525,
    2.8605306148529053,
    2.8417789936065674,
    2.8254568576812744,
    2.8137667179107666,
    2.8102529048919678,
    2.817065954208374,
    2.836984872817993,
    2.8753576278686523,
    2.931302070617676,
    2.994403839111328
  ]
}