{
  "Train": [
    0.48763760924339294,
    0.21110068261623383,
    0.17906609177589417,
    0.16142065823078156,
    0.14939813315868378,
    0.14023713767528534,
    0.1328650414943695,
    0.12675565481185913,
    0.1216416135430336,
    0.11739383637905121,
    0.11389995366334915,
    0.11087518185377121,
    0.10765693336725235,
    0.10519443452358246,
    0.10363120585680008,
    0.11026491224765778,
    0.10231385380029678,
    0.09702739864587784,
    0.0954970270395279,
    0.10787514597177505,
    0.0950969010591507,
    0.08996640145778656,
    0.08683516830205917,
    0.08475495874881744,
    0.08309514075517654
  ],
  "Training Time": 17.392536878585815,
  "Validate": [
    0.38129663467407227,
    0.2586977183818817,
    0.15227416157722473,
    0.09317068755626678,
    0.05992661789059639,
    0.04100523144006729,
    0.03004138544201851,
    0.023671315982937813,
    0.020123949274420738,
    0.01840590499341488,
    0.017897121608257294,
    0.018136190250515938,
    0.01868126541376114,
    0.01937226951122284,
    0.01959749311208725,
    0.02113156206905842,
    0.020995676517486572,
    0.021530766040086746,
    0.021830961108207703,
    0.022580144926905632,
    0.022655190899968147,
    0.023053623735904694,
    0.023597629740834236,
    0.024340229108929634,
    0.025133663788437843
  ]
}