{
  "Train": [
    0.3442029356956482,
    0.303154319524765,
    0.280083030462265,
    0.26610320806503296,
    0.25707074999809265,
    0.24991442263126373,
    0.2434481382369995,
    0.23715826869010925,
    0.2307979315519333,
    0.2242376208305359
  ],
  "Training Time": 2.818463087081909,
  "Validate": [
    NaN,
    NaN,
    NaN,
    NaN,
    NaN,
    NaN,
    NaN,
    NaN,
    NaN,
    NaN
  ]
}