{
  "Train": [
    0.8541299104690552,
    0.8120390772819519,
    0.7669160962104797,
    0.7209986448287964,
    0.6705434322357178,
    0.6155129671096802,
    0.5567013621330261,
    0.4975602328777313,
    0.445827841758728,
    0.40741902589797974
  ],
  "Training Time": 2.3587141036987305,
  "Validate": [
    1.7717745304107666,
    1.3903392553329468,
    1.2332552671432495,
    1.0903658866882324,
    0.9583278894424438,
    0.8389774560928345,
    0.7220202088356018,
    0.6094592809677124,
    0.5327967405319214,
    0.49116167426109314
  ]
}