{
  "Train": [
    0.6956424117088318,
    0.49460360407829285,
    0.4705514907836914,
    0.45166346430778503,
    0.4339728057384491,
    0.416959285736084,
    0.40080776810646057,
    0.3859826624393463,
    0.37283483147621155,
    0.3612664043903351
  ],
  "Training Time": 3.5680618286132812,
  "Validate": [
    55.4833869934082,
    55.52273941040039,
    55.509803771972656,
    55.38667297363281,
    55.12230682373047,
    54.70614242553711,
    54.171165466308594,
    53.59978485107422,
    53.08186721801758,
    52.655479431152344
  ]
}