{
  "Train": [
    0.07341090589761734,
    0.05095275118947029,
    0.04383689910173416,
    0.040148086845874786,
    0.03766446188092232,
    0.035880230367183685,
    0.034526288509368896,
    0.03347264602780342,
    0.032638296484947205,
    0.03196997940540314,
    0.03142951428890228,
    0.03098798543214798,
    0.030622489750385284,
    0.030314914882183075,
    0.0300510935485363,
    0.029820047318935394,
    0.02961331233382225,
    0.029424501582980156,
    0.029248636215925217,
    0.029082000255584717,
    0.028921689838171005,
    0.028765521943569183,
    0.028611790388822556,
    0.028459224849939346,
    0.028306836262345314
  ],
  "Training Time": 15.91740083694458,
  "Validate": [
    NaN,
    NaN,
    NaN,
    NaN,
    NaN,
    NaN,
    NaN,
    NaN,
    NaN,
    NaN,
    NaN,
    NaN,
    NaN,
    NaN,
    NaN,
    NaN,
    NaN,
    NaN,
    NaN,
    NaN,
    NaN,
    NaN,
    NaN,
    NaN,
    NaN
  ]
}