{
  "Train": [
    0.9187013506889343,
    0.6361241340637207,
    0.5530928373336792,
    0.48234909772872925,
    0.39927032589912415,
    0.33318188786506653,
    0.2902430593967438,
    0.2704586982727051,
    0.25604018568992615,
    0.2644077241420746
  ],
  "Training Time": 12.043288230895996,
  "Validate": [
    0.4523974657058716,
    0.4053821861743927,
    0.3427647650241852,
    0.20834197103977203,
    0.2661067545413971,
    0.4900411367416382,
    0.40018418431282043,
    0.3438737392425537,
    0.5605218410491943,
    0.24012821912765503
  ]
}