{
  "Train": [
    0.18923914432525635,
    0.1668802797794342,
    0.13668659329414368,
    0.1230577826499939,
    0.12058088183403015,
    0.10886713117361069,
    0.09929484128952026,
    0.08510350435972214,
    0.09904150664806366,
    0.10502377897500992
  ],
  "Training Time": 16.532917976379395,
  "Validate": [
    NaN,
    NaN,
    NaN,
    NaN,
    NaN,
    NaN,
    NaN,
    NaN,
    NaN,
    NaN
  ]
}