{
  "Train": [
    1.1914321184158325,
    1.1700736284255981,
    1.1656100749969482,
    1.1592134237289429,
    1.1556776762008667,
    1.1492568254470825,
    1.1440571546554565,
    1.1400634050369263,
    1.1349338293075562,
    1.1286661624908447
  ],
  "Training Time": 8.695409774780273,
  "Validate": [
    1.9733999967575073,
    1.990013837814331,
    2.0121757984161377,
    2.036822557449341,
    2.0416524410247803,
    2.058025598526001,
    2.0577383041381836,
    2.0412302017211914,
    2.0405492782592773,
    2.033466100692749
  ]
}