{
  "Train": [
    1.064903974533081,
    1.0645631551742554,
    1.0479375123977661,
    1.0420892238616943,
    0.9949689507484436,
    1.0641156435012817,
    1.0763404369354248,
    1.0691193342208862,
    1.0275336503982544,
    0.9569577574729919
  ],
  "Training Time": 7.3359739780426025,
  "Validate": [
    0.6727095246315002,
    0.6186413764953613,
    0.636863648891449,
    0.6709682941436768,
    0.5673721432685852,
    0.7083597779273987,
    0.5515483617782593,
    0.5001747012138367,
    0.4780231714248657,
    0.49976789951324463
  ]
}