{
  "Train": [
    1.0321602821350098,
    1.0275157690048218,
    0.9858960509300232,
    0.9592292308807373,
    0.9326897263526917,
    0.9041165709495544,
    0.8797702789306641,
    0.8481687903404236,
    0.8229283094406128,
    0.8093348741531372
  ],
  "Training Time": 6.57336950302124,
  "Validate": [
    NaN,
    NaN,
    NaN,
    NaN,
    NaN,
    NaN,
    NaN,
    NaN,
    NaN,
    NaN
  ]
}