{
  "Train": [
    0.9741513133049011,
    0.9416341781616211,
    0.9224334955215454,
    0.9074864983558655,
    0.8935362100601196,
    0.8797774910926819,
    0.8658470511436462,
    0.8515403866767883,
    0.8367480635643005,
    0.8214352130889893
  ],
  "Training Time": 8.525141477584839,
  "Validate": [
    NaN,
    NaN,
    NaN,
    NaN,
    NaN,
    NaN,
    NaN,
    NaN,
    NaN,
    NaN
  ]
}