{
  "Train": [
    1.1125195026397705,
    1.088418960571289,
    1.076593279838562,
    1.0646811723709106,
    1.0519042015075684,
    1.0379979610443115,
    1.023130178451538,
    1.0077259540557861,
    0.9920068383216858,
    0.9757724404335022
  ],
  "Training Time": 7.681080102920532,
  "Validate": [
    4.312633037567139,
    4.327394008636475,
    4.321161270141602,
    4.302474498748779,
    4.275089740753174,
    4.243910312652588,
    4.21348762512207,
    4.185159206390381,
    4.157496929168701,
    4.127717971801758
  ]
}