{
  "Train": [
    1.1047346591949463,
    1.0916004180908203,
    1.0863772630691528,
    1.0807898044586182,
    1.0735217332839966,
    1.0632071495056152,
    1.0471725463867188,
    1.022508144378662,
    0.986079216003418,
    0.9324535727500916,
    0.8698469400405884,
    0.8587336540222168,
    0.8363256454467773,
    0.8345134258270264,
    0.8063534498214722,
    0.7885966897010803,
    0.7649822235107422,
    0.7434290647506714,
    0.7293179631233215,
    0.7164281606674194,
    0.7040713429450989,
    0.6921684741973877,
    0.6806156039237976,
    0.6693329811096191,
    0.6582616567611694,
    0.6473574638366699,
    0.6365905404090881,
    0.625938355922699,
    0.615361213684082,
    0.6047642230987549,
    0.593984067440033,
    0.5828507542610168,
    0.5712648630142212,
    0.5591587424278259,
    0.5464813113212585,
    0.5331724882125854,
    0.5191774368286133,
    0.5041407346725464,
    0.48877257108688354,
    0.49643614888191223,
    0.5146565437316895,
    0.5229099988937378,
    0.4689498841762543,
    0.48541495203971863,
    0.46878600120544434,
    0.435160368680954,
    0.4203643202781677,
    0.4171915352344513,
    0.40931403636932373,
    0.4005705416202545,
    0.4015469253063202,
    0.4059697389602661,
    0.3817165195941925,
    0.3827524185180664,
    0.37130868434906006,
    0.36637505888938904,
    0.3580997586250305,
    0.3497973382472992,
    0.3457929790019989,
    0.33310601115226746,
    0.3553139865398407,
    0.32069310545921326,
    0.3347262442111969,
    0.2920895218849182,
    0.30228129029273987,
    0.259955495595932,
    0.2556401193141937,
    0.2344561368227005,
    0.22850407660007477,
    0.23329661786556244,
    0.2560451924800873,
    0.3503223955631256,
    0.2696438729763031,
    0.2489006072282791,
    0.22755742073059082,
    0.22386051714420319,
    0.2176515907049179,
    0.2102583646774292,
    0.2053653448820114,
    0.18930268287658691,
    0.17132240533828735,
    0.1498604118824005,
    0.1489666998386383,
    0.14459867775440216,
    0.1588529795408249,
    0.17647868394851685,
    0.22977058589458466,
    0.20708079636096954,
    0.15563499927520752,
    0.15909558534622192,
    0.15085244178771973,
    0.1479283720254898,
    0.15098680555820465,
    0.1698986142873764,
    0.2016945779323578,
    0.1658247709274292,
    0.13458329439163208,
    0.10459863394498825,
    0.0867009237408638,
    0.06950700283050537
  ],
  "Training Time": 77.07731819152832,
  "Validate": [
    4.3686747550964355,
    4.36722993850708,
    4.349846363067627,
    4.317848205566406,
    4.266885757446289,
    4.208842754364014,
    4.172996520996094,
    4.195549488067627,
    4.338711738586426,
    4.6797099113464355,
    4.7204060554504395,
    4.408273220062256,
    4.091423511505127,
    3.911219596862793,
    3.8230702877044678,
    3.9505019187927246,
    4.1129655838012695,
    4.158965587615967,
    4.163761615753174,
    4.173956871032715,
    4.190018177032471,
    4.211201190948486,
    4.236340045928955,
    4.263909339904785,
    4.292283058166504,
    4.31978178024292,
    4.344639301300049,
    4.365039348602295,
    4.3792805671691895,
    4.38602352142334,
    4.384510517120361,
    4.374847412109375,
    4.358218669891357,
    4.336663722991943,
    4.3130202293396,
    4.291077613830566,
    4.276852607727051,
    4.277132987976074,
    4.340799331665039,
    4.606854438781738,
    4.549499034881592,
    4.700739860534668,
    4.667211055755615,
    4.8596510887146,
    4.905594825744629,
    4.796928882598877,
    4.781197547912598,
    4.9006452560424805,
    4.990016460418701,
    4.904747009277344,
    5.252028465270996,
    5.137576580047607,
    5.291505813598633,
    5.322956562042236,
    5.424757480621338,
    5.506595134735107,
    5.530031204223633,
    5.709762096405029,
    5.532960414886475,
    6.075779914855957,
    5.507600784301758,
    6.075111389160156,
    5.485231399536133,
    6.044572353363037,
    5.489040374755859,
    5.967309951782227,
    5.574080467224121,
    6.107088088989258,
    5.675329208374023,
    6.538300037384033,
    5.582061290740967,
    6.177495002746582,
    6.178314208984375,
    6.375155925750732,
    6.42611837387085,
    6.720327854156494,
    6.765777111053467,
    6.939976692199707,
    7.002051830291748,
    6.97798490524292,
    6.820810317993164,
    6.885724067687988,
    6.907963752746582,
    7.008584976196289,
    7.369339466094971,
    7.545454502105713,
    7.76273775100708,
    6.388607501983643,
    6.963043689727783,
    6.81979513168335,
    6.795447826385498,
    6.926176071166992,
    7.059710502624512,
    7.111968517303467,
    6.843225479125977,
    6.538334846496582,
    6.372378349304199,
    6.237346172332764,
    6.394508361816406,
    6.728527545928955
  ]
}