{
  "Train": [
    0.4096764028072357,
    0.1826634556055069,
    0.12957048416137695,
    0.10833678394556046,
    0.0992295891046524,
    0.0895475372672081,
    0.07946818321943283,
    0.0708003118634224,
    0.0648532286286354,
    0.05778898671269417,
    0.051415443420410156,
    0.04603720083832741,
    0.042218584567308426,
    0.04205090180039406,
    0.03912794217467308,
    0.03838719055056572,
    0.03719877079129219,
    0.03588268533349037,
    0.03518688306212425,
    0.03393179550766945,
    0.03322615846991539,
    0.03217022493481636,
    0.03134731203317642,
    0.030428165569901466,
    0.029489710927009583
  ],
  "Training Time": 18.09455156326294,
  "Validate": [
    1.4346469640731812,
    2.290546178817749,
    2.8641316890716553,
    3.34175705909729,
    3.8184738159179688,
    4.284425258636475,
    4.8020405769348145,
    5.399995803833008,
    5.838919162750244,
    6.165815353393555,
    6.397894382476807,
    6.5712690353393555,
    6.620250225067139,
    6.461060047149658,
    6.347805500030518,
    6.165021896362305,
    5.983923435211182,
    5.821812152862549,
    5.632686614990234,
    5.473108768463135,
    5.291970729827881,
    5.127953052520752,
    4.957515239715576,
    4.791191577911377,
    4.627777099609375
  ]
}