{
  "Train": [
    0.9391613006591797,
    0.6779340505599976,
    0.5516952276229858,
    0.5194416642189026,
    0.3904918134212494,
    0.3617798388004303,
    0.33383312821388245,
    0.3389662802219391,
    0.2549588978290558,
    0.22806599736213684
  ],
  "Training Time": 11.912709712982178,
  "Validate": [
    0.5259328484535217,
    0.4893687963485718,
    0.6264981031417847,
    0.4713492691516876,
    0.5506249666213989,
    0.44599631428718567,
    0.3672746419906616,
    0.5185272693634033,
    0.7768300771713257,
    0.6951205730438232
  ]
}