{
  "Train": [
    0.21727024018764496,
    0.18958091735839844,
    0.1496356874704361,
    0.1453915387392044,
    0.13240952789783478,
    0.12099122256040573,
    0.11186256259679794,
    0.10213808715343475,
    0.0961160957813263,
    0.08711083233356476
  ],
  "Training Time": 14.81958818435669,
  "Validate": [
    NaN,
    NaN,
    NaN,
    NaN,
    NaN,
    NaN,
    NaN,
    NaN,
    NaN,
    NaN
  ]
}