{
  "Train": [
    0.9480135440826416,
    0.8181021809577942,
    0.7980206608772278,
    0.7934412956237793,
    0.7911785244941711,
    0.7896761894226074,
    0.7885055541992188,
    0.7875192761421204,
    0.7866530418395996,
    0.785872757434845
  ],
  "Training Time": 3.572598457336426,
  "Validate": [
    2.9158883094787598,
    2.509343385696411,
    2.4800913333892822,
    2.475285768508911,
    2.4705615043640137,
    2.4654183387756348,
    2.460193157196045,
    2.455073118209839,
    2.4501423835754395,
    2.4454405307769775
  ]
}