{
  "Train": [
    0.8010716438293457,
    0.7788991332054138,
    0.764644980430603,
    0.7543091773986816,
    0.7452062964439392,
    0.7361659407615662,
    0.7267856597900391,
    0.717206597328186,
    0.7078482508659363,
    0.6991099715232849
  ],
  "Training Time": 2.351701498031616,
  "Validate": [
    0.7006199359893799,
    0.7145088911056519,
    0.7263627052307129,
    0.7358002066612244,
    0.7431514263153076,
    0.7485519051551819,
    0.7518455386161804,
    0.7529674768447876,
    0.7523167133331299,
    0.750579833984375
  ]
}