{
  "Train": [
    0.07354193925857544,
    0.04693387448787689,
    0.03845687583088875,
    0.0357913114130497,
    0.03337874263525009,
    0.03204396739602089,
    0.031302519142627716,
    0.030323710292577744,
    0.029675623401999474,
    0.02888883277773857,
    0.02711024135351181,
    0.02651345171034336,
    0.02629130706191063,
    0.02635657787322998,
    0.02632252499461174,
    0.026808731257915497,
    0.024001311510801315,
    0.024025069549679756,
    0.02342469058930874,
    0.02307034656405449,
    0.023541921749711037,
    0.02178293652832508,
    0.02057909220457077,
    0.024338340386748314,
    0.023581545799970627
  ],
  "Training Time": 15.735342264175415,
  "Validate": [
    NaN,
    NaN,
    NaN,
    NaN,
    NaN,
    NaN,
    NaN,
    NaN,
    NaN,
    NaN,
    NaN,
    NaN,
    NaN,
    NaN,
    NaN,
    NaN,
    NaN,
    NaN,
    NaN,
    NaN,
    NaN,
    NaN,
    NaN,
    NaN,
    NaN
  ]
}