{
  "Train": [
    0.3020108938217163,
    0.22717952728271484,
    0.22352862358093262,
    0.16473820805549622,
    0.1344701200723648,
    0.12188249826431274,
    0.11497292667627335,
    0.10762788355350494,
    0.09932856261730194,
    0.08710727095603943
  ],
  "Training Time": 4.019395589828491,
  "Validate": [
    NaN,
    NaN,
    NaN,
    NaN,
    NaN,
    NaN,
    NaN,
    NaN,
    NaN,
    NaN
  ]
}