{
  "Train": [
    0.7767121195793152,
    0.5755489468574524,
    0.5443155765533447,
    0.5144534707069397,
    0.4846935570240021,
    0.45424339175224304,
    0.4245132505893707,
    0.3982761800289154,
    0.3771860897541046,
    0.3610764443874359
  ],
  "Training Time": 5.360634088516235,
  "Validate": [
    54.288143157958984,
    54.55439376831055,
    54.81672286987305,
    55.08863830566406,
    55.33121871948242,
    55.539119720458984,
    55.679988861083984,
    55.721153259277344,
    55.62846374511719,
    55.37410354614258
  ]
}