{
  "Train": [
    0.9336903691291809,
    0.8624386787414551,
    0.7885754108428955,
    0.7056962847709656,
    0.6256385445594788,
    0.5588383078575134,
    0.49518996477127075,
    0.43482449650764465,
    0.38019877672195435,
    0.3358042240142822
  ],
  "Training Time": 3.3674986362457275,
  "Validate": [
    1.5502530336380005,
    1.1954774856567383,
    0.941336989402771,
    0.7113074660301208,
    0.546495258808136,
    0.45682692527770996,
    0.42576971650123596,
    0.40223586559295654,
    0.39954131841659546,
    0.41737598180770874
  ]
}