{
  "Train": [
    1.1761637926101685,
    1.145603060722351,
    1.1460174322128296,
    1.1325229406356812,
    1.1235607862472534,
    1.1306818723678589,
    1.1126220226287842,
    1.0861265659332275,
    1.0729628801345825,
    1.1998943090438843
  ],
  "Training Time": 16.015307903289795,
  "Validate": [
    1.2390556335449219,
    1.0603477954864502,
    1.0977824926376343,
    1.333408236503601,
    1.4668818712234497,
    1.1660869121551514,
    1.8107467889785767,
    2.2204291820526123,
    1.223008632659912,
    1.8039911985397339
  ]
}