{
  "Train": [
    0.7370866537094116,
    0.7130826711654663,
    0.7003973126411438,
    0.6908218264579773,
    0.6829606890678406,
    0.676153302192688,
    0.6698981523513794,
    0.6638348698616028,
    0.6577062010765076,
    0.6513015031814575
  ],
  "Training Time": 11.139295101165771,
  "Validate": [
    0.4203455150127411,
    0.4230653941631317,
    0.41982153058052063,
    0.41663500666618347,
    0.4136677086353302,
    0.4106513261795044,
    0.407640278339386,
    0.40475550293922424,
    0.4020652770996094,
    0.39958086609840393
  ]
}