{
  "Train": [
    0.9402911067008972,
    0.875843346118927,
    0.8469191193580627,
    0.8316860795021057,
    0.8211389183998108,
    0.8133825063705444,
    0.8072561025619507,
    0.8018479943275452,
    0.7964352369308472,
    0.7903728485107422
  ],
  "Training Time": 12.286543607711792,
  "Validate": [
    3.496917724609375,
    3.2864067554473877,
    3.1612257957458496,
    3.072763204574585,
    3.0025017261505127,
    2.944870948791504,
    2.8965609073638916,
    2.8547914028167725,
    2.8170464038848877,
    2.7826812267303467
  ]
}