{
  "Train": [
    1.0762748718261719,
    0.9564984440803528,
    0.915393054485321,
    0.900119960308075,
    0.8847384452819824,
    0.8751562237739563,
    0.8664264678955078,
    0.8588457107543945,
    0.8518668413162231,
    0.8473457098007202,
    0.84287029504776,
    0.8345130085945129,
    0.8243744373321533,
    0.8163121342658997,
    0.8063216805458069,
    0.7907326221466064,
    0.780889093875885,
    0.7792056202888489,
    0.7734624743461609,
    0.7708569765090942,
    0.7670454382896423,
    0.7637165784835815,
    0.7604954838752747,
    0.7575646638870239,
    0.7544276714324951,
    0.7517197728157043,
    0.7495220899581909,
    0.7474960088729858,
    0.7450860738754272,
    0.742198646068573,
    0.7393612861633301,
    0.736466109752655,
    0.7336468696594238,
    0.7310782074928284,
    0.7287672162055969,
    0.7268775105476379,
    0.7249062657356262,
    0.7231312394142151,
    0.7206096053123474,
    0.7191016674041748,
    0.7155181169509888,
    0.715167224407196,
    0.7093110680580139,
    0.7099949717521667,
    0.7101148962974548,
    0.6996525526046753,
    0.7069134712219238,
    0.6904794573783875,
    0.7010725736618042,
    0.6865702271461487,
    0.7315182089805603,
    0.9428077340126038,
    0.7848138809204102,
    0.7149477601051331,
    0.6953093409538269,
    0.6789019107818604,
    0.6684479713439941,
    0.6624188423156738,
    0.7368666529655457,
    0.7309488654136658,
    0.6531075239181519,
    0.6661432385444641,
    0.6619974970817566,
    0.6539105772972107,
    0.6545807123184204,
    0.6520721912384033,
    0.6437098979949951,
    0.6366726756095886,
    0.6295387148857117,
    0.6323372721672058,
    0.6240941882133484,
    0.614202082157135,
    0.6085101366043091,
    0.602578341960907,
    0.5968070030212402,
    0.5900176167488098,
    0.5840388536453247,
    0.5740771889686584,
    0.5863296985626221,
    0.5870345830917358,
    0.6220000982284546,
    0.6070753931999207,
    0.9719028472900391,
    0.7326111197471619,
    0.6170772314071655,
    0.5933168530464172,
    0.5939798355102539,
    0.590724527835846,
    0.585266649723053,
    0.5847247242927551,
    0.5758790969848633,
    0.5751039981842041,
    0.5676835179328918,
    0.5639799237251282,
    0.5586892366409302,
    0.5561511516571045,
    0.5539300441741943,
    0.5430100560188293,
    0.5512272119522095,
    0.5708738565444946
  ],
  "Training Time": 73.41575694084167,
  "Validate": [
    NaN,
    NaN,
    NaN,
    NaN,
    NaN,
    NaN,
    NaN,
    NaN,
    NaN,
    NaN,
    NaN,
    NaN,
    NaN,
    NaN,
    NaN,
    NaN,
    NaN,
    NaN,
    NaN,
    NaN,
    NaN,
    NaN,
    NaN,
    NaN,
    NaN,
    NaN,
    NaN,
    NaN,
    NaN,
    NaN,
    NaN,
    NaN,
    NaN,
    NaN,
    NaN,
    NaN,
    NaN,
    NaN,
    NaN,
    NaN,
    NaN,
    NaN,
    NaN,
    NaN,
    NaN,
    NaN,
    NaN,
    NaN,
    NaN,
    NaN,
    NaN,
    NaN,
    NaN,
    NaN,
    NaN,
    NaN,
    NaN,
    NaN,
    NaN,
    NaN,
    NaN,
    NaN,
    NaN,
    NaN,
    NaN,
    NaN,
    NaN,
    NaN,
    NaN,
    NaN,
    NaN,
    NaN,
    NaN,
    NaN,
    NaN,
    NaN,
    NaN,
    NaN,
    NaN,
    NaN,
    NaN,
    NaN,
    NaN,
    NaN,
    NaN,
    NaN,
    NaN,
    NaN,
    NaN,
    NaN,
    NaN,
    NaN,
    NaN,
    NaN,
    NaN,
    NaN,
    NaN,
    NaN,
    NaN,
    NaN
  ]
}