{
  "Train": [
    0.698194682598114,
    0.6857829689979553,
    0.6766332387924194,
    0.6681671738624573,
    0.6601707339286804,
    0.6525067090988159,
    0.6450373530387878,
    0.6377109885215759,
    0.6305947303771973,
    0.6238356232643127
  ],
  "Training Time": 2.3498315811157227,
  "Validate": [
    0.37580615282058716,
    0.38996830582618713,
    0.40740153193473816,
    0.4220600426197052,
    0.43226397037506104,
    0.438821405172348,
    0.44234034419059753,
    0.4427952468395233,
    0.44027119874954224,
    0.43566447496414185
  ]
}