{
  "Train": [
    0.7497687935829163,
    0.7404467463493347,
    0.7320864796638489,
    0.7249592542648315,
    0.7188078761100769,
    0.7134899497032166,
    0.7087947130203247,
    0.7044672966003418,
    0.7003147602081299,
    0.696198582649231
  ],
  "Training Time": 2.889808416366577,
  "Validate": [
    NaN,
    NaN,
    NaN,
    NaN,
    NaN,
    NaN,
    NaN,
    NaN,
    NaN,
    NaN
  ]
}