{
  "Train": [
    0.9793634414672852,
    0.8755282163619995,
    0.8419305086135864,
    0.8244451880455017,
    0.8146073222160339,
    0.8082085847854614,
    0.8036646842956543,
    0.800226628780365,
    0.7974845767021179,
    0.7951807379722595
  ],
  "Training Time": 2.749842882156372,
  "Validate": [
    3.467930555343628,
    3.0737733840942383,
    2.9307219982147217,
    2.8406407833099365,
    2.7781145572662354,
    2.73128604888916,
    2.694594621658325,
    2.6650426387786865,
    2.6408729553222656,
    2.62093448638916
  ]
}