{
  "Train": [
    1.0693897008895874,
    0.8476775288581848,
    0.7754916548728943,
    0.6945949792861938,
    0.6350225806236267,
    0.5837967991828918,
    0.523547351360321,
    0.4939449429512024,
    0.4274415075778961,
    0.36474302411079407
  ],
  "Training Time": 4.877256155014038,
  "Validate": [
    0.684618353843689,
    0.7242990136146545,
    0.7372539639472961,
    0.7816999554634094,
    0.7927430868148804,
    0.7827503681182861,
    0.7136558890342712,
    0.7400251626968384,
    0.6604152917861938,
    0.5901763439178467
  ]
}