{
  "Train": [
    0.25048521161079407,
    0.14015978574752808,
    0.05723118409514427,
    0.035437215119600296,
    0.02464977279305458,
    0.017280135303735733,
    0.01401145663112402,
    0.012334922328591347,
    0.011202800087630749,
    0.009973675943911076,
    0.008115427568554878,
    0.009729421697556973,
    0.019508980214595795,
    0.011285418644547462,
    0.010157435201108456,
    0.009064356796443462,
    0.0450744666159153,
    0.048177510499954224,
    0.010363471694290638,
    0.007313006557524204,
    0.007391179446130991,
    0.007412529084831476,
    0.007806421257555485,
    0.008639970794320107,
    0.007032875437289476
  ],
  "Training Time": 22.396787643432617,
  "Validate": [
    NaN,
    NaN,
    NaN,
    NaN,
    NaN,
    NaN,
    NaN,
    NaN,
    NaN,
    NaN,
    NaN,
    NaN,
    NaN,
    NaN,
    NaN,
    NaN,
    NaN,
    NaN,
    NaN,
    NaN,
    NaN,
    NaN,
    NaN,
    NaN,
    NaN
  ]
}