{
  "Train": [
    0.5656716227531433,
    0.16848395764827728,
    0.12757515907287598,
    0.11882692575454712,
    0.11199504137039185,
    0.1063709706068039,
    0.10144136101007462,
    0.0968039408326149,
    0.09192907065153122,
    0.08631343394517899,
    0.08021295070648193,
    0.07491570711135864,
    0.07039564847946167,
    0.06577900797128677,
    0.06069638952612877,
    0.05514116212725639,
    0.049464914947748184,
    0.04404265061020851,
    0.03844345733523369,
    0.03341895341873169,
    0.04783681035041809,
    0.03454374894499779,
    0.04409724101424217,
    0.031354520469903946,
    0.034029245376586914
  ],
  "Training Time": 17.71961522102356,
  "Validate": [
    2.5099997520446777,
    2.5099542140960693,
    2.799767255783081,
    3.0518622398376465,
    3.276820421218872,
    3.495684862136841,
    3.7136499881744385,
    3.93161940574646,
    4.1539154052734375,
    4.379854679107666,
    4.600728511810303,
    4.802206039428711,
    4.960026264190674,
    5.076168537139893,
    5.173028469085693,
    5.269908905029297,
    5.379632949829102,
    5.513376712799072,
    5.665157794952393,
    5.803016662597656,
    5.634284973144531,
    5.941284656524658,
    5.779433727264404,
    5.865649223327637,
    5.850953578948975
  ]
}