{
  "Train": [
    0.9487483501434326,
    0.9093095660209656,
    0.8489328026771545,
    0.8457264304161072,
    0.8323289752006531,
    0.8234174847602844,
    0.8139256834983826,
    0.8033474683761597,
    0.7906893491744995,
    0.792048454284668
  ],
  "Training Time": 5.1793906688690186,
  "Validate": [
    3.536875009536743,
    3.347691297531128,
    3.0149176120758057,
    2.9566428661346436,
    2.866830825805664,
    2.789656639099121,
    2.6617507934570312,
    2.4584193229675293,
    2.0737428665161133,
    1.9598866701126099
  ]
}