{
  "Train": [
    0.7837468385696411,
    0.7781039476394653,
    0.7483707666397095,
    0.7394452691078186,
    0.7090945243835449,
    0.6931752562522888,
    0.6982980370521545,
    0.6945798993110657,
    0.6911100149154663,
    0.686237633228302
  ],
  "Training Time": 6.109281063079834,
  "Validate": [
    NaN,
    NaN,
    NaN,
    NaN,
    NaN,
    NaN,
    NaN,
    NaN,
    NaN,
    NaN
  ]
}