{
  "Train": [
    0.7231144309043884,
    0.6933777928352356,
    0.6836304068565369,
    0.6771553158760071,
    0.6627976298332214,
    0.6605008840560913,
    0.6548486948013306,
    0.6455972790718079,
    0.641564667224884,
    0.6319994926452637
  ],
  "Training Time": 4.7994349002838135,
  "Validate": [
    0.3932496905326843,
    0.426332950592041,
    0.44159996509552,
    0.44541844725608826,
    0.42467716336250305,
    0.48008254170417786,
    0.47268298268318176,
    0.43795207142829895,
    0.5146810412406921,
    0.43376293778419495
  ]
}