{
  "Train": [
    0.16005036234855652,
    0.11480683088302612,
    0.10376826673746109,
    0.09792410582304001,
    0.09448809921741486,
    0.09130910038948059,
    0.08937065303325653,
    0.08684272319078445,
    0.08478299528360367,
    0.08274185657501221,
    0.08085363358259201,
    0.0793423131108284,
    0.078023262321949,
    0.07684580981731415,
    0.07571788132190704,
    0.07468239963054657,
    0.07382985949516296,
    0.07286911457777023,
    0.07251127064228058,
    0.07146219909191132,
    0.07057303935289383,
    0.07413166761398315,
    0.0719604566693306,
    0.06863252818584442,
    0.06777884066104889
  ],
  "Training Time": 8.870696544647217,
  "Validate": [
    NaN,
    NaN,
    NaN,
    NaN,
    NaN,
    NaN,
    NaN,
    NaN,
    NaN,
    NaN,
    NaN,
    NaN,
    NaN,
    NaN,
    NaN,
    NaN,
    NaN,
    NaN,
    NaN,
    NaN,
    NaN,
    NaN,
    NaN,
    NaN,
    NaN
  ]
}