{
  "Train": [
    0.45110321044921875,
    0.27312880754470825,
    0.23461273312568665,
    0.21109578013420105,
    0.19651532173156738,
    0.18696582317352295,
    0.18008136749267578,
    0.1745682656764984,
    0.16984662413597107,
    0.1656932532787323,
    0.1620282381772995,
    0.15880700945854187,
    0.1559799760580063,
    0.15349335968494415,
    0.15129707753658295,
    0.14934873580932617,
    0.147612527012825,
    0.1460578739643097,
    0.14465764164924622,
    0.14338794350624084,
    0.14222727715969086,
    0.1411566138267517,
    0.14015896618366241,
    0.13921895623207092,
    0.1383233517408371
  ],
  "Training Time": 6.4275453090667725,
  "Validate": [
    4.043354511260986,
    4.182704448699951,
    4.281984806060791,
    4.413193225860596,
    4.51688814163208,
    4.573983192443848,
    4.5951762199401855,
    4.601194381713867,
    4.6081061363220215,
    4.623133182525635,
    4.646908760070801,
    4.67724084854126,
    4.711636543273926,
    4.748157978057861,
    4.785410404205322,
    4.822350978851318,
    4.85813045501709,
    4.892017841339111,
    4.923377990722656,
    4.951692581176758,
    4.976605415344238,
    4.99795389175415,
    5.0157670974731445,
    5.030241966247559,
    5.041683197021484
  ]
}