{
  "Train": [
    0.16104555130004883,
    0.12259930372238159,
    0.10801805555820465,
    0.10082478076219559,
    0.09699684381484985,
    0.09479674696922302,
    0.09302858263254166,
    0.09092672914266586,
    0.08854144811630249,
    0.08654861897230148,
    0.08192799985408783,
    0.0911785289645195,
    0.08524539321660995,
    0.07825068384408951,
    0.07772217690944672,
    0.07732740044593811,
    0.08471950888633728,
    0.08387879282236099,
    0.08230659365653992,
    0.09874393045902252,
    0.11130383610725403,
    0.09238005429506302,
    0.07101062685251236,
    0.07236390560865402,
    0.08350463956594467
  ],
  "Training Time": 16.508702516555786,
  "Validate": [
    NaN,
    NaN,
    NaN,
    NaN,
    NaN,
    NaN,
    NaN,
    NaN,
    NaN,
    NaN,
    NaN,
    NaN,
    NaN,
    NaN,
    NaN,
    NaN,
    NaN,
    NaN,
    NaN,
    NaN,
    NaN,
    NaN,
    NaN,
    NaN,
    NaN
  ]
}