{
  "Train": [
    0.9896875023841858,
    0.8015151023864746,
    0.6733999252319336,
    0.5427179336547852,
    0.4337367117404938,
    0.358503520488739,
    0.31073668599128723,
    0.2820131480693817,
    0.2701576352119446,
    0.269085556268692,
    0.2666941285133362,
    0.2595193386077881,
    0.25941815972328186,
    0.251796156167984,
    0.25288650393486023,
    0.24856457114219666,
    0.2437836080789566,
    0.2415372133255005,
    0.23544993996620178,
    0.23759354650974274,
    0.23265931010246277,
    0.23162634670734406,
    0.22756674885749817,
    0.22581078112125397,
    0.22201092541217804
  ],
  "Training Time": 15.706803321838379,
  "Validate": [
    0.3417346775531769,
    0.30988866090774536,
    0.36768147349357605,
    0.4573025405406952,
    0.575295627117157,
    0.7509140372276306,
    0.8609708547592163,
    0.8874439597129822,
    0.9068856835365295,
    0.9860244989395142,
    1.0525412559509277,
    1.093288540840149,
    1.0827174186706543,
    1.1136059761047363,
    1.0602490901947021,
    1.0173338651657104,
    0.9908484816551208,
    0.9395647644996643,
    0.946584939956665,
    0.8548828363418579,
    0.8240323662757874,
    0.7734532952308655,
    0.7487631440162659,
    0.7078832983970642,
    0.6828286647796631
  ]
}