{
  "Train": [
    0.1603582799434662,
    0.12547197937965393,
    0.11830247938632965,
    0.1144704669713974,
    0.11169173568487167,
    0.10940299183130264,
    0.10731329023838043,
    0.10523349046707153,
    0.10300929099321365,
    0.10056226700544357,
    0.09805130213499069,
    0.09593134373426437,
    0.0936407521367073,
    0.09043923765420914,
    0.08777347207069397,
    0.0884539932012558,
    0.08519696444272995,
    0.08328907936811447,
    0.08003032207489014,
    0.07719392329454422,
    0.07537063211202621,
    0.07306411862373352,
    0.07158670574426651,
    0.07109609991312027,
    0.06734755635261536
  ],
  "Training Time": 23.035988569259644,
  "Validate": [
    NaN,
    NaN,
    NaN,
    NaN,
    NaN,
    NaN,
    NaN,
    NaN,
    NaN,
    NaN,
    NaN,
    NaN,
    NaN,
    NaN,
    NaN,
    NaN,
    NaN,
    NaN,
    NaN,
    NaN,
    NaN,
    NaN,
    NaN,
    NaN,
    NaN
  ]
}