{
  "Train": [
    1.1129629611968994,
    1.1112018823623657,
    1.110358476638794,
    1.1100044250488281,
    1.1097122430801392,
    1.1094971895217896,
    1.1093612909317017,
    1.1092768907546997,
    1.1091935634613037,
    1.1091188192367554
  ],
  "Training Time": 3.4010326862335205,
  "Validate": [
    1.4329651594161987,
    1.414343237876892,
    1.3995310068130493,
    1.3931370973587036,
    1.3888449668884277,
    1.3859082460403442,
    1.3839962482452393,
    1.382713794708252,
    1.3818551301956177,
    1.3812488317489624
  ]
}