{
  "Train": [
    1.193137288093567,
    1.165553331375122,
    1.1529381275177002,
    1.1446073055267334,
    1.1386265754699707,
    1.1335610151290894,
    1.1285909414291382,
    1.1232824325561523,
    1.1174002885818481,
    1.1106128692626953
  ],
  "Training Time": 5.776984214782715,
  "Validate": [
    1.990273356437683,
    2.007145881652832,
    2.039086103439331,
    2.0471622943878174,
    2.0410046577453613,
    2.0296790599823,
    2.015883207321167,
    1.9983230829238892,
    1.9759999513626099,
    1.9500178098678589
  ]
}