{
  "Train": [
    0.9752581715583801,
    0.8664546012878418,
    0.8044952750205994,
    0.746661901473999,
    0.6884657144546509,
    0.6431984305381775,
    0.6245119571685791,
    0.5937312841415405,
    0.538760244846344,
    0.5288074612617493
  ],
  "Training Time": 6.496612548828125,
  "Validate": [
    NaN,
    NaN,
    NaN,
    NaN,
    NaN,
    NaN,
    NaN,
    NaN,
    NaN,
    NaN
  ]
}