{
  "Train": [
    0.3284415602684021,
    0.06552305072546005,
    0.04871663078665733,
    0.04190931096673012,
    0.0387037917971611,
    0.03691183775663376,
    0.03555544838309288,
    0.033997584134340286,
    0.03244823217391968,
    0.03115239180624485,
    0.03010822832584381,
    0.02920795977115631,
    0.028350969776511192,
    0.027488045394420624,
    0.026614299044013023,
    0.025744859129190445,
    0.024897588416934013,
    0.02408449910581112,
    0.02331002801656723,
    0.02257375419139862,
    0.021872475743293762,
    0.02120169997215271,
    0.020555775612592697,
    0.01992885395884514,
    0.019315313547849655
  ],
  "Training Time": 11.198062181472778,
  "Validate": [
    19.96065330505371,
    17.71633529663086,
    18.611600875854492,
    19.189186096191406,
    19.502120971679688,
    19.67466926574707,
    19.775510787963867,
    19.841779708862305,
    19.893861770629883,
    19.934755325317383,
    19.95743179321289,
    19.954004287719727,
    19.921873092651367,
    19.864280700683594,
    19.78790283203125,
    19.700231552124023,
    19.607847213745117,
    19.515888214111328,
    19.42815399169922,
    19.347169876098633,
    19.274192810058594,
    19.209163665771484,
    19.151063919067383,
    19.0985164642334,
    19.050405502319336
  ]
}