{
  "Train": [
    0.09143953025341034,
    0.025993721559643745,
    0.017541980370879173,
    0.014111329801380634,
    0.012194731272757053,
    0.010822133161127567,
    0.009770195931196213,
    0.00895464513450861,
    0.008351466618478298,
    0.007949307560920715,
    0.007722015026956797,
    0.00763237290084362,
    0.007639596704393625,
    0.007701542228460312,
    0.007785000838339329,
    0.007875255309045315,
    0.007994755171239376,
    0.008332662284374237,
    0.009936494752764702,
    0.012487431988120079,
    0.013422101736068726,
    0.012273605912923813,
    0.010631944052875042,
    0.009552940726280212,
    0.008990342728793621
  ],
  "Training Time": 16.303151607513428,
  "Validate": [
    NaN,
    NaN,
    NaN,
    NaN,
    NaN,
    NaN,
    NaN,
    NaN,
    NaN,
    NaN,
    NaN,
    NaN,
    NaN,
    NaN,
    NaN,
    NaN,
    NaN,
    NaN,
    NaN,
    NaN,
    NaN,
    NaN,
    NaN,
    NaN,
    NaN
  ]
}