{
  "Train": [
    0.7121413946151733,
    0.6943049430847168,
    0.6801621317863464,
    0.6754170060157776,
    0.6713812351226807,
    0.6655480861663818,
    0.6590463519096375,
    0.6528356075286865,
    0.6441695094108582,
    0.6391034722328186
  ],
  "Training Time": 7.892129898071289,
  "Validate": [
    NaN,
    NaN,
    NaN,
    NaN,
    NaN,
    NaN,
    NaN,
    NaN,
    NaN,
    NaN
  ]
}