{
  "Train": [
    0.7157533764839172,
    0.6941992044448853,
    0.6777615547180176,
    0.6615304350852966,
    0.6463339924812317,
    0.6361767053604126,
    0.6073452830314636,
    0.5873641967773438,
    0.5715430974960327,
    0.5637074112892151
  ],
  "Training Time": 6.241466522216797,
  "Validate": [
    0.3835809826850891,
    0.38841697573661804,
    0.3795579969882965,
    0.36910876631736755,
    0.37133124470710754,
    0.39366817474365234,
    0.41154488921165466,
    0.42042723298072815,
    0.4281189739704132,
    0.4213706851005554
  ]
}