{
  "Train": [
    1.1818006038665771,
    1.166357159614563,
    1.1649504899978638,
    1.1588479280471802,
    1.1556309461593628,
    1.1494871377944946,
    1.1451802253723145,
    1.1380478143692017,
    1.1314557790756226,
    1.1222865581512451
  ],
  "Training Time": 17.05594301223755,
  "Validate": [
    2.0249650478363037,
    1.9956555366516113,
    2.0140578746795654,
    2.0270814895629883,
    2.0345652103424072,
    2.054574728012085,
    2.0653584003448486,
    2.092780113220215,
    2.114267110824585,
    2.1493072509765625
  ]
}