{
  "Train": [
    1.1819692850112915,
    1.1559529304504395,
    1.148645281791687,
    1.1397234201431274,
    1.1363835334777832,
    1.1310988664627075,
    1.1283758878707886,
    1.1243959665298462,
    1.1210739612579346,
    1.1166422367095947,
    1.1107186079025269,
    1.1019548177719116,
    1.0851119756698608,
    1.083971381187439,
    1.0800268650054932,
    1.0573889017105103,
    1.0526589155197144,
    1.036322832107544,
    1.0271955728530884,
    1.0039714574813843,
    0.9700976610183716,
    0.9149830937385559,
    0.8599945306777954,
    0.8727412819862366,
    1.3025319576263428,
    1.164669156074524,
    1.1266183853149414,
    1.1037479639053345,
    1.0688570737838745,
    1.0455471277236938,
    1.0236189365386963,
    0.9968843460083008,
    0.9928535223007202,
    1.0070346593856812,
    0.901728093624115,
    0.8959606885910034,
    0.8656886219978333,
    0.8768817186355591,
    0.8337553143501282,
    0.7460072636604309,
    0.8475109934806824,
    0.6699668169021606,
    0.6247544288635254,
    0.6238669157028198,
    0.5924177169799805,
    0.5757343769073486,
    0.5051581263542175,
    0.49005112051963806,
    0.45475104451179504,
    0.48604074120521545,
    0.4333769977092743,
    0.39792755246162415,
    0.35800787806510925,
    0.3389803171157837,
    0.3291648328304291,
    0.31468233466148376,
    0.2996111512184143,
    0.2882007360458374,
    0.2875249683856964,
    0.2787737250328064,
    0.25850045680999756,
    0.24539580941200256,
    0.2483358085155487,
    0.22257961332798004,
    0.20305898785591125,
    0.20600837469100952,
    0.21713107824325562,
    0.21395142376422882,
    0.18595999479293823,
    0.17578691244125366,
    0.17304445803165436,
    0.1646009236574173,
    0.165795236825943,
    0.1551889330148697,
    0.15891951322555542,
    0.1523301601409912,
    0.15719784796237946,
    0.146713525056839,
    0.1466786116361618,
    0.15662066638469696,
    0.1672361195087433,
    0.14128661155700684,
    0.8231632709503174,
    1.1620813608169556,
    0.4824164807796478,
    0.3780824840068817,
    0.22843718528747559,
    0.1900719553232193,
    0.18508417904376984,
    0.1692325323820114,
    0.1615898609161377,
    0.14763137698173523,
    0.14203374087810516,
    0.1339627057313919,
    0.13154838979244232,
    0.12353967875242233,
    0.12496296316385269,
    0.12590274214744568,
    0.10812634974718094,
    0.1079079657793045
  ],
  "Training Time": 73.16323137283325,
  "Validate": [
    1.9977004528045654,
    2.052020788192749,
    2.064115285873413,
    2.1154706478118896,
    2.080310583114624,
    2.1023972034454346,
    2.067617654800415,
    2.0650851726531982,
    2.032487630844116,
    2.0137712955474854,
    1.9934531450271606,
    1.9809054136276245,
    1.9698628187179565,
    1.986607313156128,
    1.965295672416687,
    1.9783217906951904,
    1.9644321203231812,
    1.9508682489395142,
    1.9306247234344482,
    1.9431570768356323,
    1.9425296783447266,
    2.0111753940582275,
    1.9859166145324707,
    2.030789375305176,
    1.8786208629608154,
    1.8563275337219238,
    1.8176078796386719,
    1.7882392406463623,
    1.7656702995300293,
    1.7443958520889282,
    1.7271727323532104,
    1.7106510400772095,
    1.7000843286514282,
    1.7075434923171997,
    1.848433256149292,
    1.7743645906448364,
    1.8767703771591187,
    1.7649136781692505,
    2.06160831451416,
    2.025106191635132,
    2.0537688732147217,
    2.112990140914917,
    2.1656014919281006,
    2.0670113563537598,
    2.2043826580047607,
    2.1227223873138428,
    2.195507287979126,
    2.1551992893218994,
    2.2090108394622803,
    2.097064733505249,
    2.085507392883301,
    2.165645122528076,
    2.1232352256774902,
    2.224806547164917,
    2.2589495182037354,
    2.2922608852386475,
    2.3177735805511475,
    2.294252634048462,
    2.3426613807678223,
    2.390390634536743,
    2.4900436401367188,
    2.346287250518799,
    2.3806610107421875,
    2.4390668869018555,
    2.3499338626861572,
    2.3082125186920166,
    2.538146734237671,
    2.30108904838562,
    2.3893539905548096,
    2.316521644592285,
    2.3351340293884277,
    2.265122890472412,
    2.303394317626953,
    2.2796950340270996,
    2.2651493549346924,
    2.268643379211426,
    2.258547306060791,
    2.3048620223999023,
    2.3033506870269775,
    2.245311975479126,
    2.168959617614746,
    2.3881144523620605,
    2.8449695110321045,
    1.9987872838974,
    2.2215747833251953,
    2.1447489261627197,
    2.258373498916626,
    2.282681465148926,
    2.3702852725982666,
    2.314948320388794,
    2.3622634410858154,
    2.3397328853607178,
    2.3494484424591064,
    2.310544967651367,
    2.307406425476074,
    2.2575056552886963,
    2.2212090492248535,
    2.20772123336792,
    2.2167062759399414,
    2.1928210258483887
  ]
}