{
  "Train": [
    0.15733960270881653,
    0.12747393548488617,
    0.11661972850561142,
    0.10928873717784882,
    0.10349102318286896,
    0.0984804630279541,
    0.0941646620631218,
    0.09030693024396896,
    0.08680161088705063,
    0.0836893692612648,
    0.08089996129274368,
    0.07865419238805771,
    0.0759882852435112,
    0.07583415508270264,
    0.0727033019065857,
    0.07140867412090302,
    0.06715946644544601,
    0.06603818386793137,
    0.05957936495542526,
    0.05643578991293907,
    0.054891638457775116,
    0.05389944091439247,
    0.053553998470306396,
    0.05289572849869728,
    0.05403564125299454
  ],
  "Training Time": 12.386850833892822,
  "Validate": [
    1.255205512046814,
    1.045257568359375,
    0.862746000289917,
    0.7194069027900696,
    0.5990520715713501,
    0.5033614039421082,
    0.4271390736103058,
    0.3668757677078247,
    0.31952106952667236,
    0.28234317898750305,
    0.25523433089256287,
    0.23703967034816742,
    0.2249118685722351,
    0.22272135317325592,
    0.20011797547340393,
    0.20141400396823883,
    0.19454354047775269,
    0.201833575963974,
    0.19202600419521332,
    0.19439949095249176,
    0.1969311386346817,
    0.19570153951644897,
    0.19679413735866547,
    0.1931346356868744,
    0.19649115204811096
  ]
}