{
  "Train": [
    0.2314782291650772,
    0.1650654822587967,
    0.10823382437229156,
    0.09071815013885498,
    0.11026228964328766,
    0.13874733448028564,
    0.1422796994447708,
    0.10399936884641647,
    0.07249896973371506,
    0.08143596351146698
  ],
  "Training Time": 4.219372510910034,
  "Validate": [
    NaN,
    NaN,
    NaN,
    NaN,
    NaN,
    NaN,
    NaN,
    NaN,
    NaN,
    NaN
  ]
}