{
  "Train": [
    0.7064685821533203,
    0.5605164170265198,
    0.5159180760383606,
    0.4721071720123291,
    0.4253639280796051,
    0.38601353764533997,
    0.3641138970851898,
    0.3481464385986328,
    0.335597425699234,
    0.3250104486942291
  ],
  "Training Time": 5.453608512878418,
  "Validate": [
    55.89405822753906,
    56.151649475097656,
    56.527767181396484,
    56.862335205078125,
    56.887794494628906,
    56.176265716552734,
    55.02461242675781,
    53.635562896728516,
    52.22007751464844,
    50.86664962768555
  ]
}