{
  "Train": [
    0.7430427074432373,
    0.7408985495567322,
    0.7238275408744812,
    0.7153414487838745,
    0.7046154141426086,
    0.6893590688705444,
    0.6731079816818237,
    0.655900239944458,
    0.6377228498458862,
    0.6195058822631836
  ],
  "Training Time": 3.0095534324645996,
  "Validate": [
    NaN,
    NaN,
    NaN,
    NaN,
    NaN,
    NaN,
    NaN,
    NaN,
    NaN,
    NaN
  ]
}