{
  "Train": [
    0.918136477470398,
    0.8816486597061157,
    0.8547037839889526,
    0.8359006643295288,
    0.8196749687194824,
    0.8043060898780823,
    0.7903151512145996,
    0.776226282119751,
    0.763985276222229,
    0.7497393488883972
  ],
  "Training Time": 2.5096499919891357,
  "Validate": [
    0.3608030676841736,
    0.39471757411956787,
    0.43939104676246643,
    0.4693431556224823,
    0.4928027391433716,
    0.5070353746414185,
    0.5183549523353577,
    0.5229479074478149,
    0.525788426399231,
    0.5219706296920776
  ]
}