{
  "Train": [
    0.7347465753555298,
    0.6932463049888611,
    0.6644020676612854,
    0.6358486413955688,
    0.6094533205032349,
    0.5905948877334595,
    0.5701738595962524,
    0.5562757849693298,
    0.5441941022872925,
    0.5267053842544556
  ],
  "Training Time": 11.736008882522583,
  "Validate": [
    0.39416930079460144,
    0.4028300940990448,
    0.4042637050151825,
    0.4106820225715637,
    0.41610077023506165,
    0.41602373123168945,
    0.4220806360244751,
    0.4358353614807129,
    0.44825518131256104,
    0.46212151646614075
  ]
}