{
  "Train": [
    0.7427849769592285,
    0.6914714574813843,
    0.6705378293991089,
    0.6563558578491211,
    0.6329589486122131,
    0.6004410982131958,
    0.5790085196495056,
    0.6117705702781677,
    0.5563156604766846,
    0.5200731158256531
  ],
  "Training Time": 14.270906925201416,
  "Validate": [
    NaN,
    NaN,
    NaN,
    NaN,
    NaN,
    NaN,
    NaN,
    NaN,
    NaN,
    NaN
  ]
}