{
  "Train": [
    0.8847700953483582,
    0.722824215888977,
    0.6455041170120239,
    0.62828528881073,
    0.5724139213562012,
    0.5869398713111877,
    0.5963689684867859,
    0.5075517296791077,
    0.4841242730617523,
    0.46407461166381836,
    0.45046481490135193,
    0.45318248867988586,
    0.47939208149909973,
    0.43627920746803284,
    0.4457171559333801,
    0.4559239447116852,
    0.45444560050964355,
    0.4631374180316925,
    0.5340268611907959,
    0.43671125173568726,
    0.39031362533569336,
    0.43800681829452515,
    0.35103800892829895,
    0.33719226717948914,
    0.4107365310192108,
    0.330810010433197,
    0.31117191910743713,
    0.29119673371315,
    0.2842496335506439,
    0.27437952160835266,
    0.35470589995384216,
    0.3392581641674042,
    0.2508806586265564,
    0.27139750123023987,
    0.3033249080181122,
    0.29143428802490234,
    0.2811504006385803,
    0.241986945271492,
    0.22875840961933136,
    0.22764356434345245,
    0.2497129589319229,
    0.2012505680322647,
    0.28707894682884216,
    0.3218793570995331,
    0.22716103494167328,
    0.22095677256584167,
    0.20545773208141327,
    0.1846841722726822,
    0.19331060349941254,
    0.19916284084320068,
    0.1696373075246811,
    0.1940813511610031,
    0.18753314018249512,
    0.18009674549102783,
    0.17481395602226257,
    0.18170543015003204,
    0.16429293155670166,
    0.1566561460494995,
    0.16803453862667084,
    0.17198501527309418,
    0.15704189240932465,
    0.13755065202713013,
    0.13339416682720184,
    0.12794896960258484,
    0.12429716438055038,
    0.12916746735572815,
    0.11820726096630096,
    0.144387885928154,
    0.1307184249162674,
    0.118165984749794,
    0.1720370203256607,
    0.5885847806930542,
    0.4286123216152191,
    0.2428542822599411,
    0.16940321028232574,
    0.15627625584602356,
    0.13974948227405548,
    0.12521663308143616,
    0.12771525979042053,
    0.11227922141551971,
    0.12615236639976501,
    0.10919167846441269,
    0.10933856666088104,
    0.10292939841747284,
    0.10307828336954117,
    0.10376297682523727,
    0.09860248863697052,
    0.11428534984588623,
    0.10533227026462555,
    0.12283364683389664,
    0.14743159711360931,
    0.13871623575687408,
    0.11632375419139862,
    0.1376412957906723,
    0.12107056379318237,
    0.10974522680044174,
    0.09850364923477173,
    0.09072395414113998,
    0.08287035673856735,
    0.08581661432981491
  ],
  "Training Time": 141.86402773857117,
  "Validate": [
    0.6737046837806702,
    0.7457698583602905,
    0.5992113351821899,
    0.8615467548370361,
    0.6733610033988953,
    0.6545199155807495,
    0.6038068532943726,
    0.6317815780639648,
    0.6333587765693665,
    0.6405746936798096,
    0.6265008449554443,
    0.632572591304779,
    0.6466605067253113,
    0.6087024211883545,
    0.5882461071014404,
    0.6300696134567261,
    0.569421112537384,
    0.5763254761695862,
    0.5156624913215637,
    0.5615720748901367,
    0.5776863098144531,
    0.6012370586395264,
    0.6458609700202942,
    0.6264915466308594,
    0.695385217666626,
    0.65330570936203,
    0.7006489634513855,
    0.7487886548042297,
    0.7865064144134521,
    0.7317211031913757,
    0.7388973236083984,
    0.8205669522285461,
    0.8251398205757141,
    0.904469907283783,
    0.9044117331504822,
    0.9949329495429993,
    0.9883273839950562,
    1.0119105577468872,
    1.0338977575302124,
    0.9667198061943054,
    1.0813822746276855,
    1.0300990343093872,
    0.9448612332344055,
    0.7509599328041077,
    0.8731376528739929,
    0.7904073596000671,
    0.8284301161766052,
    0.8007646203041077,
    0.7898042798042297,
    0.8588010668754578,
    0.7442302703857422,
    0.8290334939956665,
    0.9548712372779846,
    0.8636400103569031,
    1.0707720518112183,
    0.9883816242218018,
    0.9173530340194702,
    1.0906388759613037,
    0.9036837220191956,
    0.8108089566230774,
    1.036026120185852,
    1.0931938886642456,
    1.1395536661148071,
    1.1379767656326294,
    1.2375510931015015,
    1.237870693206787,
    1.1943323612213135,
    1.2034610509872437,
    1.0257881879806519,
    0.7871975302696228,
    1.172232747077942,
    0.9626098275184631,
    1.3225735425949097,
    1.283382534980774,
    1.3443608283996582,
    1.4514665603637695,
    1.4659874439239502,
    1.4411615133285522,
    1.4094066619873047,
    1.3542720079421997,
    1.4658846855163574,
    1.4831868410110474,
    1.4265469312667847,
    1.3539836406707764,
    1.397585391998291,
    1.2400038242340088,
    1.3523322343826294,
    1.4335814714431763,
    1.1906663179397583,
    1.1432623863220215,
    1.1907919645309448,
    1.1560877561569214,
    1.0487533807754517,
    1.0533233880996704,
    1.2052791118621826,
    1.432250738143921,
    1.2121485471725464,
    1.168104648590088,
    1.2431957721710205,
    1.0836621522903442
  ]
}