{
  "Train": [
    0.7414510846138,
    0.7290010452270508,
    0.7232661247253418,
    0.7179139852523804,
    0.7128802537918091,
    0.7081584334373474,
    0.7037193775177002,
    0.6995229125022888,
    0.6955131888389587,
    0.6916248202323914
  ],
  "Training Time": 7.0639808177948,
  "Validate": [
    NaN,
    NaN,
    NaN,
    NaN,
    NaN,
    NaN,
    NaN,
    NaN,
    NaN,
    NaN
  ]
}