{
  "Train": [
    0.9384934902191162,
    0.8627743124961853,
    0.8311713933944702,
    0.81684809923172,
    0.8088362216949463,
    0.8035206198692322,
    0.7996014356613159,
    0.7965059280395508,
    0.7939339280128479,
    0.7917113900184631
  ],
  "Training Time": 5.814746856689453,
  "Validate": [
    3.70597243309021,
    3.3544747829437256,
    3.139777421951294,
    2.997823476791382,
    2.8975820541381836,
    2.823180675506592,
    2.765806198120117,
    2.720147132873535,
    2.6827921867370605,
    2.6514663696289062
  ]
}