{
  "Train": [
    1.0308574438095093,
    1.0348018407821655,
    1.0317195653915405,
    1.0299346446990967,
    1.0292586088180542,
    1.0291500091552734,
    1.0290424823760986,
    1.0289446115493774,
    1.0288441181182861,
    1.0287548303604126
  ],
  "Training Time": 3.3499627113342285,
  "Validate": [
    0.42333000898361206,
    0.41547197103500366,
    0.4138568341732025,
    0.41411179304122925,
    0.4143202006816864,
    0.41453877091407776,
    0.41475576162338257,
    0.41495099663734436,
    0.41516005992889404,
    0.4153386354446411
  ]
}