{
  "Train": [
    0.4931824505329132,
    0.4055080711841583,
    0.3861852288246155,
    0.3817408084869385,
    0.3654540479183197,
    0.344440221786499,
    0.3351500928401947,
    0.3194161355495453,
    0.30314499139785767,
    0.28953778743743896
  ],
  "Training Time": 6.336581707000732,
  "Validate": [
    NaN,
    NaN,
    NaN,
    NaN,
    NaN,
    NaN,
    NaN,
    NaN,
    NaN,
    NaN
  ]
}