{
  "Train": [
    1.037833333015442,
    0.8803414106369019,
    0.8421512246131897,
    0.8115525841712952,
    0.7828255295753479,
    0.7545942664146423,
    0.7253167033195496,
    0.6947781443595886,
    0.6651157140731812,
    0.6510034799575806
  ],
  "Training Time": 4.937317371368408,
  "Validate": [
    0.9755726456642151,
    1.0053095817565918,
    1.084255337715149,
    1.2147258520126343,
    1.4017910957336426,
    1.6027119159698486,
    1.7623248100280762,
    1.875265121459961,
    1.9758479595184326,
    1.9769233465194702
  ]
}