{
  "Train": [
    1.4996730089187622,
    1.1285409927368164,
    1.1545053720474243,
    1.0173479318618774,
    1.057642936706543,
    0.9412364959716797,
    0.9732555747032166,
    0.8729631304740906,
    0.8961567282676697,
    0.7961245179176331,
    0.7941198348999023,
    0.7578139901161194,
    0.6892524361610413,
    0.7345966696739197,
    0.8410453796386719,
    0.674018919467926,
    0.6464234590530396,
    0.669439971446991,
    0.6114035844802856,
    0.5636686086654663,
    0.5975244641304016,
    0.5557567477226257,
    0.5253563523292542,
    0.5007094740867615,
    0.5149922370910645,
    0.4795079827308655,
    0.4322579503059387,
    0.43077394366264343,
    0.5852690935134888,
    0.40531960129737854,
    0.340836763381958,
    0.32140180468559265,
    0.3062792122364044,
    0.2738264501094818,
    0.24856388568878174,
    0.24360178411006927,
    0.2442607879638672,
    0.21679328382015228,
    0.7416806817054749,
    1.4238120317459106,
    0.9806656241416931,
    0.8588718175888062,
    0.7660398483276367,
    0.6780003309249878,
    0.6235171556472778,
    0.5494479537010193,
    0.5552499890327454,
    0.48631247878074646,
    0.45136335492134094,
    0.398421049118042,
    0.37198394536972046,
    0.3550093472003937,
    0.3342028260231018,
    0.3006705343723297,
    0.2506086826324463,
    0.2093004733324051,
    0.18714921176433563,
    0.17975018918514252,
    0.15700973570346832,
    0.17650243639945984,
    0.1390681266784668,
    0.1499435156583786,
    0.13313040137290955,
    0.14328382909297943,
    0.31972846388816833,
    0.845491349697113,
    0.9070040583610535,
    0.5296359062194824,
    0.2848356068134308,
    0.19295959174633026,
    0.14383089542388916,
    0.12376102060079575,
    0.10852940380573273,
    0.09465724974870682,
    0.08683083951473236,
    0.17430298030376434,
    0.35954731702804565,
    0.8383275270462036,
    0.4431552290916443,
    0.19223131239414215,
    0.15783381462097168,
    0.09139593690633774,
    0.07424326986074448,
    0.06634107977151871,
    0.06036534532904625,
    0.05582475662231445,
    0.05251946672797203,
    0.049600642174482346,
    0.048005737364292145,
    0.04575728997588158,
    0.051158659160137177,
    0.05542975291609764,
    0.09204492717981339,
    0.08642621338367462,
    0.06911424547433853,
    0.05236590653657913,
    0.06237749382853508,
    0.04784860461950302,
    0.0392552874982357,
    0.04387824982404709
  ],
  "Training Time": 138.44498109817505,
  "Validate": [
    3.285209894180298,
    1.2671458721160889,
    2.318648338317871,
    1.6426736116409302,
    2.6626136302948,
    2.0325095653533936,
    3.008312463760376,
    2.6076500415802,
    3.2999672889709473,
    3.3406198024749756,
    3.3216652870178223,
    3.2934036254882812,
    3.3208649158477783,
    2.869295835494995,
    4.229875564575195,
    4.385465621948242,
    5.225070476531982,
    5.462954998016357,
    5.0317840576171875,
    5.3378705978393555,
    5.518885135650635,
    5.552067756652832,
    5.369640350341797,
    5.395184516906738,
    5.399374961853027,
    5.175156593322754,
    5.068897724151611,
    4.811956405639648,
    5.50167989730835,
    5.402839660644531,
    5.4691548347473145,
    5.463935375213623,
    5.467092037200928,
    5.447001934051514,
    5.911136150360107,
    6.296436786651611,
    6.125044345855713,
    6.465888977050781,
    0.9776275157928467,
    3.2202165126800537,
    3.016975164413452,
    4.148678779602051,
    3.0166471004486084,
    3.3705086708068848,
    4.428728103637695,
    4.28864049911499,
    5.987853527069092,
    5.54798698425293,
    5.955686569213867,
    5.485148906707764,
    5.4275593757629395,
    5.41632080078125,
    5.11691951751709,
    4.798801898956299,
    4.860921859741211,
    5.1435017585754395,
    5.151095390319824,
    5.495945930480957,
    4.973037242889404,
    5.301259994506836,
    4.951490879058838,
    5.234829425811768,
    5.197681903839111,
    4.056766510009766,
    7.245077610015869,
    6.377385139465332,
    5.209373950958252,
    4.079073905944824,
    3.9894707202911377,
    4.33894157409668,
    4.486009120941162,
    4.528311252593994,
    4.554473876953125,
    4.608585834503174,
    4.480823040008545,
    5.609229564666748,
    3.9686858654022217,
    4.213499546051025,
    5.862195014953613,
    4.885580539703369,
    4.823058605194092,
    4.802821159362793,
    4.978214740753174,
    5.090539932250977,
    5.169827938079834,
    5.21849250793457,
    5.265927314758301,
    5.32038688659668,
    5.3711137771606445,
    5.443373203277588,
    5.408153533935547,
    5.3472089767456055,
    5.485450267791748,
    5.032947540283203,
    4.769413948059082,
    5.023372173309326,
    5.410796642303467,
    5.133946895599365,
    5.284705638885498,
    5.426708698272705
  ]
}