{
  "Train": [
    0.3346695303916931,
    0.20325835049152374,
    0.15888631343841553,
    0.14170853793621063,
    0.13989198207855225,
    0.12600353360176086,
    0.11184111982584,
    0.15133273601531982,
    0.09529236704111099,
    0.1456027626991272
  ],
  "Training Time": 4.089413166046143,
  "Validate": [
    NaN,
    NaN,
    NaN,
    NaN,
    NaN,
    NaN,
    NaN,
    NaN,
    NaN,
    NaN
  ]
}