{
  "Train": [
    0.7207061648368835,
    0.5611416101455688,
    0.5289122462272644,
    0.4986550509929657,
    0.4662046432495117,
    0.4314357042312622,
    0.3976542055606842,
    0.3712688684463501,
    0.35435816645622253,
    0.34248533844947815
  ],
  "Training Time": 5.409807205200195,
  "Validate": [
    55.18159484863281,
    55.425106048583984,
    55.596160888671875,
    55.684818267822266,
    55.691986083984375,
    55.55882263183594,
    55.17091369628906,
    54.48934555053711,
    53.626060485839844,
    52.703853607177734
  ]
}