{
  "Train": [
    0.86422199010849,
    0.7424630522727966,
    0.6392611265182495,
    0.573606550693512,
    0.49655023217201233,
    0.40545791387557983,
    0.3268613815307617,
    0.3039698004722595,
    0.24436523020267487,
    0.21488234400749207
  ],
  "Training Time": 3.3295013904571533,
  "Validate": [
    2.1650686264038086,
    1.425307035446167,
    1.2280250787734985,
    1.055931568145752,
    0.7677085995674133,
    0.4566362202167511,
    0.3426852822303772,
    0.35227862000465393,
    0.3855650722980499,
    0.4698171615600586
  ]
}