{
  "Train": [
    0.30463212728500366,
    0.23660825192928314,
    0.22672487795352936,
    0.18824045360088348,
    0.1720464825630188,
    0.16233372688293457,
    0.14484919607639313,
    0.13964027166366577,
    0.13822461664676666,
    0.13865289092063904
  ],
  "Training Time": 3.109583854675293,
  "Validate": [
    NaN,
    NaN,
    NaN,
    NaN,
    NaN,
    NaN,
    NaN,
    NaN,
    NaN,
    NaN
  ]
}