{
  "Train": [
    0.7646069526672363,
    0.6598825454711914,
    0.5740517973899841,
    0.5141469240188599,
    0.4648769497871399,
    0.4203100800514221,
    0.37549713253974915,
    0.3401517868041992,
    0.3063623607158661,
    0.28827181458473206
  ],
  "Training Time": 2.5396416187286377,
  "Validate": [
    0.8851810693740845,
    0.7832381725311279,
    0.6396563053131104,
    0.6572953462600708,
    0.5946192741394043,
    0.557635486125946,
    0.5121865272521973,
    0.41739389300346375,
    0.5023165345191956,
    0.20771661400794983
  ]
}