{
  "Train": [
    0.34642624855041504,
    0.1773635894060135,
    0.15608419477939606,
    0.13807669281959534,
    0.1259290724992752,
    0.117230124771595,
    0.11054015904664993,
    0.1071467250585556,
    0.10162349045276642,
    0.09749788045883179,
    0.09209317713975906,
    0.08891356736421585,
    0.08646959811449051,
    0.08628057688474655,
    0.08318894356489182,
    0.08155085146427155,
    0.08186392486095428,
    0.08382896333932877,
    0.07386638224124908,
    0.08513844758272171,
    0.07390107214450836,
    0.0785418152809143,
    0.07387303560972214,
    0.07597117871046066,
    0.07287435233592987
  ],
  "Training Time": 11.667170524597168,
  "Validate": [
    0.2325548678636551,
    0.28463271260261536,
    0.3302236497402191,
    0.3577713072299957,
    0.3721224069595337,
    0.376862496137619,
    0.3696383237838745,
    0.36689016222953796,
    0.40624961256980896,
    0.4276202917098999,
    0.4538390338420868,
    0.47361108660697937,
    0.5149965882301331,
    0.5331828594207764,
    0.5779532790184021,
    0.5996031761169434,
    0.5659728050231934,
    0.5024068355560303,
    1.2341514825820923,
    0.570585310459137,
    0.7313870787620544,
    0.6806867122650146,
    0.7249736189842224,
    0.704668402671814,
    0.7434704303741455
  ]
}