{
  "Train": [
    0.12189931422472,
    0.07719754427671432,
    0.06407897919416428,
    0.05648702383041382,
    0.0517839640378952,
    0.04807009920477867,
    0.045231305062770844,
    0.042845986783504486,
    0.04096652567386627,
    0.039032503962516785,
    0.03787066042423248,
    0.036827005445957184,
    0.03520745038986206,
    0.034253668040037155,
    0.0327429324388504,
    0.03195100650191307,
    0.030873645097017288,
    0.03016471117734909,
    0.029377754777669907,
    0.0287901870906353,
    0.028308209031820297,
    0.027830885723233223,
    0.02756286971271038,
    0.02707258053123951,
    0.0287158265709877
  ],
  "Training Time": 22.72149109840393,
  "Validate": [
    NaN,
    NaN,
    NaN,
    NaN,
    NaN,
    NaN,
    NaN,
    NaN,
    NaN,
    NaN,
    NaN,
    NaN,
    NaN,
    NaN,
    NaN,
    NaN,
    NaN,
    NaN,
    NaN,
    NaN,
    NaN,
    NaN,
    NaN,
    NaN,
    NaN
  ]
}