{
  "Train": [
    0.7541599869728088,
    0.2942054569721222,
    0.14847837388515472,
    0.13839615881443024,
    0.1299247294664383,
    0.12131652981042862,
    0.10953383892774582,
    0.08898579329252243,
    0.06850734353065491,
    0.05075638368725777,
    0.04014850780367851,
    0.03419972583651543,
    0.030301222577691078,
    0.02761634811758995,
    0.02569252997636795,
    0.02421695739030838,
    0.023016145452857018,
    0.022019797936081886,
    0.021205851808190346,
    0.020572956651449203,
    0.0201072059571743,
    0.01972266286611557,
    0.019316276535391808,
    0.018920158967375755,
    0.01857711747288704
  ],
  "Training Time": 15.524433851242065,
  "Validate": [
    4.200065612792969,
    1.032406210899353,
    1.015739917755127,
    1.0322552919387817,
    1.0895119905471802,
    1.195709466934204,
    1.4439074993133545,
    1.9879863262176514,
    2.1773898601531982,
    2.392005205154419,
    2.5125482082366943,
    2.5316317081451416,
    2.495811700820923,
    2.4349825382232666,
    2.366485118865967,
    2.299107074737549,
    2.2359988689422607,
    2.1777148246765137,
    2.1239683628082275,
    2.0744240283966064,
    2.029958963394165,
    1.993740200996399,
    1.9658945798873901,
    1.9430828094482422,
    1.9239192008972168
  ]
}