{
  "Train": [
    1.0465190410614014,
    1.0546900033950806,
    1.0013090372085571,
    0.9721084237098694,
    0.9410892724990845,
    0.9953044056892395,
    0.9360142946243286,
    0.9127878546714783,
    0.8800345659255981,
    0.9900497198104858
  ],
  "Training Time": 4.719500541687012,
  "Validate": [
    0.5645962953567505,
    0.4409945607185364,
    0.4367161691188812,
    0.48416975140571594,
    0.4937175512313843,
    0.4681289494037628,
    0.36404597759246826,
    0.35517457127571106,
    0.3973011076450348,
    0.4057329297065735
  ]
}