{
  "Train": [
    1.0482149124145508,
    1.0768457651138306,
    1.0369380712509155,
    1.0242708921432495,
    1.006122350692749,
    0.9828680753707886,
    0.9660018682479858,
    0.9361494183540344,
    0.9486088156700134,
    0.8966783881187439
  ],
  "Training Time": 4.807429552078247,
  "Validate": [
    0.6508684754371643,
    0.4883631765842438,
    0.5040201544761658,
    0.4987681210041046,
    0.4582166373729706,
    0.42911919951438904,
    0.37466976046562195,
    0.497958779335022,
    0.47809791564941406,
    0.3710545301437378
  ]
}