{
  "Train": [
    1.0175268650054932,
    0.9409574866294861,
    0.9110469818115234,
    0.8851590156555176,
    0.8536269068717957,
    0.83217453956604,
    0.8134955763816833,
    0.7630683183670044,
    0.7562475204467773,
    0.7215272784233093
  ],
  "Training Time": 6.005264759063721,
  "Validate": [
    NaN,
    NaN,
    NaN,
    NaN,
    NaN,
    NaN,
    NaN,
    NaN,
    NaN,
    NaN
  ]
}