{
  "Train": [
    0.09260347485542297,
    0.05909791588783264,
    0.0525764562189579,
    0.047362904995679855,
    0.04368383437395096,
    0.040830254554748535,
    0.03842075169086456,
    0.03640648350119591,
    0.03450252115726471,
    0.033031754195690155,
    0.03150114044547081,
    0.030450817197561264,
    0.02925022318959236,
    0.028504904359579086,
    0.027581045404076576,
    0.02704533562064171,
    0.02633594162762165,
    0.02593289129436016,
    0.025384344160556793,
    0.025043902918696404,
    0.02460228092968464,
    0.02426716312766075,
    0.023876182734966278,
    0.02352071925997734,
    0.023132583126425743
  ],
  "Training Time": 15.035952806472778,
  "Validate": [
    NaN,
    NaN,
    NaN,
    NaN,
    NaN,
    NaN,
    NaN,
    NaN,
    NaN,
    NaN,
    NaN,
    NaN,
    NaN,
    NaN,
    NaN,
    NaN,
    NaN,
    NaN,
    NaN,
    NaN,
    NaN,
    NaN,
    NaN,
    NaN,
    NaN
  ]
}