{
  "Train": [
    0.11559679359197617,
    0.07047566771507263,
    0.06330620497465134,
    0.056887682527303696,
    0.05209522321820259,
    0.04823821038007736,
    0.04468792304396629,
    0.04103438928723335,
    0.03753174468874931,
    0.03459394723176956,
    0.0327945351600647,
    0.03092179261147976,
    0.029512107372283936,
    0.029119892045855522,
    0.030445272102952003,
    0.03126543387770653,
    0.02862464264035225,
    0.026391686871647835,
    0.0268450528383255,
    0.025935882702469826,
    0.024654624983668327,
    0.02371324598789215,
    0.023219997063279152,
    0.02302459068596363,
    0.022962480783462524
  ],
  "Training Time": 11.783526182174683,
  "Validate": [
    0.0640648826956749,
    0.05944365635514259,
    0.05822467803955078,
    0.05654164403676987,
    0.053886547684669495,
    0.05066891759634018,
    0.047357283532619476,
    0.044555846601724625,
    0.04232501983642578,
    0.040720656514167786,
    0.040149882435798645,
    0.039991989731788635,
    0.04048832878470421,
    0.041735563427209854,
    0.042899131774902344,
    0.04379137605428696,
    0.04287309572100639,
    0.042195145040750504,
    0.04311710596084595,
    0.04335392639040947,
    0.0434112548828125,
    0.04316467419266701,
    0.04292609542608261,
    0.04269348084926605,
    0.04258895292878151
  ]
}