{
  "Train": [
    1.1193302869796753,
    1.111535906791687,
    1.1093473434448242,
    1.1076853275299072,
    1.10391104221344,
    1.0971381664276123,
    1.0886414051055908,
    1.0818742513656616,
    1.0747966766357422,
    1.066457748413086
  ],
  "Training Time": 3.3384883403778076,
  "Validate": [
    1.4142019748687744,
    1.3906759023666382,
    1.3848657608032227,
    1.3869277238845825,
    1.405409336090088,
    1.4165393114089966,
    1.418956995010376,
    1.4119969606399536,
    1.3990839719772339,
    1.378515601158142
  ]
}