{
  "Train": [
    0.9919548034667969,
    0.9652894139289856,
    0.9496579170227051,
    0.933556318283081,
    0.9231333136558533,
    0.9077825546264648,
    0.8972192406654358,
    0.8803843855857849,
    0.8711774945259094,
    0.8573868274688721
  ],
  "Training Time": 4.026739120483398,
  "Validate": [
    NaN,
    NaN,
    NaN,
    NaN,
    NaN,
    NaN,
    NaN,
    NaN,
    NaN,
    NaN
  ]
}