{
  "Train": [
    0.946256697177887,
    0.9027953743934631,
    0.8848109245300293,
    0.8776425123214722,
    0.8686410188674927,
    0.8563432097434998,
    0.8458203077316284,
    0.8425619602203369,
    0.8399879336357117,
    0.8383774161338806,
    0.8356722593307495,
    0.8316985964775085,
    0.8281177878379822,
    0.8256782293319702,
    0.8232784867286682,
    0.821465015411377,
    0.8191356062889099,
    0.8172071576118469,
    0.8143216371536255,
    0.8121020197868347,
    0.8089571595191956,
    0.8067376613616943,
    0.8026541471481323,
    0.79678875207901,
    0.7888121604919434,
    0.7811043858528137,
    0.7773109078407288,
    0.7796633243560791,
    0.761916995048523,
    0.7484077215194702,
    0.7317138314247131,
    0.7152779698371887,
    0.6977970004081726,
    0.6835489273071289,
    0.6674762964248657,
    0.6415402293205261,
    0.7094563841819763,
    0.6707287430763245,
    0.6109995245933533,
    0.5924519300460815,
    0.6146873831748962,
    0.5560031533241272,
    0.5444297790527344,
    0.4881574213504791,
    0.45838043093681335,
    0.4807496666908264,
    0.3886162340641022,
    0.3311461806297302,
    0.3199498951435089,
    0.3527381420135498,
    0.3082108199596405,
    0.26666900515556335,
    0.239999458193779,
    0.22227630019187927,
    0.24903899431228638,
    0.21768276393413544,
    0.19496412575244904,
    0.17381782829761505,
    0.19102808833122253,
    0.17388354241847992,
    0.15434764325618744,
    0.19288313388824463,
    0.21994957327842712,
    0.1408327966928482,
    0.10768381506204605,
    0.09384889900684357,
    0.130817249417305,
    0.11082865297794342,
    0.12166088074445724,
    0.07875151187181473,
    0.08328384906053543,
    0.11920446902513504,
    0.09123023599386215,
    0.08456357568502426,
    0.07444922626018524,
    0.06386584043502808,
    0.06730779260396957,
    0.05082433670759201,
    0.0532485656440258,
    0.05853551998734474,
    0.11609600484371185,
    0.09048312157392502,
    0.07367211580276489,
    0.06068950518965721,
    0.06108913570642471,
    0.05020910128951073,
    0.03741227835416794,
    0.03894200548529625,
    0.04189004376530647,
    0.05030195787549019,
    0.040851566940546036,
    0.04518607631325722,
    0.09632448852062225,
    0.28176069259643555,
    0.279227614402771,
    0.08063661307096481,
    0.03747829794883728,
    0.02134830132126808,
    0.016792472451925278,
    0.01290683913975954
  ],
  "Training Time": 78.78328943252563,
  "Validate": [
    3.1026742458343506,
    3.166339159011841,
    3.039141893386841,
    3.074410915374756,
    3.0085718631744385,
    2.986675500869751,
    2.90615177154541,
    2.8920955657958984,
    2.8621408939361572,
    2.849342107772827,
    2.833857536315918,
    2.80300235748291,
    2.7861666679382324,
    2.756507158279419,
    2.748600959777832,
    2.7212867736816406,
    2.7171406745910645,
    2.690368890762329,
    2.6887991428375244,
    2.665245771408081,
    2.6623167991638184,
    2.6472625732421875,
    2.649986743927002,
    2.6398236751556396,
    2.7076222896575928,
    2.6432013511657715,
    2.827230453491211,
    2.6764872074127197,
    2.776118040084839,
    2.7620961666107178,
    2.7884654998779297,
    2.803203821182251,
    2.816837787628174,
    2.824709892272949,
    2.8065967559814453,
    3.023672342300415,
    3.3745615482330322,
    3.3410964012145996,
    3.578125238418579,
    3.568190813064575,
    3.6641347408294678,
    3.6398210525512695,
    3.599440813064575,
    4.037019729614258,
    3.6005823612213135,
    3.1149184703826904,
    3.9058806896209717,
    4.304469108581543,
    4.320155143737793,
    3.9688832759857178,
    4.233302593231201,
    4.071956157684326,
    3.9526939392089844,
    3.8293962478637695,
    3.9398040771484375,
    4.039545059204102,
    4.082828521728516,
    3.7611501216888428,
    3.623185634613037,
    3.679176092147827,
    4.074085712432861,
    4.162084579467773,
    4.238288402557373,
    3.8716094493865967,
    3.817265510559082,
    3.886302947998047,
    4.176029682159424,
    4.440080642700195,
    4.312404155731201,
    4.621190071105957,
    3.906832695007324,
    4.852521896362305,
    4.759443283081055,
    4.744035243988037,
    3.8633675575256348,
    4.461774826049805,
    4.38292121887207,
    4.6605610847473145,
    4.72368860244751,
    4.777507781982422,
    3.6870744228363037,
    3.464385747909546,
    3.3920912742614746,
    4.262085437774658,
    4.2054009437561035,
    4.033558368682861,
    4.070781230926514,
    4.289648056030273,
    4.154204368591309,
    3.866197109222412,
    4.262582778930664,
    4.53302001953125,
    4.463382244110107,
    3.4546432495117188,
    2.787472724914551,
    3.3587605953216553,
    3.632735252380371,
    3.6643569469451904,
    3.7554216384887695,
    3.729672431945801
  ]
}