{
  "Train": [
    0.4043518900871277,
    0.08687093108892441,
    0.0531771294772625,
    0.04228311777114868,
    0.03695132955908775,
    0.03296377882361412,
    0.029876379296183586,
    0.027550922706723213,
    0.025896567851305008,
    0.02484208159148693,
    0.024065814912319183,
    0.023212220519781113,
    0.022182701155543327,
    0.021124256774783134,
    0.02010287158191204,
    0.019122391939163208,
    0.018204035237431526,
    0.017373912036418915,
    0.016626989468932152,
    0.015914147719740868,
    0.015245937742292881,
    0.014626712538301945,
    0.014013035222887993,
    0.013345727697014809,
    0.012551297433674335
  ],
  "Training Time": 11.513752222061157,
  "Validate": [
    15.127313613891602,
    19.488636016845703,
    20.843820571899414,
    20.95857048034668,
    21.179414749145508,
    21.541339874267578,
    22.00381851196289,
    22.548913955688477,
    23.09819221496582,
    23.537290573120117,
    23.82366180419922,
    24.02192497253418,
    24.15984344482422,
    24.263324737548828,
    24.35222053527832,
    24.437318801879883,
    24.53080940246582,
    24.652629852294922,
    24.82410430908203,
    25.04911994934082,
    25.32532501220703,
    25.660015106201172,
    26.059852600097656,
    26.523792266845703,
    27.03862190246582
  ]
}