{
  "Train": [
    0.1256767362356186,
    0.03543468192219734,
    0.02286134660243988,
    0.01681124046444893,
    0.011865491978824139,
    0.009895222261548042,
    0.008696752600371838,
    0.008321295492351055,
    0.0077377245761454105,
    0.007794357370585203,
    0.006570692174136639,
    0.0067057120613753796,
    0.014890269376337528,
    0.013379731215536594,
    0.01011650264263153,
    0.009109463542699814,
    0.009725543670356274,
    0.010055829770863056,
    0.010054499842226505,
    0.009881814010441303,
    0.009721418842673302,
    0.00959378108382225,
    0.009467578493058681,
    0.009304393082857132,
    0.00907166488468647
  ],
  "Training Time": 16.431152820587158,
  "Validate": [
    NaN,
    NaN,
    NaN,
    NaN,
    NaN,
    NaN,
    NaN,
    NaN,
    NaN,
    NaN,
    NaN,
    NaN,
    NaN,
    NaN,
    NaN,
    NaN,
    NaN,
    NaN,
    NaN,
    NaN,
    NaN,
    NaN,
    NaN,
    NaN,
    NaN
  ]
}