{
  "Train": [
    1.1767899990081787,
    1.1701565980911255,
    1.1696605682373047,
    1.1654987335205078,
    1.1637290716171265,
    1.156169056892395,
    1.159281611442566,
    1.1455903053283691,
    1.1441876888275146,
    1.132416009902954,
    1.1115726232528687,
    1.0947362184524536,
    1.0788161754608154,
    1.0654411315917969,
    1.0562713146209717,
    1.0998547077178955,
    1.0713090896606445,
    1.0592776536941528,
    1.053082823753357,
    1.0459353923797607,
    1.0383384227752686,
    1.0302797555923462,
    1.0213383436203003,
    1.0106971263885498,
    0.997963547706604,
    0.9857497811317444,
    0.9826409816741943,
    0.975941002368927,
    0.9505727887153625,
    0.9212614893913269,
    0.8967349529266357,
    0.8784316778182983,
    0.8671347498893738,
    0.9006115794181824,
    0.9807924032211304,
    0.8680213689804077,
    0.8146762251853943,
    0.7752766013145447,
    0.7636038064956665,
    0.7546117305755615,
    0.7347946166992188,
    0.7633914351463318,
    0.7203173637390137,
    0.6991021037101746,
    0.8805370926856995,
    0.987887442111969,
    0.9280505776405334,
    0.7669616341590881,
    0.7296656370162964,
    0.7017277479171753,
    0.6762707829475403,
    0.6686266660690308,
    0.6595861911773682,
    0.6485511660575867,
    0.6363718509674072,
    0.6232118606567383,
    0.6085219979286194,
    0.5918909311294556,
    0.5732248425483704,
    0.5528421401977539,
    0.5316675901412964,
    0.51148521900177,
    0.4945681095123291,
    0.4807710349559784,
    0.46463197469711304,
    0.44318029284477234,
    0.423044890165329,
    0.4061891436576843,
    0.388080894947052,
    0.36748626828193665,
    0.3437146842479706,
    0.31969982385635376,
    0.2975430190563202,
    0.27845272421836853,
    0.2614579498767853,
    0.24753499031066895,
    0.23182269930839539,
    0.22733642160892487,
    0.21117538213729858,
    0.22085143625736237,
    0.18840548396110535,
    0.18358220160007477,
    0.1794995665550232,
    0.17616470158100128,
    0.17358233034610748,
    0.1714571863412857,
    0.16968531906604767,
    0.1682005226612091,
    0.1669270098209381,
    0.16580452024936676,
    0.16479074954986572,
    0.1638527661561966,
    0.1629646271467209,
    0.1621057093143463,
    0.16125977039337158,
    0.16041319072246552,
    0.15955579280853271,
    0.15868200361728668,
    0.15779122710227966,
    0.15688669681549072
  ],
  "Training Time": 123.5646619796753,
  "Validate": [
    1.9337878227233887,
    1.936662197113037,
    1.9482475519180298,
    1.9610564708709717,
    1.9703713655471802,
    1.9964988231658936,
    1.9942902326583862,
    2.0555295944213867,
    2.0633366107940674,
    2.1377267837524414,
    2.211459159851074,
    2.28305983543396,
    2.3762876987457275,
    2.41359806060791,
    1.9916707277297974,
    2.1462361812591553,
    2.1887941360473633,
    2.2406294345855713,
    2.257382392883301,
    2.2808704376220703,
    2.311997413635254,
    2.347224235534668,
    2.383486032485962,
    2.421015739440918,
    2.459794759750366,
    2.4681901931762695,
    2.4172964096069336,
    2.4712605476379395,
    2.518296241760254,
    2.6011078357696533,
    2.789898157119751,
    2.619356393814087,
    2.6749095916748047,
    2.9279820919036865,
    2.7549850940704346,
    2.7401609420776367,
    2.6451244354248047,
    2.6827659606933594,
    2.7827274799346924,
    2.740757942199707,
    2.840097188949585,
    2.752594232559204,
    2.847364664077759,
    2.660090923309326,
    2.9872589111328125,
    2.8082594871520996,
    2.8845458030700684,
    2.8030827045440674,
    2.825892925262451,
    2.850425958633423,
    2.8924028873443604,
    2.9175727367401123,
    2.9236388206481934,
    2.9148194789886475,
    2.894571304321289,
    2.8657071590423584,
    2.8322665691375732,
    2.7994349002838135,
    2.7729053497314453,
    2.7575557231903076,
    2.7554547786712646,
    2.763944387435913,
    2.7757647037506104,
    2.783550500869751,
    2.7865235805511475,
    2.7906529903411865,
    2.802245855331421,
    2.8231959342956543,
    2.848343849182129,
    2.871523380279541,
    2.890083074569702,
    2.9059486389160156,
    2.9219818115234375,
    2.937969446182251,
    2.954679250717163,
    2.962660789489746,
    2.9770116806030273,
    2.9355597496032715,
    2.965552568435669,
    2.876889228820801,
    2.8512461185455322,
    2.8483238220214844,
    2.8236398696899414,
    2.7968850135803223,
    2.768324136734009,
    2.7394087314605713,
    2.7113873958587646,
    2.6850473880767822,
    2.660804033279419,
    2.638826847076416,
    2.619093894958496,
    2.601459503173828,
    2.5857350826263428,
    2.571720600128174,
    2.5592336654663086,
    2.5481276512145996,
    2.5382909774780273,
    2.5296475887298584,
    2.5221478939056396,
    2.515763282775879
  ]
}