{
  "Train": [
    1.1198618412017822,
    1.112807273864746,
    1.1109439134597778,
    1.110291838645935,
    1.1098109483718872,
    1.1091432571411133,
    1.1080983877182007,
    1.105517029762268,
    1.1005092859268188,
    1.0960747003555298
  ],
  "Training Time": 3.367216110229492,
  "Validate": [
    1.4071193933486938,
    1.3926727771759033,
    1.3832371234893799,
    1.3796144723892212,
    1.3797941207885742,
    1.3816742897033691,
    1.3891098499298096,
    1.4072719812393188,
    1.4136078357696533,
    1.4128522872924805
  ]
}