{
  "Train": [
    0.10078179091215134,
    0.06081295758485794,
    0.048010893166065216,
    0.04242958128452301,
    0.03816509246826172,
    0.035359397530555725,
    0.03334144875407219,
    0.03126794844865799,
    0.030083343386650085,
    0.02885657548904419,
    0.027521364390850067,
    0.0265812985599041,
    0.025805916637182236,
    0.02525913156569004,
    0.024901648983359337,
    0.024445844814181328,
    0.02421770989894867,
    0.023680290207266808,
    0.023728221654891968,
    0.022615253925323486,
    0.022342776879668236,
    0.021482637152075768,
    0.02164400927722454,
    0.021860484033823013,
    0.022056233137845993
  ],
  "Training Time": 15.253201246261597,
  "Validate": [
    NaN,
    NaN,
    NaN,
    NaN,
    NaN,
    NaN,
    NaN,
    NaN,
    NaN,
    NaN,
    NaN,
    NaN,
    NaN,
    NaN,
    NaN,
    NaN,
    NaN,
    NaN,
    NaN,
    NaN,
    NaN,
    NaN,
    NaN,
    NaN,
    NaN
  ]
}