{
  "Train": [
    1.032664179801941,
    1.0341134071350098,
    1.0302809476852417,
    1.030548334121704,
    1.0300670862197876,
    1.0294369459152222,
    1.0291520357131958,
    1.0292388200759888,
    1.0291016101837158,
    1.0287585258483887
  ],
  "Training Time": 3.4099695682525635,
  "Validate": [
    0.42291754484176636,
    0.4141869843006134,
    0.41482868790626526,
    0.41462036967277527,
    0.4143121838569641,
    0.4144410789012909,
    0.41471895575523376,
    0.41489678621292114,
    0.4149092435836792,
    0.4150370955467224
  ]
}