{
  "Train": [
    1.0561707019805908,
    0.5548780560493469,
    0.39292341470718384,
    0.3256535530090332,
    0.28642359375953674,
    0.2620287537574768,
    0.24615441262722015,
    0.2376548796892166,
    0.23233036696910858,
    0.2279740571975708,
    0.22403359413146973,
    0.22013354301452637,
    0.21632930636405945,
    0.2125212550163269,
    0.2087569534778595,
    0.20499825477600098,
    0.20127423107624054,
    0.1975696086883545,
    0.19390495121479034,
    0.19028156995773315,
    0.186715766787529,
    0.1832168698310852,
    0.17979571223258972,
    0.17646072804927826,
    0.17321732640266418
  ],
  "Training Time": 11.160935401916504,
  "Validate": [
    0.47453567385673523,
    0.5071173310279846,
    0.5683998465538025,
    0.6426773071289062,
    0.7005444169044495,
    0.7381759285926819,
    0.7672709822654724,
    0.7835114002227783,
    0.7885425090789795,
    0.7849229574203491,
    0.7726218700408936,
    0.7553832530975342,
    0.7340011596679688,
    0.7107332944869995,
    0.6859397292137146,
    0.6609227657318115,
    0.6358563303947449,
    0.6115188598632812,
    0.5879984498023987,
    0.5657010674476624,
    0.5446438193321228,
    0.5249727368354797,
    0.5066573619842529,
    0.48969870805740356,
    0.47404444217681885
  ]
}