{
  "Train": [
    0.12758006155490875,
    0.11371669918298721,
    0.109947070479393,
    0.10771966725587845,
    0.10617935657501221,
    0.10499710589647293,
    0.1040252223610878,
    0.10318892449140549,
    0.102446049451828,
    0.10177066177129745,
    0.10114523768424988,
    0.10055668652057648,
    0.09999484568834305,
    0.09945188462734222,
    0.09892205148935318,
    0.09840155392885208,
    0.0978887602686882,
    0.09738509356975555,
    0.0968942791223526,
    0.09641844779253006,
    0.09595272690057755,
    0.09548553824424744,
    0.09500396996736526,
    0.0944988876581192,
    0.09396485239267349
  ],
  "Training Time": 15.9356050491333,
  "Validate": [
    NaN,
    NaN,
    NaN,
    NaN,
    NaN,
    NaN,
    NaN,
    NaN,
    NaN,
    NaN,
    NaN,
    NaN,
    NaN,
    NaN,
    NaN,
    NaN,
    NaN,
    NaN,
    NaN,
    NaN,
    NaN,
    NaN,
    NaN,
    NaN,
    NaN
  ]
}