{
  "Train": [
    0.6720149517059326,
    0.14804713428020477,
    0.05785193666815758,
    0.026903705671429634,
    0.022285832092165947,
    0.02011808380484581,
    0.01816653646528721,
    0.01624896191060543,
    0.014572255313396454,
    0.013413486070930958,
    0.012720301747322083,
    0.012174946255981922,
    0.011654282920062542,
    0.011156270280480385,
    0.010592770762741566,
    0.009924368001520634,
    0.009131926111876965,
    0.008256703615188599,
    0.007425297517329454,
    0.006786769721657038,
    0.006414537318050861,
    0.006305702030658722,
    0.00626165559515357,
    0.0061653535813093185,
    0.006272486411035061
  ],
  "Training Time": 11.31386137008667,
  "Validate": [
    19.992124557495117,
    19.936866760253906,
    18.784751892089844,
    18.568382263183594,
    18.97145652770996,
    19.557870864868164,
    20.26750946044922,
    20.96442222595215,
    21.50492286682129,
    21.856184005737305,
    22.033185958862305,
    22.16585922241211,
    22.323240280151367,
    22.48569107055664,
    22.651514053344727,
    22.82060432434082,
    22.990699768066406,
    23.150310516357422,
    23.283824920654297,
    23.385284423828125,
    23.446748733520508,
    23.433862686157227,
    23.374799728393555,
    23.32946014404297,
    23.187807083129883
  ]
}