{
  "Train": [
    0.3685968816280365,
    0.10930485278367996,
    0.07898203283548355,
    0.06809758394956589,
    0.06321719288825989,
    0.05916972830891609,
    0.05462690070271492,
    0.04931057244539261,
    0.04371586814522743,
    0.038596879690885544,
    0.03347060829401016,
    0.03012489154934883,
    0.025682782754302025,
    0.022170811891555786,
    0.018594983965158463,
    0.016508160158991814,
    0.012821012176573277,
    0.011647599749267101,
    0.009861178696155548,
    0.008953719399869442,
    0.008139122277498245,
    0.007558899465948343,
    0.007262059487402439,
    0.007139770779758692,
    0.006997429765760899
  ],
  "Training Time": 12.283329486846924,
  "Validate": [
    1.2573634386062622,
    1.4899706840515137,
    1.465241551399231,
    1.3961827754974365,
    1.3206937313079834,
    1.4318242073059082,
    1.3978718519210815,
    1.392349362373352,
    1.3288888931274414,
    1.3255008459091187,
    1.2558321952819824,
    1.2867060899734497,
    1.1966867446899414,
    1.3054990768432617,
    1.1973923444747925,
    1.2732903957366943,
    1.2000867128372192,
    1.144365668296814,
    1.1228505373001099,
    1.0813772678375244,
    1.0360032320022583,
    0.9964357614517212,
    0.9640012383460999,
    0.9378087520599365,
    0.9166806936264038
  ]
}