{
  "Train": [
    0.866423487663269,
    0.5374860167503357,
    0.44872230291366577,
    0.39257344603538513,
    0.349137544631958,
    0.3181073069572449,
    0.2973247468471527,
    0.2800278067588806,
    0.2692546248435974,
    0.2572130858898163,
    0.2528367042541504,
    0.24537457525730133,
    0.24000144004821777,
    0.2326168715953827,
    0.22691428661346436,
    0.22080309689044952,
    0.21512286365032196,
    0.20917931199073792,
    0.20314723253250122,
    0.19725607335567474,
    0.19079934060573578,
    0.18550008535385132,
    0.1780894547700882,
    0.17529712617397308,
    0.16567246615886688
  ],
  "Training Time": 11.25961446762085,
  "Validate": [
    0.3600691556930542,
    0.42469194531440735,
    0.4929579496383667,
    0.5639933943748474,
    0.6513047814369202,
    0.7360332608222961,
    0.7638832330703735,
    0.8303717970848083,
    0.8323776125907898,
    0.8904188275337219,
    0.8628711700439453,
    0.88080233335495,
    0.8063345551490784,
    0.7757386565208435,
    0.7217686176300049,
    0.6878650784492493,
    0.646877110004425,
    0.6163700819015503,
    0.5790663957595825,
    0.5529073476791382,
    0.5130937695503235,
    0.49550390243530273,
    0.4495643377304077,
    0.4514973759651184,
    0.40191221237182617
  ]
}