{
  "Train": [
    0.14115366339683533,
    0.1188884899020195,
    0.10124809294939041,
    0.0925324484705925,
    0.08492238819599152,
    0.08214375376701355,
    0.07799041271209717,
    0.07485184818506241,
    0.0754517987370491,
    0.0771680399775505,
    0.06949284672737122,
    0.06792806833982468,
    0.06423194706439972,
    0.08566548675298691,
    0.05730804055929184,
    0.07154057919979095,
    0.0572272464632988,
    0.055758729577064514,
    0.05988002195954323,
    0.08119425922632217,
    0.05604000762104988,
    0.0379733070731163,
    0.03863131254911423,
    0.03840477019548416,
    0.07241566479206085
  ],
  "Training Time": 16.373360633850098,
  "Validate": [
    NaN,
    NaN,
    NaN,
    NaN,
    NaN,
    NaN,
    NaN,
    NaN,
    NaN,
    NaN,
    NaN,
    NaN,
    NaN,
    NaN,
    NaN,
    NaN,
    NaN,
    NaN,
    NaN,
    NaN,
    NaN,
    NaN,
    NaN,
    NaN,
    NaN
  ]
}