{
  "Train": [
    0.1409652829170227,
    0.0667363852262497,
    0.053946901112794876,
    0.04539133235812187,
    0.03833490610122681,
    0.03325808048248291,
    0.028829196467995644,
    0.02525360882282257,
    0.02414516545832157,
    0.021062837913632393,
    0.019626040011644363,
    0.017753418534994125,
    0.01670960523188114,
    0.01608203537762165,
    0.015345829539000988,
    0.014652060344815254,
    0.013932608999311924,
    0.013428016565740108,
    0.013007557019591331,
    0.012672238983213902,
    0.012639902532100677,
    0.01227568555623293,
    0.012731307186186314,
    0.011120570823550224,
    0.011342309415340424
  ],
  "Training Time": 7.229966878890991,
  "Validate": [
    0.12072322517633438,
    0.09407005459070206,
    0.09985540062189102,
    0.09040552377700806,
    0.076350636780262,
    0.07195974141359329,
    0.06415852904319763,
    0.05766924470663071,
    0.06399985402822495,
    0.06386861950159073,
    0.05673244222998619,
    0.04576089605689049,
    0.0382738821208477,
    0.033639173954725266,
    0.030186230316758156,
    0.02852705307304859,
    0.026696395128965378,
    0.024836324155330658,
    0.022556953132152557,
    0.01841391623020172,
    0.026390189304947853,
    0.019727544859051704,
    0.019171064719557762,
    0.02057858742773533,
    0.021507620811462402
  ]
}