{
  "Train": [
    0.02338067814707756,
    0.009614820592105389,
    0.007465843576937914,
    0.007254534400999546,
    0.008786040358245373,
    0.007099856156855822,
    0.006345459260046482,
    0.006330349016934633,
    0.006655847653746605,
    0.00589821906760335,
    0.0060319132171571255,
    0.007221105042845011,
    0.009024340659379959,
    0.006641949526965618,
    0.005777252372354269,
    0.005057559814304113,
    0.003741913940757513,
    0.003394964151084423,
    0.00815063901245594,
    0.00847446545958519,
    0.00601560715585947,
    0.004440035205334425,
    0.0031300438567996025,
    0.005564289633184671,
    0.004188015125691891
  ],
  "Training Time": 9.150108575820923,
  "Validate": [
    NaN,
    NaN,
    NaN,
    NaN,
    NaN,
    NaN,
    NaN,
    NaN,
    NaN,
    NaN,
    NaN,
    NaN,
    NaN,
    NaN,
    NaN,
    NaN,
    NaN,
    NaN,
    NaN,
    NaN,
    NaN,
    NaN,
    NaN,
    NaN,
    NaN
  ]
}