{
  "Train": [
    0.11832035332918167,
    0.034079659730196,
    0.02304455079138279,
    0.019536765292286873,
    0.01762811280786991,
    0.016536274924874306,
    0.01580962911248207,
    0.015219559893012047,
    0.014672947116196156,
    0.014145010150969028,
    0.013634411618113518,
    0.01314370147883892,
    0.01267471257597208,
    0.01222778856754303,
    0.011802316643297672,
    0.011397193185985088,
    0.011011192575097084,
    0.010642998851835728,
    0.01029138918966055,
    0.0099551472812891,
    0.009633072651922703,
    0.009323768317699432,
    0.00902574136853218,
    0.008737295866012573,
    0.008456786163151264
  ],
  "Training Time": 6.579999923706055,
  "Validate": [
    10.161526679992676,
    8.11911392211914,
    6.859554767608643,
    6.069027900695801,
    5.530247688293457,
    5.173702716827393,
    4.938175201416016,
    4.7778143882751465,
    4.664661884307861,
    4.583591938018799,
    4.5260539054870605,
    4.486704349517822,
    4.461978435516357,
    4.449446201324463,
    4.447434425354004,
    4.4547810554504395,
    4.470643520355225,
    4.494365692138672,
    4.525415420532227,
    4.563307762145996,
    4.607614994049072,
    4.657946586608887,
    4.713970184326172,
    4.775434494018555,
    4.842169284820557
  ]
}