{
  "Train": [
    1.0975782871246338,
    1.0869988203048706,
    1.0825730562210083,
    1.078048586845398,
    1.0715457201004028,
    1.0565645694732666,
    1.0349820852279663,
    1.0131704807281494,
    0.9874232411384583,
    0.9562101364135742,
    0.9256799221038818,
    0.8972913026809692,
    0.87477707862854,
    0.8596449494361877,
    0.8495247960090637,
    0.842480480670929,
    0.8353973627090454,
    0.8270888924598694,
    0.8189635276794434,
    0.8118394017219543,
    0.8053029179573059,
    0.7988951206207275,
    0.7923856973648071,
    0.7855921387672424,
    0.7785026431083679,
    0.7718716859817505,
    0.769027054309845,
    0.7628970146179199,
    0.7557273507118225,
    0.7511894702911377,
    0.7472642064094543,
    0.7438585162162781,
    0.7288355231285095,
    0.717218816280365,
    0.7147864699363708,
    0.7121959328651428,
    0.6993426084518433,
    0.6826376914978027,
    0.6742221713066101,
    0.6676740050315857,
    0.6604371666908264,
    0.6524823307991028,
    0.6442692875862122,
    0.6364585161209106,
    0.6293433904647827,
    0.6225638389587402,
    0.6160017251968384,
    0.6098765134811401,
    0.604162335395813,
    0.5985554456710815,
    0.5928820371627808,
    0.5873695015907288,
    0.5821248888969421,
    0.5767781734466553,
    0.5710799098014832,
    0.5655282139778137,
    0.5602339506149292,
    0.5545004606246948,
    0.5482162833213806,
    0.5419629216194153,
    0.5355356931686401,
    0.52890545129776,
    0.5216752290725708,
    0.5139679312705994,
    0.505551278591156,
    0.49674972891807556,
    0.48734551668167114,
    0.47806692123413086,
    0.4696992337703705,
    0.4736444652080536,
    0.8594728112220764,
    0.49866384267807007,
    0.4474185109138489,
    0.43652471899986267,
    0.42596757411956787,
    0.4179087281227112,
    0.4104432463645935,
    0.4035332202911377,
    0.3963996469974518,
    0.3894234299659729,
    0.3826126754283905,
    0.37593257427215576,
    0.3695128858089447,
    0.3635784685611725,
    0.35852503776550293,
    0.35475465655326843,
    0.3505832254886627,
    0.3464195430278778,
    0.3410021960735321,
    0.33425432443618774,
    0.3288407325744629,
    0.3245554566383362,
    0.32130926847457886,
    0.3170989751815796,
    0.310314416885376,
    0.3028843104839325,
    0.2989616096019745,
    0.3010033667087555,
    0.30163732171058655,
    0.323531836271286
  ],
  "Training Time": 72.23091673851013,
  "Validate": [
    4.378006935119629,
    4.379816055297852,
    4.375465393066406,
    4.365090847015381,
    4.342958450317383,
    4.333333969116211,
    4.305134296417236,
    4.234435558319092,
    4.206787109375,
    4.231627941131592,
    4.2601542472839355,
    4.2881245613098145,
    4.318215847015381,
    4.327904224395752,
    4.322591781616211,
    4.3170084953308105,
    4.30674934387207,
    4.307075500488281,
    4.312132835388184,
    4.316116809844971,
    4.316545486450195,
    4.312814712524414,
    4.304479598999023,
    4.291114807128906,
    4.275496006011963,
    4.266035079956055,
    4.281792163848877,
    4.2697272300720215,
    4.2749786376953125,
    4.269140720367432,
    4.30247163772583,
    4.273148059844971,
    4.2658820152282715,
    4.270075798034668,
    4.276022434234619,
    4.275716781616211,
    4.2680888175964355,
    4.265356063842773,
    4.268653869628906,
    4.275869369506836,
    4.282639980316162,
    4.286802291870117,
    4.288657188415527,
    4.2900919914245605,
    4.291069030761719,
    4.290156841278076,
    4.287984848022461,
    4.286391735076904,
    4.285271167755127,
    4.282907009124756,
    4.279612064361572,
    4.277555465698242,
    4.2763142585754395,
    4.273402214050293,
    4.269597053527832,
    4.267590045928955,
    4.266096115112305,
    4.2628912925720215,
    4.259308338165283,
    4.256147861480713,
    4.253282070159912,
    4.249807834625244,
    4.245982646942139,
    4.241136074066162,
    4.2363667488098145,
    4.228213310241699,
    4.221601963043213,
    4.209692001342773,
    4.213403701782227,
    4.280490398406982,
    4.5060648918151855,
    4.095546245574951,
    4.229861259460449,
    4.173927307128906,
    4.2059502601623535,
    4.204216480255127,
    4.218107223510742,
    4.231326103210449,
    4.24689245223999,
    4.266348361968994,
    4.287720203399658,
    4.310146808624268,
    4.333636283874512,
    4.359811782836914,
    4.393726825714111,
    4.431149005889893,
    4.428544044494629,
    4.381621837615967,
    4.406368732452393,
    4.515639781951904,
    4.685758113861084,
    4.864353656768799,
    4.971508502960205,
    4.9131693840026855,
    4.815216541290283,
    4.812046527862549,
    4.988029479980469,
    5.139881610870361,
    5.736149787902832,
    6.130681991577148
  ]
}