{
  "Train": [
    0.402465283870697,
    0.34490811824798584,
    0.30816206336021423,
    0.27820831537246704,
    0.2682091295719147,
    0.2519436180591583,
    0.21638676524162292,
    0.20650307834148407,
    0.17749552428722382,
    0.16576656699180603
  ],
  "Training Time": 15.434322834014893,
  "Validate": [
    NaN,
    NaN,
    NaN,
    NaN,
    NaN,
    NaN,
    NaN,
    NaN,
    NaN,
    NaN
  ]
}