{
  "Train": [
    0.7608705163002014,
    0.3553871214389801,
    0.33064210414886475,
    0.31383568048477173,
    0.30052781105041504,
    0.2896789312362671,
    0.280724436044693,
    0.2731921970844269,
    0.2666976749897003,
    0.26093849539756775
  ],
  "Training Time": 12.63801908493042,
  "Validate": [
    30.827373504638672,
    31.506061553955078,
    30.95225715637207,
    30.579668045043945,
    30.294652938842773,
    30.071382522583008,
    29.8931941986084,
    29.748884201049805,
    29.629497528076172,
    29.526988983154297
  ]
}