{
  "Train": [
    1.0178945064544678,
    1.0081924200057983,
    1.0020723342895508,
    0.9963110089302063,
    0.9908879995346069,
    0.9863015413284302,
    0.9826837778091431,
    0.9798068404197693,
    0.9773619771003723,
    0.9751299619674683
  ],
  "Training Time": 1.8190333843231201,
  "Validate": [
    NaN,
    NaN,
    NaN,
    NaN,
    NaN,
    NaN,
    NaN,
    NaN,
    NaN,
    NaN
  ]
}