{
  "Train": [
    0.7010810971260071,
    0.6563606262207031,
    0.45619964599609375,
    0.3968954384326935,
    0.3586936891078949,
    0.3873947858810425,
    0.24293488264083862,
    0.24009469151496887,
    0.2697209119796753,
    0.2902541756629944
  ],
  "Training Time": 2.601944923400879,
  "Validate": [
    0.7424642443656921,
    0.21115833520889282,
    0.3709322512149811,
    0.7997569441795349,
    0.3519071340560913,
    0.505744993686676,
    0.8378597497940063,
    0.7310758233070374,
    4.101337909698486,
    0.6422678828239441
  ]
}