{
  "Train": [
    0.32092589139938354,
    0.22908048331737518,
    0.1792595088481903,
    0.16314581036567688,
    0.14976859092712402,
    0.14214184880256653,
    0.1200869008898735,
    0.10549089312553406,
    0.10034438967704773,
    0.11280863732099533
  ],
  "Training Time": 3.1706008911132812,
  "Validate": [
    NaN,
    NaN,
    NaN,
    NaN,
    NaN,
    NaN,
    NaN,
    NaN,
    NaN,
    NaN
  ]
}