{
  "Train": [
    0.5348879098892212,
    0.42318615317344666,
    0.37415793538093567,
    0.34318122267723083,
    0.3252621591091156,
    0.312667578458786,
    0.30373111367225647,
    0.2971310615539551,
    0.29214996099472046,
    0.28823497891426086
  ],
  "Training Time": 4.142567157745361,
  "Validate": [
    54.095481872558594,
    53.75511169433594,
    52.6617546081543,
    50.96866226196289,
    49.180477142333984,
    47.55666732788086,
    46.17610549926758,
    45.013545989990234,
    44.03706741333008,
    43.217872619628906
  ]
}