{
  "Train": [
    1.028398036956787,
    1.0283548831939697,
    1.0283410549163818,
    1.0283315181732178,
    1.028324842453003,
    1.0283315181732178,
    1.0283772945404053,
    1.0285207033157349,
    1.028348684310913,
    1.028564691543579
  ],
  "Training Time": 4.199995756149292,
  "Validate": [
    NaN,
    NaN,
    NaN,
    NaN,
    NaN,
    NaN,
    NaN,
    NaN,
    NaN,
    NaN
  ]
}