{
  "Train": [
    1.0462932586669922,
    0.9898084998130798,
    0.9276554584503174,
    0.9213911294937134,
    0.874889612197876,
    0.818540632724762,
    0.7729023694992065,
    0.7587106227874756,
    0.7232240438461304,
    0.881413996219635
  ],
  "Training Time": 6.9405646324157715,
  "Validate": [
    NaN,
    NaN,
    NaN,
    NaN,
    NaN,
    NaN,
    NaN,
    NaN,
    NaN,
    NaN
  ]
}