{
  "Train": [
    0.9039402604103088,
    0.8901260495185852,
    0.8767601847648621,
    0.8643505573272705,
    0.8530548810958862,
    0.8424907922744751,
    0.8325178027153015,
    0.8230307698249817,
    0.8139398097991943,
    0.8051741123199463
  ],
  "Training Time": 8.270246505737305,
  "Validate": [
    NaN,
    NaN,
    NaN,
    NaN,
    NaN,
    NaN,
    NaN,
    NaN,
    NaN,
    NaN
  ]
}