{
  "Train": [
    0.8679292798042297,
    0.5930513739585876,
    0.5688558220863342,
    0.5474875569343567,
    0.5260993838310242,
    0.504589855670929,
    0.4825949966907501,
    0.4596632719039917,
    0.43593916296958923,
    0.41255053877830505
  ],
  "Training Time": 5.368102788925171,
  "Validate": [
    55.75444030761719,
    55.41617965698242,
    55.510162353515625,
    55.63106918334961,
    55.72454071044922,
    55.74301528930664,
    55.68006896972656,
    55.529579162597656,
    55.27717590332031,
    54.91432189941406
  ]
}