{
  "Train": [
    0.9501175880432129,
    0.9068526029586792,
    0.8497048020362854,
    0.7876796722412109,
    0.7165758013725281,
    0.6356554627418518,
    0.5458618402481079,
    0.466724693775177,
    0.39106735587120056,
    0.33105549216270447
  ],
  "Training Time": 3.3494815826416016,
  "Validate": [
    2.552462100982666,
    2.002269744873047,
    1.770248532295227,
    1.51256263256073,
    1.259637475013733,
    1.0395244359970093,
    0.9188286066055298,
    0.7243249416351318,
    0.5121627449989319,
    0.3991302251815796
  ]
}