{
  "Train": [
    0.38545745611190796,
    0.28755608201026917,
    0.2491718828678131,
    0.2247207760810852,
    0.20711973309516907,
    0.19389890134334564,
    0.18348193168640137,
    0.17312200367450714,
    0.16397245228290558,
    0.15536290407180786
  ],
  "Training Time": 4.080651044845581,
  "Validate": [
    NaN,
    NaN,
    NaN,
    NaN,
    NaN,
    NaN,
    NaN,
    NaN,
    NaN,
    NaN
  ]
}