{
  "Train": [
    0.9273123145103455,
    0.9036991596221924,
    0.8604789972305298,
    0.8537479043006897,
    0.8444024324417114,
    0.8379195928573608,
    0.8328407406806946,
    0.8285040259361267,
    0.8240046501159668,
    0.81928950548172,
    0.8130248785018921,
    0.8070207238197327,
    0.7999106645584106,
    0.804105281829834,
    0.7993096709251404,
    0.7857069373130798,
    0.7734870910644531,
    0.7568587064743042,
    0.7512771487236023,
    0.7480778098106384,
    0.7324185371398926,
    0.73199063539505,
    0.7213415503501892,
    0.7143136262893677,
    0.7048928737640381,
    0.6945437788963318,
    0.6827166676521301,
    0.6714677810668945,
    0.6615054607391357,
    0.6516743898391724,
    0.6857488751411438,
    0.6608220934867859,
    0.6540206074714661,
    0.657721996307373,
    0.6487176418304443,
    0.6496112942695618,
    0.6416987776756287,
    0.6343579888343811,
    0.6268161535263062,
    0.6006584167480469,
    0.5801941156387329,
    0.5566220879554749,
    0.5469369888305664,
    0.5586617588996887,
    0.6743723750114441,
    0.6563769578933716,
    0.6108355522155762,
    0.5609707236289978,
    0.5598745942115784,
    0.5729067921638489,
    0.5978922843933105,
    0.6094149351119995,
    0.5598669052124023,
    0.5305178761482239,
    0.5110917091369629,
    0.49928322434425354,
    0.48569196462631226,
    0.4774489402770996,
    0.448180228471756,
    0.4319383203983307,
    0.409353107213974,
    0.4126603603363037,
    0.3857824504375458,
    0.4757946729660034,
    0.41577306389808655,
    0.401972234249115,
    0.3476242423057556,
    0.32478541135787964,
    0.33521953225135803,
    0.37518513202667236,
    0.4360346794128418,
    0.31997543573379517,
    0.29923728108406067,
    0.28127944469451904,
    0.3220328688621521,
    0.4439662992954254,
    0.5377786159515381,
    0.28998786211013794,
    0.2638174891471863,
    0.2606290578842163,
    0.27931684255599976,
    0.22506152093410492,
    0.22014500200748444,
    0.21430663764476776,
    0.21920275688171387,
    0.18801440298557281,
    0.145262211561203,
    0.1394059658050537,
    0.14913715422153473,
    0.16732677817344666,
    0.19387057423591614,
    0.3049699366092682,
    0.3729344308376312,
    0.15934883058071136,
    0.1429462879896164,
    0.10117232799530029,
    0.07656102627515793,
    0.07558012008666992,
    0.0850856751203537,
    0.0927056074142456
  ],
  "Training Time": 71.27379608154297,
  "Validate": [
    3.168492317199707,
    3.2888572216033936,
    3.0427041053771973,
    3.0009987354278564,
    2.950634717941284,
    2.9123640060424805,
    2.8744866847991943,
    2.8404791355133057,
    2.8018434047698975,
    2.7628824710845947,
    2.7203848361968994,
    2.7368171215057373,
    2.654313087463379,
    2.9371285438537598,
    2.687947988510132,
    2.586543083190918,
    2.571075916290283,
    2.609930992126465,
    2.7434074878692627,
    2.691452741622925,
    2.6316442489624023,
    2.70538067817688,
    2.618927001953125,
    2.6542844772338867,
    2.633270263671875,
    2.6257665157318115,
    2.6179697513580322,
    2.615424156188965,
    2.613069534301758,
    2.6187140941619873,
    2.6521170139312744,
    2.594571828842163,
    2.5728747844696045,
    2.588674783706665,
    2.5414228439331055,
    2.544959545135498,
    2.601796865463257,
    2.4600470066070557,
    2.4959805011749268,
    2.682215690612793,
    2.3563992977142334,
    2.333242416381836,
    2.2990496158599854,
    2.4107065200805664,
    2.469656229019165,
    2.5814764499664307,
    2.6601500511169434,
    2.705580711364746,
    2.8471548557281494,
    3.4637062549591064,
    2.7710561752319336,
    2.6433160305023193,
    2.580170154571533,
    2.5600194931030273,
    2.5810396671295166,
    2.551764965057373,
    2.6199991703033447,
    2.538601875305176,
    2.7711002826690674,
    2.726555347442627,
    2.9046785831451416,
    3.0754404067993164,
    3.6909072399139404,
    4.4793500900268555,
    3.966712236404419,
    3.9491262435913086,
    3.793576240539551,
    3.7924909591674805,
    3.9507505893707275,
    3.9457366466522217,
    3.530919075012207,
    3.8156511783599854,
    3.9697883129119873,
    4.049519062042236,
    4.104060649871826,
    3.872530937194824,
    3.7548296451568604,
    3.909846544265747,
    4.0765299797058105,
    3.9493696689605713,
    3.8965210914611816,
    3.849137783050537,
    3.9746663570404053,
    3.925210475921631,
    4.162191390991211,
    4.270105361938477,
    4.134160995483398,
    4.326221942901611,
    4.063057899475098,
    4.091325283050537,
    4.341301918029785,
    3.668515920639038,
    3.767247200012207,
    3.764678955078125,
    3.9956789016723633,
    3.731536626815796,
    3.564657688140869,
    3.5048887729644775,
    3.597287654876709,
    4.016293048858643
  ]
}