{
  "Train": [
    0.3356259763240814,
    0.31938257813453674,
    0.28337687253952026,
    0.25438007712364197,
    0.23464611172676086,
    0.2108989804983139,
    0.18451516330242157,
    0.14681586623191833,
    0.14498427510261536,
    0.1382666379213333
  ],
  "Training Time": 16.92028021812439,
  "Validate": [
    NaN,
    NaN,
    NaN,
    NaN,
    NaN,
    NaN,
    NaN,
    NaN,
    NaN,
    NaN
  ]
}