{
  "Train": [
    0.9218298196792603,
    0.8834586143493652,
    0.8532123565673828,
    0.8280259370803833,
    0.8138456344604492,
    0.7900709509849548,
    0.7812131643295288,
    0.7607055306434631,
    0.7489529848098755,
    0.7299571633338928
  ],
  "Training Time": 2.589639663696289,
  "Validate": [
    0.3913899064064026,
    0.43570491671562195,
    0.47526970505714417,
    0.4929543733596802,
    0.5220693349838257,
    0.53855961561203,
    0.5585604906082153,
    0.5845624804496765,
    0.6012173295021057,
    0.6310882568359375
  ]
}