{
  "Train": [
    0.9608314633369446,
    0.8810811042785645,
    0.8463020324707031,
    0.831782341003418,
    0.8229066729545593,
    0.815959632396698,
    0.809873640537262,
    0.8038602471351624,
    0.7973069548606873,
    0.7894214987754822,
    0.7783277034759521,
    0.757698655128479,
    0.7680948972702026,
    0.7306466102600098,
    0.7571172714233398,
    0.7155255675315857,
    0.7075101137161255,
    0.6958837509155273,
    0.6914672255516052,
    0.6870618462562561,
    0.6835184097290039,
    0.6798070073127747,
    0.6756119728088379,
    0.6716228723526001,
    0.667606770992279,
    0.6662121415138245,
    0.6672793626785278,
    0.6625510454177856,
    0.660042405128479,
    0.6729516983032227,
    0.6653084754943848,
    0.6635041236877441,
    0.6859626173973083,
    0.6780380010604858,
    0.66596919298172,
    0.6641268134117126,
    0.6599037051200867,
    0.654658854007721,
    0.6499554514884949,
    0.6446215510368347,
    0.6418940424919128,
    0.6435122489929199,
    0.6428126692771912,
    0.6372706294059753,
    0.6309293508529663,
    0.6329789161682129,
    0.6259616613388062,
    0.6227641701698303,
    0.6254191994667053,
    0.6255928874015808,
    0.634699821472168,
    0.6488016247749329,
    0.6237753629684448,
    0.6210312247276306,
    0.6282562613487244,
    0.6082640290260315,
    0.6199346780776978,
    0.6071544289588928,
    0.6122317910194397,
    0.6202201247215271,
    0.6180381178855896,
    0.6080164313316345,
    0.601852536201477,
    0.6021586060523987,
    0.5975232720375061,
    0.5939884781837463,
    0.5898178815841675,
    0.5821774005889893,
    0.5833309888839722,
    0.5799669623374939,
    0.5721809267997742,
    0.5662431120872498,
    0.5671377182006836,
    0.5639500021934509,
    0.5672808885574341,
    0.5498143434524536,
    0.5431458353996277,
    0.6335485577583313,
    0.5415655970573425,
    0.5804128646850586,
    0.5221973061561584,
    0.536142885684967,
    0.49887433648109436,
    0.5300241112709045,
    0.5177172422409058,
    0.6029855608940125,
    0.5129663348197937,
    0.5231074094772339,
    0.5185016393661499,
    0.5052520632743835,
    0.5760221481323242,
    0.44981542229652405,
    0.47053566575050354,
    0.45671507716178894,
    0.4212431311607361,
    0.4150030314922333,
    0.40402451157569885,
    0.3886948525905609,
    0.4442098140716553,
    0.5932772755622864
  ],
  "Training Time": 76.70542478561401,
  "Validate": [
    3.284055233001709,
    3.094022274017334,
    2.9805479049682617,
    2.9291062355041504,
    2.90022873878479,
    2.87552809715271,
    2.849430561065674,
    2.818237066268921,
    2.7797951698303223,
    2.7344143390655518,
    2.693432092666626,
    2.704061508178711,
    2.6637346744537354,
    2.7123477458953857,
    2.5074105262756348,
    2.63248872756958,
    2.5544023513793945,
    2.5313234329223633,
    2.5079407691955566,
    2.491302967071533,
    2.471512794494629,
    2.4484877586364746,
    2.4282424449920654,
    2.4133455753326416,
    2.413672924041748,
    2.4075584411621094,
    2.3750462532043457,
    2.3916218280792236,
    2.4643235206604004,
    2.360325336456299,
    2.3490357398986816,
    2.567498207092285,
    2.553248882293701,
    2.5430333614349365,
    2.5835494995117188,
    2.5677967071533203,
    2.5384409427642822,
    2.515141248703003,
    2.454669713973999,
    2.363532781600952,
    2.3285958766937256,
    2.314772129058838,
    2.2947490215301514,
    2.274653911590576,
    2.3144888877868652,
    2.3229525089263916,
    2.3541250228881836,
    2.39788818359375,
    2.441124200820923,
    2.5250892639160156,
    2.6783411502838135,
    2.4734480381011963,
    2.8146307468414307,
    2.698495864868164,
    2.699045419692993,
    2.7172510623931885,
    2.581890344619751,
    2.5888922214508057,
    2.713196277618408,
    2.818624258041382,
    3.095510721206665,
    2.941702127456665,
    3.1899466514587402,
    3.2877588272094727,
    2.619905948638916,
    2.7643370628356934,
    2.9208853244781494,
    2.972987413406372,
    3.0075347423553467,
    3.144726037979126,
    3.438387393951416,
    3.5299911499023438,
    3.3627753257751465,
    3.2102935314178467,
    3.486962080001831,
    3.1495063304901123,
    3.299506902694702,
    3.715543508529663,
    4.803606033325195,
    4.003283500671387,
    3.48432993888855,
    3.6033437252044678,
    3.4477272033691406,
    3.5471413135528564,
    3.0783982276916504,
    5.14402437210083,
    5.522313117980957,
    5.303478240966797,
    3.286004066467285,
    6.167825222015381,
    3.5116071701049805,
    4.72611141204834,
    5.336893081665039,
    3.576920509338379,
    5.48859977722168,
    4.587766647338867,
    5.405351638793945,
    4.965127944946289,
    3.4795775413513184,
    7.881331920623779
  ]
}