{
  "Train": [
    0.22305811941623688,
    0.20086346566677094,
    0.19043146073818207,
    0.17900842428207397,
    0.1695873886346817,
    0.1555127501487732,
    0.15161626040935516,
    0.14620551466941833,
    0.13349120318889618,
    0.13078130781650543
  ],
  "Training Time": 14.527400493621826,
  "Validate": [
    NaN,
    NaN,
    NaN,
    NaN,
    NaN,
    NaN,
    NaN,
    NaN,
    NaN,
    NaN
  ]
}