{
  "Train": [
    0.5169749855995178,
    0.3378823697566986,
    0.30620115995407104,
    0.2868289351463318,
    0.27230894565582275,
    0.2605789601802826,
    0.2506522238254547,
    0.24260494112968445,
    0.23370914161205292,
    0.22521938383579254
  ],
  "Training Time": 13.349843740463257,
  "Validate": [
    33.93321228027344,
    33.24929428100586,
    32.09856414794922,
    31.533283233642578,
    31.252714157104492,
    31.1523380279541,
    31.06727409362793,
    30.759971618652344,
    30.354951858520508,
    29.798442840576172
  ]
}