{
  "Train": [
    0.9682824611663818,
    0.9057379364967346,
    0.8595462441444397,
    0.8367407321929932,
    0.8201033473014832,
    0.8064166903495789,
    0.7884096503257751,
    0.761006772518158,
    0.7366111278533936,
    0.7226831912994385,
    0.7140976190567017,
    0.7110056281089783,
    0.7235543727874756,
    0.7226865887641907,
    0.7113985419273376,
    0.7042648196220398,
    0.6976257562637329,
    0.6923290491104126,
    0.6876583099365234,
    0.6832687854766846,
    0.6792880296707153,
    0.675692617893219,
    0.6723731160163879,
    0.6692245006561279,
    0.6661682724952698,
    0.6631423234939575,
    0.6600936055183411,
    0.6569679975509644,
    0.6537062525749207,
    0.650234580039978,
    0.6464584469795227,
    0.6422665119171143,
    0.6376144289970398,
    0.6327990889549255,
    0.6275293231010437,
    0.620891273021698,
    0.6109345555305481,
    0.6081182956695557,
    0.6039292216300964,
    0.593713641166687,
    0.6023730039596558,
    0.7526153922080994,
    0.6359407901763916,
    0.6085400581359863,
    0.5878307819366455,
    0.5820673704147339,
    0.6566172242164612,
    0.5856313705444336,
    0.5813082456588745,
    0.5721078515052795,
    0.5699489116668701,
    0.5509965419769287,
    0.5470560193061829,
    0.5443817377090454,
    0.5327550172805786,
    0.5334205031394958,
    0.515653133392334,
    0.5128400325775146,
    0.5115402340888977,
    0.5086387991905212,
    0.49758222699165344,
    0.48720383644104004,
    0.48149552941322327,
    0.4752156138420105,
    0.4692673683166504,
    0.4630773067474365,
    0.45616433024406433,
    0.4490498900413513,
    0.44616296887397766,
    0.45215997099876404,
    0.4647318422794342,
    0.5028597712516785,
    0.5801638960838318,
    0.45883095264434814,
    0.46070215106010437,
    0.461291640996933,
    0.5315991640090942,
    0.41858571767807007,
    0.401793897151947,
    0.528401255607605,
    0.48091721534729004,
    0.4160862863063812,
    0.3687577545642853,
    0.3723338544368744,
    0.3640650808811188,
    0.35781130194664,
    0.35106420516967773,
    0.3544754385948181,
    0.37292441725730896,
    0.35005638003349304,
    0.34613853693008423,
    0.33522653579711914,
    0.3464558720588684,
    0.32631686329841614,
    0.32323598861694336,
    0.319347620010376,
    0.31707891821861267,
    0.2987419664859772,
    0.2837163507938385,
    0.26966920495033264
  ],
  "Training Time": 106.54817366600037,
  "Validate": [
    3.4323806762695312,
    3.0992319583892822,
    2.8350629806518555,
    2.7187113761901855,
    2.6089067459106445,
    2.550971269607544,
    2.5709445476531982,
    2.6579320430755615,
    2.5437002182006836,
    2.5293526649475098,
    2.4606974124908447,
    2.468812942504883,
    2.2827677726745605,
    2.2667057514190674,
    2.226869821548462,
    2.218411684036255,
    2.210092067718506,
    2.206197738647461,
    2.2067713737487793,
    2.2077996730804443,
    2.207690477371216,
    2.2061758041381836,
    2.2035746574401855,
    2.200232744216919,
    2.1963987350463867,
    2.1922576427459717,
    2.1879777908325195,
    2.183736801147461,
    2.1797561645507812,
    2.176356792449951,
    2.17410945892334,
    2.174234390258789,
    2.179630994796753,
    2.197323799133301,
    2.2422404289245605,
    2.3237342834472656,
    2.4298288822174072,
    2.5591516494750977,
    2.707822561264038,
    2.780758857727051,
    2.451876640319824,
    2.5287892818450928,
    2.14501690864563,
    2.2951841354370117,
    2.293442726135254,
    2.4621381759643555,
    2.2964181900024414,
    2.6874871253967285,
    2.301769733428955,
    2.3326425552368164,
    2.4300103187561035,
    2.5313894748687744,
    2.772979974746704,
    2.4545373916625977,
    2.7238521575927734,
    2.4133002758026123,
    3.09145188331604,
    3.1213796138763428,
    3.501997232437134,
    3.441532850265503,
    3.3735008239746094,
    3.4192850589752197,
    3.4199531078338623,
    3.3891286849975586,
    3.3489573001861572,
    3.3429811000823975,
    3.373703956604004,
    3.494558095932007,
    3.7468230724334717,
    3.7236127853393555,
    2.691826105117798,
    2.335462808609009,
    2.2400388717651367,
    3.359581708908081,
    1.9407955408096313,
    1.9930824041366577,
    2.3775529861450195,
    2.687079668045044,
    3.110069990158081,
    2.5171761512756348,
    2.5209944248199463,
    2.7141075134277344,
    2.815725564956665,
    2.7639148235321045,
    2.6763803958892822,
    2.588348865509033,
    2.6450910568237305,
    2.872432231903076,
    2.3232975006103516,
    2.7616114616394043,
    2.671344041824341,
    2.6120378971099854,
    2.599827766418457,
    2.637359142303467,
    2.6649153232574463,
    2.5528643131256104,
    2.6038894653320312,
    2.6540896892547607,
    2.6871049404144287,
    2.7612619400024414
  ]
}