{
  "Train": [
    1.068580150604248,
    0.9207196831703186,
    0.8806877732276917,
    0.8435968160629272,
    0.7981724143028259,
    0.7442584037780762,
    0.686472475528717,
    0.6246670484542847,
    0.5662840604782104,
    0.5188543796539307
  ],
  "Training Time": 4.708613634109497,
  "Validate": [
    0.6764450073242188,
    0.7000534534454346,
    0.7398784756660461,
    0.7750013470649719,
    0.795161783695221,
    0.8097783923149109,
    0.8341760039329529,
    0.8512710332870483,
    0.8417875170707703,
    0.8032045960426331
  ]
}