{
  "Train": [
    0.35710859298706055,
    0.30932196974754333,
    0.28073394298553467,
    0.2549476623535156,
    0.2301226258277893,
    0.2038988471031189,
    0.17665305733680725,
    0.16885101795196533,
    0.1583639681339264,
    0.15715046226978302
  ],
  "Training Time": 6.066791296005249,
  "Validate": [
    NaN,
    NaN,
    NaN,
    NaN,
    NaN,
    NaN,
    NaN,
    NaN,
    NaN,
    NaN
  ]
}