{
  "Train": [
    1.1287071704864502,
    1.1190130710601807,
    1.1119095087051392,
    1.1102912425994873,
    1.1098030805587769,
    1.109549641609192,
    1.109264850616455,
    1.1085220575332642,
    1.105424404144287,
    1.107791543006897
  ],
  "Training Time": 2.618581533432007,
  "Validate": [
    1.4769397974014282,
    1.4526065587997437,
    1.4375314712524414,
    1.431272268295288,
    1.4270026683807373,
    1.4260722398757935,
    1.4280140399932861,
    1.4343934059143066,
    1.4504926204681396,
    1.459183692932129
  ]
}