{
  "Train": [
    1.0267438888549805,
    1.0120176076889038,
    1.0017937421798706,
    0.9903169274330139,
    0.9796535968780518,
    0.9662070870399475,
    0.9543738961219788,
    0.9392279386520386,
    0.9216911792755127,
    0.9018712639808655
  ],
  "Training Time": 3.118316173553467,
  "Validate": [
    NaN,
    NaN,
    NaN,
    NaN,
    NaN,
    NaN,
    NaN,
    NaN,
    NaN,
    NaN
  ]
}