{
  "Train": [
    1.1760843992233276,
    1.1307846307754517,
    1.1191080808639526,
    1.110698938369751,
    1.102139949798584,
    1.090938687324524,
    1.0748449563980103,
    1.0547599792480469,
    1.0329358577728271,
    1.0097836256027222
  ],
  "Training Time": 1.7590610980987549,
  "Validate": [
    1.663714051246643,
    1.5468764305114746,
    1.5262385606765747,
    1.5280684232711792,
    1.5377689599990845,
    1.5489311218261719,
    1.5636950731277466,
    1.5876562595367432,
    1.6247354745864868,
    1.6743714809417725
  ]
}