{
  "Train": [
    0.9544975757598877,
    0.923384428024292,
    0.9030935764312744,
    0.8839431405067444,
    0.8649572134017944,
    0.8461909294128418,
    0.8270449042320251,
    0.8069925308227539,
    0.7857180237770081,
    0.7631133794784546
  ],
  "Training Time": 2.01889967918396,
  "Validate": [
    NaN,
    NaN,
    NaN,
    NaN,
    NaN,
    NaN,
    NaN,
    NaN,
    NaN,
    NaN
  ]
}