{
  "Train": [
    0.7326310873031616,
    0.7004743814468384,
    0.6894537210464478,
    0.6814755201339722,
    0.6744140982627869,
    0.6676414608955383,
    0.6606106162071228,
    0.652887225151062,
    0.6441969871520996,
    0.6349219083786011
  ],
  "Training Time": 11.377684116363525,
  "Validate": [
    0.39794760942459106,
    0.41395947337150574,
    0.41875380277633667,
    0.4180810749530792,
    0.41590625047683716,
    0.4137733280658722,
    0.4121650755405426,
    0.41220778226852417,
    0.41789162158966064,
    0.4389025866985321
  ]
}