{
  "Train": [
    0.10526975244283676,
    0.09936148673295975,
    0.09550976753234863,
    0.09383334964513779,
    0.09299933165311813,
    0.09230510890483856,
    0.09120269864797592,
    0.09080386161804199,
    0.08943764120340347,
    0.08988448232412338,
    0.08801423758268356,
    0.08866699784994125,
    0.08699861913919449,
    0.08767271786928177,
    0.08616103231906891,
    0.08558885753154755,
    0.08624664694070816,
    0.08480501174926758,
    0.08422618359327316,
    0.08379855006933212,
    0.08377288281917572,
    0.08306808769702911,
    0.08257672935724258,
    0.08211135864257812,
    0.08163653314113617
  ],
  "Training Time": 7.001671314239502,
  "Validate": [
    0.06681819260120392,
    0.06218777969479561,
    0.06112412363290787,
    0.05884992703795433,
    0.056387268006801605,
    0.05383811146020889,
    0.05293750762939453,
    0.05088219419121742,
    0.051385391503572464,
    0.048284389078617096,
    0.04989819601178169,
    0.04715975746512413,
    0.04844888672232628,
    0.045662663877010345,
    0.04705098643898964,
    0.047061171382665634,
    0.04429621621966362,
    0.045856788754463196,
    0.046238306909799576,
    0.04602669179439545,
    0.044905126094818115,
    0.045526131987571716,
    0.045699600130319595,
    0.045743465423583984,
    0.045774124562740326
  ]
}