{
  "Train": [
    0.8673977851867676,
    0.5410260558128357,
    0.4083721339702606,
    0.3323371708393097,
    0.28278690576553345,
    0.24840183556079865,
    0.22389476001262665,
    0.2063237875699997,
    0.1936204731464386,
    0.18425627052783966,
    0.17718148231506348,
    0.17169642448425293,
    0.16732323169708252,
    0.16372893750667572,
    0.16068406403064728,
    0.15803402662277222,
    0.15567606687545776,
    0.1535409837961197,
    0.1515805572271347,
    0.14975950121879578,
    0.1480513960123062,
    0.14643873274326324,
    0.14491227269172668,
    0.14346741139888763,
    0.14209820330142975
  ],
  "Training Time": 6.357432842254639,
  "Validate": [
    0.6356024146080017,
    0.4004782736301422,
    0.35952311754226685,
    0.36170241236686707,
    0.36913391947746277,
    0.374814510345459,
    0.3780721426010132,
    0.3791225254535675,
    0.3782701790332794,
    0.3760007619857788,
    0.37276050448417664,
    0.36889323592185974,
    0.3646739721298218,
    0.3603252172470093,
    0.3560134768486023,
    0.3518507778644562,
    0.3479042947292328,
    0.3442065417766571,
    0.34076735377311707,
    0.3375813066959381,
    0.3346364200115204,
    0.33191969990730286,
    0.3294200897216797,
    0.3271276652812958,
    0.32502785325050354
  ]
}