{
  "Train": [
    0.5947228670120239,
    0.38842490315437317,
    0.33982935547828674,
    0.3108581304550171,
    0.27671560645103455,
    0.25482070446014404,
    0.23355312645435333,
    0.2219637781381607,
    0.20857132971286774,
    0.20014669001102448,
    0.19438467919826508,
    0.1891222894191742,
    0.18436051905155182,
    0.17993660271167755,
    0.17576588690280914,
    0.17177923023700714,
    0.1679268479347229,
    0.16417622566223145,
    0.16050967574119568,
    0.15691402554512024,
    0.15336333215236664,
    0.14983022212982178,
    0.1463049203157425,
    0.14277136325836182,
    0.1392206996679306
  ],
  "Training Time": 10.802088260650635,
  "Validate": [
    6.192663192749023,
    6.528271675109863,
    6.561042785644531,
    6.525486469268799,
    6.467361927032471,
    6.355703353881836,
    6.229759693145752,
    6.107765197753906,
    6.030747890472412,
    5.920512676239014,
    5.842506408691406,
    5.782233715057373,
    5.739140033721924,
    5.7082438468933105,
    5.6858906745910645,
    5.669480800628662,
    5.657280445098877,
    5.648200511932373,
    5.641528606414795,
    5.6366167068481445,
    5.632656097412109,
    5.628578186035156,
    5.623031139373779,
    5.614496231079102,
    5.601511001586914
  ]
}