{
  "Train": [
    1.0759453773498535,
    1.0625581741333008,
    1.0606573820114136,
    1.0595239400863647,
    1.0586317777633667,
    1.0579527616500854,
    1.0575541257858276,
    1.0573288202285767,
    1.0570811033248901,
    1.0564833879470825
  ],
  "Training Time": 5.558518886566162,
  "Validate": [
    7.180653095245361,
    7.165281295776367,
    7.163376331329346,
    7.163194179534912,
    7.166825771331787,
    7.170277118682861,
    7.175686359405518,
    7.178411960601807,
    7.180950164794922,
    7.186405181884766
  ]
}