{
  "Train": [
    1.0236543416976929,
    1.0229716300964355,
    1.0197501182556152,
    1.0089843273162842,
    0.9937299489974976,
    0.9810892343521118,
    0.9705845713615417,
    0.9599945545196533,
    0.9494817852973938,
    0.9393789768218994
  ],
  "Training Time": 4.106572866439819,
  "Validate": [
    NaN,
    NaN,
    NaN,
    NaN,
    NaN,
    NaN,
    NaN,
    NaN,
    NaN,
    NaN
  ]
}