{
  "Train": [
    0.2847881615161896,
    0.1298980861902237,
    0.09872318059206009,
    0.08713556081056595,
    0.07617085427045822,
    0.07133809477090836,
    0.06862267106771469,
    0.06607658416032791,
    0.06274018436670303,
    0.058901019394397736,
    0.05522290617227554,
    0.05187731236219406,
    0.048693012446165085,
    0.045826494693756104,
    0.041924457997083664,
    0.040013156831264496,
    0.03682658076286316,
    0.03834948688745499,
    0.032892558723688126,
    0.03831974044442177,
    0.029131392017006874,
    0.035013582557439804,
    0.02625361643731594,
    0.03115755133330822,
    0.023186415433883667
  ],
  "Training Time": 11.993489265441895,
  "Validate": [
    2.734084367752075,
    2.342957019805908,
    2.594179391860962,
    2.841585159301758,
    2.8720829486846924,
    2.851127862930298,
    2.7065017223358154,
    2.6698052883148193,
    2.582656145095825,
    2.5184731483459473,
    2.407536745071411,
    2.327320098876953,
    2.199082612991333,
    2.1221396923065186,
    1.986588954925537,
    1.927502155303955,
    1.7708474397659302,
    1.76948881149292,
    1.573482871055603,
    1.6628296375274658,
    1.4076941013336182,
    1.5734699964523315,
    1.314489483833313,
    1.4415680170059204,
    1.28304123878479
  ]
}