{
  "Train": [
    0.11660191416740417,
    0.028352651745080948,
    0.022018004208803177,
    0.013947178609669209,
    0.008777827024459839,
    0.010116344317793846,
    0.01082015223801136,
    0.009258921258151531,
    0.009991563856601715,
    0.014099246822297573,
    0.012357420288026333,
    0.011080414056777954,
    0.01242417749017477,
    0.007531826850026846,
    0.006748116109520197,
    0.009051765315234661,
    0.016573868691921234,
    0.010506252758204937,
    0.006802698131650686,
    0.007686445955187082,
    0.021122373640537262,
    0.009615225717425346,
    0.007548234891146421,
    0.0061703575775027275,
    0.0068939016200602055
  ],
  "Training Time": 15.321684837341309,
  "Validate": [
    NaN,
    NaN,
    NaN,
    NaN,
    NaN,
    NaN,
    NaN,
    NaN,
    NaN,
    NaN,
    NaN,
    NaN,
    NaN,
    NaN,
    NaN,
    NaN,
    NaN,
    NaN,
    NaN,
    NaN,
    NaN,
    NaN,
    NaN,
    NaN,
    NaN
  ]
}