{
  "Train": [
    1.1076154708862305,
    1.0101888179779053,
    0.9696056246757507,
    0.9420740604400635,
    0.9176995158195496,
    0.8918060064315796,
    0.8627809882164001,
    0.8367651700973511,
    0.8149349689483643,
    0.7945137619972229
  ],
  "Training Time": 14.740303039550781,
  "Validate": [
    NaN,
    NaN,
    NaN,
    NaN,
    NaN,
    NaN,
    NaN,
    NaN,
    NaN,
    NaN
  ]
}