{
  "Train": [
    1.1004844903945923,
    1.0897786617279053,
    1.0857051610946655,
    1.0808511972427368,
    1.0742708444595337,
    1.0637139081954956,
    1.0462220907211304,
    1.017992615699768,
    0.9745526313781738,
    0.9232128858566284
  ],
  "Training Time": 12.734369993209839,
  "Validate": [
    4.368157863616943,
    4.360203266143799,
    4.340033054351807,
    4.299690246582031,
    4.235864639282227,
    4.151196002960205,
    4.072150707244873,
    4.038772106170654,
    4.095944404602051,
    4.2521491050720215
  ]
}