{
  "Train": [
    1.103175163269043,
    1.0928094387054443,
    1.0887911319732666,
    1.0844495296478271,
    1.0786809921264648,
    1.0705196857452393,
    1.059255599975586,
    1.044748306274414,
    1.0272186994552612,
    1.0035637617111206
  ],
  "Training Time": 8.086588621139526,
  "Validate": [
    4.3626017570495605,
    4.355572700500488,
    4.334341049194336,
    4.299559116363525,
    4.268119812011719,
    4.257682800292969,
    4.271238327026367,
    4.297307968139648,
    4.32609224319458,
    4.3425211906433105
  ]
}