{
  "Train": [
    0.7565274238586426,
    0.6941372752189636,
    0.6835114359855652,
    0.6757394671440125,
    0.6685107350349426,
    0.6612705588340759,
    0.6538804173469543,
    0.6461728811264038,
    0.6378841996192932,
    0.6285987496376038
  ],
  "Training Time": 7.344172477722168,
  "Validate": [
    0.4014173746109009,
    0.40999746322631836,
    0.41306936740875244,
    0.4150750935077667,
    0.41751497983932495,
    0.42089080810546875,
    0.42544108629226685,
    0.43122339248657227,
    0.4382023811340332,
    0.4463120400905609
  ]
}