{
  "Train": [
    0.8443019986152649,
    0.8259503245353699,
    0.8122413754463196,
    0.7952508926391602,
    0.7969459295272827,
    0.7966033220291138,
    0.7625501155853271,
    0.7642925977706909,
    0.7511178255081177,
    0.7229391932487488
  ],
  "Training Time": 9.382558584213257,
  "Validate": [
    NaN,
    NaN,
    NaN,
    NaN,
    NaN,
    NaN,
    NaN,
    NaN,
    NaN,
    NaN
  ]
}