{
  "Train": [
    1.1839392185211182,
    0.7665407657623291,
    0.6577465534210205,
    0.6131978034973145,
    0.5745943188667297,
    0.5615390539169312,
    0.5330049395561218,
    0.5193337202072144,
    0.5044035911560059,
    0.5388166308403015,
    0.49265697598457336,
    0.4740748405456543,
    0.4670942723751068,
    0.4745102524757385,
    0.4370615780353546,
    0.4344595670700073,
    0.4602777063846588,
    0.4161801338195801,
    0.4436231553554535,
    0.3998998999595642,
    0.4491063058376312,
    0.41037383675575256,
    0.4006766080856323,
    0.406173437833786,
    0.38598009943962097,
    0.3842087686061859,
    0.3687453866004944,
    0.41444432735443115,
    0.43475767970085144,
    0.3847752809524536,
    0.34834930300712585,
    0.3448902666568756,
    0.3336642384529114,
    0.33650335669517517,
    0.34068945050239563,
    0.4626072943210602,
    0.3675112724304199,
    0.3138624131679535,
    0.3271132707595825,
    0.31615909934043884,
    0.31329548358917236,
    0.3041404187679291,
    0.3046347200870514,
    0.38658517599105835,
    0.3463272154331207,
    0.3041630983352661,
    0.2948963940143585,
    0.28111642599105835,
    0.27258607745170593,
    0.2751159965991974,
    0.3094772398471832,
    0.42824220657348633,
    0.3307977020740509,
    0.27008816599845886,
    0.261305034160614,
    0.26057353615760803,
    0.2762773036956787,
    0.276605486869812,
    0.2602691948413849,
    0.25684985518455505,
    0.27053558826446533,
    0.3024374842643738,
    0.24982042610645294,
    0.2377559393644333,
    0.24181067943572998,
    0.24737854301929474,
    0.2301575392484665,
    0.2655678391456604,
    0.2278430163860321,
    0.22682315111160278,
    0.22162006795406342,
    0.22156129777431488,
    0.23082344233989716,
    0.2144322693347931,
    0.20522432029247284,
    0.21455644071102142,
    0.21704646944999695,
    0.21776250004768372,
    0.4788447916507721,
    0.21972133219242096,
    0.19878600537776947,
    0.185520201921463,
    0.17655311524868011,
    0.17156259715557098,
    0.16844269633293152,
    0.16402260959148407,
    0.15983940660953522,
    0.1596529185771942,
    0.15624399483203888,
    0.1549721509218216,
    0.15464293956756592,
    0.15179258584976196,
    0.15887150168418884,
    0.2845333218574524,
    0.23613999783992767,
    0.16786853969097137,
    0.14890193939208984,
    0.16417787969112396,
    0.16405099630355835,
    0.16347374022006989
  ],
  "Training Time": 126.0501856803894,
  "Validate": [
    NaN,
    NaN,
    NaN,
    NaN,
    NaN,
    NaN,
    NaN,
    NaN,
    NaN,
    NaN,
    NaN,
    NaN,
    NaN,
    NaN,
    NaN,
    NaN,
    NaN,
    NaN,
    NaN,
    NaN,
    NaN,
    NaN,
    NaN,
    NaN,
    NaN,
    NaN,
    NaN,
    NaN,
    NaN,
    NaN,
    NaN,
    NaN,
    NaN,
    NaN,
    NaN,
    NaN,
    NaN,
    NaN,
    NaN,
    NaN,
    NaN,
    NaN,
    NaN,
    NaN,
    NaN,
    NaN,
    NaN,
    NaN,
    NaN,
    NaN,
    NaN,
    NaN,
    NaN,
    NaN,
    NaN,
    NaN,
    NaN,
    NaN,
    NaN,
    NaN,
    NaN,
    NaN,
    NaN,
    NaN,
    NaN,
    NaN,
    NaN,
    NaN,
    NaN,
    NaN,
    NaN,
    NaN,
    NaN,
    NaN,
    NaN,
    NaN,
    NaN,
    NaN,
    NaN,
    NaN,
    NaN,
    NaN,
    NaN,
    NaN,
    NaN,
    NaN,
    NaN,
    NaN,
    NaN,
    NaN,
    NaN,
    NaN,
    NaN,
    NaN,
    NaN,
    NaN,
    NaN,
    NaN,
    NaN,
    NaN
  ]
}