{
  "Train": [
    0.255572646856308,
    0.2265194207429886,
    0.18051600456237793,
    0.15403975546360016,
    0.13118933141231537,
    0.11874216049909592,
    0.10811571776866913,
    0.09949284791946411,
    0.09289781749248505,
    0.08903798460960388
  ],
  "Training Time": 14.423923254013062,
  "Validate": [
    NaN,
    NaN,
    NaN,
    NaN,
    NaN,
    NaN,
    NaN,
    NaN,
    NaN,
    NaN
  ]
}