{
  "Train": [
    0.5831092596054077,
    0.33631008863449097,
    0.30831560492515564,
    0.2868385314941406,
    0.26753413677215576,
    0.24825575947761536,
    0.22862635552883148,
    0.22148647904396057,
    0.22250324487686157,
    0.2127676010131836
  ],
  "Training Time": 12.853445529937744,
  "Validate": [
    34.33184051513672,
    32.758888244628906,
    32.307071685791016,
    31.896076202392578,
    31.564105987548828,
    31.409399032592773,
    31.555559158325195,
    31.407875061035156,
    31.061952590942383,
    30.93268585205078
  ]
}