{
  "Train": [
    1.18551766872406,
    1.1807596683502197,
    1.1678835153579712,
    1.162562370300293,
    1.155827283859253,
    1.1838747262954712,
    1.2029393911361694,
    1.1683204174041748,
    1.153356909751892,
    1.143438458442688,
    1.1369298696517944,
    1.1380572319030762,
    1.1396640539169312,
    1.1273092031478882,
    1.10159170627594,
    1.088694453239441,
    1.135909914970398,
    1.0996347665786743,
    1.0837061405181885,
    1.0581820011138916,
    1.0541216135025024,
    1.0703160762786865,
    1.067412257194519,
    1.0433014631271362,
    1.0233205556869507,
    0.9809464812278748,
    0.9744452238082886,
    0.9327720403671265,
    1.0635040998458862,
    0.8932068943977356,
    0.8449403643608093,
    0.8028429746627808,
    0.9450920224189758,
    0.6834503412246704,
    0.5322392582893372,
    0.6401265263557434,
    0.39587464928627014,
    0.3379456102848053,
    0.36551663279533386,
    0.3009321391582489,
    0.23202629387378693,
    0.2243618667125702,
    0.21056507527828217,
    0.19663658738136292,
    0.1950559914112091,
    0.18111559748649597,
    0.18423108756542206,
    0.2106170654296875,
    0.1939302533864975,
    0.21241185069084167,
    0.18413826823234558,
    0.2353140264749527,
    0.16598951816558838,
    0.14665144681930542,
    0.15132398903369904,
    0.1411837786436081,
    0.1401619166135788,
    0.1428317129611969,
    0.1400027573108673,
    0.15207144618034363,
    0.1657821536064148,
    0.17412863671779633,
    0.17911827564239502,
    0.4131169319152832,
    1.310468077659607,
    1.0869925022125244,
    1.0866589546203613,
    1.040040135383606,
    1.0154893398284912,
    0.9921000599861145,
    0.9482527375221252,
    0.8779318332672119,
    0.8084579706192017,
    0.8478114604949951,
    0.7574015259742737,
    0.573421061038971,
    0.7099646329879761,
    0.44938722252845764,
    0.28910931944847107,
    1.4340568780899048,
    0.9800219535827637,
    0.8195887207984924,
    0.5659669041633606,
    0.3276025652885437,
    0.2509148120880127,
    0.2094760239124298,
    0.19818216562271118,
    0.18821324408054352,
    0.20353460311889648,
    0.189912810921669,
    0.19740748405456543,
    0.19351564347743988,
    0.2035517692565918,
    0.19936037063598633,
    0.1857985407114029,
    0.2077936828136444,
    0.21925117075443268,
    0.2672649025917053,
    0.7350515127182007,
    0.6175746321678162
  ],
  "Training Time": 158.69869756698608,
  "Validate": [
    1.8788516521453857,
    1.9621708393096924,
    1.9961003065109253,
    1.972148060798645,
    2.0639734268188477,
    1.8696767091751099,
    1.8601378202438354,
    1.9879485368728638,
    2.0268216133117676,
    2.0391454696655273,
    2.04276704788208,
    2.0220508575439453,
    2.084902048110962,
    2.0709645748138428,
    2.1576502323150635,
    2.259002923965454,
    2.007169485092163,
    2.146655797958374,
    2.286856174468994,
    2.2410807609558105,
    2.1514344215393066,
    2.0412514209747314,
    2.200409173965454,
    2.3358309268951416,
    2.2701165676116943,
    2.1911771297454834,
    2.2683775424957275,
    2.541571617126465,
    2.1998255252838135,
    2.540611505508423,
    2.249234199523926,
    2.9416234493255615,
    2.2668724060058594,
    2.4991414546966553,
    2.7425079345703125,
    2.5661420822143555,
    2.8610477447509766,
    2.8783071041107178,
    3.1360247135162354,
    3.1009538173675537,
    3.038386344909668,
    2.933786630630493,
    3.3559699058532715,
    3.1934256553649902,
    3.4758331775665283,
    3.6038146018981934,
    3.480147361755371,
    3.558743476867676,
    3.3974921703338623,
    3.4515836238861084,
    3.195233106613159,
    3.0606844425201416,
    3.2574758529663086,
    3.3665809631347656,
    3.2748987674713135,
    3.5067193508148193,
    3.3275961875915527,
    3.2868120670318604,
    3.532141923904419,
    3.128159999847412,
    3.1858160495758057,
    3.6298024654388428,
    3.4753878116607666,
    2.996811628341675,
    1.864052176475525,
    1.8639134168624878,
    1.827913761138916,
    1.8230758905410767,
    1.8142493963241577,
    1.829015851020813,
    1.8851386308670044,
    1.968098521232605,
    1.8271548748016357,
    2.166525363922119,
    1.708764672279358,
    2.119720458984375,
    1.8768985271453857,
    1.5590660572052002,
    1.5638542175292969,
    1.8814175128936768,
    1.7692718505859375,
    1.674552083015442,
    1.5669373273849487,
    1.5188390016555786,
    1.5048264265060425,
    1.4823307991027832,
    1.510184407234192,
    1.4974292516708374,
    1.5037822723388672,
    1.4938563108444214,
    1.525974988937378,
    1.510413408279419,
    1.5364223718643188,
    1.4919826984405518,
    1.4893996715545654,
    1.5418845415115356,
    1.4819079637527466,
    5.453611373901367,
    2.997093915939331,
    3.704399347305298
  ]
}