{
  "Train": [
    0.5573963522911072,
    0.09948991239070892,
    0.043239347636699677,
    0.03719458729028702,
    0.03352196887135506,
    0.030670199543237686,
    0.02710009180009365,
    0.023427322506904602,
    0.02130856364965439,
    0.01970379427075386,
    0.01873270608484745,
    0.01869465783238411,
    0.01861412823200226,
    0.018183324486017227,
    0.01775563322007656,
    0.01742103137075901,
    0.01716553047299385,
    0.016998762264847755,
    0.01693085767328739,
    0.016974685713648796,
    0.017133573070168495,
    0.017370149493217468,
    0.017575014382600784,
    0.017581330612301826,
    0.01733151078224182
  ],
  "Training Time": 15.81086540222168,
  "Validate": [
    28.864543914794922,
    29.684345245361328,
    29.420799255371094,
    29.3582820892334,
    29.534931182861328,
    29.861364364624023,
    30.239723205566406,
    30.464885711669922,
    30.335302352905273,
    30.010828018188477,
    29.75151252746582,
    29.66779327392578,
    29.73993682861328,
    29.834606170654297,
    29.926837921142578,
    30.018444061279297,
    30.1052303314209,
    30.184724807739258,
    30.256671905517578,
    30.3210506439209,
    30.379175186157227,
    30.442668914794922,
    30.53099822998047,
    30.65386390686035,
    30.811786651611328
  ]
}