{
  "Train": [
    0.3710540235042572,
    0.16044197976589203,
    0.11398493498563766,
    0.10332520306110382,
    0.0928274542093277,
    0.08194879442453384,
    0.07875102013349533,
    0.07127013802528381,
    0.08192937076091766,
    0.06304127722978592,
    0.052464716136455536,
    0.047485657036304474,
    0.04682829976081848,
    0.046054426580667496,
    0.03971942141652107,
    0.0453728511929512,
    0.029350722208619118,
    0.05525603145360947,
    0.023353008553385735,
    0.03453647717833519,
    0.026141831651329994,
    0.025122186169028282,
    0.023122595623135567,
    0.020765487104654312,
    0.0175978634506464
  ],
  "Training Time": 18.189456701278687,
  "Validate": [
    1.3087812662124634,
    2.889418601989746,
    3.6436898708343506,
    4.174001693725586,
    4.426900863647461,
    5.364969253540039,
    5.817082405090332,
    6.284726142883301,
    4.996791362762451,
    5.376572608947754,
    5.447564125061035,
    5.179727554321289,
    4.816043853759766,
    4.486834526062012,
    4.04911994934082,
    3.8951773643493652,
    3.7036659717559814,
    3.550588369369507,
    3.3924295902252197,
    2.953619956970215,
    2.826059579849243,
    2.613318681716919,
    2.3432395458221436,
    2.2555015087127686,
    2.2176055908203125
  ]
}