{
  "Train": [
    0.16461223363876343,
    0.040439583361148834,
    0.024449622258543968,
    0.02020477131009102,
    0.014906254597008228,
    0.01105173397809267,
    0.009299478493630886,
    0.00845602061599493,
    0.008547963574528694,
    0.010814004577696323,
    0.009140342473983765,
    0.010198194533586502,
    0.030488695949316025,
    0.03626634180545807,
    0.015054508112370968,
    0.008713480085134506,
    0.007695689797401428,
    0.006456365343183279,
    0.006811744999140501,
    0.006344462279230356,
    0.005784918088465929,
    0.007624018471688032,
    0.006253386847674847,
    0.0068983351811766624,
    0.006912184879183769
  ],
  "Training Time": 23.2964928150177,
  "Validate": [
    NaN,
    NaN,
    NaN,
    NaN,
    NaN,
    NaN,
    NaN,
    NaN,
    NaN,
    NaN,
    NaN,
    NaN,
    NaN,
    NaN,
    NaN,
    NaN,
    NaN,
    NaN,
    NaN,
    NaN,
    NaN,
    NaN,
    NaN,
    NaN,
    NaN
  ]
}