{
  "Train": [
    0.9073535203933716,
    0.8784942626953125,
    0.8524267673492432,
    0.8444673418998718,
    0.8372154235839844,
    0.8320251107215881,
    0.8263879418373108,
    0.8212516903877258,
    0.8153850436210632,
    0.8089742660522461
  ],
  "Training Time": 6.1889777183532715,
  "Validate": [
    3.0556693077087402,
    3.0991556644439697,
    2.9592180252075195,
    2.922409772872925,
    2.881704568862915,
    2.850778818130493,
    2.8128576278686523,
    2.769479751586914,
    2.717474937438965,
    2.651421546936035
  ]
}