{
  "Train": [
    0.7293018102645874,
    0.711298406124115,
    0.6931081414222717,
    0.6742815375328064,
    0.6497833132743835,
    0.6243066191673279,
    0.5985553860664368,
    0.5737715363502502,
    0.5481628775596619,
    0.5292631983757019
  ],
  "Training Time": 5.329117059707642,
  "Validate": [
    0.40024566650390625,
    0.3989797830581665,
    0.39976823329925537,
    0.397363543510437,
    0.3993183970451355,
    0.3954239785671234,
    0.395891934633255,
    0.4030378460884094,
    0.4187577962875366,
    0.4501875042915344
  ]
}