{
  "Train": [
    0.6879346966743469,
    0.6968290209770203,
    0.6874498724937439,
    0.6825326085090637,
    0.6778889894485474,
    0.6726722121238708,
    0.6662575602531433,
    0.6577994227409363,
    0.6470578908920288,
    0.6345412731170654
  ],
  "Training Time": 2.151580810546875,
  "Validate": [
    NaN,
    NaN,
    NaN,
    NaN,
    NaN,
    NaN,
    NaN,
    NaN,
    NaN,
    NaN
  ]
}