{
  "Train": [
    0.8913289904594421,
    0.8347145915031433,
    0.8250214457511902,
    0.8184486031532288,
    0.8136658668518066,
    0.8097313046455383,
    0.8062136173248291,
    0.802966296672821,
    0.8002181053161621,
    0.7977705001831055
  ],
  "Training Time": 2.85209584236145,
  "Validate": [
    2.1273367404937744,
    2.127695322036743,
    2.1231019496917725,
    2.115330457687378,
    2.107844829559326,
    2.102107048034668,
    2.1020541191101074,
    2.1015970706939697,
    2.107792854309082,
    2.1125383377075195
  ]
}