{
  "Train": [
    0.7437416911125183,
    0.7194221615791321,
    0.7004354000091553,
    0.6912055611610413,
    0.6848883032798767,
    0.6779025197029114,
    0.6700946688652039,
    0.6601083278656006,
    0.6490314602851868,
    0.6392092704772949
  ],
  "Training Time": 1.8413050174713135,
  "Validate": [
    0.6717852354049683,
    0.6812154650688171,
    0.6928400993347168,
    0.7003147006034851,
    0.7091860771179199,
    0.7157641053199768,
    0.7267062067985535,
    0.735355019569397,
    0.7452232837677002,
    0.7527853846549988
  ]
}