{
  "Train": [
    1.1063209772109985,
    1.0901492834091187,
    1.0845040082931519,
    1.0789835453033447,
    1.0735666751861572,
    1.0662938356399536,
    1.0556153059005737,
    1.0405362844467163,
    1.0205482244491577,
    0.9943559169769287
  ],
  "Training Time": 5.88148832321167,
  "Validate": [
    4.3711628913879395,
    4.374147415161133,
    4.361552715301514,
    4.323337554931641,
    4.266221046447754,
    4.205577373504639,
    4.153892517089844,
    4.132389545440674,
    4.152217388153076,
    4.230140686035156
  ]
}