{
  "Train": [
    1.2013944387435913,
    1.1410822868347168,
    1.1302903890609741,
    1.1193851232528687,
    1.1062904596328735,
    1.0899463891983032,
    1.0720810890197754,
    1.0533502101898193,
    1.0179319381713867,
    1.0015099048614502
  ],
  "Training Time": 5.220328092575073,
  "Validate": [
    1.441580891609192,
    1.4839569330215454,
    1.5678520202636719,
    1.7011425495147705,
    1.9038043022155762,
    2.1704347133636475,
    2.4425506591796875,
    2.784960985183716,
    3.17221736907959,
    3.851452589035034
  ]
}