{
  "Train": [
    1.176277995109558,
    1.1557856798171997,
    1.1439353227615356,
    1.133902668952942,
    1.124805212020874,
    1.115747094154358,
    1.1059222221374512,
    1.094875693321228,
    1.0826423168182373,
    1.0701682567596436
  ],
  "Training Time": 12.741593837738037,
  "Validate": [
    1.9729866981506348,
    1.9967684745788574,
    2.01419997215271,
    2.0247278213500977,
    2.029287576675415,
    2.032355308532715,
    2.0344648361206055,
    2.0355546474456787,
    2.039533853530884,
    2.0496485233306885
  ]
}