{
  "Train": [
    0.5592547655105591,
    0.4437214434146881,
    0.3997207581996918,
    0.36334657669067383,
    0.339878648519516,
    0.3246583640575409,
    0.31367751955986023,
    0.305450439453125,
    0.29906806349754333,
    0.29390421509742737
  ],
  "Training Time": 4.172886848449707,
  "Validate": [
    56.18150329589844,
    55.542076110839844,
    54.36357498168945,
    52.730838775634766,
    51.014278411865234,
    49.5350456237793,
    48.28950119018555,
    47.19662094116211,
    46.1844482421875,
    45.2007942199707
  ]
}