{
  "Train": [
    0.7079281806945801,
    0.6133600473403931,
    0.48071616888046265,
    0.4283367395401001,
    0.3789271116256714,
    0.3376666009426117,
    0.28740939497947693,
    0.2768574357032776,
    0.29869258403778076,
    0.2183637171983719
  ],
  "Training Time": 2.579838752746582,
  "Validate": [
    0.2811320424079895,
    0.17925387620925903,
    0.40748152136802673,
    0.6163654327392578,
    0.4648456275463104,
    0.46914413571357727,
    0.9874529838562012,
    0.8395987153053284,
    5.5755085945129395,
    1.2850764989852905
  ]
}