{
  "Train": [
    1.0249528884887695,
    0.9869320392608643,
    0.9061572551727295,
    0.8801177740097046,
    0.8582800626754761,
    0.8454516530036926,
    0.8319596648216248,
    0.8220911026000977,
    0.8137869834899902,
    0.8079613447189331,
    0.8028727173805237,
    0.7980345487594604,
    0.7927889227867126,
    0.7878546714782715,
    0.7826590538024902,
    0.7771190404891968,
    0.7705384492874146,
    0.7620534300804138,
    0.75180983543396,
    0.742439329624176,
    0.7344018220901489,
    0.723410964012146,
    0.7141247987747192,
    0.7117277979850769,
    0.691599428653717,
    0.6782568693161011,
    0.66660076379776,
    0.6543831825256348,
    0.6443995833396912,
    0.6354818344116211,
    0.627986490726471,
    0.6211317777633667,
    0.6131014227867126,
    0.6042201519012451,
    0.5975340008735657,
    0.5881815552711487,
    0.5797991752624512,
    0.5669233798980713,
    0.5585947036743164,
    0.553577184677124,
    0.5594181418418884,
    0.5461927056312561,
    0.5391353964805603,
    0.5314046740531921,
    0.528445839881897,
    0.5276263952255249,
    0.5022971034049988,
    0.4946841597557068,
    0.488415390253067,
    0.5030543804168701,
    0.5469954609870911,
    0.4615572392940521,
    0.45981064438819885,
    0.42913758754730225,
    0.4207315146923065,
    0.4114895761013031,
    0.4591273367404938,
    0.640282154083252,
    0.5864694714546204,
    0.5612208247184753,
    0.5516886115074158,
    0.5215328335762024,
    0.4969094693660736,
    0.4319830536842346,
    0.42558524012565613,
    0.41004616022109985,
    0.42161810398101807,
    0.38160863518714905,
    0.3565242290496826,
    0.3895081877708435,
    0.3962823450565338,
    0.4228997826576233,
    0.3428966701030731,
    0.314275324344635,
    0.30560532212257385,
    0.33918264508247375,
    0.30272072553634644,
    0.30434009432792664,
    0.34672895073890686,
    0.3670218884944916,
    0.3248961567878723,
    0.322415292263031,
    0.2808096706867218,
    0.25786417722702026,
    0.2539488673210144,
    0.262800008058548,
    0.2501165568828583,
    0.23236754536628723,
    0.22633883357048035,
    0.23261432349681854,
    0.2420940101146698,
    0.22580265998840332,
    0.2500104308128357,
    0.23103545606136322,
    0.24997973442077637,
    0.2536952793598175,
    0.31772327423095703,
    0.27804702520370483,
    0.25098758935928345,
    0.24950885772705078
  ],
  "Training Time": 108.25584197044373,
  "Validate": [
    4.0596137046813965,
    3.9091081619262695,
    3.317274332046509,
    3.139724016189575,
    3.0191919803619385,
    2.9312920570373535,
    2.8383333683013916,
    2.7376177310943604,
    2.6409833431243896,
    2.5756995677948,
    2.549875497817993,
    2.5576860904693604,
    2.572490930557251,
    2.595224380493164,
    2.620840072631836,
    2.6544923782348633,
    2.7040092945098877,
    2.7556028366088867,
    2.757613182067871,
    2.7561113834381104,
    2.8009462356567383,
    2.8716988563537598,
    2.9242429733276367,
    2.936854600906372,
    2.9903852939605713,
    3.100375175476074,
    3.1584393978118896,
    3.21817946434021,
    3.2524094581604004,
    3.2738473415374756,
    3.2985923290252686,
    3.337324619293213,
    3.3984405994415283,
    3.514477491378784,
    3.631500244140625,
    3.677030086517334,
    3.6338858604431152,
    3.5833792686462402,
    3.6475541591644287,
    4.021687984466553,
    4.202585220336914,
    3.9232659339904785,
    3.7376327514648438,
    3.510009765625,
    3.199666738510132,
    2.754887819290161,
    2.9630744457244873,
    2.7744407653808594,
    2.786679983139038,
    2.6985177993774414,
    2.8012447357177734,
    2.8126473426818848,
    2.6490354537963867,
    2.4346907138824463,
    2.369039535522461,
    2.3186333179473877,
    2.1450748443603516,
    2.316629648208618,
    2.8719089031219482,
    2.7811620235443115,
    2.6829795837402344,
    2.8644185066223145,
    3.050220251083374,
    3.1288411617279053,
    2.9798052310943604,
    2.7331056594848633,
    2.67769718170166,
    2.498201608657837,
    2.952188730239868,
    3.6465342044830322,
    3.5397064685821533,
    2.5693867206573486,
    2.8567564487457275,
    2.584742784500122,
    2.518937826156616,
    2.480992317199707,
    2.6111350059509277,
    2.3136160373687744,
    2.434551477432251,
    1.9854527711868286,
    2.594874620437622,
    2.884672164916992,
    2.4056456089019775,
    2.3547539710998535,
    2.4704134464263916,
    2.528224229812622,
    2.65462064743042,
    2.4944581985473633,
    2.513817548751831,
    2.6409661769866943,
    2.602854013442993,
    2.5150392055511475,
    2.8006839752197266,
    2.6283371448516846,
    3.2614128589630127,
    2.8493800163269043,
    2.5122196674346924,
    2.7273528575897217,
    3.1277170181274414,
    2.9990439414978027
  ]
}