{
  "Train": [
    0.2775702476501465,
    0.05972743034362793,
    0.02881726808845997,
    0.02486964873969555,
    0.021759307011961937,
    0.018033772706985474,
    0.01662272959947586,
    0.015367338433861732,
    0.014634905382990837,
    0.014229834079742432,
    0.013937322422862053,
    0.013134858570992947,
    0.012762978672981262,
    0.012558011338114738,
    0.01167541928589344,
    0.010980306193232536,
    0.010437028482556343,
    0.009264446794986725,
    0.00794162880629301,
    0.006835843436419964,
    0.005747151095420122,
    0.005716413259506226,
    0.005245636682957411,
    0.006601033266633749,
    0.011428537778556347
  ],
  "Training Time": 11.243927478790283,
  "Validate": [
    20.57990837097168,
    18.23350715637207,
    17.900625228881836,
    18.140562057495117,
    18.725019454956055,
    18.75236701965332,
    18.952720642089844,
    19.120168685913086,
    19.271032333374023,
    19.34174346923828,
    19.41996192932129,
    19.67283058166504,
    19.800064086914062,
    19.844436645507812,
    20.043701171875,
    20.22136688232422,
    20.30004119873047,
    20.44607925415039,
    20.611783981323242,
    20.683473587036133,
    20.831201553344727,
    20.804662704467773,
    20.65789031982422,
    20.413524627685547,
    21.293439865112305
  ]
}