{
  "Train": [
    0.2830229103565216,
    0.0908333882689476,
    0.11413996666669846,
    0.06476330757141113,
    0.058077357709407806,
    0.05082010105252266,
    0.04552846401929855,
    0.038337040692567825,
    0.04053542762994766,
    0.032979246228933334,
    0.03222521021962166,
    0.024534013122320175,
    0.031417589634656906,
    0.024328941479325294,
    0.02408498339354992,
    0.04248425364494324,
    0.02347714640200138,
    0.022782107815146446,
    0.015971573069691658,
    0.01612209901213646,
    0.011696076020598412,
    0.009887750260531902,
    0.010532346554100513,
    0.01010530162602663,
    0.01026393286883831
  ],
  "Training Time": 13.132870435714722,
  "Validate": [
    0.9540155529975891,
    0.772177517414093,
    1.1376277208328247,
    1.0171988010406494,
    1.0631061792373657,
    1.114848256111145,
    0.8771761059761047,
    0.8389111161231995,
    0.7396507263183594,
    0.6739607453346252,
    0.4124448597431183,
    0.5906614661216736,
    0.5188654661178589,
    0.4197107255458832,
    0.5425081253051758,
    0.37159135937690735,
    0.49084290862083435,
    0.2239731252193451,
    0.2989300489425659,
    0.2041090577840805,
    0.2707773745059967,
    0.3583664000034332,
    0.17868901789188385,
    0.26617324352264404,
    0.3193686902523041
  ]
}