{
  "Train": [
    0.89432293176651,
    0.8272600769996643,
    0.8169822692871094,
    0.8121800422668457,
    0.8090792298316956,
    0.8068017363548279,
    0.8049891591072083,
    0.8034958839416504,
    0.802208662033081,
    0.8011294007301331
  ],
  "Training Time": 3.612626552581787,
  "Validate": [
    2.6892457008361816,
    2.6147685050964355,
    2.6017465591430664,
    2.593024492263794,
    2.583719491958618,
    2.5735092163085938,
    2.562422275543213,
    2.550905466079712,
    2.5388786792755127,
    2.5271506309509277
  ]
}