{
  "Train": [
    0.7121844291687012,
    0.7213374376296997,
    0.7178882956504822,
    0.7157927751541138,
    0.7139348387718201,
    0.7121989727020264,
    0.710422933101654,
    0.708685040473938,
    0.7067298889160156,
    0.7048256993293762
  ],
  "Training Time": 2.9221198558807373,
  "Validate": [
    NaN,
    NaN,
    NaN,
    NaN,
    NaN,
    NaN,
    NaN,
    NaN,
    NaN,
    NaN
  ]
}