{
  "Train": [
    1.029489517211914,
    1.0273486375808716,
    1.0269266366958618,
    1.0253194570541382,
    1.0235238075256348,
    1.0215249061584473,
    1.0179518461227417,
    1.011879324913025,
    1.003436803817749,
    0.9975080490112305
  ],
  "Training Time": 3.1872942447662354,
  "Validate": [
    NaN,
    NaN,
    NaN,
    NaN,
    NaN,
    NaN,
    NaN,
    NaN,
    NaN,
    NaN
  ]
}