{
  "Train": [
    1.1198683977127075,
    1.1201298236846924,
    1.115373134613037,
    1.1135493516921997,
    1.1125218868255615,
    1.1119989156723022,
    1.1118855476379395,
    1.1117154359817505,
    1.1115657091140747,
    1.1114399433135986
  ],
  "Training Time": 2.6077897548675537,
  "Validate": [
    1.4395709037780762,
    1.4141461849212646,
    1.4025506973266602,
    1.3951607942581177,
    1.3910932540893555,
    1.3885048627853394,
    1.3867932558059692,
    1.3861892223358154,
    1.3860992193222046,
    1.3860418796539307
  ]
}