{
  "Train": [
    0.7612414360046387,
    0.6510921716690063,
    0.6155347228050232,
    0.5994402766227722,
    0.5782197117805481,
    0.5755614638328552,
    0.5165411233901978,
    0.5514340400695801,
    0.5367255806922913,
    0.5288929343223572,
    0.5310226082801819,
    0.5245810151100159,
    0.5033397078514099,
    0.5146202445030212,
    0.49913522601127625,
    0.49861836433410645,
    0.485515296459198,
    0.4801839292049408,
    0.47256574034690857,
    0.4668925702571869,
    0.46166786551475525,
    0.45699453353881836,
    0.45247119665145874,
    0.4471835792064667,
    0.44076910614967346,
    0.4336523115634918,
    0.4268248975276947,
    0.4212362766265869,
    0.4162931442260742,
    0.4107057750225067,
    0.41801363229751587,
    0.4107672870159149,
    0.45477768778800964,
    0.38864514231681824,
    0.37547484040260315,
    0.3916977345943451,
    0.3818276524543762,
    0.3742314875125885,
    0.369092732667923,
    0.3653509318828583,
    0.3635506331920624,
    0.36553820967674255,
    0.38062676787376404,
    0.44104743003845215,
    0.40290355682373047,
    0.3950364887714386,
    0.3623964190483093,
    0.3462710976600647,
    0.342407763004303,
    0.3873938024044037,
    0.34414806962013245,
    0.33021631836891174,
    0.32581573724746704,
    0.3228999674320221,
    0.3143027722835541,
    0.31300124526023865,
    0.3106876313686371,
    0.3071066737174988,
    0.3034442961215973,
    0.3023582398891449,
    0.29879704117774963,
    0.2930559813976288,
    0.28382787108421326,
    0.28708410263061523,
    0.2873248755931854,
    0.2919290065765381,
    0.28863149881362915,
    0.3999939262866974,
    0.3122829496860504,
    0.3010602593421936,
    0.2844415009021759,
    0.2694564461708069,
    0.29057440161705017,
    0.31402283906936646,
    0.29685044288635254,
    0.3014747202396393,
    0.2693808674812317,
    0.3021877110004425,
    0.26505547761917114,
    0.28562983870506287,
    0.6542492508888245,
    0.467987984418869,
    0.36566492915153503,
    0.3939265310764313,
    0.3455698490142822,
    0.3152000308036804,
    0.3157835304737091,
    0.4446171224117279,
    0.32303982973098755,
    0.3002347946166992,
    0.29075008630752563,
    0.2629980146884918,
    0.25553616881370544,
    0.2691097855567932,
    0.24100135266780853,
    0.2574600577354431,
    0.36038926243782043,
    0.3053615987300873,
    0.2655792236328125,
    0.2582854926586151
  ],
  "Training Time": 91.22396469116211,
  "Validate": [
    0.44707223773002625,
    0.4608783423900604,
    0.46554267406463623,
    0.45510995388031006,
    0.443145751953125,
    0.44979727268218994,
    0.4197135865688324,
    0.40049922466278076,
    0.4040265381336212,
    0.383255273103714,
    0.3959205746650696,
    0.3925814926624298,
    0.3946135640144348,
    0.3932753801345825,
    0.39521339535713196,
    0.39524519443511963,
    0.3963682949542999,
    0.3976920247077942,
    0.39952343702316284,
    0.4015057682991028,
    0.40425074100494385,
    0.40726855397224426,
    0.41059648990631104,
    0.4143216013908386,
    0.4194018244743347,
    0.4261040985584259,
    0.43412697315216064,
    0.4434130787849426,
    0.45670586824417114,
    0.47399628162384033,
    0.45686110854148865,
    0.5012450814247131,
    0.4647756814956665,
    0.4684407413005829,
    0.44600093364715576,
    0.46634817123413086,
    0.477972149848938,
    0.48255932331085205,
    0.49259158968925476,
    0.5071456432342529,
    0.5209740400314331,
    0.5192026495933533,
    0.47869589924812317,
    0.6236050128936768,
    0.704573929309845,
    0.5198275446891785,
    0.6057978272438049,
    0.6281901001930237,
    0.49128052592277527,
    0.7262828350067139,
    0.6282051801681519,
    0.5888366103172302,
    0.507390558719635,
    0.526846170425415,
    0.5107455849647522,
    0.5101941227912903,
    0.5085747241973877,
    0.5052819848060608,
    0.5050386786460876,
    0.4975503981113434,
    0.5068867206573486,
    0.5272287130355835,
    0.5042522549629211,
    0.5417356491088867,
    0.5119167566299438,
    0.490884393453598,
    0.5611369609832764,
    0.645397961139679,
    0.6412723064422607,
    0.6057859063148499,
    0.5943896770477295,
    0.5561367869377136,
    0.6436771154403687,
    1.084302306175232,
    0.6172640323638916,
    0.5439361929893494,
    0.5379977822303772,
    0.6415912508964539,
    0.538573145866394,
    0.5530213117599487,
    0.6328287720680237,
    0.6408817768096924,
    0.7024310231208801,
    0.6962605118751526,
    0.7276063561439514,
    0.6836984753608704,
    0.6991148591041565,
    0.7128435373306274,
    0.6967348456382751,
    0.7114244699478149,
    0.7364333868026733,
    0.7893142104148865,
    0.7975777983665466,
    0.8138079047203064,
    0.8224751949310303,
    0.8510190844535828,
    0.716778576374054,
    0.712307870388031,
    0.715961217880249,
    0.6722829937934875
  ]
}