{
  "Train": [
    0.12596072256565094,
    0.0693889930844307,
    0.06195307523012161,
    0.05188991501927376,
    0.04792216047644615,
    0.045276906341314316,
    0.043030571192502975,
    0.04103199392557144,
    0.03913775831460953,
    0.037234898656606674,
    0.03529087454080582,
    0.033332906663417816,
    0.03141744062304497,
    0.029594380408525467,
    0.027881506830453873,
    0.02626734972000122,
    0.02471083402633667,
    0.023214971646666527,
    0.022055387496948242,
    0.021600691601634026,
    0.021660303696990013,
    0.021716685965657234,
    0.021642474457621574,
    0.021523727104067802,
    0.021361039951443672
  ],
  "Training Time": 12.441045045852661,
  "Validate": [
    0.06492988765239716,
    0.05522426217794418,
    0.040405116975307465,
    0.03606858476996422,
    0.03427505865693092,
    0.03329704329371452,
    0.03276713192462921,
    0.03274780511856079,
    0.03334899991750717,
    0.03444156423211098,
    0.035775814205408096,
    0.037140149623155594,
    0.03841659054160118,
    0.03959391638636589,
    0.04075244069099426,
    0.04201154410839081,
    0.04343540593981743,
    0.044842686504125595,
    0.045478638261556625,
    0.04519212618470192,
    0.04519189894199371,
    0.04547404870390892,
    0.04573594033718109,
    0.0459609255194664,
    0.04615496098995209
  ]
}