{
  "Train": [
    0.5751924514770508,
    0.19080184400081635,
    0.0886554941534996,
    0.05973559245467186,
    0.04364442452788353,
    0.03681566193699837,
    0.0315362885594368,
    0.028930898755788803,
    0.0273326076567173,
    0.02627384103834629,
    0.025603923946619034,
    0.02518277056515217,
    0.024932116270065308,
    0.024795545265078545,
    0.024729661643505096,
    0.024692654609680176,
    0.024638744071125984,
    0.024526359513401985,
    0.02433658391237259,
    0.024081606417894363,
    0.023791247978806496,
    0.02349245175719261,
    0.023199407383799553,
    0.02291518822312355,
    0.022636545822024345
  ],
  "Training Time": 11.053953886032104,
  "Validate": [
    2.7901611328125,
    1.169647216796875,
    0.9403684735298157,
    1.0431138277053833,
    1.2350481748580933,
    1.2146703004837036,
    1.163790225982666,
    1.1434646844863892,
    1.1229045391082764,
    1.1036661863327026,
    1.0855361223220825,
    1.0684902667999268,
    1.0525683164596558,
    1.0378872156143188,
    1.0247092247009277,
    1.0135184526443481,
    1.0049726963043213,
    0.9996500611305237,
    0.9976922869682312,
    0.9986774325370789,
    1.0018543004989624,
    1.006496548652649,
    1.0120760202407837,
    1.0182709693908691,
    1.024895191192627
  ]
}