{
  "Train": [
    0.9371813535690308,
    0.7690344452857971,
    0.6968539357185364,
    0.6695892810821533,
    0.631931722164154,
    0.6235535740852356,
    0.6026181578636169,
    0.5885006785392761,
    0.5763509273529053,
    0.5699251294136047,
    0.5629766583442688,
    0.5586274862289429,
    0.565276026725769,
    0.5426449775695801,
    0.5897840857505798,
    0.5612986087799072,
    0.5442920923233032,
    0.5575807094573975,
    0.582172155380249,
    0.6381829977035522,
    0.576204240322113,
    0.5410580039024353,
    0.5214497447013855,
    0.5149198174476624,
    0.5000849366188049,
    0.5668923258781433,
    0.6002306938171387,
    0.535536527633667,
    0.4854733645915985,
    0.5162873268127441,
    0.4859268069267273,
    0.47703835368156433,
    0.4698253273963928,
    0.47635483741760254,
    0.45671218633651733,
    0.47101572155952454,
    0.464913934469223,
    0.44512611627578735,
    0.45522335171699524,
    0.44333967566490173,
    0.4452959895133972,
    0.4318859577178955,
    0.4286295473575592,
    0.42360952496528625,
    0.5021198987960815,
    0.49408993124961853,
    0.5515856146812439,
    0.4730094075202942,
    0.4838598966598511,
    0.46106797456741333,
    0.447143018245697,
    0.4216415584087372,
    0.4102322459220886,
    0.4233953356742859,
    0.4081195294857025,
    0.40945664048194885,
    0.4233293831348419,
    0.40797609090805054,
    0.39459672570228577,
    0.4048839807510376,
    0.43003398180007935,
    0.45702430605888367,
    0.3965648114681244,
    0.40745091438293457,
    0.39369091391563416,
    0.3860209584236145,
    0.42959967255592346,
    0.4022590219974518,
    0.44611865282058716,
    0.3987753391265869,
    0.3880521357059479,
    0.3957480490207672,
    0.391938716173172,
    0.3743208646774292,
    0.37832143902778625,
    0.3730209171772003,
    0.36406654119491577,
    0.385686993598938,
    0.3973449170589447,
    0.3587242364883423,
    0.3765408992767334,
    0.42071059346199036,
    0.38457319140434265,
    0.3698224425315857,
    0.37416934967041016,
    0.36185222864151,
    0.3534860610961914,
    0.35757604241371155,
    0.3595151901245117,
    0.347686231136322,
    0.34207263588905334,
    0.34298285841941833,
    0.32035693526268005,
    0.3244556188583374,
    0.313844233751297,
    0.3303607404232025,
    0.38767939805984497,
    0.36065131425857544,
    0.32875069975852966,
    0.31565916538238525
  ],
  "Training Time": 117.03501534461975,
  "Validate": [
    NaN,
    NaN,
    NaN,
    NaN,
    NaN,
    NaN,
    NaN,
    NaN,
    NaN,
    NaN,
    NaN,
    NaN,
    NaN,
    NaN,
    NaN,
    NaN,
    NaN,
    NaN,
    NaN,
    NaN,
    NaN,
    NaN,
    NaN,
    NaN,
    NaN,
    NaN,
    NaN,
    NaN,
    NaN,
    NaN,
    NaN,
    NaN,
    NaN,
    NaN,
    NaN,
    NaN,
    NaN,
    NaN,
    NaN,
    NaN,
    NaN,
    NaN,
    NaN,
    NaN,
    NaN,
    NaN,
    NaN,
    NaN,
    NaN,
    NaN,
    NaN,
    NaN,
    NaN,
    NaN,
    NaN,
    NaN,
    NaN,
    NaN,
    NaN,
    NaN,
    NaN,
    NaN,
    NaN,
    NaN,
    NaN,
    NaN,
    NaN,
    NaN,
    NaN,
    NaN,
    NaN,
    NaN,
    NaN,
    NaN,
    NaN,
    NaN,
    NaN,
    NaN,
    NaN,
    NaN,
    NaN,
    NaN,
    NaN,
    NaN,
    NaN,
    NaN,
    NaN,
    NaN,
    NaN,
    NaN,
    NaN,
    NaN,
    NaN,
    NaN,
    NaN,
    NaN,
    NaN,
    NaN,
    NaN,
    NaN
  ]
}