{
  "Train": [
    1.1065627336502075,
    0.7333890199661255,
    0.6259199380874634,
    0.562799870967865,
    0.5002402663230896,
    0.4457533061504364,
    0.39952552318573,
    0.3610800504684448,
    0.3304999768733978,
    0.30612912774086,
    0.2858467996120453,
    0.2681657373905182,
    0.25237518548965454,
    0.23827476799488068,
    0.22586964070796967,
    0.21515053510665894,
    0.2059788554906845,
    0.19810551404953003,
    0.1912865936756134,
    0.18535403907299042,
    0.18017500638961792,
    0.17560313642024994,
    0.17147988080978394,
    0.1676424890756607,
    0.16392961144447327
  ],
  "Training Time": 10.11388897895813,
  "Validate": [
    0.7614651322364807,
    0.3625800907611847,
    0.3749968409538269,
    0.3621123135089874,
    0.36274799704551697,
    0.39051058888435364,
    0.43925753235816956,
    0.49685099720954895,
    0.5504985451698303,
    0.5919440984725952,
    0.6177577376365662,
    0.6289256811141968,
    0.6295443773269653,
    0.6227586269378662,
    0.6075692176818848,
    0.5857643485069275,
    0.5640739798545837,
    0.5466101169586182,
    0.5338467955589294,
    0.5247011184692383,
    0.5177781581878662,
    0.5124518871307373,
    0.5085636377334595,
    0.5058769583702087,
    0.5040354132652283
  ]
}