{
  "Train": [
    0.17406411468982697,
    0.15233394503593445,
    0.14291484653949738,
    0.13766099512577057,
    0.13327555358409882,
    0.12948808073997498,
    0.12605245411396027,
    0.12282691150903702,
    0.11970879137516022,
    0.11661125719547272,
    0.11348233371973038,
    0.11030381917953491,
    0.10704533010721207,
    0.10366062819957733,
    0.10024727135896683,
    0.09717381745576859,
    0.09469429403543472,
    0.09267077594995499,
    0.09095023572444916,
    0.08946158736944199,
    0.08814121782779694,
    0.08693259954452515,
    0.08578550815582275,
    0.08465119451284409,
    0.08349253237247467
  ],
  "Training Time": 11.581137895584106,
  "Validate": [
    1.2283600568771362,
    0.9462636709213257,
    0.8299006819725037,
    0.7473287582397461,
    0.6835836172103882,
    0.6337499618530273,
    0.5945470929145813,
    0.5640356540679932,
    0.5407907962799072,
    0.523546040058136,
    0.5112437009811401,
    0.5029640197753906,
    0.4975292980670929,
    0.49317118525505066,
    0.48845040798187256,
    0.4840744137763977,
    0.48133042454719543,
    0.4805206060409546,
    0.4814525842666626,
    0.48366454243659973,
    0.48664477467536926,
    0.4899604022502899,
    0.4932686686515808,
    0.4962861239910126,
    0.4988069534301758
  ]
}