{
  "Train": [
    0.03698389232158661,
    0.014563445001840591,
    0.011178238317370415,
    0.009386291727423668,
    0.007815221324563026,
    0.006502315402030945,
    0.005696742795407772,
    0.005474052857607603,
    0.005658574402332306,
    0.005713704973459244,
    0.0055494289845228195,
    0.005339154973626137,
    0.0052053676918148994,
    0.005387350916862488,
    0.0058912914246320724,
    0.009420872665941715,
    0.005433507263660431,
    0.013475116342306137,
    0.010663270950317383,
    0.006214020773768425,
    0.004302536603063345,
    0.0039003584533929825,
    0.0036655953153967857,
    0.003619083436205983,
    0.0036481088027358055
  ],
  "Training Time": 7.014880657196045,
  "Validate": [
    NaN,
    NaN,
    NaN,
    NaN,
    NaN,
    NaN,
    NaN,
    NaN,
    NaN,
    NaN,
    NaN,
    NaN,
    NaN,
    NaN,
    NaN,
    NaN,
    NaN,
    NaN,
    NaN,
    NaN,
    NaN,
    NaN,
    NaN,
    NaN,
    NaN
  ]
}