{
  "Train": [
    0.1324116736650467,
    0.09335146099328995,
    0.07994028180837631,
    0.07136213034391403,
    0.06398005783557892,
    0.05731256678700447,
    0.0515705943107605,
    0.046500030905008316,
    0.04183976724743843,
    0.03746950253844261,
    0.033532656729221344,
    0.03023673966526985,
    0.027698082849383354,
    0.025708595290780067,
    0.024026913568377495,
    0.022241530939936638,
    0.021115556359291077,
    0.019221441820263863,
    0.018042851239442825,
    0.017167681828141212,
    0.016005845740437508,
    0.015143084339797497,
    0.014503831043839455,
    0.013936500065028667,
    0.01367547083646059
  ],
  "Training Time": 5.909969091415405,
  "Validate": [
    0.01740293763577938,
    0.047609373927116394,
    0.047413405030965805,
    0.04630381241440773,
    0.045837268233299255,
    0.05080601945519447,
    0.05892745032906532,
    0.06847032904624939,
    0.07927720993757248,
    0.09363105148077011,
    0.11392710357904434,
    0.13173483312129974,
    0.1424461007118225,
    0.14243483543395996,
    0.14651848375797272,
    0.1227569654583931,
    0.1443544179201126,
    0.08846889436244965,
    0.12071852385997772,
    0.09911023825407028,
    0.09013328701257706,
    0.08474522083997726,
    0.07719041407108307,
    0.06977681815624237,
    0.06203753873705864
  ]
}