{
  "Train": [
    0.45545241236686707,
    0.10773221403360367,
    0.067591093480587,
    0.04928034916520119,
    0.03785732015967369,
    0.031143179163336754,
    0.027371946722269058,
    0.02467453107237816,
    0.02234720066189766,
    0.020297858864068985,
    0.01853271760046482,
    0.0170449148863554,
    0.015798285603523254,
    0.014753551222383976,
    0.013882326893508434,
    0.013156373985111713,
    0.01254195999354124,
    0.012005825527012348,
    0.011521521024405956,
    0.011071142740547657,
    0.010643641464412212,
    0.010232840664684772,
    0.009835702367126942,
    0.009451254270970821,
    0.009079591371119022
  ],
  "Training Time": 5.489997148513794,
  "Validate": [
    20.669355392456055,
    18.426454544067383,
    16.58854103088379,
    14.943558692932129,
    13.554244995117188,
    12.397907257080078,
    11.3646240234375,
    10.426351547241211,
    9.598437309265137,
    8.893413543701172,
    8.30941390991211,
    7.830404281616211,
    7.434462070465088,
    7.101868152618408,
    6.8164286613464355,
    6.564849376678467,
    6.337469577789307,
    6.128543376922607,
    5.9353251457214355,
    5.75670862197876,
    5.592235088348389,
    5.4415740966796875,
    5.304356098175049,
    5.180130958557129,
    5.068414211273193
  ]
}