{
  "Train": [
    1.0429799556732178,
    0.7855059504508972,
    0.6534926891326904,
    0.5516489744186401,
    0.44464126229286194,
    0.3681839108467102,
    0.32618948817253113,
    0.2995520532131195,
    0.2810344994068146,
    0.2678033113479614,
    0.2612302601337433,
    0.2625356912612915,
    0.262469083070755,
    0.2591836750507355,
    0.25414085388183594,
    0.24813278019428253,
    0.2410716563463211,
    0.23104946315288544,
    0.2199450582265854,
    0.21582172811031342,
    0.2083587646484375,
    0.2026643306016922,
    0.18896088004112244,
    0.18196411430835724,
    0.16948911547660828
  ],
  "Training Time": 15.564508199691772,
  "Validate": [
    0.4691939055919647,
    0.3325595557689667,
    0.42986375093460083,
    0.45334675908088684,
    0.5977608561515808,
    0.7983126044273376,
    0.9430771470069885,
    1.0057250261306763,
    0.9879486560821533,
    0.9300824999809265,
    0.8925175070762634,
    0.8983150124549866,
    0.918107271194458,
    0.9303075671195984,
    0.9284169673919678,
    0.9120351672172546,
    0.8582668900489807,
    0.7951141595840454,
    0.7210330367088318,
    0.6662261486053467,
    0.5487698316574097,
    0.5037767887115479,
    0.4110320806503296,
    0.36313584446907043,
    0.3093412220478058
  ]
}