{
  "Train": [
    0.3640457093715668,
    0.20203542709350586,
    0.1879194974899292,
    0.17289184033870697,
    0.16490274667739868,
    0.15464770793914795,
    0.15124180912971497,
    0.13417188823223114,
    0.1265331357717514,
    0.11792125552892685,
    0.12223760038614273,
    0.11224354803562164,
    0.11359754204750061,
    0.10773615539073944,
    0.08682996779680252,
    0.09022591263055801,
    0.0932629257440567,
    0.08892267197370529,
    0.0711633712053299,
    0.08037235587835312,
    0.07697358727455139,
    0.0938773974776268,
    0.07408417761325836,
    0.06490552425384521,
    0.06607359647750854
  ],
  "Training Time": 22.847435474395752,
  "Validate": [
    NaN,
    NaN,
    NaN,
    NaN,
    NaN,
    NaN,
    NaN,
    NaN,
    NaN,
    NaN,
    NaN,
    NaN,
    NaN,
    NaN,
    NaN,
    NaN,
    NaN,
    NaN,
    NaN,
    NaN,
    NaN,
    NaN,
    NaN,
    NaN,
    NaN
  ]
}