{
  "Train": [
    0.24659760296344757,
    0.19080783426761627,
    0.16993622481822968,
    0.15673841536045074,
    0.14613232016563416,
    0.13663527369499207,
    0.12733839452266693,
    0.11922226846218109,
    0.11255995184183121,
    0.10716325044631958,
    0.1060699000954628,
    0.09630399942398071,
    0.10325615853071213,
    0.08283936232328415,
    0.06986778229475021,
    0.06816498935222626,
    0.08136214315891266,
    0.06503456830978394,
    0.06573526561260223,
    0.05948324874043465,
    0.1344960480928421,
    0.07886451482772827,
    0.1204797625541687,
    0.07207440584897995,
    0.06859386712312698
  ],
  "Training Time": 17.74602770805359,
  "Validate": [
    1.8910281658172607,
    1.9162673950195312,
    2.00898814201355,
    2.0857717990875244,
    2.1336708068847656,
    2.113039970397949,
    2.0825209617614746,
    2.076369285583496,
    2.0936882495880127,
    2.123913049697876,
    2.139552116394043,
    2.1264688968658447,
    2.1458609104156494,
    2.0926082134246826,
    2.099027156829834,
    2.0364811420440674,
    1.9674782752990723,
    1.9239602088928223,
    1.960626482963562,
    1.985652208328247,
    1.7422492504119873,
    1.7429653406143188,
    1.954904556274414,
    1.8368878364562988,
    1.9391175508499146
  ]
}