{
  "Train": [
    1.0802001953125,
    1.0852925777435303,
    1.046242594718933,
    1.030995488166809,
    0.9735593795776367,
    1.0081313848495483,
    0.9561533331871033,
    0.9604819416999817,
    0.8967542052268982,
    0.959140419960022
  ],
  "Training Time": 15.85519528388977,
  "Validate": [
    0.6983449459075928,
    0.6345382332801819,
    0.6396181583404541,
    0.6284809708595276,
    0.6638074517250061,
    0.6580954790115356,
    0.6323450803756714,
    0.5293333530426025,
    0.5999818444252014,
    0.6127244830131531
  ]
}