{
  "Train": [
    1.1747586727142334,
    1.1554571390151978,
    1.143483281135559,
    1.132181167602539,
    1.1226685047149658,
    1.114473581314087,
    1.1067878007888794,
    1.0991055965423584,
    1.0910472869873047,
    1.0822588205337524,
    1.0723737478256226,
    1.0610642433166504,
    1.0483075380325317,
    1.0352696180343628,
    1.0251312255859375,
    1.0174715518951416,
    1.0059281587600708,
    0.9909650087356567,
    0.9751866459846497,
    0.958430826663971,
    0.9400578141212463,
    0.9199517965316772,
    0.897975742816925,
    0.8739486336708069,
    0.8495683670043945,
    0.8255244493484497,
    0.8023936152458191,
    0.791032075881958,
    0.785426676273346,
    0.7535155415534973,
    0.7396596074104309,
    0.7223081588745117,
    0.7085972428321838,
    0.697309136390686,
    0.6931322813034058,
    0.7070198059082031,
    0.681213915348053,
    0.6352000832557678,
    0.6276745796203613,
    0.6161263585090637,
    0.6087704300880432,
    0.5986678004264832,
    0.5616124272346497,
    0.5517639517784119,
    0.5364291667938232,
    0.5129266977310181,
    0.48707130551338196,
    0.4781758785247803,
    0.4643685817718506,
    0.45263412594795227,
    0.43529465794563293,
    0.4203276038169861,
    0.4096525311470032,
    0.4035041630268097,
    0.38333192467689514,
    0.3663061857223511,
    0.3491765558719635,
    0.335019588470459,
    0.31788569688796997,
    0.3065456449985504,
    0.3022768199443817,
    0.2882155179977417,
    0.2912965416908264,
    0.27101024985313416,
    0.2480766773223877,
    0.24168963730335236,
    0.23548762500286102,
    0.22789685428142548,
    0.22945678234100342,
    0.27216866612434387,
    0.3117152154445648,
    0.21677005290985107,
    0.20125003159046173,
    0.19068202376365662,
    0.18517985939979553,
    0.17876079678535461,
    0.1733430176973343,
    0.16782638430595398,
    0.1625639647245407,
    0.15738172829151154,
    0.15246279537677765,
    0.14778679609298706,
    0.14313708245754242,
    0.13911603391170502,
    0.13509193062782288,
    0.13044314086437225,
    0.12701553106307983,
    0.13018502295017242,
    0.13000880181789398,
    0.1322975754737854,
    0.1484731137752533,
    0.12521569430828094,
    0.12457263469696045,
    0.11773351579904556,
    0.13563832640647888,
    0.10970591008663177,
    0.11452163755893707,
    0.10190978646278381,
    0.09829359501600266,
    0.0928308442234993
  ],
  "Training Time": 75.38123893737793,
  "Validate": [
    1.9713540077209473,
    2.008129119873047,
    2.047279119491577,
    2.063462734222412,
    2.0680017471313477,
    2.068373203277588,
    2.0688676834106445,
    2.071746826171875,
    2.0779001712799072,
    2.087552309036255,
    2.100672960281372,
    2.117020606994629,
    2.135032892227173,
    2.148683786392212,
    2.149721384048462,
    2.1442344188690186,
    2.141343832015991,
    2.1414151191711426,
    2.143941879272461,
    2.14931583404541,
    2.159414052963257,
    2.1782948970794678,
    2.211458206176758,
    2.2575552463531494,
    2.3033711910247803,
    2.330486536026001,
    2.328869104385376,
    2.319948434829712,
    2.2840993404388428,
    2.2809550762176514,
    2.2599260807037354,
    2.2465405464172363,
    2.2400872707366943,
    2.2456490993499756,
    2.299302816390991,
    2.2812650203704834,
    2.1751153469085693,
    2.1705119609832764,
    2.167257070541382,
    2.178569793701172,
    2.2303037643432617,
    2.1903553009033203,
    2.212357759475708,
    2.208101987838745,
    2.2009212970733643,
    2.271143913269043,
    2.2193970680236816,
    2.2421936988830566,
    2.2383289337158203,
    2.258267879486084,
    2.268111228942871,
    2.2860782146453857,
    2.3064863681793213,
    2.331652879714966,
    2.367527961730957,
    2.3906071186065674,
    2.427626848220825,
    2.4535417556762695,
    2.497380256652832,
    2.5479471683502197,
    2.594691276550293,
    2.604160785675049,
    2.740715503692627,
    2.763117790222168,
    2.8285064697265625,
    2.877187728881836,
    2.926934242248535,
    2.905813455581665,
    2.80820631980896,
    2.6271092891693115,
    2.6962485313415527,
    2.875140905380249,
    2.9749910831451416,
    3.013627052307129,
    3.0290122032165527,
    3.024390459060669,
    3.0112571716308594,
    3.015117645263672,
    3.016092538833618,
    3.026376247406006,
    3.0297157764434814,
    3.0328590869903564,
    3.0339243412017822,
    3.0357277393341064,
    3.034710168838501,
    3.029960870742798,
    3.0775442123413086,
    3.1161818504333496,
    2.961331367492676,
    2.8720805644989014,
    3.2001664638519287,
    3.112405300140381,
    2.9499497413635254,
    3.090686798095703,
    3.0999834537506104,
    3.0873091220855713,
    3.2364373207092285,
    3.0253195762634277,
    3.256465196609497,
    3.1057817935943604
  ]
}