{
  "Train": [
    1.5319395065307617,
    1.06717848777771,
    0.9719353914260864,
    0.933773934841156,
    0.9096306562423706,
    0.8894987106323242,
    0.8704481720924377,
    0.8526818156242371,
    0.8363135457038879,
    0.8206419348716736,
    0.8050761818885803,
    0.7889089584350586,
    0.771519660949707,
    0.7535892724990845,
    0.7346630096435547,
    0.7151712775230408,
    0.6956944465637207,
    0.6767988801002502,
    0.658551812171936,
    0.6404832005500793,
    0.6222696900367737,
    0.6038759350776672,
    0.5848172903060913,
    0.5657923817634583,
    0.5468233227729797,
    0.5266329050064087,
    0.5054988265037537,
    0.48508524894714355,
    0.4662388861179352,
    0.44655758142471313,
    0.4266199469566345,
    0.4059796631336212,
    0.3834322988986969,
    0.36296340823173523,
    0.3473542332649231,
    0.34454774856567383,
    0.3272898495197296,
    0.3221214711666107,
    0.29855450987815857,
    0.3115603029727936,
    0.2866540551185608,
    0.28295812010765076,
    0.2661494016647339,
    0.2561168670654297,
    0.2402641922235489,
    0.21070493757724762,
    0.20321904122829437,
    0.21472270786762238,
    0.17884361743927002,
    0.1895156353712082,
    0.1633029282093048,
    0.15712203085422516,
    0.17990979552268982,
    0.17372675240039825,
    0.13702379167079926,
    0.13970530033111572,
    0.12493131309747696,
    0.11186257749795914,
    0.11275355517864227,
    0.120158851146698,
    0.32261374592781067,
    0.3865833580493927,
    0.16956594586372375,
    0.13055451214313507,
    0.11541910469532013,
    0.1082552820444107,
    0.09646698087453842,
    0.08761173486709595,
    0.08784469217061996,
    0.07702521234750748,
    0.07121080905199051,
    0.07922492176294327,
    0.12807992100715637,
    0.12312547862529755,
    0.09030909836292267,
    0.06639326363801956,
    0.060631394386291504,
    0.06302259117364883,
    0.056738678365945816,
    0.054742831736803055,
    0.05109769105911255,
    0.049101922661066055,
    0.05073336884379387,
    0.053269531577825546,
    0.062264565378427505,
    0.08246450871229172,
    0.16397884488105774,
    0.08147940784692764,
    0.07278429716825485,
    0.05057397112250328,
    0.07878909260034561,
    0.061356961727142334,
    0.09246347844600677,
    0.17290876805782318,
    0.10434895753860474,
    0.052289266139268875,
    0.044096700847148895,
    0.0362541563808918,
    0.0335473008453846,
    0.030714282765984535
  ],
  "Training Time": 100.0779812335968,
  "Validate": [
    0.2552061975002289,
    0.2115688920021057,
    0.20499539375305176,
    0.2061169594526291,
    0.21080301702022552,
    0.2170734852552414,
    0.22394408285617828,
    0.23112887144088745,
    0.23867298662662506,
    0.2469235509634018,
    0.2562544643878937,
    0.26639604568481445,
    0.2761482000350952,
    0.285718709230423,
    0.2968440055847168,
    0.3106653392314911,
    0.32771432399749756,
    0.3463114798069,
    0.3633086383342743,
    0.3791733682155609,
    0.3966798484325409,
    0.4162087142467499,
    0.4357444643974304,
    0.4523611068725586,
    0.4650825262069702,
    0.4727962613105774,
    0.4755137264728546,
    0.4728991687297821,
    0.4652631878852844,
    0.45584431290626526,
    0.44267189502716064,
    0.43025267124176025,
    0.42785704135894775,
    0.4226958453655243,
    0.4153289496898651,
    0.4288303256034851,
    0.4460010528564453,
    0.40752527117729187,
    0.4543156921863556,
    0.3885886073112488,
    0.44390231370925903,
    0.367502897977829,
    0.38379037380218506,
    0.33620235323905945,
    0.3248555064201355,
    0.337143212556839,
    0.3192491829395294,
    0.3304203152656555,
    0.34491685032844543,
    0.3270324766635895,
    0.3607902526855469,
    0.36183446645736694,
    0.398159384727478,
    0.3663281202316284,
    0.40366724133491516,
    0.3703140318393707,
    0.3669584393501282,
    0.3849964439868927,
    0.3865836262702942,
    0.3984427750110626,
    0.49340447783470154,
    0.49888792634010315,
    0.45098140835762024,
    0.49202242493629456,
    0.538094699382782,
    0.5651183128356934,
    0.5721904039382935,
    0.5764207243919373,
    0.6028483510017395,
    0.5506693720817566,
    0.5502223968505859,
    0.5701553821563721,
    0.8075416684150696,
    0.5966809988021851,
    0.5347924828529358,
    0.5452210307121277,
    0.5720421671867371,
    0.6130762100219727,
    0.6236643195152283,
    0.6288289427757263,
    0.643667459487915,
    0.6915770173072815,
    0.6847236156463623,
    0.6952152848243713,
    0.6488171815872192,
    0.6897363662719727,
    0.7864965200424194,
    0.7429287433624268,
    0.7450689673423767,
    0.6784703731536865,
    0.7659701704978943,
    0.6889118552207947,
    0.7388114333152771,
    0.8286727666854858,
    0.6846553683280945,
    0.6833341717720032,
    0.7526980042457581,
    0.7906763553619385,
    0.8103119134902954,
    0.8252701163291931
  ]
}