{
  "Train": [
    1.0538588762283325,
    1.0356950759887695,
    1.0138781070709229,
    0.9699304699897766,
    1.0933688879013062,
    1.048656702041626,
    0.9973774552345276,
    0.9513590931892395,
    0.9273662567138672,
    0.8635851144790649
  ],
  "Training Time": 17.9740469455719,
  "Validate": [
    0.7304746508598328,
    0.8370471596717834,
    0.7254576086997986,
    0.48442018032073975,
    0.5366364121437073,
    0.6198917031288147,
    0.7557336688041687,
    0.775226354598999,
    0.7256749868392944,
    0.22414268553256989
  ]
}