{
  "Train": [
    1.1857277154922485,
    1.1634643077850342,
    1.1583346128463745,
    1.150390386581421,
    1.1468678712844849,
    1.144540548324585,
    1.137577772140503,
    1.1334848403930664,
    1.1251200437545776,
    1.121736764907837
  ],
  "Training Time": 18.44977855682373,
  "Validate": [
    2.004220724105835,
    2.025617837905884,
    2.0450329780578613,
    2.07720685005188,
    2.04378342628479,
    2.051928997039795,
    2.03471040725708,
    2.0455572605133057,
    2.0328333377838135,
    2.0231783390045166
  ]
}