{
  "Train": [
    0.33199048042297363,
    0.2812440097332001,
    0.2569865584373474,
    0.2352762222290039,
    0.21560008823871613,
    0.18874886631965637,
    0.18057295680046082,
    0.17883795499801636,
    0.1604112833738327,
    0.14934420585632324
  ],
  "Training Time": 3.0795583724975586,
  "Validate": [
    NaN,
    NaN,
    NaN,
    NaN,
    NaN,
    NaN,
    NaN,
    NaN,
    NaN,
    NaN
  ]
}