{
  "Train": [
    0.6857080459594727,
    0.49371543526649475,
    0.4651097357273102,
    0.4396035373210907,
    0.41676589846611023,
    0.3956761360168457,
    0.3756687343120575,
    0.3566652536392212,
    0.33936068415641785,
    0.3251506984233856
  ],
  "Training Time": 4.230143785476685,
  "Validate": [
    52.00619888305664,
    52.040985107421875,
    51.993560791015625,
    51.9190673828125,
    51.81352996826172,
    51.66863250732422,
    51.472198486328125,
    51.21172332763672,
    50.880043029785156,
    50.4786376953125
  ]
}