{
  "Train": [
    1.0435436964035034,
    0.9842891693115234,
    0.888922393321991,
    0.8290008902549744,
    0.7807989120483398,
    0.7727229595184326,
    0.7319545745849609,
    0.686273455619812,
    0.6324036717414856,
    0.5659140944480896
  ],
  "Training Time": 14.261020421981812,
  "Validate": [
    NaN,
    NaN,
    NaN,
    NaN,
    NaN,
    NaN,
    NaN,
    NaN,
    NaN,
    NaN
  ]
}