{
  "Train": [
    0.7272961139678955,
    0.6002144813537598,
    0.5098164677619934,
    0.4361872673034668,
    0.3731433153152466,
    0.318776398897171,
    0.28208494186401367,
    0.23585794866085052,
    0.22478322684764862,
    0.2340223640203476
  ],
  "Training Time": 2.63962721824646,
  "Validate": [
    0.5036219358444214,
    0.5294925570487976,
    0.46037963032722473,
    0.5488812923431396,
    0.3640737533569336,
    0.5148980021476746,
    0.3894311189651489,
    0.31474876403808594,
    0.359148770570755,
    0.17430754005908966
  ]
}