{
  "Train": [
    0.6336421370506287,
    0.45901456475257874,
    0.4116675853729248,
    0.3722483217716217,
    0.34392067790031433,
    0.32707127928733826,
    0.3167153298854828,
    0.30904075503349304,
    0.3027637004852295,
    0.2973792254924774
  ],
  "Training Time": 4.355778694152832,
  "Validate": [
    52.746097564697266,
    52.5022087097168,
    52.17998504638672,
    51.73915100097656,
    51.104312896728516,
    50.2946662902832,
    49.42447280883789,
    48.5712890625,
    47.753509521484375,
    46.96894836425781
  ]
}