{
  "Train": [
    0.23100417852401733,
    0.15314535796642303,
    0.1253775954246521,
    0.1114949956536293,
    0.10743062198162079,
    0.10345324873924255,
    0.1509598046541214,
    0.09751532971858978,
    0.09656544774770737,
    0.10434368252754211
  ],
  "Training Time": 3.115652084350586,
  "Validate": [
    NaN,
    NaN,
    NaN,
    NaN,
    NaN,
    NaN,
    NaN,
    NaN,
    NaN,
    NaN
  ]
}