{
  "Train": [
    0.8842260241508484,
    0.8129464983940125,
    0.804311990737915,
    0.8004669547080994,
    0.7981132864952087,
    0.7963829040527344,
    0.7949705719947815,
    0.7937438488006592,
    0.7926363945007324,
    0.7916102409362793
  ],
  "Training Time": 3.882827043533325,
  "Validate": [
    2.7368199825286865,
    2.5382421016693115,
    2.5133070945739746,
    2.499166488647461,
    2.489724636077881,
    2.482909917831421,
    2.4777238368988037,
    2.4736180305480957,
    2.4702682495117188,
    2.4674723148345947
  ]
}