{
  "Train": [
    0.6601917147636414,
    0.4472001791000366,
    0.3548716902732849,
    0.3176048696041107,
    0.29474565386772156,
    0.27918559312820435,
    0.26717549562454224,
    0.2577686905860901,
    0.25029510259628296,
    0.24426621198654175,
    0.23927052319049835,
    0.2349664717912674,
    0.23109473288059235,
    0.22747588157653809,
    0.22399352490901947,
    0.22057174146175385,
    0.21715809404850006,
    0.21371261775493622,
    0.2102021723985672,
    0.2065981775522232,
    0.202876478433609,
    0.19901849329471588,
    0.19501087069511414,
    0.1908455193042755,
    0.18651975691318512
  ],
  "Training Time": 10.221855163574219,
  "Validate": [
    5.8371782302856445,
    5.136014461517334,
    4.786679267883301,
    4.871322154998779,
    4.89389705657959,
    4.912012577056885,
    4.929352760314941,
    4.94832706451416,
    4.965694904327393,
    4.978092193603516,
    4.983850479125977,
    4.983429431915283,
    4.97847318649292,
    4.970741271972656,
    4.9615559577941895,
    4.951711177825928,
    4.941589832305908,
    4.931312561035156,
    4.920857906341553,
    4.910139560699463,
    4.899039268493652,
    4.887401580810547,
    4.875005722045898,
    4.861584186553955,
    4.846883773803711
  ]
}