{
  "Train": [
    0.313539981842041,
    0.18538497388362885,
    0.15979813039302826,
    0.1458069086074829,
    0.13618317246437073,
    0.1289053112268448,
    0.12309136241674423,
    0.11817515641450882,
    0.11361876875162125,
    0.10933536291122437,
    0.10548818856477737,
    0.10220200568437576,
    0.09935132414102554,
    0.09672711789608002,
    0.0942106768488884,
    0.09202253818511963,
    0.08881930261850357,
    0.0864630937576294,
    0.09247945249080658,
    0.08816243708133698,
    0.08585818111896515,
    0.08505985885858536,
    0.08629052340984344,
    0.08636685460805893,
    0.08633678406476974
  ],
  "Training Time": 11.471635341644287,
  "Validate": [
    0.18865084648132324,
    0.15903879702091217,
    0.15860114991664886,
    0.16915331780910492,
    0.18777872622013092,
    0.21932727098464966,
    0.26877740025520325,
    0.33309319615364075,
    0.4051087200641632,
    0.4765716791152954,
    0.5418760776519775,
    0.5998197197914124,
    0.6521411538124084,
    0.7022707462310791,
    0.7543920278549194,
    0.809281587600708,
    0.8480516076087952,
    0.9033471941947937,
    0.8334188461303711,
    0.9277117252349854,
    0.9159916043281555,
    0.931405782699585,
    0.8536915183067322,
    0.6305513978004456,
    0.9068206548690796
  ]
}