{
  "Train": [
    1.0195376873016357,
    0.9133619070053101,
    0.8771985769271851,
    0.8405957221984863,
    0.8014703989028931,
    0.7647297978401184,
    0.7375974059104919,
    0.7079638242721558,
    0.6867967247962952,
    0.6629311442375183
  ],
  "Training Time": 12.116365671157837,
  "Validate": [
    0.9071528911590576,
    1.1724748611450195,
    1.4868353605270386,
    1.8669304847717285,
    2.222838878631592,
    2.6373913288116455,
    3.3055481910705566,
    4.0522565841674805,
    4.4804768562316895,
    5.184579372406006
  ]
}