{
  "Train": [
    1.2196242809295654,
    0.8216638565063477,
    0.4956519901752472,
    0.3905390501022339,
    0.35565242171287537,
    0.3354223668575287,
    0.3186104893684387,
    0.30340316891670227,
    0.28972354531288147,
    0.2778625190258026
  ],
  "Training Time": 12.772123098373413,
  "Validate": [
    30.950580596923828,
    34.39522933959961,
    37.49404525756836,
    38.59907531738281,
    38.609134674072266,
    37.9850959777832,
    37.11442947387695,
    36.52247619628906,
    36.26841735839844,
    36.08218002319336
  ]
}