{
  "Train": [
    1.1281059980392456,
    1.09218168258667,
    1.0736740827560425,
    1.0509241819381714,
    1.024903416633606,
    0.9959821701049805,
    0.9501743912696838,
    0.896895170211792,
    0.859849214553833,
    0.8526951670646667,
    0.8365417718887329,
    0.7573774456977844,
    0.7322893738746643,
    0.7061187028884888,
    0.6659058928489685,
    0.6415963768959045,
    0.6333705186843872,
    0.6196457147598267,
    0.618739128112793,
    0.6195759773254395,
    0.6153805255889893,
    0.5664141774177551,
    0.6399940848350525,
    0.6591828465461731,
    0.595820426940918,
    0.5043908357620239,
    0.4820435345172882,
    0.4729972183704376,
    0.4637521505355835,
    0.48345863819122314,
    0.45288345217704773,
    0.43390122056007385,
    0.4320800006389618,
    0.4383443295955658,
    0.4249832332134247,
    0.3741421699523926,
    0.33069443702697754,
    0.3129841387271881,
    0.2757050395011902,
    0.28063011169433594,
    0.25562357902526855,
    0.2706437110900879,
    0.243692085146904,
    0.3075343370437622,
    0.48182329535484314,
    0.27263200283050537,
    0.2302418202161789,
    0.20663665235042572,
    0.18743042647838593,
    0.1686430275440216,
    0.1514727920293808,
    0.13515104353427887,
    0.12138725817203522,
    0.12474831193685532,
    0.12001186609268188,
    0.12786248326301575,
    0.16112637519836426,
    0.2316567301750183,
    0.36371105909347534,
    0.3133833110332489,
    0.16371294856071472,
    0.10733363777399063,
    0.0896395742893219,
    0.07823275029659271,
    0.07322711497545242,
    0.06503786891698837,
    0.05884668603539467,
    0.048416707664728165,
    0.05321730673313141,
    0.11034595966339111,
    0.0699882060289383,
    0.04993000626564026,
    0.05923287197947502,
    0.09599912166595459,
    0.11276794224977493,
    0.06363599747419357,
    0.15456822514533997,
    0.12058819085359573,
    0.21755222976207733,
    0.1561749428510666,
    0.045028604567050934,
    0.04310605302453041,
    0.017394866794347763,
    0.01402253657579422,
    0.011773567646741867,
    0.011018962599337101,
    0.00884609017521143,
    0.0071563455276191235,
    0.00640077842399478,
    0.0061635724268853664,
    0.006036627572029829,
    0.005815482698380947,
    0.006243848707526922,
    0.009719058871269226,
    0.01127876341342926,
    0.01476550567895174,
    0.019814839586615562,
    0.04852665215730667,
    0.04710232466459274,
    0.059117939323186874
  ],
  "Training Time": 57.26320743560791,
  "Validate": [
    4.3647966384887695,
    4.3628315925598145,
    4.304226875305176,
    4.278489589691162,
    4.36990213394165,
    4.30177640914917,
    4.264516353607178,
    4.0090765953063965,
    3.7603166103363037,
    3.662961006164551,
    3.6806342601776123,
    3.5292768478393555,
    3.4520423412323,
    3.492656946182251,
    3.5023717880249023,
    3.5709853172302246,
    3.568270206451416,
    3.4476702213287354,
    3.479689836502075,
    3.504988670349121,
    3.366713762283325,
    3.3058242797851562,
    4.898002624511719,
    3.6161749362945557,
    3.3744821548461914,
    3.3791303634643555,
    3.319138526916504,
    3.2810637950897217,
    3.283513069152832,
    3.3157806396484375,
    3.3500137329101562,
    3.3009719848632812,
    3.2478151321411133,
    3.229170083999634,
    3.268758535385132,
    3.196302652359009,
    3.2320618629455566,
    3.20351505279541,
    3.2617223262786865,
    3.2962334156036377,
    3.418006181716919,
    3.3368940353393555,
    3.239870309829712,
    3.297321081161499,
    3.1243109703063965,
    3.1605653762817383,
    3.198596954345703,
    3.2159476280212402,
    3.227696180343628,
    3.238142490386963,
    3.2626564502716064,
    3.290078639984131,
    3.3578414916992188,
    3.4178519248962402,
    3.3331665992736816,
    3.517470598220825,
    3.232224464416504,
    3.1207070350646973,
    3.1816718578338623,
    3.150430202484131,
    3.1563332080841064,
    3.137242317199707,
    3.1242730617523193,
    3.151296377182007,
    3.178109884262085,
    3.220633029937744,
    3.195591926574707,
    3.2453882694244385,
    3.2521560192108154,
    3.2308404445648193,
    3.1794703006744385,
    3.1567564010620117,
    3.2124130725860596,
    3.363466739654541,
    3.212911367416382,
    3.4552316665649414,
    4.704952716827393,
    3.6730833053588867,
    3.5545804500579834,
    3.6221556663513184,
    3.632061004638672,
    3.6091363430023193,
    3.6640655994415283,
    3.6974501609802246,
    3.698727607727051,
    3.7037229537963867,
    3.7092843055725098,
    3.7244789600372314,
    3.7463903427124023,
    3.7226271629333496,
    3.7367026805877686,
    3.729888916015625,
    3.7362046241760254,
    3.7650084495544434,
    3.6870534420013428,
    3.809997797012329,
    3.7029640674591064,
    3.6952199935913086,
    3.6844427585601807,
    3.511420965194702
  ]
}