{
  "Train": [
    0.857421338558197,
    0.8457659482955933,
    0.8331426978111267,
    0.8233274817466736,
    0.8142041563987732,
    0.8053278923034668,
    0.7966204285621643,
    0.7881713509559631,
    0.7800250053405762,
    0.7720673084259033
  ],
  "Training Time": 2.837679862976074,
  "Validate": [
    NaN,
    NaN,
    NaN,
    NaN,
    NaN,
    NaN,
    NaN,
    NaN,
    NaN,
    NaN
  ]
}