{
  "Train": [
    1.0600093603134155,
    1.0541166067123413,
    1.0519999265670776,
    1.05022132396698,
    1.048478364944458,
    1.046531319618225,
    1.0441155433654785,
    1.040903091430664,
    1.0365327596664429,
    1.030779242515564
  ],
  "Training Time": 3.942657709121704,
  "Validate": [
    3.11686635017395,
    3.1083521842956543,
    3.1005284786224365,
    3.092095136642456,
    3.0821309089660645,
    3.069550037384033,
    3.0532186031341553,
    3.032282590866089,
    3.0067780017852783,
    2.9779417514801025
  ]
}