{
  "Train": [
    0.27585580945014954,
    0.2532957196235657,
    0.24463121592998505,
    0.2261676788330078,
    0.21871350705623627,
    0.20579254627227783,
    0.19911761581897736,
    0.1870075911283493,
    0.18352001905441284,
    0.1725783795118332
  ],
  "Training Time": 2.918442726135254,
  "Validate": [
    NaN,
    NaN,
    NaN,
    NaN,
    NaN,
    NaN,
    NaN,
    NaN,
    NaN,
    NaN
  ]
}