{
  "Train": [
    0.7500200867652893,
    0.6363232731819153,
    0.5730811357498169,
    0.5126724243164062,
    0.4568885862827301,
    0.40843644738197327,
    0.37280189990997314,
    0.3499178886413574,
    0.3291783034801483,
    0.306722491979599
  ],
  "Training Time": 2.3686912059783936,
  "Validate": [
    1.2964277267456055,
    0.7695438265800476,
    0.5859515070915222,
    0.48644575476646423,
    0.36661359667778015,
    0.34046661853790283,
    0.3853667378425598,
    0.29659074544906616,
    0.20545168220996857,
    0.22270824015140533
  ]
}