{
  "Train": [
    0.829012393951416,
    0.8116883635520935,
    0.8002356886863708,
    0.7918931841850281,
    0.7841195464134216,
    0.7756686210632324,
    0.765932559967041,
    0.7548143863677979,
    0.7426974177360535,
    0.7305776476860046
  ],
  "Training Time": 3.331732988357544,
  "Validate": [
    0.7193988561630249,
    0.7362041473388672,
    0.7478488683700562,
    0.7548347115516663,
    0.7579681277275085,
    0.7580519318580627,
    0.7555711269378662,
    0.7510101795196533,
    0.7454798221588135,
    0.7408032417297363
  ]
}