{
  "Train": [
    0.14532248675823212,
    0.1149194985628128,
    0.10656839609146118,
    0.10069452971220016,
    0.09658435732126236,
    0.09317706525325775,
    0.09039419889450073,
    0.08809645473957062,
    0.08617854863405228,
    0.08451700955629349,
    0.08298084884881973,
    0.08144403249025345,
    0.07983464002609253,
    0.07819180935621262,
    0.07665205001831055,
    0.07535529881715775,
    0.07438278198242188,
    0.07389171421527863,
    0.07592697441577911,
    0.07169587165117264,
    0.0685463547706604,
    0.06796527653932571,
    0.0690586194396019,
    0.06953103840351105,
    0.06948459893465042
  ],
  "Training Time": 12.554003477096558,
  "Validate": [
    0.41758614778518677,
    0.3588980436325073,
    0.3136349022388458,
    0.27811336517333984,
    0.24993929266929626,
    0.22579044103622437,
    0.204460009932518,
    0.18504071235656738,
    0.1670750230550766,
    0.15041713416576385,
    0.13515371084213257,
    0.1215679720044136,
    0.11004061251878738,
    0.10076750069856644,
    0.09339135140180588,
    0.08708693832159042,
    0.0811680480837822,
    0.07538631558418274,
    0.07059483975172043,
    0.0640411227941513,
    0.06543230265378952,
    0.06488971412181854,
    0.06225782260298729,
    0.06003225967288017,
    0.05822296440601349
  ]
}