{
  "Train": [
    0.37172290682792664,
    0.2124772071838379,
    0.181395024061203,
    0.16717255115509033,
    0.15568572282791138,
    0.15130558609962463,
    0.1375075876712799,
    0.14038920402526855,
    0.11192329972982407,
    0.1310478299856186,
    0.0964144840836525,
    0.09681881219148636,
    0.10655897110700607,
    0.11847043037414551,
    0.08935437351465225,
    0.06089078634977341,
    0.06730751693248749,
    0.047665342688560486,
    0.04469544440507889,
    0.04687843471765518,
    0.040121011435985565,
    0.045383866876363754,
    0.04257562384009361,
    0.0961780920624733,
    0.11467097699642181
  ],
  "Training Time": 23.20752453804016,
  "Validate": [
    NaN,
    NaN,
    NaN,
    NaN,
    NaN,
    NaN,
    NaN,
    NaN,
    NaN,
    NaN,
    NaN,
    NaN,
    NaN,
    NaN,
    NaN,
    NaN,
    NaN,
    NaN,
    NaN,
    NaN,
    NaN,
    NaN,
    NaN,
    NaN,
    NaN
  ]
}