{
  "Train": [
    1.1817762851715088,
    1.1645647287368774,
    1.1573182344436646,
    1.150025486946106,
    1.1458358764648438,
    1.1401411294937134,
    1.1358826160430908,
    1.129160761833191,
    1.1217964887619019,
    1.104686975479126,
    1.0813060998916626,
    1.0830012559890747,
    1.0790903568267822,
    1.0531331300735474,
    1.0427595376968384,
    1.0352128744125366,
    1.0263724327087402,
    1.0162943601608276,
    0.9878215193748474,
    0.9437276124954224,
    0.9101800918579102,
    0.8909797668457031,
    0.8764451742172241,
    0.8436233401298523,
    1.2824108600616455,
    0.9382858276367188,
    0.8404421806335449,
    0.8812008500099182,
    0.7883658409118652,
    0.8101998567581177,
    0.7622613906860352,
    0.7685688138008118,
    0.726658284664154,
    0.7341330051422119,
    0.7675671577453613,
    0.6899815797805786,
    0.745520293712616,
    0.6664901375770569,
    0.651901125907898,
    0.6843933463096619,
    0.6243526935577393,
    0.6467909812927246,
    0.5968909859657288,
    0.6164204478263855,
    0.5651745796203613,
    0.5779508948326111,
    0.5410043597221375,
    0.5651674866676331,
    0.524860680103302,
    0.5826358795166016,
    0.49939873814582825,
    0.5531190633773804,
    0.4609421491622925,
    0.4795377254486084,
    0.4400547742843628,
    0.44444456696510315,
    0.4066586196422577,
    0.4114938974380493,
    0.37353262305259705,
    0.3734884262084961,
    0.34329861402511597,
    0.33562374114990234,
    0.3201485574245453,
    0.30608707666397095,
    0.2937283515930176,
    0.28150373697280884,
    0.2689593732357025,
    0.25624537467956543,
    0.24364951252937317,
    0.23122456669807434,
    0.21900759637355804,
    0.20709986984729767,
    0.1956312656402588,
    0.18481294810771942,
    0.17503796517848969,
    0.16680888831615448,
    0.160482719540596,
    0.15596842765808105,
    0.15289998054504395,
    0.15091048181056976,
    0.14953474700450897,
    0.1479397714138031,
    0.14582787454128265,
    0.14361268281936646,
    0.14306451380252838,
    0.1468631476163864,
    0.14708280563354492,
    0.14358656108379364,
    0.1416579931974411,
    0.13851968944072723,
    0.14266569912433624,
    0.1880873292684555,
    0.9654070734977722,
    0.39784669876098633,
    0.47751718759536743,
    0.4222518801689148,
    0.1951008290052414,
    0.16385044157505035,
    0.13242840766906738,
    0.12862937152385712
  ],
  "Training Time": 137.91752791404724,
  "Validate": [
    2.005476236343384,
    2.029052734375,
    2.0540473461151123,
    2.078671455383301,
    2.077686071395874,
    2.0936081409454346,
    2.0884644985198975,
    2.1004526615142822,
    2.0942678451538086,
    2.1300594806671143,
    2.1372132301330566,
    2.1161115169525146,
    2.1869513988494873,
    2.1826181411743164,
    2.1844310760498047,
    2.167543649673462,
    2.15324330329895,
    2.1434388160705566,
    2.124436378479004,
    2.1164441108703613,
    2.0817105770111084,
    2.0732946395874023,
    2.0684149265289307,
    2.0423390865325928,
    1.9541707038879395,
    1.9645438194274902,
    2.000129222869873,
    2.123338222503662,
    2.2018325328826904,
    2.1086583137512207,
    2.106036424636841,
    2.0670087337493896,
    2.058187961578369,
    2.0399625301361084,
    2.0840280055999756,
    2.0696167945861816,
    2.074063301086426,
    2.0699872970581055,
    2.061748743057251,
    2.087319850921631,
    2.0552775859832764,
    2.145400047302246,
    2.0351877212524414,
    2.1471447944641113,
    1.998598575592041,
    2.1072404384613037,
    1.9463534355163574,
    2.0868988037109375,
    1.9101428985595703,
    2.1142377853393555,
    1.9155110120773315,
    2.1322615146636963,
    1.9452084302902222,
    2.095200538635254,
    1.9705123901367188,
    2.097806930541992,
    2.009563446044922,
    2.1203863620758057,
    2.0750796794891357,
    2.1551313400268555,
    2.15673828125,
    2.205214023590088,
    2.243089199066162,
    2.273569345474243,
    2.3104472160339355,
    2.3532400131225586,
    2.394118070602417,
    2.431729555130005,
    2.4690322875976562,
    2.5080904960632324,
    2.5468621253967285,
    2.5839414596557617,
    2.6180548667907715,
    2.6481926441192627,
    2.6724977493286133,
    2.689223527908325,
    2.6967267990112305,
    2.6955602169036865,
    2.6876022815704346,
    2.6757431030273438,
    2.661104440689087,
    2.6453230381011963,
    2.6278762817382812,
    2.605684757232666,
    2.573563814163208,
    2.5253119468688965,
    2.4981014728546143,
    2.514805793762207,
    2.507007360458374,
    2.4743154048919678,
    2.407350778579712,
    2.383779287338257,
    2.1067686080932617,
    2.035280466079712,
    1.9078730344772339,
    1.7303277254104614,
    1.8466705083847046,
    1.8793056011199951,
    1.9069526195526123,
    1.9055393934249878
  ]
}