{
  "Train": [
    1.085015058517456,
    0.901130735874176,
    0.6860347986221313,
    0.6063877940177917,
    0.6043327450752258,
    0.5536107420921326,
    0.4873891770839691,
    0.4845527708530426,
    0.4166875183582306,
    0.38950514793395996,
    0.36514729261398315,
    0.3603058457374573,
    0.3836476504802704,
    0.6966150999069214,
    0.4967162013053894,
    0.37272563576698303,
    0.3304838538169861,
    0.2898404896259308,
    0.28891995549201965,
    0.28930315375328064,
    0.2926647365093231,
    0.28465259075164795,
    0.2738395929336548,
    0.2762009799480438,
    0.26438209414482117,
    0.2705951929092407,
    0.25634077191352844,
    0.26065635681152344,
    0.25030943751335144,
    0.25332048535346985,
    0.2398982048034668,
    0.2419886440038681,
    0.23502124845981598,
    0.2356419861316681,
    0.22794175148010254,
    0.22664424777030945,
    0.22124086320400238,
    0.2198467254638672,
    0.21532131731510162,
    0.21789130568504333,
    0.19092997908592224,
    0.20320066809654236,
    0.18068493902683258,
    0.21253244578838348,
    0.1974717080593109,
    0.3814055919647217,
    0.2553127110004425,
    0.16581904888153076,
    0.16308633983135223,
    0.16046376526355743,
    0.14630255103111267,
    0.14948618412017822,
    0.18435075879096985,
    0.4454984664916992,
    0.9891583323478699,
    0.7336865067481995,
    0.5344170331954956,
    0.4480513036251068,
    0.4014010727405548,
    0.35912054777145386,
    0.325011283159256,
    0.29531365633010864,
    0.2670174539089203,
    0.24105454981327057,
    0.21761754155158997,
    0.19713284075260162,
    0.18013980984687805,
    0.16710786521434784,
    0.1583089828491211,
    0.15374323725700378,
    0.15345628559589386,
    0.15803362429141998,
    0.16813276708126068,
    0.1823047399520874,
    0.19232940673828125,
    0.18470287322998047,
    0.16499169170856476,
    0.14785146713256836,
    0.13616105914115906,
    0.12751327455043793,
    0.12003304064273834,
    0.11147996038198471,
    0.1023402065038681,
    0.0995965451002121,
    0.15030936896800995,
    0.7321097254753113,
    0.5020257234573364,
    0.26425307989120483,
    0.13447432219982147,
    0.1044713705778122,
    0.09304605424404144,
    0.08226446062326431,
    0.07602275907993317,
    0.06969206780195236,
    0.06558346003293991,
    0.061362702399492264,
    0.059727754443883896,
    0.0574774406850338,
    0.05878002196550369,
    0.05789416283369064
  ],
  "Training Time": 173.96066069602966,
  "Validate": [
    1.3760466575622559,
    0.8868451714515686,
    1.186037540435791,
    1.4350240230560303,
    1.4622479677200317,
    0.8216080069541931,
    0.8163682818412781,
    0.920098066329956,
    1.0312682390213013,
    1.114705204963684,
    1.1559889316558838,
    1.1696571111679077,
    1.1691426038742065,
    1.0687522888183594,
    1.2079490423202515,
    1.2006546258926392,
    1.1835014820098877,
    1.1749039888381958,
    1.1699860095977783,
    1.1578551530838013,
    1.1357612609863281,
    1.1420754194259644,
    1.1577273607254028,
    1.1782265901565552,
    1.195689082145691,
    1.2245304584503174,
    1.24137544631958,
    1.275864601135254,
    1.3323131799697876,
    1.3622946739196777,
    1.4155539274215698,
    1.457757830619812,
    1.5650444030761719,
    1.571738362312317,
    1.7136679887771606,
    1.7255278825759888,
    1.8726201057434082,
    1.936368465423584,
    2.0443270206451416,
    2.077885627746582,
    2.2533228397369385,
    2.4288406372070312,
    2.5386850833892822,
    2.1769492626190186,
    2.725186347961426,
    1.8263964653015137,
    2.198667287826538,
    2.282335042953491,
    2.121101140975952,
    2.2260847091674805,
    2.211228370666504,
    2.418818950653076,
    2.3603315353393555,
    2.731184720993042,
    1.5669524669647217,
    0.6441130042076111,
    0.28029677271842957,
    0.31871965527534485,
    0.43384841084480286,
    0.6449260115623474,
    0.9404844045639038,
    1.198099970817566,
    1.3137825727462769,
    1.2881430387496948,
    1.1910687685012817,
    1.090791940689087,
    1.0223132371902466,
    0.9996818900108337,
    1.0262150764465332,
    1.101428508758545,
    1.2249054908752441,
    1.3864566087722778,
    1.5300414562225342,
    1.5288748741149902,
    1.2627075910568237,
    0.8779076933860779,
    0.61238694190979,
    0.4533950090408325,
    0.35033971071243286,
    0.2900565564632416,
    0.25781917572021484,
    0.2552013695240021,
    0.27623116970062256,
    0.31051021814346313,
    0.4246048033237457,
    0.27092811465263367,
    0.4780116081237793,
    0.456712543964386,
    0.3707529902458191,
    0.32653310894966125,
    0.29514339566230774,
    0.298367440700531,
    0.30613431334495544,
    0.3134601414203644,
    0.3190416097640991,
    0.3272296190261841,
    0.33273136615753174,
    0.34421321749687195,
    0.3446589708328247,
    0.35975542664527893
  ]
}