{
  "Train": [
    0.7973496317863464,
    0.7941251397132874,
    0.7848986983299255,
    0.7764350771903992,
    0.7678205966949463,
    0.7583903074264526,
    0.7487876415252686,
    0.7396700382232666,
    0.7312460541725159,
    0.7234490513801575
  ],
  "Training Time": 2.099571943283081,
  "Validate": [
    NaN,
    NaN,
    NaN,
    NaN,
    NaN,
    NaN,
    NaN,
    NaN,
    NaN,
    NaN
  ]
}