{
  "Train": [
    1.0626555681228638,
    1.0367299318313599,
    1.0206109285354614,
    1.0057162046432495,
    0.9920834898948669,
    0.9796901345252991,
    0.9678767323493958,
    0.9560232162475586,
    0.94415682554245,
    0.9326744675636292
  ],
  "Training Time": 2.7951297760009766,
  "Validate": [
    2.905285358428955,
    2.8227829933166504,
    2.766089677810669,
    2.7246994972229004,
    2.6999783515930176,
    2.6927330493927,
    2.7006995677948,
    2.720111131668091,
    2.7466514110565186,
    2.7741539478302
  ]
}