{
  "Train": [
    0.7390614151954651,
    0.5654118657112122,
    0.5335193276405334,
    0.5053614974021912,
    0.4771561920642853,
    0.44758841395378113,
    0.4166804254055023,
    0.3866002559661865,
    0.36133942008018494,
    0.34347060322761536
  ],
  "Training Time": 5.395911693572998,
  "Validate": [
    54.450538635253906,
    54.642234802246094,
    54.826576232910156,
    54.92996597290039,
    54.9177131652832,
    54.75016784667969,
    54.40953063964844,
    53.891571044921875,
    53.189781188964844,
    52.34382247924805
  ]
}