{
  "Train": [
    0.8806589841842651,
    0.7885996103286743,
    0.687078595161438,
    0.5947573184967041,
    0.5205426216125488,
    0.44553497433662415,
    0.3669449985027313,
    0.3001148998737335,
    0.2651052176952362,
    0.23516201972961426
  ],
  "Training Time": 3.322781562805176,
  "Validate": [
    2.305180072784424,
    1.4736173152923584,
    1.172653079032898,
    1.0665640830993652,
    1.085570216178894,
    0.9381619095802307,
    0.6797625422477722,
    0.41160422563552856,
    0.2540774643421173,
    0.19661834836006165
  ]
}