{
  "Train": [
    0.29948434233665466,
    0.276661217212677,
    0.26091405749320984,
    0.24714705348014832,
    0.23450681567192078,
    0.22261856496334076,
    0.21137167513370514,
    0.2007727473974228,
    0.1908467710018158,
    0.18160958588123322
  ],
  "Training Time": 2.798508405685425,
  "Validate": [
    NaN,
    NaN,
    NaN,
    NaN,
    NaN,
    NaN,
    NaN,
    NaN,
    NaN,
    NaN
  ]
}