{
  "Train": [
    1.0056170225143433,
    0.9945889711380005,
    0.9889722466468811,
    0.9866560101509094,
    0.9848799109458923,
    0.9833502173423767,
    0.9819318056106567,
    0.9805575013160706,
    0.9791853427886963,
    0.9777805805206299
  ],
  "Training Time": 2.8384945392608643,
  "Validate": [
    NaN,
    NaN,
    NaN,
    NaN,
    NaN,
    NaN,
    NaN,
    NaN,
    NaN,
    NaN
  ]
}