{
  "Train": [
    1.1241697072982788,
    1.1158894300460815,
    1.1129807233810425,
    1.111119031906128,
    1.1095085144042969,
    1.1077293157577515,
    1.1051769256591797,
    1.1005973815917969,
    1.093040108680725,
    1.0849449634552002
  ],
  "Training Time": 2.328763723373413,
  "Validate": [
    1.5076606273651123,
    1.4664735794067383,
    1.4460179805755615,
    1.4348132610321045,
    1.4294995069503784,
    1.4288151264190674,
    1.4322177171707153,
    1.4373219013214111,
    1.4341715574264526,
    1.4199674129486084
  ]
}