{
  "Train": [
    1.0631957054138184,
    1.0575255155563354,
    1.0554825067520142,
    1.0541359186172485,
    1.0531258583068848,
    1.0522806644439697,
    1.0515178442001343,
    1.0507885217666626,
    1.0500555038452148,
    1.049283504486084
  ],
  "Training Time": 3.9379096031188965,
  "Validate": [
    7.231817245483398,
    7.257580757141113,
    7.279123306274414,
    7.297860622406006,
    7.315224647521973,
    7.332047939300537,
    7.348862648010254,
    7.3660736083984375,
    7.384079933166504,
    7.403332710266113
  ]
}