{
  "Train": [
    1.1006354093551636,
    1.0893479585647583,
    1.085281252861023,
    1.0819340944290161,
    1.077709436416626,
    1.0712453126907349,
    1.0620577335357666,
    1.0508537292480469,
    1.0400720834732056,
    1.0262893438339233
  ],
  "Training Time": 8.118329048156738,
  "Validate": [
    4.36676025390625,
    4.356184005737305,
    4.326018333435059,
    4.293900489807129,
    4.267920017242432,
    4.271088123321533,
    4.311287879943848,
    4.334812641143799,
    4.32996129989624,
    4.3297038078308105
  ]
}