{
  "Train": [
    1.1653114557266235,
    1.1564186811447144,
    1.144353985786438,
    1.1385036706924438,
    1.1355348825454712,
    1.1410170793533325,
    1.1144979000091553,
    1.2109202146530151,
    1.13800048828125,
    1.1207846403121948
  ],
  "Training Time": 7.269502401351929,
  "Validate": [
    1.014420986175537,
    1.12321937084198,
    1.105987787246704,
    1.0300654172897339,
    0.9885715842247009,
    1.1122428178787231,
    1.159085750579834,
    0.9044933915138245,
    1.1118160486221313,
    1.1191056966781616
  ]
}