{
  "Train": [
    1.0949633121490479,
    1.0790091753005981,
    1.061769723892212,
    1.0601860284805298,
    1.0732306241989136,
    1.0281578302383423,
    1.0505763292312622,
    1.0258393287658691,
    1.0150648355484009,
    1.001478672027588
  ],
  "Training Time": 9.322487354278564,
  "Validate": [
    NaN,
    NaN,
    NaN,
    NaN,
    NaN,
    NaN,
    NaN,
    NaN,
    NaN,
    NaN
  ]
}