{
  "Train": [
    0.9662588238716125,
    0.9048095345497131,
    0.8966526985168457,
    0.882218062877655,
    0.8695574998855591,
    0.860844075679779,
    0.8524457216262817,
    0.844876229763031,
    0.8379276990890503,
    0.8300143480300903,
    0.8223065137863159,
    0.8155053853988647,
    0.7899347543716431,
    0.7681818604469299,
    0.7582575082778931,
    0.7399574518203735,
    0.7253347039222717,
    0.7127472162246704,
    0.7019172310829163,
    0.6902279853820801,
    0.7097092866897583,
    0.7208315134048462,
    0.6914538145065308,
    0.6817353367805481,
    0.6723620295524597,
    0.6586720943450928,
    0.6494214534759521,
    0.645138144493103,
    0.6434183716773987,
    0.6161808371543884,
    0.602326512336731,
    0.5983206629753113,
    0.593598484992981,
    0.6626916527748108,
    0.6064618229866028,
    0.60163813829422,
    0.5768499970436096,
    0.5566964149475098,
    0.5511788725852966,
    0.5388726592063904,
    0.5390222668647766,
    0.5316337943077087,
    0.522754967212677,
    0.5091434717178345,
    0.555308997631073,
    0.6001878976821899,
    0.5510774254798889,
    0.5091572403907776,
    0.5032368898391724,
    0.5262929797172546,
    0.5057973861694336,
    0.4819660782814026,
    0.4886665940284729,
    0.7488375902175903,
    0.7413251996040344,
    0.7062363028526306,
    0.6236432194709778,
    0.5906972289085388,
    0.5721359252929688,
    0.5252295732498169,
    0.505994439125061,
    0.48347535729408264,
    0.44546571373939514,
    0.45020538568496704,
    0.5271117091178894,
    0.6302318572998047,
    0.612689197063446,
    0.6450695395469666,
    0.6929532289505005,
    0.5274315476417542,
    0.45765966176986694,
    0.43075820803642273,
    0.40537649393081665,
    0.3974704146385193,
    0.36653417348861694,
    0.3863932192325592,
    0.47680747509002686,
    0.5907695889472961,
    0.5496667623519897,
    0.5162621140480042,
    0.5000576376914978,
    0.4921940565109253,
    0.49828848242759705,
    0.5219959616661072,
    0.48853281140327454,
    0.47697386145591736,
    0.46876800060272217,
    0.4560990333557129,
    0.4497808814048767,
    0.44597357511520386,
    0.4276469647884369,
    0.427897185087204,
    0.4385732114315033,
    0.43400946259498596,
    0.41001224517822266,
    0.38248610496520996,
    0.43935418128967285,
    0.46586036682128906,
    0.5120204091072083,
    0.4796745181083679
  ],
  "Training Time": 108.90378880500793,
  "Validate": [
    3.3242812156677246,
    3.1855928897857666,
    3.100499153137207,
    3.067312002182007,
    2.9927902221679688,
    2.9794137477874756,
    2.93349289894104,
    2.9013173580169678,
    2.855529546737671,
    2.8349525928497314,
    2.870607852935791,
    2.6339056491851807,
    2.8592846393585205,
    2.6418991088867188,
    2.715078592300415,
    2.698481321334839,
    2.649117946624756,
    2.585937261581421,
    2.6522867679595947,
    2.682002067565918,
    3.317547082901001,
    2.3352224826812744,
    2.563310146331787,
    2.44674015045166,
    2.487245798110962,
    2.521550178527832,
    2.634781837463379,
    2.6607377529144287,
    2.768402338027954,
    2.4683103561401367,
    2.6556880474090576,
    2.4440481662750244,
    2.343534231185913,
    2.65913987159729,
    2.474011182785034,
    2.285879611968994,
    2.311765432357788,
    2.2355005741119385,
    2.2828385829925537,
    2.173388957977295,
    2.3422837257385254,
    2.1787467002868652,
    2.2603304386138916,
    2.2352142333984375,
    3.0718424320220947,
    2.510247230529785,
    2.3361928462982178,
    2.276305913925171,
    2.211414098739624,
    2.002704620361328,
    2.4468507766723633,
    2.023653984069824,
    2.553454637527466,
    4.448155403137207,
    2.6335108280181885,
    2.5039103031158447,
    2.381197929382324,
    2.4057161808013916,
    2.302724838256836,
    2.2928507328033447,
    2.3476641178131104,
    2.364687919616699,
    2.34189510345459,
    2.4310030937194824,
    4.3668904304504395,
    2.832467794418335,
    2.4645872116088867,
    3.050708055496216,
    3.3679158687591553,
    3.141859531402588,
    3.195854425430298,
    3.0504729747772217,
    2.995711326599121,
    3.0352089405059814,
    3.073174476623535,
    2.9767816066741943,
    4.0309977531433105,
    3.9103567600250244,
    3.137181043624878,
    3.09725022315979,
    3.3673574924468994,
    3.526986598968506,
    3.1863443851470947,
    3.294680118560791,
    3.1223044395446777,
    3.113818407058716,
    3.2187538146972656,
    3.344261407852173,
    3.3069722652435303,
    3.2855913639068604,
    3.0913007259368896,
    3.064525842666626,
    3.172434091567993,
    3.4670562744140625,
    3.3063039779663086,
    3.454907178878784,
    3.1197478771209717,
    3.6330223083496094,
    3.525223731994629,
    3.4362425804138184
  ]
}