{
  "Train": [
    0.9750467538833618,
    0.7282448410987854,
    0.6219586133956909,
    0.6560609936714172,
    0.5479704737663269,
    0.5286214351654053,
    0.5147016048431396,
    0.49853765964508057,
    0.4775923490524292,
    0.47685274481773376,
    0.46853330731391907,
    0.4262259304523468,
    0.4231274724006653,
    0.4190056025981903,
    0.3916400969028473,
    0.3621687591075897,
    0.34660354256629944,
    0.335124671459198,
    0.32744306325912476,
    0.3184591829776764,
    0.31309741735458374,
    0.30126938223838806,
    0.2893919348716736,
    0.4530338644981384,
    0.36249351501464844,
    0.26693248748779297,
    0.2608622610569,
    0.2678064703941345,
    0.2443455159664154,
    0.2398044615983963,
    0.2333318591117859,
    0.28137242794036865,
    0.3492860794067383,
    0.3555917739868164,
    0.3423573970794678,
    0.32402074337005615,
    0.3126855492591858,
    0.26433512568473816,
    0.24302731454372406,
    0.22393636405467987,
    0.21647748351097107,
    0.19860665500164032,
    0.18907178938388824,
    0.1819273978471756,
    0.1788608431816101,
    0.16877013444900513,
    0.17299988865852356,
    0.1620282530784607,
    0.1651907116174698,
    0.15509182214736938,
    0.15525341033935547,
    0.1657687872648239,
    0.18560469150543213,
    0.16578249633312225,
    0.16137292981147766,
    0.19765210151672363,
    0.15143124759197235,
    0.14181292057037354,
    0.19763822853565216,
    0.21592579782009125,
    0.15349425375461578,
    0.18901218473911285,
    0.16154424846172333,
    0.13736411929130554,
    0.12130671739578247,
    0.12152236700057983,
    0.11593079566955566,
    0.11230460554361343,
    0.11408885568380356,
    0.1389680653810501,
    0.1838516741991043,
    0.18946567177772522,
    0.1734919250011444,
    0.12844453752040863,
    0.11840426921844482,
    0.09950147569179535,
    0.10252316296100616,
    0.13102325797080994,
    0.09971911460161209,
    0.09542708098888397,
    0.07458065450191498,
    0.1100722923874855,
    0.08638026565313339,
    0.3666101098060608,
    0.24631746113300323,
    0.13847264647483826,
    0.09086833894252777,
    0.07604126632213593,
    0.06981757283210754,
    0.06385228782892227,
    0.06004374474287033,
    0.06026105210185051,
    0.06193152442574501,
    0.1446560174226761,
    0.1907806098461151,
    0.09841350466012955,
    0.07627015560865402,
    0.05730578675866127,
    0.05976436659693718,
    0.07180830091238022
  ],
  "Training Time": 128.00183176994324,
  "Validate": [
    NaN,
    NaN,
    NaN,
    NaN,
    NaN,
    NaN,
    NaN,
    NaN,
    NaN,
    NaN,
    NaN,
    NaN,
    NaN,
    NaN,
    NaN,
    NaN,
    NaN,
    NaN,
    NaN,
    NaN,
    NaN,
    NaN,
    NaN,
    NaN,
    NaN,
    NaN,
    NaN,
    NaN,
    NaN,
    NaN,
    NaN,
    NaN,
    NaN,
    NaN,
    NaN,
    NaN,
    NaN,
    NaN,
    NaN,
    NaN,
    NaN,
    NaN,
    NaN,
    NaN,
    NaN,
    NaN,
    NaN,
    NaN,
    NaN,
    NaN,
    NaN,
    NaN,
    NaN,
    NaN,
    NaN,
    NaN,
    NaN,
    NaN,
    NaN,
    NaN,
    NaN,
    NaN,
    NaN,
    NaN,
    NaN,
    NaN,
    NaN,
    NaN,
    NaN,
    NaN,
    NaN,
    NaN,
    NaN,
    NaN,
    NaN,
    NaN,
    NaN,
    NaN,
    NaN,
    NaN,
    NaN,
    NaN,
    NaN,
    NaN,
    NaN,
    NaN,
    NaN,
    NaN,
    NaN,
    NaN,
    NaN,
    NaN,
    NaN,
    NaN,
    NaN,
    NaN,
    NaN,
    NaN,
    NaN,
    NaN
  ]
}