{
  "Train": [
    0.9935064911842346,
    0.8383525609970093,
    0.7001402974128723,
    0.6611760258674622,
    0.675253689289093,
    0.6574026942253113,
    0.6517314910888672,
    0.6329174637794495,
    0.6140647530555725,
    0.5877982974052429,
    0.5501936078071594,
    0.5451225638389587,
    0.5286677479743958,
    0.531119704246521,
    0.5379393100738525,
    0.5296097993850708,
    0.5163280963897705,
    0.5189653635025024,
    0.4995092451572418,
    0.47897711396217346,
    0.45949679613113403,
    0.446287602186203,
    0.4600091278553009,
    0.4205417037010193,
    0.4204581379890442,
    0.44653210043907166,
    0.40884870290756226,
    0.4325335621833801,
    0.384226530790329,
    0.4230377674102783,
    0.38298702239990234,
    0.4055066704750061,
    0.3834591209888458,
    0.34520211815834045,
    0.3473488390445709,
    0.3224756419658661,
    0.3327998220920563,
    0.33163216710090637,
    0.300192266702652,
    0.3104114532470703,
    0.31270208954811096,
    0.287135511636734,
    0.2686059772968292,
    0.3038099706172943,
    0.2738470733165741,
    0.26726067066192627,
    0.2665306627750397,
    0.32066217064857483,
    0.2678430378437042,
    0.25105875730514526,
    0.29019322991371155,
    0.29776766896247864,
    0.2942407429218292,
    0.3040752410888672,
    0.26263126730918884,
    0.2714065611362457,
    0.4541473686695099,
    0.4729255735874176,
    0.3543100655078888,
    0.2944280207157135,
    0.2411072999238968,
    0.24021530151367188,
    0.22042307257652283,
    0.22000952064990997,
    0.20593932271003723,
    0.21561218798160553,
    0.3136496841907501,
    0.34842148423194885,
    0.4521501064300537,
    0.37340089678764343,
    0.2533949017524719,
    0.23810438811779022,
    0.22011394798755646,
    0.2036110907793045,
    0.19683900475502014,
    0.18694530427455902,
    0.19454045593738556,
    0.18894235789775848,
    0.18406860530376434,
    0.2666037976741791,
    0.26088687777519226,
    0.16740663349628448,
    0.16511297225952148,
    0.1559932678937912,
    0.16179075837135315,
    0.15061628818511963,
    0.20105727016925812,
    0.20280864834785461,
    0.1480010598897934,
    0.1419685333967209,
    0.1361541599035263,
    0.12974543869495392,
    0.13442279398441315,
    0.1356181800365448,
    0.15352566540241241,
    0.12782056629657745,
    0.12768514454364777,
    0.12317059189081192,
    0.12454770505428314,
    0.12571509182453156
  ],
  "Training Time": 95.6265172958374,
  "Validate": [
    0.3335566520690918,
    0.347301721572876,
    0.3833872675895691,
    0.3979572057723999,
    0.34908002614974976,
    0.35580265522003174,
    0.33650872111320496,
    0.35169079899787903,
    0.372308611869812,
    0.39428645372390747,
    0.39745157957077026,
    0.41906148195266724,
    0.4273853600025177,
    0.44611766934394836,
    0.44254350662231445,
    0.45632264018058777,
    0.4506191909313202,
    0.49491995573043823,
    0.5096434950828552,
    0.5605866312980652,
    0.5477867126464844,
    0.4808706045150757,
    0.5953875184059143,
    0.5642707347869873,
    0.5147475004196167,
    0.5836161375045776,
    0.5280550718307495,
    0.6287656426429749,
    0.5832502841949463,
    0.6243792772293091,
    0.5998744964599609,
    0.6532287001609802,
    0.613099992275238,
    0.6417849063873291,
    0.6620914936065674,
    0.6281064748764038,
    0.6758366823196411,
    0.6433851718902588,
    0.615366518497467,
    0.6509463787078857,
    0.6395218372344971,
    0.6364391446113586,
    0.6704513430595398,
    0.7433313131332397,
    0.6300323009490967,
    0.7258838415145874,
    0.622276246547699,
    0.7004153728485107,
    0.6649037003517151,
    0.6911958456039429,
    0.546703577041626,
    0.7234113216400146,
    0.7695404291152954,
    0.7361377477645874,
    0.6884119510650635,
    0.7723124027252197,
    0.7506603598594666,
    0.4774493873119354,
    0.6570510864257812,
    0.6375064253807068,
    0.6841920614242554,
    0.727382481098175,
    0.7746307253837585,
    0.7271578907966614,
    0.7220159769058228,
    0.7312881946563721,
    0.6491193771362305,
    0.615991473197937,
    0.6203105449676514,
    0.5942732095718384,
    0.6823014616966248,
    0.7122697234153748,
    0.7337157726287842,
    0.7193324565887451,
    0.7490438222885132,
    0.7364215850830078,
    0.7681846618652344,
    0.7486361861228943,
    0.7432407140731812,
    0.6537951827049255,
    0.7019330859184265,
    0.7657745480537415,
    0.7381412982940674,
    0.7201583385467529,
    0.7401516437530518,
    0.72739177942276,
    0.6359136700630188,
    0.6877990961074829,
    0.7039547562599182,
    0.7180446982383728,
    0.7132459282875061,
    0.706045389175415,
    0.7238969206809998,
    0.6854889392852783,
    0.6962260007858276,
    0.7323412299156189,
    0.7265090346336365,
    0.7829513549804688,
    0.6931512355804443,
    0.7368711829185486
  ]
}