{
  "Train": [
    0.5421276688575745,
    0.43275514245033264,
    0.3867112100124359,
    0.3497392237186432,
    0.32607555389404297,
    0.31284192204475403,
    0.30441728234291077,
    0.2977825701236725,
    0.2920297682285309,
    0.2868318259716034
  ],
  "Training Time": 3.907916307449341,
  "Validate": [
    52.58013153076172,
    52.3295783996582,
    52.08503723144531,
    51.747615814208984,
    51.28227996826172,
    50.744075775146484,
    50.18486404418945,
    49.62617492675781,
    49.0761833190918,
    48.54269790649414
  ]
}