{
  "Train": [
    0.2418956458568573,
    0.17821060121059418,
    0.15388363599777222,
    0.12959831953048706,
    0.11656276136636734,
    0.10608326643705368,
    0.09186176210641861,
    0.08222135156393051,
    0.0774020329117775,
    0.07560953497886658
  ],
  "Training Time": 3.0483455657958984,
  "Validate": [
    NaN,
    NaN,
    NaN,
    NaN,
    NaN,
    NaN,
    NaN,
    NaN,
    NaN,
    NaN
  ]
}