{
  "Train": [
    1.0562946796417236,
    0.6884896159172058,
    0.635685920715332,
    0.522396445274353,
    0.47132280468940735,
    0.4389157295227051,
    0.398772269487381,
    0.3681820333003998,
    0.3556796908378601,
    0.34783944487571716,
    0.34174084663391113,
    0.35949593782424927,
    0.37719494104385376,
    0.33232444524765015,
    0.31248635053634644,
    0.2997920513153076,
    0.300673246383667,
    0.29752132296562195,
    0.29462510347366333,
    0.2928299605846405,
    0.294302374124527,
    0.2944605052471161,
    0.2906591594219208,
    0.28001540899276733,
    0.2814330756664276,
    0.3054141104221344,
    0.2957780361175537,
    0.3154434561729431,
    0.33287709951400757,
    0.2729063332080841,
    0.2408565729856491,
    0.24242711067199707,
    0.20340420305728912,
    0.1979370266199112,
    0.1971304565668106,
    0.2161252200603485,
    0.18960483372211456,
    0.17179730534553528,
    0.1762629896402359,
    0.15580616891384125,
    0.16564519703388214,
    0.14841629564762115,
    0.1587732583284378,
    0.1717858612537384,
    0.189163476228714,
    0.23973092436790466,
    0.1345524936914444,
    0.12880544364452362,
    0.12653771042823792,
    0.13919682800769806,
    0.1360601931810379,
    0.19578500092029572,
    0.17284215986728668,
    0.14713294804096222,
    0.12921938300132751,
    0.0984654575586319,
    0.08938805013895035,
    0.11019652336835861,
    0.1091529056429863,
    0.10745403915643692,
    0.09508184343576431,
    0.08172310143709183,
    0.0966992899775505,
    0.09970052540302277,
    0.08572445064783096,
    0.0905969887971878,
    0.08564476668834686,
    0.10554800182580948,
    0.193196102976799,
    0.1351938247680664,
    0.2238086760044098,
    0.1717757284641266,
    0.21854209899902344,
    0.14303135871887207,
    0.09132540225982666,
    0.07492382824420929,
    0.07758816331624985,
    0.07341749966144562,
    0.07207415252923965,
    0.0655679926276207,
    0.06894733756780624,
    0.06751369684934616,
    0.059156954288482666,
    0.0569843165576458,
    0.06286600232124329,
    0.04324325546622276,
    0.05931323766708374,
    0.07246370613574982,
    0.09376438707113266,
    0.08834545314311981,
    0.07595048099756241,
    0.059813160449266434,
    0.056334465742111206,
    0.08216557651758194,
    0.12481676787137985,
    0.09347272664308548,
    0.10423920303583145,
    0.05610518530011177,
    0.030590185895562172,
    0.029103126376867294
  ],
  "Training Time": 100.55933618545532,
  "Validate": [
    0.7829017043113708,
    0.5947660207748413,
    0.7509899139404297,
    0.8052747845649719,
    0.9295868277549744,
    1.0201091766357422,
    1.0775032043457031,
    1.1292160749435425,
    1.1734144687652588,
    1.184220314025879,
    1.2051249742507935,
    1.2240675687789917,
    1.2695271968841553,
    1.3038268089294434,
    1.366702914237976,
    1.3918629884719849,
    1.4085153341293335,
    1.4370481967926025,
    1.4665725231170654,
    1.498237133026123,
    1.5358058214187622,
    1.572849988937378,
    1.58580482006073,
    1.5298123359680176,
    1.5369311571121216,
    1.484475016593933,
    1.5732460021972656,
    1.599941372871399,
    1.526814579963684,
    1.5548874139785767,
    1.5984972715377808,
    1.5892642736434937,
    1.592431664466858,
    1.644564151763916,
    1.6474632024765015,
    1.6439805030822754,
    1.6455963850021362,
    1.6563366651535034,
    1.6734237670898438,
    1.690758466720581,
    1.735295057296753,
    1.761991024017334,
    1.758995771408081,
    1.7774879932403564,
    1.7487235069274902,
    1.6815615892410278,
    1.696970820426941,
    1.8030517101287842,
    1.8285404443740845,
    1.8975334167480469,
    1.909184217453003,
    1.8164029121398926,
    1.8836926221847534,
    1.8841720819473267,
    1.861997127532959,
    1.8778988122940063,
    1.8976763486862183,
    1.822679877281189,
    1.888433575630188,
    1.844211459159851,
    1.8072758913040161,
    1.860066533088684,
    1.8803192377090454,
    1.9559454917907715,
    1.9480358362197876,
    1.9139941930770874,
    1.997591495513916,
    1.995775580406189,
    1.8095335960388184,
    2.1040945053100586,
    1.7928028106689453,
    1.9745742082595825,
    1.8459194898605347,
    2.0048415660858154,
    2.044731378555298,
    2.022265672683716,
    2.0666658878326416,
    2.082489252090454,
    2.025057077407837,
    2.0180482864379883,
    1.9837909936904907,
    1.9720101356506348,
    1.998054027557373,
    2.0090622901916504,
    1.9915176630020142,
    1.997872233390808,
    2.039409875869751,
    2.109226942062378,
    2.025696039199829,
    1.9937046766281128,
    2.0401971340179443,
    2.0986328125,
    2.0633296966552734,
    2.0726842880249023,
    2.0091702938079834,
    2.066002130508423,
    2.03977108001709,
    1.9905887842178345,
    1.9971760511398315,
    1.9624218940734863
  ]
}