{
  "Train": [
    1.084154725074768,
    1.0125768184661865,
    0.983407199382782,
    0.9584376811981201,
    0.9562494158744812,
    0.9369878768920898,
    0.9307720065116882,
    0.9156966805458069,
    0.9068226218223572,
    0.8986956477165222
  ],
  "Training Time": 13.15126657485962,
  "Validate": [
    NaN,
    NaN,
    NaN,
    NaN,
    NaN,
    NaN,
    NaN,
    NaN,
    NaN,
    NaN
  ]
}