{
  "Train": [
    1.0995917320251465,
    1.0828760862350464,
    1.074341893196106,
    1.0646629333496094,
    1.05074942111969,
    1.0304323434829712,
    0.9888772368431091,
    0.9456363320350647,
    0.8834871053695679,
    0.8726842999458313,
    1.0414632558822632,
    0.8362016081809998,
    0.79600989818573,
    0.7880529761314392,
    0.7765575051307678,
    0.7673600912094116,
    0.768628716468811,
    0.7732175588607788,
    0.719436764717102,
    0.6920228004455566,
    0.7104655504226685,
    0.642131507396698,
    0.6238453984260559,
    0.5972012281417847,
    0.5928060412406921,
    0.5779044032096863,
    0.5758129358291626,
    0.5591729283332825,
    0.538873553276062,
    0.5007352828979492,
    0.468656450510025,
    0.4948701560497284,
    0.4792582094669342,
    0.46109628677368164,
    0.48296624422073364,
    0.4052974283695221,
    0.4194003939628601,
    0.369492769241333,
    0.4433264136314392,
    0.41872870922088623,
    0.35198572278022766,
    0.31853559613227844,
    0.2881998121738434,
    0.27927926182746887,
    0.2708681523799896,
    0.2546025216579437,
    0.2877234220504761,
    0.2678288221359253,
    0.2750507891178131,
    0.33181121945381165,
    0.3111139237880707,
    0.27241411805152893,
    0.22713974118232727,
    0.2839725911617279,
    0.3201916217803955,
    0.3050515651702881,
    0.2615704834461212,
    0.20399267971515656,
    0.17765507102012634,
    0.15972930192947388,
    0.14510588347911835,
    0.13320258259773254,
    0.11636462807655334,
    0.11120082437992096,
    0.13506056368350983,
    0.18274439871311188,
    0.27066659927368164,
    0.24882926046848297,
    0.16485744714736938,
    0.1425306797027588,
    0.13129271566867828,
    0.08808807283639908,
    0.08215439319610596,
    0.08487922698259354,
    0.07364974170923233,
    0.0718110129237175,
    0.07516223192214966,
    0.10861393064260483,
    0.1166810393333435,
    0.10165904462337494,
    0.098260298371315,
    0.0707319900393486,
    0.04724244400858879,
    0.05642857775092125,
    0.10052494704723358,
    0.2039802074432373,
    0.09011165797710419,
    0.05497705563902855,
    0.03557094931602478,
    0.037602994590997696,
    0.03259933739900589,
    0.028997424989938736,
    0.023834427818655968,
    0.026401838287711143,
    0.050556883215904236,
    0.07509764283895493,
    0.09595003724098206,
    0.09194780886173248,
    0.07400441914796829,
    0.03932312875986099
  ],
  "Training Time": 81.48818874359131,
  "Validate": [
    4.371048450469971,
    4.338233947753906,
    4.273102760314941,
    4.196661949157715,
    4.145554542541504,
    4.116096019744873,
    4.050832271575928,
    3.963036298751831,
    3.9185006618499756,
    3.673154592514038,
    3.7529261112213135,
    3.5462028980255127,
    3.5176889896392822,
    3.53886342048645,
    3.565004587173462,
    3.6043624877929688,
    3.6971559524536133,
    3.7761952877044678,
    3.747872829437256,
    3.861452341079712,
    3.8797059059143066,
    3.8351378440856934,
    3.9140985012054443,
    3.906064033508301,
    3.926278591156006,
    3.9328551292419434,
    3.9295051097869873,
    3.9022154808044434,
    3.95950984954834,
    3.906200408935547,
    3.9339113235473633,
    4.047534942626953,
    4.222628116607666,
    4.0292205810546875,
    3.906480550765991,
    3.8490347862243652,
    3.9590585231781006,
    4.036245822906494,
    3.949692487716675,
    4.0631489753723145,
    4.1378493309021,
    4.175634860992432,
    4.308800220489502,
    4.326331615447998,
    4.427691459655762,
    4.547166347503662,
    4.855632781982422,
    4.824592113494873,
    4.612034797668457,
    4.31248140335083,
    4.485451698303223,
    4.406068325042725,
    4.67943000793457,
    4.947301387786865,
    4.565049171447754,
    4.751541614532471,
    4.668002605438232,
    4.552347183227539,
    4.642952919006348,
    4.75562858581543,
    4.825488567352295,
    4.85563850402832,
    4.840922832489014,
    4.766952037811279,
    4.7333807945251465,
    5.007858753204346,
    4.3954548835754395,
    4.75855016708374,
    4.693078994750977,
    4.523585319519043,
    4.582107067108154,
    4.788777828216553,
    4.804793357849121,
    5.02323579788208,
    4.874429225921631,
    5.027374744415283,
    5.128301620483398,
    4.47653341293335,
    5.117852687835693,
    5.164329528808594,
    5.287050247192383,
    4.912328720092773,
    5.045638561248779,
    5.153779029846191,
    5.3832316398620605,
    4.671025276184082,
    4.971004486083984,
    5.307796955108643,
    5.320866584777832,
    5.287820816040039,
    5.362471103668213,
    5.376040458679199,
    5.321638584136963,
    5.191097736358643,
    5.396590709686279,
    5.163613319396973,
    5.084094047546387,
    5.1341872215271,
    5.101104736328125,
    5.092823505401611
  ]
}