{
  "Train": [
    1.3832193613052368,
    0.923176646232605,
    0.7562379240989685,
    0.6369134783744812,
    0.5598796010017395,
    0.3851046860218048,
    0.336902379989624,
    0.4563164710998535,
    0.44172000885009766,
    0.3783929944038391,
    0.34562593698501587,
    0.33637017011642456,
    0.3203710615634918,
    0.3016616404056549,
    0.28962963819503784,
    0.2859817147254944,
    0.2796577513217926,
    0.26841166615486145,
    0.26124313473701477,
    0.2584972083568573,
    0.25527969002723694,
    0.25004369020462036,
    0.24317696690559387,
    0.2368980199098587,
    0.23106035590171814,
    0.22524750232696533,
    0.21923987567424774,
    0.21327552199363708,
    0.20770478248596191,
    0.19957983493804932,
    0.19717957079410553,
    0.19976010918617249,
    0.2466164529323578,
    0.21868154406547546,
    0.24282799661159515,
    0.21227814257144928,
    0.269786536693573,
    0.18851283192634583,
    0.1637990027666092,
    0.1493275910615921,
    0.14677150547504425,
    0.21714603900909424,
    0.2629270851612091,
    0.1687917411327362,
    0.1536511927843094,
    0.1569792777299881,
    0.14625582098960876,
    0.15054801106452942,
    0.14449968934059143,
    0.14833807945251465,
    0.1500340700149536,
    0.15632160007953644,
    0.14727535843849182,
    0.14344508945941925,
    0.13414941728115082,
    0.16591550409793854,
    0.15489229559898376,
    0.1713140308856964,
    0.16885176301002502,
    0.451419860124588,
    0.20214621722698212,
    0.17626431584358215,
    0.12395943701267242,
    0.12000083923339844,
    0.12031304091215134,
    0.11752258241176605,
    0.11856454610824585,
    0.11358996480703354,
    0.11602611094713211,
    0.10790079087018967,
    0.11402467638254166,
    0.11133448779582977,
    0.11260298639535904,
    0.10366984456777573,
    0.11013350635766983,
    0.10621227324008942,
    0.106101393699646,
    0.10364929586648941,
    0.10548876971006393,
    0.10374941676855087,
    0.11433624476194382,
    0.1286565065383911,
    0.09766464680433273,
    0.1340000182390213,
    0.1105288490653038,
    0.09650059044361115,
    0.09526176005601883,
    0.09185565263032913,
    0.0885682925581932,
    0.21585512161254883,
    0.1334015130996704,
    0.10326122492551804,
    0.09472683817148209,
    0.21445579826831818,
    0.1276686191558838,
    0.1321416050195694,
    0.1517709642648697,
    0.10190778970718384,
    0.07738270610570908,
    0.07812239229679108
  ],
  "Training Time": 104.49058270454407,
  "Validate": [
    1.81280517578125,
    2.0775344371795654,
    1.4468787908554077,
    1.2758173942565918,
    1.2914609909057617,
    1.1256600618362427,
    1.216500163078308,
    1.4778376817703247,
    1.5019587278366089,
    1.5489280223846436,
    1.5826388597488403,
    1.619195580482483,
    1.6628535985946655,
    1.6750900745391846,
    1.6549125909805298,
    1.6373481750488281,
    1.6370755434036255,
    1.6414713859558105,
    1.6400336027145386,
    1.6303550004959106,
    1.639641284942627,
    1.6514275074005127,
    1.6606171131134033,
    1.667709469795227,
    1.6740517616271973,
    1.6864513158798218,
    1.6948096752166748,
    1.713416576385498,
    1.7315165996551514,
    1.748329520225525,
    1.8555446863174438,
    1.6268069744110107,
    1.6841614246368408,
    2.416154384613037,
    2.063300848007202,
    1.782344102859497,
    1.2793985605239868,
    1.6615597009658813,
    1.5884648561477661,
    1.6239711046218872,
    1.5805785655975342,
    1.4641467332839966,
    1.4381417036056519,
    1.7864001989364624,
    1.6303009986877441,
    2.010354518890381,
    1.737213134765625,
    2.5964033603668213,
    1.734598994255066,
    2.221076488494873,
    1.8442562818527222,
    2.8374459743499756,
    1.8625026941299438,
    2.1247494220733643,
    2.12374210357666,
    2.0478105545043945,
    1.9253017902374268,
    2.180410623550415,
    1.6926947832107544,
    1.9288246631622314,
    1.70879065990448,
    2.058135509490967,
    1.718167781829834,
    1.9925360679626465,
    1.7002094984054565,
    2.26540470123291,
    1.7236629724502563,
    2.356818914413452,
    1.768970012664795,
    2.351909875869751,
    1.6759196519851685,
    2.2014830112457275,
    1.7620598077774048,
    2.1862199306488037,
    1.7085741758346558,
    2.003267526626587,
    1.6590373516082764,
    1.9927849769592285,
    1.7936900854110718,
    1.9885410070419312,
    1.6469095945358276,
    1.8508788347244263,
    1.587349772453308,
    1.7934589385986328,
    1.5560230016708374,
    1.3842554092407227,
    1.5317127704620361,
    1.5017024278640747,
    1.3074342012405396,
    1.5119839906692505,
    1.3747836351394653,
    1.410210371017456,
    1.4000096321105957,
    1.2479701042175293,
    1.827085018157959,
    1.4886242151260376,
    1.3783965110778809,
    1.5873264074325562,
    1.8138774633407593,
    1.509459376335144
  ]
}