{
  "Train": [
    1.0655670166015625,
    1.058390736579895,
    1.056397557258606,
    1.0551328659057617,
    1.054206132888794,
    1.0534759759902954,
    1.0528594255447388,
    1.0523179769515991,
    1.0518254041671753,
    1.0513509511947632
  ],
  "Training Time": 3.638044834136963,
  "Validate": [
    7.247169017791748,
    7.251237869262695,
    7.259047508239746,
    7.267646312713623,
    7.276938438415527,
    7.2865681648254395,
    7.2967071533203125,
    7.30745267868042,
    7.318648815155029,
    7.330554008483887
  ]
}