{
  "Train": [
    1.1106613874435425,
    1.0315420627593994,
    1.0151795148849487,
    0.9926803708076477,
    1.0421963930130005,
    1.00058114528656,
    0.94911789894104,
    1.1109461784362793,
    0.9511894583702087,
    0.9144225716590881
  ],
  "Training Time": 9.345041275024414,
  "Validate": [
    NaN,
    NaN,
    NaN,
    NaN,
    NaN,
    NaN,
    NaN,
    NaN,
    NaN,
    NaN
  ]
}