{
  "Train": [
    1.1622623205184937,
    1.1496779918670654,
    1.1434587240219116,
    1.1352112293243408,
    1.1429437398910522,
    1.1359912157058716,
    1.1288414001464844,
    1.101755142211914,
    1.1909799575805664,
    1.1460587978363037
  ],
  "Training Time": 15.811917066574097,
  "Validate": [
    1.014631986618042,
    1.0365220308303833,
    1.0217300653457642,
    0.974754273891449,
    1.14972984790802,
    1.0941212177276611,
    1.0621006488800049,
    1.1192597150802612,
    1.2275315523147583,
    1.222962737083435
  ]
}