{
  "Train": [
    0.18425394594669342,
    0.059907879680395126,
    0.047971710562705994,
    0.04192064702510834,
    0.03964611515402794,
    0.0349670872092247,
    0.036814071238040924,
    0.03190065175294876,
    0.030191682279109955,
    0.029455557465553284,
    0.028864393010735512,
    0.02732171304523945,
    0.028864536434412003,
    0.026990514248609543,
    0.0247349813580513,
    0.02445467934012413,
    0.023723885416984558,
    0.023152444511651993,
    0.02263505570590496,
    0.022189412266016006,
    0.021762162446975708,
    0.021335318684577942,
    0.020944496616721153,
    0.020615562796592712,
    0.02033589780330658
  ],
  "Training Time": 22.716317653656006,
  "Validate": [
    NaN,
    NaN,
    NaN,
    NaN,
    NaN,
    NaN,
    NaN,
    NaN,
    NaN,
    NaN,
    NaN,
    NaN,
    NaN,
    NaN,
    NaN,
    NaN,
    NaN,
    NaN,
    NaN,
    NaN,
    NaN,
    NaN,
    NaN,
    NaN,
    NaN
  ]
}