{
  "Train": [
    0.18079900741577148,
    0.10616558790206909,
    0.09413144737482071,
    0.08536666631698608,
    0.0751800388097763,
    0.06855010241270065,
    0.06318141520023346,
    0.0580587200820446,
    0.052928514778614044,
    0.047700587660074234,
    0.042560067027807236,
    0.0391700342297554,
    0.04075721278786659,
    0.035623401403427124,
    0.03889866918325424,
    0.02873450145125389,
    0.026290753856301308,
    0.024915888905525208,
    0.02413051761686802,
    0.023676246404647827,
    0.03572917729616165,
    0.023781727999448776,
    0.022233931347727776,
    0.02143172360956669,
    0.022695252671837807
  ],
  "Training Time": 17.464282989501953,
  "Validate": [
    0.10623912513256073,
    0.1403912603855133,
    0.11389164626598358,
    0.0910104438662529,
    0.07864383608102798,
    0.07099930942058563,
    0.06591338664293289,
    0.06265544891357422,
    0.06080992519855499,
    0.06008448451757431,
    0.059963978826999664,
    0.06034763157367706,
    0.0616920106112957,
    0.0630493238568306,
    0.060549065470695496,
    0.06420452892780304,
    0.06037936359643936,
    0.06047491729259491,
    0.06791426241397858,
    0.06571995466947556,
    0.07323876023292542,
    0.0637153834104538,
    0.057933904230594635,
    0.06745236366987228,
    0.06782849133014679
  ]
}