{
  "Train": [
    1.0418548583984375,
    1.0075360536575317,
    0.9769341349601746,
    0.9551324844360352,
    0.9354698657989502,
    0.9162500500679016,
    0.8948773145675659,
    0.8731434941291809,
    0.8536646366119385,
    0.8384487628936768
  ],
  "Training Time": 14.379971265792847,
  "Validate": [
    NaN,
    NaN,
    NaN,
    NaN,
    NaN,
    NaN,
    NaN,
    NaN,
    NaN,
    NaN
  ]
}