{
  "Train": [
    0.9497700333595276,
    0.9148775935173035,
    0.8491491675376892,
    0.8470431566238403,
    0.8337929844856262,
    0.8228537440299988,
    0.8120272159576416,
    0.8006609082221985,
    0.7930522561073303,
    0.795024037361145,
    0.7913432717323303,
    0.7871227264404297,
    0.7832813858985901,
    0.7794692516326904,
    0.7751491069793701,
    0.7690473794937134,
    0.7600834369659424,
    0.7685765027999878,
    0.7431243062019348,
    0.7332624793052673,
    0.7473124265670776,
    0.7219242453575134,
    0.7180474400520325,
    0.7095996737480164,
    0.701080858707428,
    0.6915673613548279,
    0.6830719113349915,
    0.6778398752212524,
    0.6759647727012634,
    0.6716251969337463,
    0.6633293032646179,
    0.6629313230514526,
    0.6658248901367188,
    0.6559799909591675,
    0.6559741497039795,
    0.6466352939605713,
    0.6369057893753052,
    0.6384176015853882,
    0.63779616355896,
    0.6319512724876404,
    0.6283491253852844,
    0.6249004006385803,
    0.6214858293533325,
    0.6179412007331848,
    0.6141713261604309,
    0.6102816462516785,
    0.6066983342170715,
    0.6034405827522278,
    0.6000890731811523,
    0.5962527990341187,
    0.5919415354728699,
    0.5873731970787048,
    0.5829635858535767,
    0.5825390815734863,
    0.5778136253356934,
    0.5541419982910156,
    0.5414514541625977,
    0.5423526167869568,
    0.5418050289154053,
    0.5409576296806335,
    0.5247684121131897,
    0.6510195732116699,
    0.608559787273407,
    0.5556206703186035,
    0.4975207448005676,
    0.4796643853187561,
    0.4666181802749634,
    0.46418532729148865,
    0.46860459446907043,
    0.4648197293281555,
    0.5010437369346619,
    0.4495645761489868,
    0.4257875084877014,
    0.4255635738372803,
    0.6145399808883667,
    0.5869821310043335,
    0.6439976096153259,
    0.7177662253379822,
    0.8808377385139465,
    0.7073804140090942,
    0.6184006929397583,
    0.5886829495429993,
    0.5723434090614319,
    0.5466331243515015,
    0.5233646035194397,
    0.6032198667526245,
    0.5349943041801453,
    0.5051095485687256,
    0.44740110635757446,
    0.44904375076293945,
    0.406410276889801,
    0.39440709352493286,
    0.3874635100364685,
    0.36369588971138,
    0.36591261625289917,
    0.3305608034133911,
    0.3492066562175751,
    0.38529089093208313,
    0.29003897309303284,
    0.2737388610839844
  ],
  "Training Time": 67.42245197296143,
  "Validate": [
    3.516308546066284,
    3.4035794734954834,
    2.96781063079834,
    2.927222490310669,
    2.8108959197998047,
    2.6939902305603027,
    2.4747214317321777,
    2.125992774963379,
    1.9692736864089966,
    1.9630343914031982,
    1.9595756530761719,
    1.9680500030517578,
    1.9855579137802124,
    2.0149102210998535,
    2.067247152328491,
    2.1887786388397217,
    2.3709230422973633,
    2.255561113357544,
    2.2125189304351807,
    2.465034246444702,
    2.2449164390563965,
    2.280209541320801,
    2.298508882522583,
    2.3018198013305664,
    2.3040785789489746,
    2.3134970664978027,
    2.3331716060638428,
    2.360804319381714,
    2.386502742767334,
    2.4027888774871826,
    2.3954825401306152,
    2.3845808506011963,
    2.384290933609009,
    2.3646109104156494,
    2.3527963161468506,
    2.3202497959136963,
    2.2632410526275635,
    2.2575297355651855,
    2.273329019546509,
    2.2747561931610107,
    2.278080463409424,
    2.2819230556488037,
    2.2892653942108154,
    2.3003506660461426,
    2.3153457641601562,
    2.3326570987701416,
    2.351248264312744,
    2.3699376583099365,
    2.3877925872802734,
    2.4043145179748535,
    2.4226133823394775,
    2.448698043823242,
    2.4867160320281982,
    2.5902862548828125,
    2.48938250541687,
    2.441704273223877,
    2.3354387283325195,
    2.458068609237671,
    2.4696919918060303,
    2.6732022762298584,
    2.893796682357788,
    2.3661632537841797,
    2.7365620136260986,
    2.595184087753296,
    2.8152248859405518,
    2.694288492202759,
    2.545073986053467,
    2.537308692932129,
    2.616948127746582,
    3.1402785778045654,
    2.7726705074310303,
    2.6649560928344727,
    2.6535730361938477,
    2.7587931156158447,
    3.0765609741210938,
    2.975227117538452,
    3.3545339107513428,
    6.275859355926514,
    3.6012651920318604,
    3.045325994491577,
    2.768477201461792,
    2.679105520248413,
    2.6908838748931885,
    2.7908363342285156,
    2.596433401107788,
    2.552027702331543,
    3.166867733001709,
    2.760504961013794,
    3.1915624141693115,
    2.6105666160583496,
    2.927896022796631,
    2.9210867881774902,
    2.8720743656158447,
    2.893935203552246,
    2.966564416885376,
    2.821417808532715,
    2.7741434574127197,
    3.3758370876312256,
    2.863739252090454,
    3.127164363861084
  ]
}