{
  "Train": [
    1.0895715951919556,
    0.7552443742752075,
    0.5450724363327026,
    0.4643935263156891,
    0.4023483395576477,
    0.34986111521720886,
    0.31081604957580566,
    0.28336429595947266,
    0.2664870321750641,
    0.25560957193374634,
    0.2472921460866928,
    0.24064435064792633,
    0.23520274460315704,
    0.23062004148960114,
    0.22660411894321442,
    0.22297793626785278,
    0.21964706480503082,
    0.21656006574630737,
    0.21368308365345,
    0.21098963916301727,
    0.20845532417297363,
    0.20605754852294922,
    0.20377518236637115,
    0.20158913731575012,
    0.1994825154542923
  ],
  "Training Time": 10.397072792053223,
  "Validate": [
    8.012064933776855,
    7.172520160675049,
    6.725103855133057,
    6.288061618804932,
    5.933486461639404,
    5.684045791625977,
    5.545411586761475,
    5.48726224899292,
    5.473495960235596,
    5.469232559204102,
    5.459155559539795,
    5.442821979522705,
    5.422816276550293,
    5.401792049407959,
    5.381743431091309,
    5.3637614250183105,
    5.348266124725342,
    5.335319995880127,
    5.324846267700195,
    5.316745281219482,
    5.310920238494873,
    5.3072991371154785,
    5.3058247566223145,
    5.306450843811035,
    5.309134006500244
  ]
}