{
  "Train": [
    0.23417671024799347,
    0.15588542819023132,
    0.13973160088062286,
    0.12863869965076447,
    0.11879203468561172,
    0.11079192161560059,
    0.10527539253234863,
    0.1016397550702095,
    0.09890526533126831,
    0.09659385681152344,
    0.09457437694072723,
    0.09281090646982193,
    0.09127486497163773,
    0.08992630243301392,
    0.08871128410100937,
    0.0875692293047905,
    0.08645929396152496,
    0.08537881821393967,
    0.08434295654296875,
    0.08335693925619125,
    0.08241918683052063,
    0.0815352201461792,
    0.08071645349264145,
    0.07996715605258942,
    0.07927937060594559
  ],
  "Training Time": 14.784903526306152,
  "Validate": [
    NaN,
    NaN,
    NaN,
    NaN,
    NaN,
    NaN,
    NaN,
    NaN,
    NaN,
    NaN,
    NaN,
    NaN,
    NaN,
    NaN,
    NaN,
    NaN,
    NaN,
    NaN,
    NaN,
    NaN,
    NaN,
    NaN,
    NaN,
    NaN,
    NaN
  ]
}