{
  "Train": [
    0.7242338061332703,
    0.7029963731765747,
    0.6917210221290588,
    0.6801837682723999,
    0.6669114232063293,
    0.6497794389724731,
    0.6250215768814087,
    0.5934716463088989,
    0.5651581883430481,
    0.5376439690589905
  ],
  "Training Time": 4.769465684890747,
  "Validate": [
    0.41599413752555847,
    0.430801123380661,
    0.43353378772735596,
    0.4344628155231476,
    0.436335951089859,
    0.4406810998916626,
    0.4544842839241028,
    0.48321333527565,
    0.5122113823890686,
    0.5315816402435303
  ]
}