{
  "Train": [
    0.9386614561080933,
    0.8879818916320801,
    0.8499552607536316,
    0.8382327556610107,
    0.8305367827415466,
    0.8234524726867676,
    0.8171435594558716,
    0.8104273080825806,
    0.803115725517273,
    0.7953405976295471
  ],
  "Training Time": 5.199359178543091,
  "Validate": [
    3.145751953125,
    3.0493109226226807,
    2.8901114463806152,
    2.826866388320923,
    2.786247730255127,
    2.7405221462249756,
    2.688676357269287,
    2.62282395362854,
    2.540092706680298,
    2.4505765438079834
  ]
}