{
  "Train": [
    0.870171844959259,
    0.4248882234096527,
    0.3019694983959198,
    0.25101780891418457,
    0.22331690788269043,
    0.23520562052726746,
    0.20395731925964355,
    0.21980728209018707,
    0.19830341637134552,
    0.19893322885036469,
    0.18596616387367249,
    0.18598635494709015,
    0.1803087592124939,
    0.17810742557048798,
    0.17440934479236603,
    0.17773842811584473,
    0.16832375526428223,
    0.17597171664237976,
    0.1674567461013794,
    0.16763241589069366,
    0.16496707499027252,
    0.16316339373588562,
    0.1611512452363968,
    0.15852999687194824,
    0.15524350106716156
  ],
  "Training Time": 11.422608375549316,
  "Validate": [
    0.3762451410293579,
    0.4401382505893707,
    0.597733736038208,
    0.6719959378242493,
    0.6140182614326477,
    0.5851550102233887,
    0.6147066354751587,
    0.5390390753746033,
    0.5956242680549622,
    0.540063202381134,
    0.5819130539894104,
    0.5352563261985779,
    0.5710446834564209,
    0.5122125148773193,
    0.5602943301200867,
    0.48726242780685425,
    0.5422847270965576,
    0.47955024242401123,
    0.5285249352455139,
    0.46712931990623474,
    0.5110194087028503,
    0.4449293911457062,
    0.4907627999782562,
    0.4244973361492157,
    0.4566307067871094
  ]
}