{
  "Train": [
    0.16561037302017212,
    0.1215364933013916,
    0.10709922015666962,
    0.10054662823677063,
    0.09617973864078522,
    0.09271618723869324,
    0.0896751880645752,
    0.08702858537435532,
    0.08455882966518402,
    0.08220409601926804,
    0.08012888580560684,
    0.07845229655504227,
    0.07653643190860748,
    0.07495321333408356,
    0.07272754609584808,
    0.07132329046726227,
    0.07058166712522507,
    0.06531106680631638,
    0.06417301297187805,
    0.06158599629998207,
    0.06296316534280777,
    0.057848356664180756,
    0.06453146785497665,
    0.06370498985052109,
    0.061298396438360214
  ],
  "Training Time": 16.23860812187195,
  "Validate": [
    NaN,
    NaN,
    NaN,
    NaN,
    NaN,
    NaN,
    NaN,
    NaN,
    NaN,
    NaN,
    NaN,
    NaN,
    NaN,
    NaN,
    NaN,
    NaN,
    NaN,
    NaN,
    NaN,
    NaN,
    NaN,
    NaN,
    NaN,
    NaN,
    NaN
  ]
}