{
  "Train": [
    1.0766613483428955,
    1.0621081590652466,
    1.0598121881484985,
    1.0585554838180542,
    1.058038353919983,
    1.0576711893081665,
    1.0573859214782715,
    1.0573261976242065,
    1.056597352027893,
    1.0561370849609375
  ],
  "Training Time": 5.540769100189209,
  "Validate": [
    7.1836700439453125,
    7.162552833557129,
    7.164201259613037,
    7.166464805603027,
    7.165842056274414,
    7.169672966003418,
    7.173149585723877,
    7.171833038330078,
    7.18004035949707,
    7.185397624969482
  ]
}