{
  "Train": [
    0.9355462193489075,
    0.6670765280723572,
    0.666881263256073,
    0.600689709186554,
    0.5642624497413635,
    0.5405789613723755,
    0.5198250412940979,
    0.5008770227432251,
    0.48340195417404175,
    0.467445433139801,
    0.4517230987548828,
    0.4395093023777008,
    0.43590179085731506,
    0.42753830552101135,
    0.42262768745422363,
    0.4315304756164551,
    0.44608625769615173,
    0.45451468229293823,
    0.4553816318511963,
    0.4467492699623108,
    0.45656582713127136,
    0.4486826956272125,
    0.4255983531475067,
    0.41953301429748535,
    0.3976360261440277,
    0.39211559295654297,
    0.38716891407966614,
    0.38166865706443787,
    0.3774925172328949,
    0.37353965640068054,
    0.36972787976264954,
    0.39036741852760315,
    0.43083128333091736,
    0.3847735524177551,
    0.4428739547729492,
    0.3738415539264679,
    0.3705010414123535,
    0.3382926285266876,
    0.32213878631591797,
    0.31438034772872925,
    0.30673179030418396,
    0.30062243342399597,
    0.29551178216934204,
    0.335231751203537,
    0.3248942792415619,
    0.3539476692676544,
    0.3188576400279999,
    0.29889729619026184,
    0.28260746598243713,
    0.2713899612426758,
    0.2748085856437683,
    0.27981507778167725,
    0.262050062417984,
    0.25368252396583557,
    0.2491600513458252,
    0.24324847757816315,
    0.24508103728294373,
    0.2582656741142273,
    0.2453380525112152,
    0.23185111582279205,
    0.24233286082744598,
    0.3378112316131592,
    0.3028603196144104,
    0.3779606521129608,
    0.29774364829063416,
    0.21863888204097748,
    0.20436136424541473,
    0.20912609994411469,
    0.20104946196079254,
    0.19538412988185883,
    0.19166259467601776,
    0.20703072845935822,
    0.19345329701900482,
    0.23026731610298157,
    0.31115326285362244,
    0.25554969906806946,
    0.19704686105251312,
    0.19769775867462158,
    0.20114867389202118,
    0.18466319143772125,
    0.19227196276187897,
    0.17673741281032562,
    0.1748180389404297,
    0.16367460787296295,
    0.20944762229919434,
    0.2155640870332718,
    0.20936071872711182,
    0.21063239872455597,
    0.19480714201927185,
    0.16875304281711578,
    0.15867911279201508,
    0.15008880198001862,
    0.14789116382598877,
    0.14467401802539825,
    0.14390961825847626,
    0.14244496822357178,
    0.16564181447029114,
    0.1507614403963089,
    0.17637720704078674,
    0.21773584187030792
  ],
  "Training Time": 141.13201379776,
  "Validate": [
    0.441644549369812,
    0.4200419485569,
    0.4253762364387512,
    0.4832645654678345,
    0.5162400603294373,
    0.5403156876564026,
    0.5572430491447449,
    0.5684994459152222,
    0.5751360058784485,
    0.5787084102630615,
    0.5799119472503662,
    0.5783974528312683,
    0.5839200615882874,
    0.6045528054237366,
    0.6212272047996521,
    0.6228342652320862,
    0.6447811722755432,
    0.6850082278251648,
    0.7108576893806458,
    0.7079370617866516,
    0.7526853084564209,
    0.6515065431594849,
    0.6674296855926514,
    0.6854173541069031,
    0.6983913779258728,
    0.7234734892845154,
    0.7406385540962219,
    0.746037483215332,
    0.7448056936264038,
    0.7427379488945007,
    0.7367517352104187,
    0.7627143263816833,
    0.7607123851776123,
    0.7832563519477844,
    0.7011828422546387,
    0.7185396552085876,
    0.7120274901390076,
    0.7028876543045044,
    0.7172879576683044,
    0.7276611328125,
    0.7376468777656555,
    0.7526666522026062,
    0.769749104976654,
    0.7765107750892639,
    0.7089166045188904,
    0.7538957595825195,
    0.6832947731018066,
    0.685567319393158,
    0.7120236754417419,
    0.6834138035774231,
    0.7338750958442688,
    0.6547818779945374,
    0.6609565019607544,
    0.6492447257041931,
    0.65329509973526,
    0.6021559834480286,
    0.6477468609809875,
    0.5504030585289001,
    0.6095284223556519,
    0.5818735957145691,
    0.6048988699913025,
    0.8978292942047119,
    0.6179519295692444,
    0.5663149356842041,
    0.8405124545097351,
    0.8843521475791931,
    0.8707647323608398,
    0.9459742903709412,
    0.9373680353164673,
    0.9843576550483704,
    0.9925861358642578,
    1.000769019126892,
    0.892272412776947,
    1.2109850645065308,
    0.8474660515785217,
    1.049458622932434,
    0.8539418578147888,
    0.9741906523704529,
    1.3878036737442017,
    1.11540687084198,
    1.077444314956665,
    1.024450421333313,
    1.3760278224945068,
    1.3832465410232544,
    1.2389717102050781,
    1.2551543712615967,
    1.1467139720916748,
    1.362864375114441,
    1.1116315126419067,
    1.3788506984710693,
    1.2340353727340698,
    1.225409746170044,
    1.055708885192871,
    1.1967873573303223,
    1.1231505870819092,
    1.0955487489700317,
    0.963527500629425,
    1.108402132987976,
    0.7625815868377686,
    1.0487077236175537
  ]
}