{
  "Train": [
    1.1043916940689087,
    1.0908926725387573,
    1.086641788482666,
    1.0828478336334229,
    1.0791945457458496,
    1.0755870342254639,
    1.0703957080841064,
    1.0633673667907715,
    1.0530033111572266,
    1.0355886220932007,
    1.011056661605835,
    0.9708037972450256,
    0.9727714657783508,
    0.9255540370941162,
    0.9195023775100708,
    0.9009175300598145,
    0.8879091143608093,
    0.8832398653030396,
    0.8753281831741333,
    0.8919389247894287,
    0.8552545309066772,
    0.8303940892219543,
    0.8882849216461182,
    0.8332901000976562,
    0.7851682305335999,
    0.7758081555366516,
    0.766971230506897,
    0.7605807185173035,
    0.751190185546875,
    0.906459391117096,
    0.7947188019752502,
    0.7621456384658813,
    0.7700406312942505,
    0.751639187335968,
    0.7375496029853821,
    0.7189381718635559,
    0.7099312543869019,
    0.8586939573287964,
    0.7885541915893555,
    0.8246159553527832,
    0.7634820342063904,
    0.7214998006820679,
    0.6734991073608398,
    0.6612802743911743,
    0.6467607617378235,
    0.6319900155067444,
    0.6224035024642944,
    0.6109070181846619,
    0.6015899181365967,
    0.5897116661071777,
    0.5847555994987488,
    0.57963627576828,
    0.5651412010192871,
    0.5383001565933228,
    0.5198259353637695,
    0.5095998644828796,
    0.5015592575073242,
    0.501939058303833,
    0.49445241689682007,
    0.7044546008110046,
    0.5398464798927307,
    0.7224692106246948,
    0.5846530199050903,
    0.6185944080352783,
    0.5816329121589661,
    0.6288682818412781,
    0.4914894104003906,
    0.4922718107700348,
    0.4323684871196747,
    0.43070343136787415,
    0.4134092926979065,
    0.3871423602104187,
    0.3685362935066223,
    0.36276504397392273,
    0.34865620732307434,
    0.35347780585289,
    0.41535645723342896,
    0.7060433626174927,
    0.6480788588523865,
    0.48368552327156067,
    0.4294997453689575,
    0.33271482586860657,
    0.3246978223323822,
    0.2791301906108856,
    0.2864496409893036,
    0.3271118700504303,
    0.3794494569301605,
    0.40535929799079895,
    0.3735961616039276,
    0.2791338562965393,
    0.27082884311676025,
    0.26550227403640747,
    0.34063151478767395,
    0.3099093437194824,
    0.3774222135543823,
    0.2848201096057892,
    0.2793038487434387,
    0.24811401963233948,
    0.23630377650260925,
    0.23451648652553558
  ],
  "Training Time": 104.75550842285156,
  "Validate": [
    4.382571697235107,
    4.375585079193115,
    4.354376316070557,
    4.328764915466309,
    4.287230968475342,
    4.259777545928955,
    4.252721309661865,
    4.274310111999512,
    4.313163757324219,
    4.360836505889893,
    4.3787760734558105,
    4.370756149291992,
    4.317721843719482,
    4.362027645111084,
    4.342499732971191,
    4.350722312927246,
    4.370795249938965,
    4.387125015258789,
    4.399869918823242,
    4.360662460327148,
    4.387861728668213,
    4.36848783493042,
    4.319543838500977,
    4.348611354827881,
    4.3360185623168945,
    4.296726703643799,
    4.253419399261475,
    4.20214319229126,
    4.145425796508789,
    4.213826656341553,
    4.1436662673950195,
    4.110990524291992,
    4.092822551727295,
    4.053906440734863,
    4.00150203704834,
    3.935333013534546,
    3.898064374923706,
    4.083636283874512,
    3.9894118309020996,
    4.050437927246094,
    3.980034589767456,
    3.93681263923645,
    3.882732629776001,
    3.857977867126465,
    3.8085997104644775,
    3.7446470260620117,
    3.6903574466705322,
    3.6283607482910156,
    3.553241014480591,
    3.506991386413574,
    3.480457305908203,
    3.4213318824768066,
    3.381305456161499,
    3.349045515060425,
    3.2850770950317383,
    3.185555934906006,
    3.1833841800689697,
    3.1023857593536377,
    3.2986083030700684,
    3.4360785484313965,
    3.25581431388855,
    3.5493109226226807,
    3.3839797973632812,
    3.4745676517486572,
    3.4919354915618896,
    3.5818586349487305,
    3.4788527488708496,
    3.4074056148529053,
    3.2616231441497803,
    3.240915536880493,
    3.1877260208129883,
    3.1364173889160156,
    3.148369550704956,
    3.1542837619781494,
    3.1429755687713623,
    3.1750829219818115,
    3.6794540882110596,
    3.786579132080078,
    3.436525583267212,
    3.352268934249878,
    3.3613028526306152,
    3.344947576522827,
    3.3052148818969727,
    3.3276665210723877,
    3.2703704833984375,
    3.4018027782440186,
    3.5394577980041504,
    3.287738561630249,
    3.217965602874756,
    3.191995143890381,
    3.0646438598632812,
    3.033017158508301,
    2.9787445068359375,
    2.9829976558685303,
    3.0960042476654053,
    3.146467685699463,
    3.2068402767181396,
    3.4029734134674072,
    3.4708657264709473,
    3.4709548950195312
  ]
}