{
  "Train": [
    0.7864025831222534,
    0.7492948174476624,
    0.7177741527557373,
    0.7054995894432068,
    0.6963746547698975,
    0.6896226406097412,
    0.6837697625160217,
    0.6788590550422668,
    0.6744941473007202,
    0.6705633401870728
  ],
  "Training Time": 2.5698533058166504,
  "Validate": [
    0.6895390748977661,
    0.700514554977417,
    0.7094197273254395,
    0.7115458250045776,
    0.7125884890556335,
    0.7137191891670227,
    0.7157522439956665,
    0.7184469103813171,
    0.7218055129051208,
    0.7257198095321655
  ]
}