{
  "Train": [
    0.9000716209411621,
    0.8302612900733948,
    0.8203495144844055,
    0.8149979710578918,
    0.811249315738678,
    0.8081763386726379,
    0.805630624294281,
    0.8033031821250916,
    0.8012399673461914,
    0.7993810772895813
  ],
  "Training Time": 3.9497456550598145,
  "Validate": [
    2.569589376449585,
    2.4916303157806396,
    2.4602279663085938,
    2.4333856105804443,
    2.409255027770996,
    2.387746810913086,
    2.3685288429260254,
    2.3530309200286865,
    2.338193655014038,
    2.3282504081726074
  ]
}