{
  "Train": [
    0.1568966954946518,
    0.12059839069843292,
    0.09790100902318954,
    0.08972109854221344,
    0.08422991633415222,
    0.08092783391475677,
    0.0781995952129364,
    0.07710816711187363,
    0.0740174949169159,
    0.07738731056451797,
    0.07120326161384583,
    0.07471403479576111,
    0.06868426501750946,
    0.06950566172599792,
    0.06607012450695038,
    0.06810688972473145,
    0.06585530936717987,
    0.06784866750240326,
    0.06152506545186043,
    0.0642433762550354,
    0.06192586198449135,
    0.06471598148345947,
    0.06455811113119125,
    0.06277140229940414,
    0.05976296216249466
  ],
  "Training Time": 16.568185567855835,
  "Validate": [
    NaN,
    NaN,
    NaN,
    NaN,
    NaN,
    NaN,
    NaN,
    NaN,
    NaN,
    NaN,
    NaN,
    NaN,
    NaN,
    NaN,
    NaN,
    NaN,
    NaN,
    NaN,
    NaN,
    NaN,
    NaN,
    NaN,
    NaN,
    NaN,
    NaN
  ]
}