{
  "Train": [
    0.606948971748352,
    0.3727054297924042,
    0.31037649512290955,
    0.2700972557067871,
    0.24934802949428558,
    0.2330743819475174,
    0.22152209281921387,
    0.21250216662883759,
    0.20468391478061676,
    0.19760672748088837,
    0.19097007811069489,
    0.18451012670993805,
    0.17810404300689697,
    0.17168664932250977,
    0.1653311401605606,
    0.15942081809043884,
    0.1538958102464676,
    0.14878998696804047,
    0.14456500113010406,
    0.14117251336574554,
    0.13846053183078766,
    0.13628362119197845,
    0.13445906341075897,
    0.13286690413951874,
    0.13145089149475098
  ],
  "Training Time": 11.470897912979126,
  "Validate": [
    4.861427307128906,
    4.768782138824463,
    4.797216892242432,
    4.790011882781982,
    4.84616231918335,
    4.944971084594727,
    5.008996963500977,
    5.085316181182861,
    5.15391206741333,
    5.219128608703613,
    5.278374195098877,
    5.330146789550781,
    5.371832370758057,
    5.401233196258545,
    5.41740083694458,
    5.41118049621582,
    5.3815999031066895,
    5.3391523361206055,
    5.290390968322754,
    5.24517297744751,
    5.208884239196777,
    5.182449817657471,
    5.165334224700928,
    5.156090259552002,
    5.151920795440674
  ]
}