{
  "Train": [
    1.1050843000411987,
    0.9951434135437012,
    0.9482832551002502,
    0.9260908961296082,
    0.9021180272102356,
    0.875982403755188,
    0.8582703471183777,
    0.8207565546035767,
    0.7848397493362427,
    0.7444696426391602
  ],
  "Training Time": 16.092742204666138,
  "Validate": [
    1.5266410112380981,
    1.5522525310516357,
    1.6320189237594604,
    1.7227427959442139,
    1.792209506034851,
    1.7717300653457642,
    1.590572714805603,
    1.6464062929153442,
    1.6741352081298828,
    1.8937785625457764
  ]
}