{
  "Train": [
    1.1872506141662598,
    1.1702011823654175,
    1.1698336601257324,
    1.1709083318710327,
    1.1624727249145508,
    1.1583056449890137,
    1.1480971574783325,
    1.1736087799072266,
    1.1470426321029663,
    1.1419228315353394,
    1.1252338886260986,
    1.1227514743804932,
    1.1082614660263062,
    1.1001594066619873,
    1.0867317914962769,
    1.0677458047866821,
    1.0502070188522339,
    1.1090867519378662,
    1.0565416812896729,
    1.0486243963241577,
    1.0437947511672974,
    1.0334343910217285,
    1.0236451625823975,
    1.0074856281280518,
    0.9834397435188293,
    0.9716589450836182,
    0.9625260829925537,
    0.9233168363571167,
    0.9910560250282288,
    0.9706579446792603,
    0.813157320022583,
    0.7939130067825317,
    0.8753533959388733,
    0.8550514578819275,
    0.8348522782325745,
    0.6848733425140381,
    0.7159459590911865,
    0.6747909188270569,
    0.6980862021446228,
    0.7240912914276123,
    0.580748975276947,
    0.5207030177116394,
    0.5897526741027832,
    0.6468149423599243,
    1.203115463256836,
    0.6105280518531799,
    0.5833243727684021,
    0.4765365421772003,
    0.382819801568985,
    0.36089760065078735,
    0.33132368326187134,
    0.297037273645401,
    0.25983721017837524,
    0.22814540565013885,
    0.20761635899543762,
    0.19944357872009277,
    0.19877375662326813,
    0.20046718418598175,
    0.20069274306297302,
    0.18731722235679626,
    0.1968573033809662,
    0.26660189032554626,
    0.6734698414802551,
    0.9527608156204224,
    0.48447921872138977,
    0.2634332776069641,
    0.2270149141550064,
    0.2031821459531784,
    0.1908780187368393,
    0.1816343516111374,
    0.17478470504283905,
    0.1690944880247116,
    0.1642659455537796,
    0.16005617380142212,
    0.15627065300941467,
    0.15280818939208984,
    0.14963717758655548,
    0.1467210352420807,
    0.14400598406791687,
    0.14144040644168854,
    0.1389860063791275,
    0.13662415742874146,
    0.134354367852211,
    0.13218694925308228,
    0.13013190031051636,
    0.12819361686706543,
    0.12636931240558624,
    0.1246509701013565,
    0.12302839756011963,
    0.12149036675691605,
    0.12002267688512802,
    0.11860635876655579,
    0.11721879988908768,
    0.11583736538887024,
    0.11444269120693207,
    0.1130136102437973,
    0.1115228459239006,
    0.10993650555610657,
    0.10823142528533936,
    0.10643497109413147
  ],
  "Training Time": 124.01048040390015,
  "Validate": [
    1.9648395776748657,
    1.9533272981643677,
    1.9687138795852661,
    1.9668620824813843,
    2.01910400390625,
    2.007455348968506,
    2.091566324234009,
    1.9349700212478638,
    2.0353517532348633,
    2.031388521194458,
    2.076864242553711,
    2.045510768890381,
    2.0885610580444336,
    2.0894949436187744,
    2.1167490482330322,
    2.1528539657592773,
    2.086954355239868,
    2.125307083129883,
    2.1618459224700928,
    2.1584625244140625,
    2.1736371517181396,
    2.2035791873931885,
    2.2382688522338867,
    2.2769362926483154,
    2.3363702297210693,
    2.4484269618988037,
    2.477842330932617,
    2.4918227195739746,
    2.4304511547088623,
    2.395303726196289,
    2.6619768142700195,
    2.757385492324829,
    2.4390499591827393,
    2.5633699893951416,
    2.59035325050354,
    2.851773738861084,
    2.7382023334503174,
    2.745105028152466,
    2.675424814224243,
    3.028156042098999,
    2.900803565979004,
    2.945864200592041,
    2.9743196964263916,
    2.596498489379883,
    2.239184617996216,
    3.1585679054260254,
    2.888709783554077,
    2.875386953353882,
    2.942903757095337,
    3.052805185317993,
    3.134885549545288,
    3.174394369125366,
    3.165670156478882,
    3.1113479137420654,
    3.0562562942504883,
    3.0563406944274902,
    3.0779027938842773,
    3.0091936588287354,
    3.081390619277954,
    3.1163125038146973,
    3.265936851501465,
    2.944889783859253,
    4.414506912231445,
    2.5034308433532715,
    2.3642454147338867,
    2.415431022644043,
    2.494202136993408,
    2.548088788986206,
    2.5945777893066406,
    2.6316633224487305,
    2.662977695465088,
    2.691415309906006,
    2.71866774559021,
    2.7455060482025146,
    2.77303147315979,
    2.802427291870117,
    2.834402084350586,
    2.8689935207366943,
    2.905778646469116,
    2.9440765380859375,
    2.9829940795898438,
    3.0214827060699463,
    3.0586204528808594,
    3.0938880443573,
    3.1270804405212402,
    3.158017635345459,
    3.186429738998413,
    3.2120277881622314,
    3.2346434593200684,
    3.2542946338653564,
    3.2711234092712402,
    3.28523850440979,
    3.296645164489746,
    3.3054399490356445,
    3.3120431900024414,
    3.317207098007202,
    3.321702718734741,
    3.3262016773223877,
    3.3312904834747314,
    3.337881326675415
  ]
}