{
  "Train": [
    0.13539303839206696,
    0.12137384712696075,
    0.11559228599071503,
    0.11074569076299667,
    0.10881451517343521,
    0.10520696640014648,
    0.10358165949583054,
    0.10003093630075455,
    0.09847038984298706,
    0.09551354497671127,
    0.09425489604473114,
    0.09174543619155884,
    0.08892396837472916,
    0.08945231139659882,
    0.08098417520523071,
    0.09015234559774399,
    0.08767753839492798,
    0.0808437392115593,
    0.07487570494413376,
    0.08845161646604538,
    0.07467859238386154,
    0.06684617698192596,
    0.06997271627187729,
    0.06960438936948776,
    0.07932280749082565
  ],
  "Training Time": 13.288295269012451,
  "Validate": [
    0.4189164936542511,
    0.2845476269721985,
    0.21431122720241547,
    0.17446570098400116,
    0.14546078443527222,
    0.11824638396501541,
    0.09492716193199158,
    0.07988350838422775,
    0.06798582524061203,
    0.06199752911925316,
    0.060443099588155746,
    0.07153249531984329,
    0.07058560848236084,
    0.06893821060657501,
    0.08131050318479538,
    0.06669595092535019,
    0.05359433591365814,
    0.05555008351802826,
    0.05434174835681915,
    0.08299604803323746,
    0.06922070682048798,
    0.06280093640089035,
    0.06824521720409393,
    0.05811290442943573,
    0.0813799798488617
  ]
}