{
  "Train": [
    0.1537994146347046,
    0.12138915061950684,
    0.10807561874389648,
    0.1053667664527893,
    0.10014019906520844,
    0.09945803880691528,
    0.09576335549354553,
    0.09576031565666199,
    0.0925404354929924,
    0.09309045225381851,
    0.08962327986955643,
    0.09048056602478027,
    0.08641781657934189,
    0.08577322214841843,
    0.08081911504268646,
    0.07620003819465637,
    0.07194454222917557,
    0.06694380193948746,
    0.07016443461179733,
    0.0627792701125145,
    0.06221422925591469,
    0.07240845263004303,
    0.06699547171592712,
    0.0750839039683342,
    0.09678347408771515
  ],
  "Training Time": 17.02485704421997,
  "Validate": [
    NaN,
    NaN,
    NaN,
    NaN,
    NaN,
    NaN,
    NaN,
    NaN,
    NaN,
    NaN,
    NaN,
    NaN,
    NaN,
    NaN,
    NaN,
    NaN,
    NaN,
    NaN,
    NaN,
    NaN,
    NaN,
    NaN,
    NaN,
    NaN,
    NaN
  ]
}