{
  "Train": [
    1.0694797039031982,
    1.0607035160064697,
    1.0573410987854004,
    1.0551283359527588,
    1.053467869758606,
    1.052035927772522,
    1.050637125968933,
    1.0491186380386353,
    1.0473289489746094,
    1.0450853109359741
  ],
  "Training Time": 3.8579535484313965,
  "Validate": [
    7.218607425689697,
    7.262899398803711,
    7.296021938323975,
    7.3202223777771,
    7.339852809906006,
    7.357874393463135,
    7.3758440017700195,
    7.394576549530029,
    7.414556503295898,
    7.4361724853515625
  ]
}