{
  "Train": [
    0.9771057963371277,
    0.944624662399292,
    0.933441162109375,
    0.9240140318870544,
    0.9160254597663879,
    0.9090598225593567,
    0.9026110768318176,
    0.896281898021698,
    0.8896388411521912,
    0.8822371363639832
  ],
  "Training Time": 2.918421983718872,
  "Validate": [
    NaN,
    NaN,
    NaN,
    NaN,
    NaN,
    NaN,
    NaN,
    NaN,
    NaN,
    NaN
  ]
}