{
  "Train": [
    1.0744463205337524,
    1.0621647834777832,
    1.060007095336914,
    1.0586282014846802,
    1.0577491521835327,
    1.057198405265808,
    1.056609869003296,
    1.0561909675598145,
    1.0558079481124878,
    1.055508017539978
  ],
  "Training Time": 5.964291334152222,
  "Validate": [
    7.169707298278809,
    7.163679122924805,
    7.16149377822876,
    7.164433002471924,
    7.168936252593994,
    7.168994426727295,
    7.1743927001953125,
    7.176738262176514,
    7.180675506591797,
    7.186207294464111
  ]
}