{
  "Train": [
    1.0176905393600464,
    1.0120514631271362,
    0.9968356490135193,
    0.9864055514335632,
    0.9770714640617371,
    0.9720044732093811,
    0.9687471389770508,
    0.9646908044815063,
    0.9615151882171631,
    0.9576290249824524
  ],
  "Training Time": 4.086562871932983,
  "Validate": [
    NaN,
    NaN,
    NaN,
    NaN,
    NaN,
    NaN,
    NaN,
    NaN,
    NaN,
    NaN
  ]
}