{
  "Train": [
    1.114485502243042,
    1.111659049987793,
    1.1109064817428589,
    1.1104094982147217,
    1.1102321147918701,
    1.1100826263427734,
    1.1099791526794434,
    1.1097296476364136,
    1.1086567640304565,
    1.1032209396362305
  ],
  "Training Time": 3.3642468452453613,
  "Validate": [
    1.4337180852890015,
    1.4119073152542114,
    1.3995640277862549,
    1.3939955234527588,
    1.3908772468566895,
    1.3894671201705933,
    1.3922096490859985,
    1.3990790843963623,
    1.4260144233703613,
    1.4396498203277588
  ]
}