{
  "Train": [
    0.717398464679718,
    0.6974881887435913,
    0.6858274340629578,
    0.6757124662399292,
    0.6659538149833679,
    0.6567625999450684,
    0.6477071046829224,
    0.6383923888206482,
    0.6320378184318542,
    0.6231551170349121
  ],
  "Training Time": 4.7994630336761475,
  "Validate": [
    0.41402140259742737,
    0.43475520610809326,
    0.4475056827068329,
    0.46077173948287964,
    0.4830794036388397,
    0.5225080847740173,
    0.5515970587730408,
    0.563532292842865,
    0.5852603316307068,
    0.5843045115470886
  ]
}