{
  "Train": [
    0.9455832242965698,
    0.9011015295982361,
    0.8632571697235107,
    0.8489904999732971,
    0.8361563086509705,
    0.8265553712844849,
    0.8168798089027405,
    0.8070178627967834,
    0.7966504096984863,
    0.7857774496078491
  ],
  "Training Time": 5.3793675899505615,
  "Validate": [
    3.825122833251953,
    3.658691167831421,
    3.3860464096069336,
    3.181682825088501,
    3.0258629322052,
    2.918459892272949,
    2.8068411350250244,
    2.6814587116241455,
    2.5270490646362305,
    2.3178529739379883
  ]
}