{
  "Train": [
    0.9832167029380798,
    0.7305908799171448,
    0.6301271319389343,
    0.5531061887741089,
    0.4936067759990692,
    0.43135175108909607,
    0.3887445032596588,
    0.33727821707725525,
    0.3247990310192108,
    0.27712181210517883
  ],
  "Training Time": 13.242432832717896,
  "Validate": [
    0.7542925477027893,
    0.6481090188026428,
    0.7044256925582886,
    0.6727409362792969,
    0.6102496385574341,
    0.6880915760993958,
    0.7364921569824219,
    0.5327624678611755,
    0.5422516465187073,
    0.5915598273277283
  ]
}