{
  "Train": [
    0.22277405858039856,
    0.1679784208536148,
    0.14252376556396484,
    0.1293240189552307,
    0.13007327914237976,
    0.13889504969120026,
    0.11424163728952408,
    0.1038198471069336,
    0.1076357513666153,
    0.11269526183605194
  ],
  "Training Time": 16.89097023010254,
  "Validate": [
    NaN,
    NaN,
    NaN,
    NaN,
    NaN,
    NaN,
    NaN,
    NaN,
    NaN,
    NaN
  ]
}