{
  "Train": [
    0.6817666292190552,
    0.40747398138046265,
    0.3503628671169281,
    0.32886794209480286,
    0.2868775725364685,
    0.27532872557640076,
    0.24920424818992615,
    0.2381514012813568,
    0.22449977695941925,
    0.21372900903224945,
    0.20350104570388794,
    0.19158782064914703,
    0.18764419853687286,
    0.1758282631635666,
    0.17315594851970673,
    0.1597268134355545,
    0.15599174797534943,
    0.1463170349597931,
    0.14359541237354279,
    0.1497369259595871,
    0.14993342757225037,
    0.13933944702148438,
    0.1358126848936081,
    0.1283351629972458,
    0.12769761681556702
  ],
  "Training Time": 11.237066507339478,
  "Validate": [
    0.3882700204849243,
    0.46883872151374817,
    0.5851927399635315,
    0.5707821249961853,
    0.6203102469444275,
    0.5960760116577148,
    0.6440510153770447,
    0.6195645928382874,
    0.6197177767753601,
    0.5651544332504272,
    0.5440596342086792,
    0.5121617913246155,
    0.4798668622970581,
    0.461764931678772,
    0.43161535263061523,
    0.41526544094085693,
    0.3979296386241913,
    0.38857319951057434,
    0.38450658321380615,
    0.3699672818183899,
    0.37883177399635315,
    0.366189181804657,
    0.3529544174671173,
    0.3400116562843323,
    0.3487794101238251
  ]
}