{
  "Train": [
    0.8963271975517273,
    0.8495620489120483,
    0.822433352470398,
    0.7947505116462708,
    0.7650360465049744,
    0.7326393127441406,
    0.6974169015884399,
    0.6597921252250671,
    0.6207716464996338,
    0.5818052887916565
  ],
  "Training Time": 2.3487093448638916,
  "Validate": [
    0.9370632171630859,
    0.9981728792190552,
    0.9941214919090271,
    0.965947687625885,
    0.9226065874099731,
    0.8676418662071228,
    0.8036823272705078,
    0.7338796854019165,
    0.6624029874801636,
    0.5939585566520691
  ]
}