{
  "Train": [
    1.0725294351577759,
    1.0599615573883057,
    1.05733323097229,
    1.0558397769927979,
    1.0548326969146729,
    1.0540597438812256,
    1.0533877611160278,
    1.052763819694519,
    1.0521327257156372,
    1.0514270067214966
  ],
  "Training Time": 3.8979310989379883,
  "Validate": [
    7.185962677001953,
    7.178589820861816,
    7.175736904144287,
    7.176120281219482,
    7.176478385925293,
    7.176488399505615,
    7.176182746887207,
    7.175370216369629,
    7.174337387084961,
    7.173462390899658
  ]
}