{
  "Train": [
    1.1210318803787231,
    1.1118868589401245,
    1.109209656715393,
    1.1077889204025269,
    1.1067150831222534,
    1.1055212020874023,
    1.1035670042037964,
    1.1004126071929932,
    1.095004916191101,
    1.08566415309906
  ],
  "Training Time": 2.4485456943511963,
  "Validate": [
    1.5022021532058716,
    1.4809809923171997,
    1.4785828590393066,
    1.480923056602478,
    1.4867866039276123,
    1.4929639101028442,
    1.4943398237228394,
    1.479621410369873,
    1.4496055841445923,
    1.4154832363128662
  ]
}