{
  "Train": [
    0.3926374316215515,
    0.36243969202041626,
    0.34171468019485474,
    0.3278554081916809,
    0.3158755302429199,
    0.3042582869529724,
    0.2921309471130371,
    0.2792340815067291,
    0.26573076844215393,
    0.25199392437934875
  ],
  "Training Time": 2.9983675479888916,
  "Validate": [
    NaN,
    NaN,
    NaN,
    NaN,
    NaN,
    NaN,
    NaN,
    NaN,
    NaN,
    NaN
  ]
}