{
  "Train": [
    0.8391923904418945,
    0.775424063205719,
    0.7265093326568604,
    0.6831699013710022,
    0.6434745192527771,
    0.6067638397216797,
    0.5724520087242126,
    0.5398429036140442,
    0.5107969045639038,
    0.48333585262298584
  ],
  "Training Time": 2.4886744022369385,
  "Validate": [
    1.0193531513214111,
    0.9405767321586609,
    0.889211893081665,
    0.8360689878463745,
    0.7781838774681091,
    0.715196430683136,
    0.6468248963356018,
    0.5765061974525452,
    0.508298933506012,
    0.4588034152984619
  ]
}