{
  "Train": [
    0.4570625126361847,
    0.35265177488327026,
    0.3149384558200836,
    0.29869651794433594,
    0.2911017835140228,
    0.29056575894355774,
    0.26101627945899963,
    0.3511447012424469,
    0.25241780281066895,
    0.22062364220619202
  ],
  "Training Time": 19.412269353866577,
  "Validate": [
    NaN,
    NaN,
    NaN,
    NaN,
    NaN,
    NaN,
    NaN,
    NaN,
    NaN,
    NaN
  ]
}