{
  "ACF": [
    1.0,
    0.9121103225866551,
    0.8576334325913569,
    0.7901093674089278,
    0.7202319481834587,
    0.6434464360546284,
    0.5537692713479515,
    0.477823411654704,
    0.3899095436674719,
    0.321406201819436,
    0.25010454571099766,
    0.16967459192392828,
    0.13958814907877248,
    0.09199756309340389,
    0.06244514163070752,
    0.03967765194064879,
    0.025167575872943077,
    0.01516756179436025,
    0.0004478855322078508,
    0.009804964655092603,
    0.0024821189899025117,
    0.018212943744702944,
    0.026560930470991822,
    0.0393240182020544,
    0.04510899321464165
  ],
  "PACF": [
    1.0,
    0.9175074250871676,
    0.16451800965928315,
    -0.07731285490164376,
    -0.08147521816363767,
    -0.09937665977236475,
    -0.1565013004840436,
    -0.0011242642530685017,
    -0.0992708603183734,
    0.04450682815797685,
    -0.02008236512350729,
    -0.1363510646426891,
    0.25853465034111445,
    -0.04045425339064685,
    0.006181302963184093,
    0.06488613056168126,
    -0.011316055450162179,
    -0.030058360009322195,
    -0.036273950970403,
    0.06715712691922822,
    -0.04076780160441997,
    0.09581548916630736,
    -0.04565748813718758,
    0.10141262539260429,
    -0.10498485999299943
  ],
  "Confidence": [
    0.1475106448282976,
    -0.15927535071065055,
    0.1475106448282976,
    -0.15927535071065055
  ]
}