{
  "ACF": [
    1.0,
    -0.1096826708460058,
    -0.02956823327125425,
    -0.05255872220924597,
    0.04119760016402122,
    0.06532110260566067,
    0.013775073455598112,
    -0.014369950578449846,
    -0.036464530003273106,
    0.2335262715219613,
    0.16574423492851112,
    -0.3084972698734294,
    0.07645957840555422,
    -0.0318802641852365,
    0.06231568078568364,
    0.026451429422403916,
    0.033412529557173956,
    0.026690312936401027,
    0.04018115204185881,
    0.05839428102063386,
    -0.1585718109025229,
    0.015284630942201137,
    0.05139600613770007,
    0.09796861010494025,
    -0.10583112784488513
  ],
  "PACF": [
    1.0,
    -0.11033168073266855,
    -0.0426120355293903,
    -0.06251936001981145,
    0.028004222400414745,
    0.07226355327282943,
    0.030893074681173024,
    -0.0002537326830166194,
    -0.03324207406751523,
    0.2402599697924523,
    0.24132326553642294,
    -0.3015266531524511,
    0.055329669098043946,
    -0.013231261382943163,
    -0.021255218327794922,
    0.030271095626772458,
    0.07540447774435634,
    0.08285630406953115,
    -0.0002470930772618638,
    -0.04748902912968038,
    -0.06783993786609703,
    0.08471031560640065,
    -0.06154850821293638,
    0.16789926421207638,
    -0.18208683818089905
  ],
  "Confidence": [
    0.1475106448282976,
    -0.15927535071065055,
    0.1475106448282976,
    -0.15927535071065055
  ]
}