{
  "Train": [
    0.6454551815986633,
    0.3097120523452759,
    0.27484574913978577,
    0.2663726508617401,
    0.25327616930007935,
    0.24586796760559082,
    0.2393818348646164,
    0.23299343883991241,
    0.22725673019886017,
    0.22213229537010193,
    0.2173358052968979,
    0.2126697450876236,
    0.2080870121717453,
    0.2035588175058365,
    0.19907839596271515,
    0.19462306797504425,
    0.1901649832725525,
    0.1856635957956314,
    0.18110698461532593,
    0.17655867338180542,
    0.17212678492069244,
    0.16786685585975647,
    0.163766548037529,
    0.159811869263649,
    0.15618933737277985
  ],
  "Training Time": 19.192866325378418,
  "Validate": [
    1.0836306810379028,
    1.1861425638198853,
    1.12092125415802,
    0.997384786605835,
    0.9036417007446289,
    0.8257761001586914,
    0.7668813467025757,
    0.7254208922386169,
    0.6957669854164124,
    0.6735084056854248,
    0.6558646559715271,
    0.6415433883666992,
    0.629808783531189,
    0.6203190684318542,
    0.6128891110420227,
    0.6074075102806091,
    0.6037828922271729,
    0.6020357608795166,
    0.6025428771972656,
    0.6057722568511963,
    0.6120117902755737,
    0.6221796274185181,
    0.6381093859672546,
    0.659409761428833,
    0.6842108368873596
  ]
}