{
  "Train": [
    1.1875513792037964,
    1.1236670017242432,
    1.0982717275619507,
    1.0903613567352295,
    1.0838981866836548,
    1.076966404914856,
    1.0689185857772827,
    1.0595966577529907,
    1.048686146736145,
    1.0350611209869385
  ],
  "Training Time": 9.365026950836182,
  "Validate": [
    NaN,
    NaN,
    NaN,
    NaN,
    NaN,
    NaN,
    NaN,
    NaN,
    NaN,
    NaN
  ]
}