{
  "Train": [
    1.0687623023986816,
    1.0564734935760498,
    1.0508968830108643,
    1.0239328145980835,
    1.0203937292099,
    0.9442852735519409,
    1.016804814338684,
    1.0375443696975708,
    0.899113118648529,
    0.9021309614181519
  ],
  "Training Time": 7.306113958358765,
  "Validate": [
    0.774108350276947,
    0.8774176239967346,
    0.8122945427894592,
    0.8438192009925842,
    0.7711591124534607,
    0.7443366646766663,
    0.5079407691955566,
    0.500958263874054,
    0.47136160731315613,
    0.41894713044166565
  ]
}