{
  "Train": [
    0.9323874115943909,
    0.8977551460266113,
    0.8674500584602356,
    0.8556717038154602,
    0.8471165895462036,
    0.8408119082450867,
    0.8352074027061462,
    0.8303425908088684,
    0.8256526589393616,
    0.8209695219993591,
    0.8161587119102478,
    0.8108739256858826,
    0.8050130009651184,
    0.7981972098350525,
    0.7912425398826599,
    0.7774447202682495,
    0.7709999680519104,
    0.7501673698425293,
    0.7335638999938965,
    0.7184029817581177,
    0.7075440883636475,
    0.6983782052993774,
    0.688635528087616,
    0.6746788620948792,
    0.6567126512527466,
    0.6470710635185242,
    0.6346195340156555,
    0.6533304452896118,
    0.6535801291465759,
    0.6015851497650146,
    0.5727777481079102,
    0.5675642490386963,
    0.5558928847312927,
    0.5557702779769897,
    0.5646345615386963,
    0.5990982055664062,
    0.6111481785774231,
    0.5605878829956055,
    0.5376495718955994,
    0.5417159795761108,
    0.5343011021614075,
    0.5640982985496521,
    0.49306169152259827,
    0.4837144613265991,
    0.5049132108688354,
    0.4814722239971161,
    0.4507335126399994,
    0.4461829364299774,
    0.5327795743942261,
    0.4485745131969452,
    0.4435937702655792,
    0.42957794666290283,
    0.3879278600215912,
    0.3804278075695038,
    0.37107083201408386,
    0.36052244901657104,
    0.3939531147480011,
    0.4463198184967041,
    0.41513776779174805,
    0.3927810788154602,
    0.4083426892757416,
    0.3567945063114166,
    0.3417735993862152,
    0.3484656512737274,
    0.33148396015167236,
    0.335777223110199,
    0.29675233364105225,
    0.2970402240753174,
    0.36425265669822693,
    0.3743811249732971,
    0.2592732310295105,
    0.2497623711824417,
    0.2544842064380646,
    0.25651365518569946,
    0.24906674027442932,
    0.22580601274967194,
    0.21435050666332245,
    0.21116894483566284,
    0.21029843389987946,
    0.20724812150001526,
    0.1921088695526123,
    0.20107994973659515,
    0.218250572681427,
    0.21637733280658722,
    0.2195032387971878,
    0.20310038328170776,
    0.19569192826747894,
    0.19813212752342224,
    0.15758807957172394,
    0.23240168392658234,
    0.26810815930366516,
    0.20309726893901825,
    0.17440801858901978,
    0.20467327535152435,
    0.23900890350341797,
    0.21582938730716705,
    0.17261247336864471,
    0.14369186758995056,
    0.13725747168064117,
    0.12141331285238266
  ],
  "Training Time": 78.07115364074707,
  "Validate": [
    3.056999921798706,
    3.1848065853118896,
    3.0115773677825928,
    2.9695053100585938,
    2.920299530029297,
    2.8978960514068604,
    2.8692023754119873,
    2.85127854347229,
    2.8312435150146484,
    2.8136403560638428,
    2.797346591949463,
    2.787897825241089,
    2.8026697635650635,
    2.8442506790161133,
    2.8091890811920166,
    2.883897304534912,
    2.729454755783081,
    2.7735071182250977,
    2.7265512943267822,
    2.7441399097442627,
    2.7225823402404785,
    2.6921536922454834,
    2.639512062072754,
    2.5327587127685547,
    2.429811477661133,
    2.5405967235565186,
    2.490070343017578,
    2.557762861251831,
    2.8653767108917236,
    2.571333885192871,
    2.5224804878234863,
    2.640718698501587,
    2.462961435317993,
    2.6287050247192383,
    2.803741693496704,
    2.7197186946868896,
    2.477266550064087,
    2.6475653648376465,
    2.592869520187378,
    2.5707173347473145,
    2.4469213485717773,
    2.5509908199310303,
    2.8539609909057617,
    2.8130369186401367,
    2.9124159812927246,
    3.168264150619507,
    3.3036863803863525,
    2.4845221042633057,
    3.2843551635742188,
    2.829488515853882,
    3.0449864864349365,
    2.7789063453674316,
    3.345942497253418,
    3.386472463607788,
    3.089157819747925,
    2.994051218032837,
    2.921767473220825,
    3.1936211585998535,
    2.693254232406616,
    3.129138231277466,
    2.5422170162200928,
    3.3758139610290527,
    3.2508645057678223,
    3.038266897201538,
    3.3850438594818115,
    2.8166909217834473,
    2.6402957439422607,
    2.62245774269104,
    3.078951835632324,
    2.5342605113983154,
    3.052554130554199,
    3.0018022060394287,
    2.85615873336792,
    3.078115701675415,
    2.927828073501587,
    3.0478734970092773,
    2.7810754776000977,
    3.426196813583374,
    3.353860378265381,
    3.512451171875,
    3.093205213546753,
    3.0337066650390625,
    3.435058355331421,
    3.146599531173706,
    3.0045785903930664,
    3.2035562992095947,
    2.676823616027832,
    3.2139480113983154,
    3.4327962398529053,
    4.7637553215026855,
    5.425105571746826,
    4.63081693649292,
    3.9944474697113037,
    4.155569076538086,
    3.6698617935180664,
    4.152788162231445,
    3.2303316593170166,
    3.223482608795166,
    3.013374090194702,
    3.7214949131011963
  ]
}