{
  "Train": [
    1.031382441520691,
    1.0336614847183228,
    1.0309611558914185,
    1.0300889015197754,
    1.0296525955200195,
    1.0293384790420532,
    1.0292421579360962,
    1.0290195941925049,
    1.0289289951324463,
    1.0287681818008423
  ],
  "Training Time": 3.34999680519104,
  "Validate": [
    0.4211566150188446,
    0.41572341322898865,
    0.4148510992527008,
    0.41453585028648376,
    0.4146304428577423,
    0.4146992862224579,
    0.41484522819519043,
    0.41497331857681274,
    0.415105402469635,
    0.4151994585990906
  ]
}