{
  "Train": [
    1.0647646188735962,
    1.0578645467758179,
    1.0555351972579956,
    1.0543251037597656,
    1.053436279296875,
    1.0526351928710938,
    1.0519893169403076,
    1.0514036417007446,
    1.0508785247802734,
    1.0504275560379028
  ],
  "Training Time": 5.480027675628662,
  "Validate": [
    3.150937795639038,
    3.1463429927825928,
    3.14343523979187,
    3.1411101818084717,
    3.138360023498535,
    3.1364638805389404,
    3.134800672531128,
    3.1336231231689453,
    3.1329171657562256,
    3.132521629333496
  ]
}