{
  "Train": [
    0.7441161274909973,
    0.24997493624687195,
    0.12655854225158691,
    0.10264698415994644,
    0.07214296609163284,
    0.04637107625603676,
    0.03631892427802086,
    0.031227488070726395,
    0.028348952531814575,
    0.02647429332137108,
    0.025120694190263748,
    0.024173399433493614,
    0.023544054478406906,
    0.023141445592045784,
    0.02289070375263691,
    0.022737666964530945,
    0.02264578640460968,
    0.022572489455342293,
    0.022490929812192917,
    0.022388560697436333,
    0.022254129871726036,
    0.022082572802901268,
    0.02188236452639103,
    0.021675752475857735,
    0.021487470716238022
  ],
  "Training Time": 15.568536520004272,
  "Validate": [
    3.9616706371307373,
    1.2404652833938599,
    1.3252320289611816,
    1.7064818143844604,
    1.9296462535858154,
    2.1878163814544678,
    2.266521692276001,
    2.2684366703033447,
    2.2449519634246826,
    2.207760810852051,
    2.1618824005126953,
    2.1115663051605225,
    2.060018301010132,
    2.0094153881073,
    1.9613999128341675,
    1.9170974493026733,
    1.8766064643859863,
    1.83992338180542,
    1.8071582317352295,
    1.778300166130066,
    1.753183364868164,
    1.7313705682754517,
    1.712197184562683,
    1.694879174232483,
    1.6786667108535767
  ]
}