{
  "Train": [
    0.9497913122177124,
    0.8983079791069031,
    0.8429527878761292,
    0.7796565890312195,
    0.7059372067451477,
    0.640922486782074,
    0.5816710591316223,
    0.5359395146369934,
    0.49474117159843445,
    0.45459654927253723
  ],
  "Training Time": 3.319500684738159,
  "Validate": [
    2.234834671020508,
    1.914317011833191,
    1.7689120769500732,
    1.6368006467819214,
    1.4897258281707764,
    1.3890693187713623,
    1.311711072921753,
    1.2236700057983398,
    1.1144905090332031,
    0.9932010173797607
  ]
}