{
  "Train": [
    1.0815787315368652,
    1.0647549629211426,
    1.0535932779312134,
    1.0444382429122925,
    1.0372955799102783,
    1.0312564373016357,
    1.0255253314971924,
    1.0195931196212769,
    1.0130248069763184,
    1.005170464515686
  ],
  "Training Time": 4.6624915599823,
  "Validate": [
    0.8579513430595398,
    0.8334808945655823,
    0.7962140440940857,
    0.7403461337089539,
    0.6861791610717773,
    0.6406923532485962,
    0.6032337546348572,
    0.5720293521881104,
    0.5451869368553162,
    0.5217549800872803
  ]
}