{
  "Train": [
    0.7481759190559387,
    0.7104775309562683,
    0.6948972940444946,
    0.681812584400177,
    0.6692480444908142,
    0.6561845541000366,
    0.6434170603752136,
    0.6323722004890442,
    0.6230213046073914,
    0.6118136644363403
  ],
  "Training Time": 7.4034199714660645,
  "Validate": [
    0.40891093015670776,
    0.42678844928741455,
    0.4350314438343048,
    0.4459279179573059,
    0.4597609341144562,
    0.4773464500904083,
    0.4964713156223297,
    0.5130207538604736,
    0.5184333324432373,
    0.51456618309021
  ]
}