{
  "Train": [
    0.8354605436325073,
    0.8033704161643982,
    0.7592679858207703,
    0.7838122248649597,
    0.7316414713859558,
    0.7050490975379944,
    0.6764979362487793,
    0.6586694121360779,
    0.6939066052436829,
    0.6444417834281921
  ],
  "Training Time": 9.538932800292969,
  "Validate": [
    NaN,
    NaN,
    NaN,
    NaN,
    NaN,
    NaN,
    NaN,
    NaN,
    NaN,
    NaN
  ]
}