{
  "Train": [
    1.0506011247634888,
    1.0356727838516235,
    1.0253463983535767,
    1.01561439037323,
    1.0057591199874878,
    0.9955541491508484,
    0.9850265383720398,
    0.9744247794151306,
    0.964154064655304,
    0.954629123210907
  ],
  "Training Time": 2.572113037109375,
  "Validate": [
    2.965959310531616,
    2.9289393424987793,
    2.8914308547973633,
    2.854067325592041,
    2.817988157272339,
    2.7843618392944336,
    2.7543063163757324,
    2.7288663387298584,
    2.708678960800171,
    2.693697214126587
  ]
}