{
  "Train": [
    0.9179844260215759,
    0.9071502685546875,
    0.8992698192596436,
    0.893326997756958,
    0.8884537816047668,
    0.8842747211456299,
    0.880535900592804,
    0.8770638108253479,
    0.8737583756446838,
    0.8706515431404114
  ],
  "Training Time": 1.7197318077087402,
  "Validate": [
    0.3331059515476227,
    0.3364769518375397,
    0.3418390452861786,
    0.34801173210144043,
    0.354206383228302,
    0.3601117730140686,
    0.3656330406665802,
    0.3707864284515381,
    0.37563300132751465,
    0.38020697236061096
  ]
}