{
  "Train": [
    0.2712431252002716,
    0.22111035883426666,
    0.19179466366767883,
    0.1768539547920227,
    0.1619984656572342,
    0.14161580801010132,
    0.1668415516614914,
    0.15369142591953278,
    0.1354980766773224,
    0.1369437575340271
  ],
  "Training Time": 14.76339316368103,
  "Validate": [
    NaN,
    NaN,
    NaN,
    NaN,
    NaN,
    NaN,
    NaN,
    NaN,
    NaN,
    NaN
  ]
}