{
  "Train": [
    0.5610378980636597,
    0.3490200638771057,
    0.31856992840766907,
    0.30034032464027405,
    0.285367876291275,
    0.2718055248260498,
    0.25964444875717163,
    0.24890589714050293,
    0.2369692325592041,
    0.22726158797740936
  ],
  "Training Time": 13.337356328964233,
  "Validate": [
    36.311458587646484,
    35.86821365356445,
    35.46195983886719,
    35.40193176269531,
    35.42519760131836,
    35.53111267089844,
    35.36888122558594,
    34.83254623413086,
    33.99277877807617,
    33.192264556884766
  ]
}