{
  "Train": [
    0.13629478216171265,
    0.08565236628055573,
    0.0716540589928627,
    0.06215390935540199,
    0.055842626839876175,
    0.05071369931101799,
    0.047379303723573685,
    0.04511376470327377,
    0.041819434612989426,
    0.03930982947349548,
    0.037855204194784164,
    0.035628147423267365,
    0.03289862349629402,
    0.03193678706884384,
    0.034617990255355835,
    0.03738432377576828,
    0.02969379350543022,
    0.028503410518169403,
    0.02726416289806366,
    0.0270005501806736,
    0.026622453704476357,
    0.025654876604676247,
    0.02519836463034153,
    0.02507920376956463,
    0.025064677000045776
  ],
  "Training Time": 23.15388822555542,
  "Validate": [
    NaN,
    NaN,
    NaN,
    NaN,
    NaN,
    NaN,
    NaN,
    NaN,
    NaN,
    NaN,
    NaN,
    NaN,
    NaN,
    NaN,
    NaN,
    NaN,
    NaN,
    NaN,
    NaN,
    NaN,
    NaN,
    NaN,
    NaN,
    NaN,
    NaN
  ]
}