{
  "Train": [
    0.7164251804351807,
    0.2331046611070633,
    0.13371644914150238,
    0.11681600660085678,
    0.08380606025457382,
    0.048991408199071884,
    0.04247574880719185,
    0.038773030042648315,
    0.035523492842912674,
    0.03289160877466202,
    0.03150070458650589,
    0.029378557577729225,
    0.030289016664028168,
    0.030390119180083275,
    0.02847476862370968,
    0.02684960700571537,
    0.026084380224347115,
    0.024754807353019714,
    0.024883262813091278,
    0.02444993145763874,
    0.02514922246336937,
    0.023294998332858086,
    0.0267495047301054,
    0.024653522297739983,
    0.02664761431515217
  ],
  "Training Time": 15.739854335784912,
  "Validate": [
    3.3695883750915527,
    1.0956499576568604,
    1.2443594932556152,
    1.5398342609405518,
    1.9711360931396484,
    2.269941806793213,
    2.282287359237671,
    2.2239127159118652,
    2.160372495651245,
    2.1293833255767822,
    2.1442301273345947,
    2.048558235168457,
    2.131197929382324,
    2.0107157230377197,
    2.059040069580078,
    2.0045368671417236,
    2.018289089202881,
    1.9764424562454224,
    1.9725733995437622,
    1.8795802593231201,
    1.9191646575927734,
    1.8122494220733643,
    1.8624378442764282,
    1.8416370153427124,
    1.7619404792785645
  ]
}