{
  "Train": [
    0.16356207430362701,
    0.0924830511212349,
    0.08126582205295563,
    0.08068656176328659,
    0.0826878473162651,
    0.0818031057715416,
    0.07126254588365555,
    0.06286870688199997,
    0.057251572608947754,
    0.05770982429385185,
    0.05168294534087181,
    0.0477360300719738,
    0.04622110724449158,
    0.044056229293346405,
    0.04786435887217522,
    0.039870597422122955,
    0.03676939383149147,
    0.036172542721033096,
    0.03530903533101082,
    0.03401247411966324,
    0.03311978653073311,
    0.0324462428689003,
    0.03192437067627907,
    0.031496599316596985,
    0.03140885755419731
  ],
  "Training Time": 18.043227434158325,
  "Validate": [
    0.05877842754125595,
    0.06903784722089767,
    0.0699249878525734,
    0.06420225650072098,
    0.05751713737845421,
    0.0512569397687912,
    0.050300732254981995,
    0.04899591580033302,
    0.047758784145116806,
    0.043768540024757385,
    0.04833641275763512,
    0.04823142662644386,
    0.04636939615011215,
    0.04704083129763603,
    0.04784206300973892,
    0.04812341555953026,
    0.04855327308177948,
    0.04875660315155983,
    0.048794057220220566,
    0.04845559597015381,
    0.0480649434030056,
    0.04766876995563507,
    0.04731699451804161,
    0.04703361913561821,
    0.046690646559000015
  ]
}