{
  "Train": [
    0.987608015537262,
    0.9096067547798157,
    0.8500432968139648,
    0.8218031525611877,
    0.8072186708450317,
    0.7974953651428223,
    0.790360689163208,
    0.7847017049789429,
    0.7798754572868347,
    0.7754771113395691,
    0.7712048888206482,
    0.7667655944824219,
    0.7617778182029724,
    0.7555938363075256,
    0.7468336224555969,
    0.7324591875076294,
    0.7099572420120239,
    0.6879110336303711,
    0.6748217344284058,
    0.666953444480896,
    0.6610444784164429,
    0.6563593149185181,
    0.6527706980705261,
    0.6496550440788269,
    0.6466756463050842,
    0.6435123682022095,
    0.639994204044342,
    0.636074423789978,
    0.6319480538368225,
    0.6277841925621033,
    0.6236698031425476,
    0.6196208000183105,
    0.6156314015388489,
    0.611694872379303,
    0.6078113317489624,
    0.6039890050888062,
    0.6002402901649475,
    0.5965738892555237,
    0.5929843187332153,
    0.5894455909729004,
    0.5859082937240601,
    0.5823072791099548,
    0.5785685777664185,
    0.5746183395385742,
    0.5703913569450378,
    0.5658367276191711,
    0.5609257817268372,
    0.5556508302688599,
    0.5500161647796631,
    0.5439989566802979,
    0.5374325513839722,
    0.5298957228660583,
    0.5209605097770691,
    0.5110028386116028,
    0.4996582567691803,
    0.49221184849739075,
    0.509445309638977,
    0.47492310404777527,
    0.453809529542923,
    0.4361094832420349,
    0.43076208233833313,
    0.4190686047077179,
    0.40995970368385315,
    0.4034278094768524,
    0.38864728808403015,
    0.368919312953949,
    0.4134117662906647,
    0.38942575454711914,
    0.3685287833213806,
    0.380410760641098,
    0.39222806692123413,
    0.3986525535583496,
    0.3744410574436188,
    0.36987265944480896,
    0.3465268313884735,
    0.33356568217277527,
    0.3350089490413666,
    0.32858338952064514,
    0.3238840401172638,
    0.32037001848220825,
    0.3153640031814575,
    0.31675806641578674,
    0.3161969482898712,
    0.3209184408187866,
    0.32124292850494385,
    0.3525862395763397,
    0.6316981911659241,
    0.4408489167690277,
    0.41155698895454407,
    0.39235368371009827,
    0.38203293085098267,
    0.35477468371391296,
    0.3389078378677368,
    0.33268100023269653,
    0.3101541996002197,
    0.301204651594162,
    0.2981833815574646,
    0.29449620842933655,
    0.2937984764575958,
    0.2905033230781555
  ],
  "Training Time": 106.08249616622925,
  "Validate": [
    3.909684181213379,
    3.3791069984436035,
    3.045999050140381,
    2.901754856109619,
    2.836719512939453,
    2.815356731414795,
    2.8231589794158936,
    2.849531650543213,
    2.8878211975097656,
    2.9342095851898193,
    2.987046241760254,
    3.0467865467071533,
    3.1171209812164307,
    3.2090516090393066,
    3.3515138626098633,
    3.5927679538726807,
    3.8353993892669678,
    3.887420415878296,
    3.9359543323516846,
    3.968398332595825,
    3.974325656890869,
    3.966841220855713,
    3.941751003265381,
    3.9000356197357178,
    3.844097137451172,
    3.785897731781006,
    3.7344374656677246,
    3.694481611251831,
    3.6638376712799072,
    3.640484094619751,
    3.6230554580688477,
    3.6112470626831055,
    3.6050641536712646,
    3.604567766189575,
    3.6097261905670166,
    3.6202452182769775,
    3.6354498863220215,
    3.654292345046997,
    3.675513982772827,
    3.6979029178619385,
    3.7205452919006348,
    3.7429583072662354,
    3.765089988708496,
    3.7872190475463867,
    3.809857130050659,
    3.833664655685425,
    3.859435796737671,
    3.8881266117095947,
    3.920975685119629,
    3.9597883224487305,
    4.007587909698486,
    4.069845199584961,
    4.156239032745361,
    4.280484199523926,
    4.4710845947265625,
    4.558860778808594,
    4.699090957641602,
    4.758371353149414,
    4.987020969390869,
    5.0223612785339355,
    5.076442241668701,
    5.113381862640381,
    5.18831205368042,
    5.209610939025879,
    5.046273231506348,
    4.89590311050415,
    4.348292350769043,
    5.6342291831970215,
    5.45388650894165,
    4.894781112670898,
    5.891312122344971,
    4.867437362670898,
    4.502401351928711,
    5.164647102355957,
    4.728408336639404,
    4.562581539154053,
    4.65626335144043,
    4.6478705406188965,
    4.636690139770508,
    4.692253589630127,
    4.640456199645996,
    4.603116035461426,
    4.625207424163818,
    4.45431661605835,
    4.493474960327148,
    4.5055060386657715,
    4.043699264526367,
    4.1948018074035645,
    3.8838815689086914,
    3.994598150253296,
    4.320094585418701,
    5.325986862182617,
    5.220538139343262,
    5.31726598739624,
    4.7937469482421875,
    4.91124153137207,
    4.538803577423096,
    4.710761070251465,
    4.575678825378418,
    4.631770610809326
  ]
}