{
  "Train": [
    1.0589443445205688,
    1.0546722412109375,
    1.0528247356414795,
    1.052025556564331,
    1.0513142347335815,
    1.0509532690048218,
    1.0504645109176636,
    1.0502231121063232,
    1.0496903657913208,
    1.0494046211242676
  ],
  "Training Time": 5.480025768280029,
  "Validate": [
    3.143813371658325,
    3.1380562782287598,
    3.137526035308838,
    3.1360011100769043,
    3.1362524032592773,
    3.1344971656799316,
    3.1351020336151123,
    3.132241725921631,
    3.132474899291992,
    3.1309595108032227
  ]
}