{
  "Train": [
    1.0297428369522095,
    1.0314292907714844,
    1.0314526557922363,
    1.029235601425171,
    1.0288254022598267,
    1.0286248922348022,
    1.0286920070648193,
    1.0287120342254639,
    1.0283621549606323,
    1.0282434225082397
  ],
  "Training Time": 3.3599941730499268,
  "Validate": [
    0.42063605785369873,
    0.41925060749053955,
    0.41639968752861023,
    0.41613510251045227,
    0.4160337746143341,
    0.4160991609096527,
    0.41612136363983154,
    0.4159984290599823,
    0.41606369614601135,
    0.41607847809791565
  ]
}