{
  "Train": [
    0.7838125228881836,
    0.7616841793060303,
    0.7401738166809082,
    0.7262144088745117,
    0.7118449211120605,
    0.6972302198410034,
    0.6828123331069946,
    0.6696875095367432,
    0.6596216559410095,
    0.6493349075317383
  ],
  "Training Time": 6.368941783905029,
  "Validate": [
    NaN,
    NaN,
    NaN,
    NaN,
    NaN,
    NaN,
    NaN,
    NaN,
    NaN,
    NaN
  ]
}