{
  "Train": [
    0.7237496972084045,
    0.7034837603569031,
    0.6907768845558167,
    0.6803007125854492,
    0.6703120470046997,
    0.6601794362068176,
    0.6494632363319397,
    0.6377683877944946,
    0.6248120665550232,
    0.6105030179023743
  ],
  "Training Time": 4.939207315444946,
  "Validate": [
    0.43147143721580505,
    0.4114081561565399,
    0.40524986386299133,
    0.4021492004394531,
    0.39924466609954834,
    0.39635056257247925,
    0.39373457431793213,
    0.39166003465652466,
    0.3901416063308716,
    0.3890913724899292
  ]
}