{
  "Train": [
    0.8944647908210754,
    0.8208033442497253,
    0.8098546862602234,
    0.804830014705658,
    0.8018147349357605,
    0.7997376918792725,
    0.7981699109077454,
    0.7969043254852295,
    0.7958307862281799,
    0.7948877215385437
  ],
  "Training Time": 4.320599794387817,
  "Validate": [
    2.703883647918701,
    2.5409882068634033,
    2.495418071746826,
    2.4686036109924316,
    2.4513328075408936,
    2.4397683143615723,
    2.431852102279663,
    2.4263527393341064,
    2.4224863052368164,
    2.419736862182617
  ]
}