{
  "Train": [
    0.790475606918335,
    0.78194659948349,
    0.7734817266464233,
    0.7670116424560547,
    0.761002779006958,
    0.7548196911811829,
    0.7481791973114014,
    0.741001307964325,
    0.7332544922828674,
    0.7254570126533508
  ],
  "Training Time": 2.58807635307312,
  "Validate": [
    0.7048667669296265,
    0.7134420871734619,
    0.7191187143325806,
    0.7224100232124329,
    0.7238718867301941,
    0.7239738702774048,
    0.7231084704399109,
    0.7216621041297913,
    0.7198096513748169,
    0.717741847038269
  ]
}