{
  "Train": [
    0.8945517539978027,
    0.8377766609191895,
    0.8275056481361389,
    0.8218750953674316,
    0.8181785941123962,
    0.8151962161064148,
    0.8128266334533691,
    0.8106909394264221,
    0.8089113235473633,
    0.8071988224983215
  ],
  "Training Time": 5.539745569229126,
  "Validate": [
    2.7314884662628174,
    2.652151584625244,
    2.6128439903259277,
    2.589853048324585,
    2.5732529163360596,
    2.561011552810669,
    2.5507864952087402,
    2.542631149291992,
    2.5353827476501465,
    2.5294294357299805
  ]
}