{
  "Train": [
    0.7266772389411926,
    0.7209439873695374,
    0.7188781499862671,
    0.7181361317634583,
    0.7159118056297302,
    0.7135109305381775,
    0.7108691334724426,
    0.7076839208602905,
    0.7040765881538391,
    0.6999350190162659
  ],
  "Training Time": 4.171096086502075,
  "Validate": [
    NaN,
    NaN,
    NaN,
    NaN,
    NaN,
    NaN,
    NaN,
    NaN,
    NaN,
    NaN
  ]
}