{
  "Train": [
    0.7768596410751343,
    0.5619325041770935,
    0.5657194256782532,
    0.495606005191803,
    0.49428221583366394,
    0.471403568983078,
    0.4417847692966461,
    0.47538161277770996,
    0.4518872797489166,
    0.49871382117271423,
    0.46655961871147156,
    0.4667883515357971,
    0.4196210205554962,
    0.48391193151474,
    0.4415479004383087,
    0.4315238893032074,
    0.37417110800743103,
    0.3346727788448334,
    0.45513176918029785,
    0.3166044056415558,
    0.44873738288879395,
    0.3359089195728302,
    0.30388954281806946,
    0.276480495929718,
    0.35733288526535034,
    0.32147839665412903,
    0.2831287086009979,
    0.33384042978286743,
    0.2731870710849762,
    0.41876187920570374,
    0.3282463848590851,
    0.2445233166217804,
    0.2793183922767639,
    0.29151734709739685,
    0.2884058356285095,
    0.2552034556865692,
    0.2317819893360138,
    0.18130211532115936,
    0.16698193550109863,
    0.15626847743988037,
    0.14902012050151825,
    0.14435288310050964,
    0.13952139019966125,
    0.1322673112154007,
    0.1360274702310562,
    0.2605763375759125,
    0.47082093358039856,
    0.36655327677726746,
    0.295296847820282,
    0.29407837986946106,
    0.21409715712070465,
    0.1579044908285141,
    0.14368486404418945,
    0.13264359533786774,
    0.12614460289478302,
    0.11972160637378693,
    0.13088402152061462,
    0.12932850420475006,
    0.13009536266326904,
    0.11548445373773575,
    0.12630736827850342,
    0.13150855898857117,
    0.10704296082258224,
    0.10492216795682907,
    0.105512335896492,
    0.1089949682354927,
    0.1036139726638794,
    0.18682946264743805,
    0.34526506066322327,
    0.15339455008506775,
    0.102667436003685,
    0.09184231609106064,
    0.0858173742890358,
    0.07651149481534958,
    0.09944285452365875,
    0.3754722774028778,
    0.207924485206604,
    0.12122959643602371,
    0.08007430285215378,
    0.08277595043182373,
    0.07387612015008926,
    0.06704970449209213,
    0.06173219904303551,
    0.05892713740468025,
    0.05805502459406853,
    0.07258132845163345,
    0.20005427300930023,
    0.21344386041164398,
    0.12929384410381317,
    0.11350052803754807,
    0.0667748898267746,
    0.06195167824625969,
    0.06303466856479645,
    0.06283756345510483,
    0.04842294007539749,
    0.05591770261526108,
    0.05782366171479225,
    0.043283041566610336,
    0.06114016845822334,
    0.04395803436636925
  ],
  "Training Time": 144.49321365356445,
  "Validate": [
    0.43737462162971497,
    0.449433296918869,
    0.48618221282958984,
    0.48641499876976013,
    0.5049804449081421,
    0.5089145302772522,
    0.4902206361293793,
    0.4936501383781433,
    0.48193636536598206,
    0.5470747351646423,
    0.5397289991378784,
    0.5112049579620361,
    0.4229544401168823,
    0.5336716175079346,
    0.4224417805671692,
    0.4061882197856903,
    0.38547372817993164,
    0.42971161007881165,
    0.4157460927963257,
    0.4083247482776642,
    0.5134869813919067,
    0.519251823425293,
    0.5399388074874878,
    0.4995858371257782,
    0.38439038395881653,
    0.37299492955207825,
    0.5097352862358093,
    0.4805049002170563,
    0.5102853178977966,
    0.5024053454399109,
    0.4826492369174957,
    0.5843827724456787,
    0.49394944310188293,
    0.5557647347450256,
    0.3362077474594116,
    0.48984137177467346,
    0.6503519415855408,
    0.5285882353782654,
    0.5343064665794373,
    0.5214351415634155,
    0.533602774143219,
    0.5548421144485474,
    0.5317457318305969,
    0.502495527267456,
    0.553087592124939,
    0.304788202047348,
    0.5519573092460632,
    0.6209771633148193,
    0.5238966345787048,
    0.52419513463974,
    0.4558212161064148,
    0.4913363754749298,
    0.5619548559188843,
    0.5215504765510559,
    0.5256301164627075,
    0.4194234609603882,
    0.5599501132965088,
    0.5854215621948242,
    0.586193323135376,
    0.5864449143409729,
    0.6024055480957031,
    0.5513683557510376,
    0.6134433150291443,
    0.7046239376068115,
    0.7692630290985107,
    0.719714879989624,
    0.7705983519554138,
    0.4914363920688629,
    0.3670153319835663,
    0.39406296610832214,
    0.46437838673591614,
    0.5051891803741455,
    0.616448163986206,
    0.7300180792808533,
    0.41381505131721497,
    0.4693405032157898,
    0.4394042193889618,
    0.5843415260314941,
    0.5861740112304688,
    0.59234219789505,
    0.6244401931762695,
    0.6444265842437744,
    0.6635879278182983,
    0.6089268326759338,
    0.6611624360084534,
    0.8227521777153015,
    0.3472091853618622,
    0.41416797041893005,
    0.5267722606658936,
    0.5084283351898193,
    0.5086957216262817,
    0.38963860273361206,
    0.4680929183959961,
    0.45287179946899414,
    0.55227130651474,
    0.8323789238929749,
    0.48683565855026245,
    0.5091308951377869,
    0.8563947081565857,
    0.7765015959739685
  ]
}