{
  "Train": [
    0.9189996719360352,
    0.967971920967102,
    0.7167488932609558,
    0.6141522526741028,
    0.5257517695426941,
    0.49770668148994446,
    0.5150815844535828,
    0.4560493528842926,
    0.406183123588562,
    0.33671146631240845,
    0.30801719427108765,
    0.28294655680656433,
    0.33717718720436096,
    0.47936561703681946,
    0.29823559522628784,
    0.2144969254732132,
    0.1918710321187973,
    0.16711543500423431,
    0.2432422935962677,
    0.16889439523220062,
    0.14670704305171967,
    0.13387925922870636,
    0.1329682320356369,
    0.12284783273935318,
    0.15088987350463867,
    0.11119361966848373,
    0.16685500741004944,
    0.14033667743206024,
    0.12153633683919907,
    0.11915628612041473,
    0.09657442569732666,
    0.11567497253417969,
    0.07409143447875977,
    0.05985032767057419,
    0.04898592457175255,
    0.04227526858448982,
    0.04119475558400154,
    0.03834414854645729,
    0.04290771484375,
    0.03630868345499039,
    0.064027801156044,
    0.14680516719818115,
    0.0986706018447876,
    0.05496884137392044,
    0.08528736233711243,
    0.23747237026691437,
    0.6482219099998474,
    0.551601231098175,
    0.39226454496383667,
    0.2798963189125061,
    0.298334002494812,
    0.27829843759536743,
    0.13761985301971436,
    0.09839533269405365,
    0.06831444054841995,
    0.06780737638473511,
    0.05607456713914871,
    0.03763122111558914,
    0.03917946293950081,
    0.3816983103752136,
    0.6834926009178162,
    0.5549590587615967,
    0.50493323802948,
    0.4200555086135864,
    0.36030441522598267,
    0.3157974183559418,
    0.2914383113384247,
    0.26328521966934204,
    0.22404581308364868,
    0.19439570605754852,
    0.2639492452144623,
    0.2659323513507843,
    0.32613417506217957,
    0.21235227584838867,
    0.18089228868484497,
    0.1340402513742447,
    0.16224029660224915,
    0.336620032787323,
    0.21695740520954132,
    0.29424986243247986,
    0.39909178018569946,
    0.24880307912826538,
    0.1615951657295227,
    0.13136009871959686,
    0.1365039199590683,
    0.08229280263185501,
    0.07930098474025726,
    0.04003947973251343,
    0.05446847528219223,
    0.10555005073547363,
    0.11774802207946777,
    0.0668829008936882,
    0.08208849281072617,
    0.05734813213348389,
    0.029622191563248634,
    0.02429839037358761,
    0.03409150242805481,
    0.030321551486849785,
    0.02902740240097046,
    0.020261600613594055
  ],
  "Training Time": 184.8809118270874,
  "Validate": [
    NaN,
    NaN,
    NaN,
    NaN,
    NaN,
    NaN,
    NaN,
    NaN,
    NaN,
    NaN,
    NaN,
    NaN,
    NaN,
    NaN,
    NaN,
    NaN,
    NaN,
    NaN,
    NaN,
    NaN,
    NaN,
    NaN,
    NaN,
    NaN,
    NaN,
    NaN,
    NaN,
    NaN,
    NaN,
    NaN,
    NaN,
    NaN,
    NaN,
    NaN,
    NaN,
    NaN,
    NaN,
    NaN,
    NaN,
    NaN,
    NaN,
    NaN,
    NaN,
    NaN,
    NaN,
    NaN,
    NaN,
    NaN,
    NaN,
    NaN,
    NaN,
    NaN,
    NaN,
    NaN,
    NaN,
    NaN,
    NaN,
    NaN,
    NaN,
    NaN,
    NaN,
    NaN,
    NaN,
    NaN,
    NaN,
    NaN,
    NaN,
    NaN,
    NaN,
    NaN,
    NaN,
    NaN,
    NaN,
    NaN,
    NaN,
    NaN,
    NaN,
    NaN,
    NaN,
    NaN,
    NaN,
    NaN,
    NaN,
    NaN,
    NaN,
    NaN,
    NaN,
    NaN,
    NaN,
    NaN,
    NaN,
    NaN,
    NaN,
    NaN,
    NaN,
    NaN,
    NaN,
    NaN,
    NaN,
    NaN
  ]
}