{
  "Train": [
    0.12299703061580658,
    0.10732900351285934,
    0.10179246217012405,
    0.0976690873503685,
    0.0949089303612709,
    0.09274358302354813,
    0.09152819216251373,
    0.09018133580684662,
    0.08965226262807846,
    0.08843988925218582,
    0.08807395398616791,
    0.08877532184123993,
    0.09236430376768112,
    0.0914245992898941,
    0.08616942912340164,
    0.08051566779613495,
    0.07846611738204956,
    0.08018501847982407,
    0.08607648313045502,
    0.08176521211862564,
    0.08246384561061859,
    0.07563192397356033,
    0.07538744062185287,
    0.0718785971403122,
    0.06827474385499954
  ],
  "Training Time": 12.393575668334961,
  "Validate": [
    0.5878736972808838,
    0.47114285826683044,
    0.4384554922580719,
    0.4268489181995392,
    0.41415664553642273,
    0.40674933791160583,
    0.396098792552948,
    0.3961140811443329,
    0.3921375274658203,
    0.40085142850875854,
    0.37970641255378723,
    0.3479977548122406,
    0.22888807952404022,
    0.19661925733089447,
    0.177113339304924,
    0.15373152494430542,
    0.156177818775177,
    0.17039959132671356,
    0.1347459852695465,
    0.13177894055843353,
    0.13622990250587463,
    0.13665422797203064,
    0.13680201768875122,
    0.15770560503005981,
    0.15847715735435486
  ]
}