{
  "Train": [
    0.15656937658786774,
    0.1211230680346489,
    0.10346822440624237,
    0.09738346189260483,
    0.09183841943740845,
    0.08734545856714249,
    0.08437570184469223,
    0.0838015079498291,
    0.08725474774837494,
    0.08815537393093109,
    0.07897018641233444,
    0.07397845387458801,
    0.06859167665243149,
    0.06626569479703903,
    0.05483356863260269,
    0.051923997700214386,
    0.04822801053524017,
    0.11971846222877502,
    0.08025284111499786,
    0.04700981825590134,
    0.06200092285871506,
    0.04926852881908417,
    0.058030977845191956,
    0.046365886926651,
    0.04094170778989792
  ],
  "Training Time": 15.841171503067017,
  "Validate": [
    NaN,
    NaN,
    NaN,
    NaN,
    NaN,
    NaN,
    NaN,
    NaN,
    NaN,
    NaN,
    NaN,
    NaN,
    NaN,
    NaN,
    NaN,
    NaN,
    NaN,
    NaN,
    NaN,
    NaN,
    NaN,
    NaN,
    NaN,
    NaN,
    NaN
  ]
}