{
  "Train": [
    0.7680692672729492,
    0.43643417954444885,
    0.34920623898506165,
    0.297782838344574,
    0.2796909213066101,
    0.2553815543651581,
    0.24445408582687378,
    0.23423416912555695,
    0.23108235001564026,
    0.22950556874275208,
    0.2261875867843628,
    0.22617851197719574,
    0.22365279495716095,
    0.22083255648612976,
    0.21469749510288239,
    0.20984473824501038,
    0.2036614716053009,
    0.19816681742668152,
    0.19221563637256622,
    0.1865418404340744,
    0.1805267632007599,
    0.1749669462442398,
    0.16891099512577057,
    0.16390904784202576,
    0.1578393280506134
  ],
  "Training Time": 10.634869813919067,
  "Validate": [
    0.3082050383090973,
    0.4306900203227997,
    0.6309120655059814,
    0.7148633599281311,
    0.7351922988891602,
    0.7794814705848694,
    0.7847386002540588,
    0.8346450328826904,
    0.8626716732978821,
    0.9045757055282593,
    0.934661865234375,
    0.9408876895904541,
    0.919128954410553,
    0.8626314401626587,
    0.8186188340187073,
    0.7622091770172119,
    0.7150304913520813,
    0.6667786240577698,
    0.6233673095703125,
    0.5808999538421631,
    0.5426785349845886,
    0.5048861503601074,
    0.47204524278640747,
    0.43894222378730774,
    0.4126588702201843
  ]
}