{
  "Train": [
    0.9873306155204773,
    0.9577308893203735,
    0.8812018036842346,
    0.8665834069252014,
    0.8533735871315002,
    0.841498076915741,
    0.8309684991836548,
    0.8205155730247498,
    0.8106104731559753,
    0.800806999206543
  ],
  "Training Time": 8.224318265914917,
  "Validate": [
    3.574960947036743,
    3.576695203781128,
    3.0908203125,
    3.020174980163574,
    2.957559108734131,
    2.9001996517181396,
    2.8435215950012207,
    2.7788450717926025,
    2.710568428039551,
    2.631113290786743
  ]
}