{
  "Train": [
    0.7344762086868286,
    0.7077134847640991,
    0.6942587494850159,
    0.6830543279647827,
    0.6724516749382019,
    0.662450909614563,
    0.6534971594810486,
    0.6466239094734192,
    0.6413775682449341,
    0.6353635787963867
  ],
  "Training Time": 7.398999452590942,
  "Validate": [
    0.3887939453125,
    0.3921785056591034,
    0.39423811435699463,
    0.3955494165420532,
    0.39837267994880676,
    0.40438908338546753,
    0.4180751144886017,
    0.44566214084625244,
    0.4831415116786957,
    0.5188297629356384
  ]
}