{
  "Train": [
    0.8768833875656128,
    0.8243452310562134,
    0.8018438816070557,
    0.7872279286384583,
    0.7729334235191345,
    0.7623477578163147,
    0.7551952004432678,
    0.7478640079498291,
    0.7435804605484009,
    0.7404162287712097
  ],
  "Training Time": 9.388176918029785,
  "Validate": [
    NaN,
    NaN,
    NaN,
    NaN,
    NaN,
    NaN,
    NaN,
    NaN,
    NaN,
    NaN
  ]
}