{
  "Train": [
    1.1512612104415894,
    1.1516796350479126,
    1.112781286239624,
    1.1021978855133057,
    1.090872049331665,
    1.080507516860962,
    1.0695418119430542,
    1.0554585456848145,
    1.0338668823242188,
    1.0396226644515991
  ],
  "Training Time": 4.6686553955078125,
  "Validate": [
    0.8831493854522705,
    1.175216794013977,
    1.1724390983581543,
    1.2521928548812866,
    1.3073911666870117,
    1.3645687103271484,
    1.4277840852737427,
    1.5095709562301636,
    1.6136093139648438,
    1.403145670890808
  ]
}