{
  "Train": [
    1.0957587957382202,
    1.085852026939392,
    1.0800929069519043,
    1.0731961727142334,
    1.0635803937911987,
    1.0493288040161133,
    1.0282182693481445,
    1.0074824094772339,
    0.9840219020843506,
    0.9587675333023071
  ],
  "Training Time": 5.13045597076416,
  "Validate": [
    4.346395492553711,
    4.350526809692383,
    4.344485282897949,
    4.324249267578125,
    4.281732559204102,
    4.225250720977783,
    4.1996846199035645,
    4.179893970489502,
    4.1693830490112305,
    4.170438766479492
  ]
}