{
  "Train": [
    1.188675880432129,
    1.1601513624191284,
    1.145926594734192,
    1.1367005109786987,
    1.1294580698013306,
    1.1231002807617188,
    1.1168004274368286,
    1.1099156141281128,
    1.1018251180648804,
    1.0920662879943848
  ],
  "Training Time": 12.805691719055176,
  "Validate": [
    1.9552719593048096,
    1.9907259941101074,
    2.0328209400177,
    2.0479257106781006,
    2.043341636657715,
    2.0306365489959717,
    2.0125911235809326,
    1.9889050722122192,
    1.9608267545700073,
    1.9313037395477295
  ]
}