{
  "Train": [
    0.7636165618896484,
    0.8782742619514465,
    0.668278157711029,
    0.6256041526794434,
    0.5524263978004456,
    0.7920576333999634,
    0.5466043949127197,
    0.4617164433002472,
    0.4320068061351776,
    0.50820392370224
  ],
  "Training Time": 14.905130863189697,
  "Validate": [
    NaN,
    NaN,
    NaN,
    NaN,
    NaN,
    NaN,
    NaN,
    NaN,
    NaN,
    NaN
  ]
}