{
  "Train": [
    1.061235785484314,
    1.0532437562942505,
    1.0498255491256714,
    1.04702889919281,
    1.0434551239013672,
    1.0386664867401123,
    1.0316522121429443,
    1.0219496488571167,
    1.0106250047683716,
    0.9999225735664368
  ],
  "Training Time": 3.6817851066589355,
  "Validate": [
    3.1365320682525635,
    3.1216650009155273,
    3.1078569889068604,
    3.0899057388305664,
    3.0666255950927734,
    3.033322334289551,
    2.986180067062378,
    2.925323963165283,
    2.87391996383667,
    2.8479909896850586
  ]
}