{
  "Train": [
    0.9589486122131348,
    0.932861328125,
    0.9129390716552734,
    0.8965718746185303,
    0.8807315826416016,
    0.8650126457214355,
    0.8487991094589233,
    0.8317910432815552,
    0.8154510259628296,
    0.8015443682670593
  ],
  "Training Time": 2.4296324253082275,
  "Validate": [
    0.32446885108947754,
    0.3325902819633484,
    0.333013653755188,
    0.3394601047039032,
    0.3512119948863983,
    0.36840465664863586,
    0.3921925127506256,
    0.4265304505825043,
    0.4740496277809143,
    0.5276353359222412
  ]
}