{
  "Train": [
    0.3203212320804596,
    0.19686375558376312,
    0.14214682579040527,
    0.12413883954286575,
    0.11699710786342621,
    0.1126880869269371,
    0.10956283658742905,
    0.10714145749807358,
    0.10517697781324387,
    0.1035211831331253,
    0.10208494961261749,
    0.10081584751605988,
    0.09968143701553345,
    0.09865991026163101,
    0.09773397445678711,
    0.09688972681760788,
    0.09611523896455765,
    0.09540073573589325,
    0.09473789483308792,
    0.09412001073360443,
    0.09354150295257568,
    0.09299761056900024,
    0.09248428046703339,
    0.09199805557727814,
    0.09153580665588379
  ],
  "Training Time": 5.605240821838379,
  "Validate": [
    0.22495581209659576,
    0.25322455167770386,
    0.25839564204216003,
    0.2638428509235382,
    0.27191340923309326,
    0.2822750210762024,
    0.2940233647823334,
    0.30600807070732117,
    0.31737858057022095,
    0.3278197944164276,
    0.3373812437057495,
    0.3462432026863098,
    0.35457783937454224,
    0.3625107407569885,
    0.3701208233833313,
    0.37745925784111023,
    0.38456135988235474,
    0.39145728945732117,
    0.3981736898422241,
    0.4047362208366394,
    0.41116905212402344,
    0.4174933135509491,
    0.42372846603393555,
    0.4298917055130005,
    0.43599826097488403
  ]
}