{
  "Train": [
    0.8607144355773926,
    0.8119156956672668,
    0.8071356415748596,
    0.8043410778045654,
    0.8023765683174133,
    0.8008860945701599,
    0.7996621131896973,
    0.7986413836479187,
    0.797743022441864,
    0.7969078421592712
  ],
  "Training Time": 2.3016905784606934,
  "Validate": [
    2.559779167175293,
    2.541571617126465,
    2.530134677886963,
    2.5190727710723877,
    2.5076451301574707,
    2.4941937923431396,
    2.480009078979492,
    2.4627034664154053,
    2.4463603496551514,
    2.425663948059082
  ]
}