{
  "Train": [
    0.7016264200210571,
    0.7052680850028992,
    0.7028173804283142,
    0.7012012600898743,
    0.6995880603790283,
    0.6980060338973999,
    0.6962020993232727,
    0.6940990090370178,
    0.6914049386978149,
    0.6878432035446167
  ],
  "Training Time": 1.9114043712615967,
  "Validate": [
    NaN,
    NaN,
    NaN,
    NaN,
    NaN,
    NaN,
    NaN,
    NaN,
    NaN,
    NaN
  ]
}