{
  "Train": [
    0.8410008549690247,
    0.4717017412185669,
    0.4093504250049591,
    0.3754103183746338,
    0.35509222745895386,
    0.3402022421360016,
    0.3277682960033417,
    0.3164675533771515,
    0.3051084876060486,
    0.29310867190361023
  ],
  "Training Time": 8.079996109008789,
  "Validate": [
    47.33855056762695,
    44.69987487792969,
    43.61508560180664,
    42.55546569824219,
    41.93621826171875,
    41.51361083984375,
    41.19564437866211,
    41.02088165283203,
    41.05721664428711,
    41.416893005371094
  ]
}