{
  "Train": [
    0.6618527770042419,
    0.37794145941734314,
    0.34313246607780457,
    0.32234740257263184,
    0.3047269582748413,
    0.28180137276649475,
    0.257144033908844,
    0.25746795535087585,
    0.2592379152774811,
    0.2477007955312729
  ],
  "Training Time": 8.03999662399292,
  "Validate": [
    40.223609924316406,
    37.164039611816406,
    36.159934997558594,
    35.684261322021484,
    35.56612777709961,
    36.154258728027344,
    37.218196868896484,
    36.95953369140625,
    36.35163879394531,
    36.03907775878906
  ]
}