{
  "Train": [
    0.6198112964630127,
    0.4908420741558075,
    0.4717778265476227,
    0.4170135259628296,
    0.38971880078315735,
    0.40875130891799927,
    0.3968440890312195,
    0.368182510137558,
    0.3426538109779358,
    0.33674147725105286
  ],
  "Training Time": 9.18995189666748,
  "Validate": [
    NaN,
    NaN,
    NaN,
    NaN,
    NaN,
    NaN,
    NaN,
    NaN,
    NaN,
    NaN
  ]
}