{
  "Train": [
    0.680634617805481,
    0.2816687226295471,
    0.13372249901294708,
    0.10408210754394531,
    0.08161104470491409,
    0.05490804463624954,
    0.05026358738541603,
    0.036502011120319366,
    0.029931621626019478,
    0.02952067367732525,
    0.031510498374700546,
    0.03205845132470131,
    0.033485546708106995,
    0.032330505549907684,
    0.03151498734951019,
    0.02642093040049076,
    0.028853803873062134,
    0.029077881947159767,
    0.03195507824420929,
    0.03744122385978699,
    0.03306437283754349,
    0.028331955894827843,
    0.028682874515652657,
    0.027831071987748146,
    0.026686610653996468
  ],
  "Training Time": 15.480900049209595,
  "Validate": [
    3.794146776199341,
    1.412370204925537,
    1.0286704301834106,
    1.009293794631958,
    1.195032000541687,
    1.9531203508377075,
    1.688058853149414,
    1.5329028367996216,
    1.5744887590408325,
    1.5808600187301636,
    1.490787148475647,
    1.480472207069397,
    1.6667290925979614,
    1.4157309532165527,
    1.5673871040344238,
    1.5077834129333496,
    1.5200562477111816,
    1.4863849878311157,
    1.7765998840332031,
    1.5063396692276,
    1.8110060691833496,
    1.4683799743652344,
    1.4346181154251099,
    1.4322806596755981,
    1.4891955852508545
  ]
}