{
  "Train": [
    0.16159552335739136,
    0.07459089905023575,
    0.05339094251394272,
    0.04148736968636513,
    0.0386396162211895,
    0.03429999575018883,
    0.0314212404191494,
    0.02947423607110977,
    0.02775779739022255,
    0.025917865335941315,
    0.025202743709087372,
    0.02390921302139759,
    0.02381282113492489,
    0.026895897462964058,
    0.02314257062971592,
    0.02107236720621586,
    0.02184903807938099,
    0.020361004397273064,
    0.022750243544578552,
    0.019984440878033638,
    0.019491612911224365,
    0.02012164704501629,
    0.019080113619565964,
    0.022961683571338654,
    0.019529027864336967
  ],
  "Training Time": 22.748167514801025,
  "Validate": [
    NaN,
    NaN,
    NaN,
    NaN,
    NaN,
    NaN,
    NaN,
    NaN,
    NaN,
    NaN,
    NaN,
    NaN,
    NaN,
    NaN,
    NaN,
    NaN,
    NaN,
    NaN,
    NaN,
    NaN,
    NaN,
    NaN,
    NaN,
    NaN,
    NaN
  ]
}