{
  "Train": [
    0.8429968953132629,
    0.6056206226348877,
    0.5752708911895752,
    0.5493206977844238,
    0.5238057971000671,
    0.4973953664302826,
    0.4698566198348999,
    0.44229671359062195,
    0.416902631521225,
    0.39475247263908386
  ],
  "Training Time": 5.762691020965576,
  "Validate": [
    54.42680358886719,
    54.52497863769531,
    54.638587951660156,
    54.696563720703125,
    54.65597152709961,
    54.487918853759766,
    54.181297302246094,
    53.78588104248047,
    53.330322265625,
    52.81595230102539
  ]
}