{
  "Train": [
    0.3068758249282837,
    0.2179335206747055,
    0.1979706883430481,
    0.16799896955490112,
    0.15611079335212708,
    0.14437884092330933,
    0.1312391310930252,
    0.11637314409017563,
    0.10579310357570648,
    0.09695335477590561
  ],
  "Training Time": 4.039383411407471,
  "Validate": [
    NaN,
    NaN,
    NaN,
    NaN,
    NaN,
    NaN,
    NaN,
    NaN,
    NaN,
    NaN
  ]
}