{
  "Train": [
    0.9067445397377014,
    0.8157047629356384,
    0.8023698329925537,
    0.7976014614105225,
    0.7948606610298157,
    0.7929298281669617,
    0.7914140224456787,
    0.7901561260223389,
    0.7890725135803223,
    0.7881172299385071
  ],
  "Training Time": 3.909775733947754,
  "Validate": [
    2.774198055267334,
    2.4917852878570557,
    2.4714484214782715,
    2.458440065383911,
    2.4485907554626465,
    2.440863847732544,
    2.434581995010376,
    2.429384708404541,
    2.4250082969665527,
    2.421273708343506
  ]
}