{
  "Train": [
    0.7843844294548035,
    0.763771116733551,
    0.7478647828102112,
    0.7332300543785095,
    0.7198341488838196,
    0.7083222270011902,
    0.6981228590011597,
    0.6893705129623413,
    0.6822140216827393,
    0.6763161420822144
  ],
  "Training Time": 2.4798312187194824,
  "Validate": [
    0.697411060333252,
    0.7093009352684021,
    0.7179030179977417,
    0.7221341729164124,
    0.7237904071807861,
    0.7239734530448914,
    0.7235216498374939,
    0.7228907346725464,
    0.7224093079566956,
    0.7224908471107483
  ]
}