{
  "Train": [
    1.0492304563522339,
    1.0315276384353638,
    0.9821546077728271,
    0.9538108110427856,
    0.9194009900093079,
    0.9396953582763672,
    0.9468708038330078,
    0.936713457107544,
    0.8743665814399719,
    0.9032756090164185
  ],
  "Training Time": 14.564445734024048,
  "Validate": [
    NaN,
    NaN,
    NaN,
    NaN,
    NaN,
    NaN,
    NaN,
    NaN,
    NaN,
    NaN
  ]
}