{
  "Train": [
    1.0744798183441162,
    1.0590986013412476,
    1.042451024055481,
    1.0112358331680298,
    0.9799546599388123,
    0.9622923135757446,
    0.9120400547981262,
    0.8684281706809998,
    0.9544030427932739,
    0.9361684918403625
  ],
  "Training Time": 15.015610694885254,
  "Validate": [
    0.7868644595146179,
    0.7977319955825806,
    0.7815688848495483,
    0.6791670322418213,
    0.5786901116371155,
    0.5051332712173462,
    0.49422454833984375,
    0.40555956959724426,
    0.4360707104206085,
    0.35666516423225403
  ]
}