{
  "Train": [
    1.1153295040130615,
    1.011446237564087,
    1.0047401189804077,
    0.985816240310669,
    1.003443717956543,
    0.9586935043334961,
    0.9426652193069458,
    0.9311659336090088,
    0.9156885147094727,
    0.8878867030143738
  ],
  "Training Time": 19.418455839157104,
  "Validate": [
    NaN,
    NaN,
    NaN,
    NaN,
    NaN,
    NaN,
    NaN,
    NaN,
    NaN,
    NaN
  ]
}