{
  "Train": [
    0.7197924256324768,
    0.6851848363876343,
    0.6859516501426697,
    0.6679694056510925,
    0.6563133597373962,
    0.6389259696006775,
    0.6232360005378723,
    0.613678514957428,
    0.686010479927063,
    0.6119999289512634
  ],
  "Training Time": 3.6796154975891113,
  "Validate": [
    NaN,
    NaN,
    NaN,
    NaN,
    NaN,
    NaN,
    NaN,
    NaN,
    NaN,
    NaN
  ]
}