{
  "Train": [
    0.8795643448829651,
    0.8545210361480713,
    0.843605637550354,
    0.8374642729759216,
    0.8331552147865295,
    0.8292739987373352,
    0.8261129856109619,
    0.8228782415390015,
    0.8201466798782349,
    0.8171367049217224
  ],
  "Training Time": 3.5298080444335938,
  "Validate": [
    2.659853935241699,
    2.6342668533325195,
    2.5677995681762695,
    2.5275847911834717,
    2.4970109462738037,
    2.4773857593536377,
    2.4617130756378174,
    2.4534780979156494,
    2.4475438594818115,
    2.4461557865142822
  ]
}