{
  "Train": [
    0.682243287563324,
    0.6562759280204773,
    0.639144778251648,
    0.6269603371620178,
    0.6168912053108215,
    0.6068045496940613,
    0.5952922105789185,
    0.582457959651947,
    0.5707123279571533,
    0.5563204288482666
  ],
  "Training Time": 2.939835548400879,
  "Validate": [
    0.3738458752632141,
    0.37597209215164185,
    0.37802740931510925,
    0.3798924386501312,
    0.38255977630615234,
    0.38765910267829895,
    0.3979504406452179,
    0.41573354601860046,
    0.4306156039237976,
    0.4512426257133484
  ]
}