{
  "Train": [
    0.7392273545265198,
    0.39079195261001587,
    0.3398793041706085,
    0.30450841784477234,
    0.27489471435546875,
    0.2504658102989197,
    0.22991381585597992,
    0.21194347739219666,
    0.19737054407596588,
    0.18619586527347565,
    0.17763791978359222,
    0.1707955002784729,
    0.16498875617980957,
    0.16005276143550873,
    0.1560855358839035,
    0.15281853079795837,
    0.15006935596466064,
    0.1477264016866684,
    0.14561423659324646,
    0.14367423951625824,
    0.14184485375881195,
    0.1400914341211319,
    0.13840900361537933,
    0.13681183755397797,
    0.13531693816184998
  ],
  "Training Time": 11.091768741607666,
  "Validate": [
    4.784891605377197,
    4.810871601104736,
    4.918946743011475,
    4.947200298309326,
    4.932476043701172,
    4.88063383102417,
    4.826858043670654,
    4.82426118850708,
    4.850866317749023,
    4.875632286071777,
    4.8931756019592285,
    4.907556533813477,
    4.920494556427002,
    4.930127143859863,
    4.937049388885498,
    4.941924571990967,
    4.949264049530029,
    4.958858013153076,
    4.968494415283203,
    4.976363182067871,
    4.982189655303955,
    4.985850811004639,
    4.987247467041016,
    4.9864606857299805,
    4.983819961547852
  ]
}