{
  "Train": [
    1.0209243297576904,
    0.9919632077217102,
    0.960506796836853,
    0.9489617347717285,
    0.9082212448120117,
    0.881278932094574,
    0.8581115007400513,
    0.8507218360900879,
    0.809582531452179,
    0.778995931148529
  ],
  "Training Time": 11.75094985961914,
  "Validate": [
    0.38635876774787903,
    0.3546733558177948,
    0.2946165204048157,
    0.3565352261066437,
    0.29565611481666565,
    0.30791175365448,
    0.2689097225666046,
    0.28149649500846863,
    0.25178003311157227,
    0.24174267053604126
  ]
}