{
  "Train": [
    0.7784643173217773,
    0.7743207216262817,
    0.7562295198440552,
    0.7408643364906311,
    0.7258992195129395,
    0.7132455110549927,
    0.7027580738067627,
    0.6933906674385071,
    0.6816360354423523,
    0.6668282151222229
  ],
  "Training Time": 3.149996280670166,
  "Validate": [
    NaN,
    NaN,
    NaN,
    NaN,
    NaN,
    NaN,
    NaN,
    NaN,
    NaN,
    NaN
  ]
}