{
  "Train": [
    0.9765301942825317,
    0.9410953521728516,
    0.9137485027313232,
    0.8920092582702637,
    0.8737916350364685,
    0.8573630452156067,
    0.8420803546905518,
    0.8268244862556458,
    0.8120709657669067,
    0.7954627275466919
  ],
  "Training Time": 2.9599709510803223,
  "Validate": [
    0.3179847002029419,
    0.34384745359420776,
    0.3742843568325043,
    0.4084584712982178,
    0.43863150477409363,
    0.4612312614917755,
    0.47688058018684387,
    0.4883286654949188,
    0.4955931305885315,
    0.4999268651008606
  ]
}