{
  "Train": [
    0.7523248791694641,
    0.7441603541374207,
    0.7418749928474426,
    0.7384076118469238,
    0.7348002195358276,
    0.731174111366272,
    0.7275052666664124,
    0.7237844467163086,
    0.7199411988258362,
    0.7160604596138
  ],
  "Training Time": 4.112795114517212,
  "Validate": [
    NaN,
    NaN,
    NaN,
    NaN,
    NaN,
    NaN,
    NaN,
    NaN,
    NaN,
    NaN
  ]
}