{
  "Train": [
    0.9448156952857971,
    0.8445108532905579,
    0.8257946372032166,
    0.8194320201873779,
    0.8157379627227783,
    0.8130194544792175,
    0.8107714056968689,
    0.8088001608848572,
    0.8070150017738342,
    0.8053684830665588
  ],
  "Training Time": 5.464963674545288,
  "Validate": [
    2.931246757507324,
    2.7287580966949463,
    2.6686854362487793,
    2.637209177017212,
    2.6162641048431396,
    2.600735664367676,
    2.5883595943450928,
    2.5780251026153564,
    2.569108486175537,
    2.5612504482269287
  ]
}