{
  "Train": [
    0.3694780468940735,
    0.12537939846515656,
    0.09156523644924164,
    0.07541564851999283,
    0.07247305661439896,
    0.06390874832868576,
    0.060156162828207016,
    0.05561402812600136,
    0.05235930532217026,
    0.04906746745109558,
    0.0460776761174202,
    0.043434176594018936,
    0.04102836176753044,
    0.03873416781425476,
    0.03646045923233032,
    0.034177329391241074,
    0.031910959631204605,
    0.029742691665887833,
    0.027734680101275444,
    0.025947097688913345,
    0.024340402334928513,
    0.02305402047932148,
    0.021991532295942307,
    0.02250591106712818,
    0.024263830855488777
  ],
  "Training Time": 10.426679849624634,
  "Validate": [
    0.08633968234062195,
    0.08539718389511108,
    0.09605643898248672,
    0.08969240635633469,
    0.45414361357688904,
    0.237250417470932,
    0.2693730592727661,
    0.3225320875644684,
    0.355307936668396,
    0.37833747267723083,
    0.39643916487693787,
    0.40914031863212585,
    0.41716882586479187,
    0.42040741443634033,
    0.42110392451286316,
    0.4178084135055542,
    0.41423285007476807,
    0.40329647064208984,
    0.39823636412620544,
    0.3702327609062195,
    0.3845118582248688,
    0.2978397011756897,
    0.5004698038101196,
    0.1788131296634674,
    1.4186969995498657
  ]
}