{
  "Train": [
    1.1014819145202637,
    1.0897945165634155,
    1.0854640007019043,
    1.0815411806106567,
    1.0767213106155396,
    1.0708706378936768,
    1.063522458076477,
    1.053242564201355,
    1.037729024887085,
    1.0127015113830566
  ],
  "Training Time": 16.75253987312317,
  "Validate": [
    4.348326683044434,
    4.332778453826904,
    4.300926208496094,
    4.262263774871826,
    4.2272515296936035,
    4.1997175216674805,
    4.181947708129883,
    4.179861068725586,
    4.218077182769775,
    4.393208980560303
  ]
}