{
  "Train": [
    1.1918150186538696,
    1.1518385410308838,
    1.1431890726089478,
    1.1385434865951538,
    1.133431077003479,
    1.1292824745178223,
    1.139994740486145,
    1.1180299520492554,
    1.1201552152633667,
    1.0719707012176514
  ],
  "Training Time": 15.85494589805603,
  "Validate": [
    1.2494549751281738,
    1.3148537874221802,
    1.3917489051818848,
    1.522073745727539,
    1.6957751512527466,
    1.8016712665557861,
    2.376634359359741,
    2.70579195022583,
    3.180365562438965,
    5.375636577606201
  ]
}