{
  "Train": [
    1.0698914527893066,
    1.0383681058883667,
    1.054594874382019,
    0.9534079432487488,
    0.9014034271240234,
    0.9713248610496521,
    0.979684591293335,
    0.8753532767295837,
    0.8225011825561523,
    0.8514896631240845
  ],
  "Training Time": 20.230499744415283,
  "Validate": [
    NaN,
    NaN,
    NaN,
    NaN,
    NaN,
    NaN,
    NaN,
    NaN,
    NaN,
    NaN
  ]
}