{
  "Train": [
    0.44563615322113037,
    0.3052182197570801,
    0.2871229350566864,
    0.2732667624950409,
    0.2623196244239807,
    0.25218331813812256,
    0.24254070222377777,
    0.2333323359489441,
    0.2242884486913681,
    0.21425171196460724
  ],
  "Training Time": 5.846977710723877,
  "Validate": [
    32.14109802246094,
    31.934186935424805,
    31.57246208190918,
    31.254924774169922,
    30.946535110473633,
    30.611225128173828,
    30.215734481811523,
    29.705970764160156,
    29.151519775390625,
    28.672609329223633
  ]
}