{
  "Train": [
    0.7856569290161133,
    0.38720136880874634,
    0.3515613377094269,
    0.3330761790275574,
    0.31946587562561035,
    0.3072258234024048,
    0.29412347078323364,
    0.27781617641448975,
    0.25836506485939026,
    0.24612903594970703
  ],
  "Training Time": 16.326215744018555,
  "Validate": [
    38.367618560791016,
    37.29393768310547,
    37.075626373291016,
    36.77300262451172,
    36.33509063720703,
    35.784603118896484,
    35.138153076171875,
    34.50014877319336,
    34.04572296142578,
    33.67897033691406
  ]
}