{
  "Train": [
    0.6264703273773193,
    0.5540376305580139,
    0.5117592215538025,
    0.4852086901664734,
    0.46313220262527466,
    0.4492166042327881,
    0.4334922730922699,
    0.41721194982528687,
    0.4043932259082794,
    0.3855840563774109
  ],
  "Training Time": 20.34074592590332,
  "Validate": [
    NaN,
    NaN,
    NaN,
    NaN,
    NaN,
    NaN,
    NaN,
    NaN,
    NaN,
    NaN
  ]
}