{
  "Train": [
    1.041424036026001,
    1.0338724851608276,
    1.0141648054122925,
    1.004211187362671,
    0.9687080979347229,
    0.933963418006897,
    0.9925908446311951,
    0.9108595252037048,
    0.893221914768219,
    0.8543686866760254
  ],
  "Training Time": 4.8393213748931885,
  "Validate": [
    0.634373128414154,
    0.5525979995727539,
    0.43345773220062256,
    0.3970992863178253,
    0.4584132134914398,
    0.2985436022281647,
    0.3551118075847626,
    0.3416970372200012,
    0.404251366853714,
    0.2968209385871887
  ]
}