{
  "Train": [
    1.0603454113006592,
    1.1274402141571045,
    1.0987281799316406,
    1.0721666812896729,
    1.0581284761428833,
    1.0477324724197388,
    1.0387250185012817,
    1.027671217918396,
    1.0141865015029907,
    0.996110737323761
  ],
  "Training Time": 16.100001096725464,
  "Validate": [
    0.7000457644462585,
    0.524482786655426,
    0.5158477425575256,
    0.5790295004844666,
    0.5916022658348083,
    0.6182348728179932,
    0.635585606098175,
    0.6521365642547607,
    0.6609890460968018,
    0.6036505699157715
  ]
}