{
  "Train": [
    1.1965596675872803,
    1.170735239982605,
    1.1647188663482666,
    1.1583045721054077,
    1.1516162157058716,
    1.146166443824768,
    1.1417417526245117,
    1.1377586126327515,
    1.1325668096542358,
    1.1281359195709229
  ],
  "Training Time": 17.421830654144287,
  "Validate": [
    1.9808189868927002,
    1.9705477952957153,
    2.002558946609497,
    2.031827926635742,
    2.054610252380371,
    2.0558736324310303,
    2.046192169189453,
    2.033651828765869,
    2.0243804454803467,
    2.0138673782348633
  ]
}