{
  "Train": [
    1.1571719646453857,
    1.097246527671814,
    1.079231858253479,
    1.0700510740280151,
    1.065869688987732,
    1.051194429397583,
    1.0342310667037964,
    1.0472689867019653,
    1.0849812030792236,
    1.0523219108581543
  ],
  "Training Time": 20.812010526657104,
  "Validate": [
    NaN,
    NaN,
    NaN,
    NaN,
    NaN,
    NaN,
    NaN,
    NaN,
    NaN,
    NaN
  ]
}