{
  "Train": [
    0.7945504784584045,
    0.439578115940094,
    0.24692103266716003,
    0.14271408319473267,
    0.11006515473127365,
    0.09789613634347916,
    0.08954104781150818,
    0.07894481718540192,
    0.06206783279776573,
    0.04319719970226288,
    0.036837052553892136,
    0.03325784578919411,
    0.030353931710124016,
    0.028550194576382637,
    0.02771330438554287,
    0.02747342549264431,
    0.027550382539629936,
    0.02777847833931446,
    0.02802615985274315,
    0.02818199247121811,
    0.028190521523356438,
    0.0280676931142807,
    0.027866678312420845,
    0.02763363905251026,
    0.0273936465382576
  ],
  "Training Time": 10.360414266586304,
  "Validate": [
    3.9306821823120117,
    2.874964952468872,
    1.5711055994033813,
    0.947665274143219,
    0.7552271485328674,
    0.696771502494812,
    0.6886535286903381,
    0.7050683498382568,
    0.826287031173706,
    1.1054487228393555,
    1.2560960054397583,
    1.3102504014968872,
    1.3309179544448853,
    1.3358073234558105,
    1.3288674354553223,
    1.313929557800293,
    1.2947614192962646,
    1.2741599082946777,
    1.2540885210037231,
    1.235808253288269,
    1.2198078632354736,
    1.2059139013290405,
    1.1936521530151367,
    1.1825857162475586,
    1.1724101305007935
  ]
}