{
  "Train": [
    0.1556883305311203,
    0.0706704780459404,
    0.05527696758508682,
    0.04847307875752449,
    0.04536483436822891,
    0.04294474422931671,
    0.040828507393598557,
    0.03887156397104263,
    0.037139005959033966,
    0.035622261464595795,
    0.034295015037059784,
    0.03310992568731308,
    0.03200675547122955,
    0.03094760701060295,
    0.02991613931953907,
    0.028918977826833725,
    0.027978090569376945,
    0.027140848338603973,
    0.026478489860892296,
    0.025973638519644737,
    0.025625163689255714,
    0.025464436039328575,
    0.025282159447669983,
    0.02471303381025791,
    0.0236395001411438
  ],
  "Training Time": 14.824547529220581,
  "Validate": [
    NaN,
    NaN,
    NaN,
    NaN,
    NaN,
    NaN,
    NaN,
    NaN,
    NaN,
    NaN,
    NaN,
    NaN,
    NaN,
    NaN,
    NaN,
    NaN,
    NaN,
    NaN,
    NaN,
    NaN,
    NaN,
    NaN,
    NaN,
    NaN,
    NaN
  ]
}