{
  "Train": [
    0.13874654471874237,
    0.08902508020401001,
    0.07814091444015503,
    0.0710124671459198,
    0.06618742644786835,
    0.06255752593278885,
    0.059534333646297455,
    0.05685490369796753,
    0.05441685765981674,
    0.052184853702783585,
    0.05014758184552193,
    0.04829662665724754,
    0.04661779850721359,
    0.04508982226252556,
    0.04368883743882179,
    0.04239287227392197,
    0.04118358716368675,
    0.040045950561761856,
    0.03896704316139221,
    0.03793513402342796,
    0.03693931922316551,
    0.03596920147538185,
    0.035015035420656204,
    0.03406854718923569,
    0.033124834299087524
  ],
  "Training Time": 11.56983757019043,
  "Validate": [
    0.05664793401956558,
    0.05376533418893814,
    0.0507819689810276,
    0.04848871007561684,
    0.04684758558869362,
    0.045728862285614014,
    0.0450495108962059,
    0.04476306587457657,
    0.0448315292596817,
    0.045209530740976334,
    0.04583625867962837,
    0.046632494777441025,
    0.04750879108905792,
    0.04838144779205322,
    0.049187302589416504,
    0.04988908767700195,
    0.05047116056084633,
    0.05093121901154518,
    0.05127229541540146,
    0.051498305052518845,
    0.051616061478853226,
    0.051640916615724564,
    0.051603592932224274,
    0.05155038833618164,
    0.051537033170461655
  ]
}