{
  "Train": [
    0.5895459651947021,
    0.35669007897377014,
    0.3302973806858063,
    0.31202396750450134,
    0.29735758900642395,
    0.28625065088272095,
    0.2777564525604248,
    0.27058619260787964,
    0.2637752890586853,
    0.25665703415870667
  ],
  "Training Time": 5.187231779098511,
  "Validate": [
    40.3980598449707,
    35.7573127746582,
    34.427940368652344,
    33.67631149291992,
    33.22157287597656,
    32.938262939453125,
    32.79393005371094,
    32.76647186279297,
    32.82688903808594,
    32.95376968383789
  ]
}