{
  "Train": [
    1.047817349433899,
    0.9400001764297485,
    0.910788357257843,
    0.8918836712837219,
    0.875721275806427,
    0.8608537316322327,
    0.844477653503418,
    0.8266081213951111,
    0.8079004883766174,
    0.7885846495628357
  ],
  "Training Time": 4.7874369621276855,
  "Validate": [
    0.5595465302467346,
    0.6363562345504761,
    0.7084165215492249,
    0.7674477100372314,
    0.8305429220199585,
    0.9029481410980225,
    0.9993000030517578,
    1.1376291513442993,
    1.3264271020889282,
    1.568689227104187
  ]
}