{
  "Train": [
    0.6683443188667297,
    0.5877007246017456,
    0.5435968041419983,
    0.5153334736824036,
    0.49511367082595825,
    0.4792013168334961,
    0.4652627110481262,
    0.4518372118473053,
    0.43819886445999146,
    0.4240598976612091
  ],
  "Training Time": 1.7190837860107422,
  "Validate": [
    0.40640196204185486,
    0.38544273376464844,
    0.37983983755111694,
    0.38186338543891907,
    0.38471731543540955,
    0.386318176984787,
    0.3892064690589905,
    0.39384105801582336,
    0.3974553942680359,
    0.3970071077346802
  ]
}