{
  "Train": [
    0.3268485963344574,
    0.3057090938091278,
    0.29184603691101074,
    0.28041374683380127,
    0.2667563855648041,
    0.2540200650691986,
    0.24127119779586792,
    0.22951726615428925,
    0.21845752000808716,
    0.20788544416427612
  ],
  "Training Time": 2.058867931365967,
  "Validate": [
    NaN,
    NaN,
    NaN,
    NaN,
    NaN,
    NaN,
    NaN,
    NaN,
    NaN,
    NaN
  ]
}