{
  "Train": [
    0.5512352585792542,
    0.3542146682739258,
    0.3320922255516052,
    0.31696954369544983,
    0.30590149760246277,
    0.29761049151420593,
    0.29140546917915344,
    0.28677988052368164,
    0.2833171784877777,
    0.2806840240955353
  ],
  "Training Time": 2.5986154079437256,
  "Validate": [
    47.6500244140625,
    47.630714416503906,
    47.40331268310547,
    47.122615814208984,
    46.7858772277832,
    46.42025375366211,
    46.047672271728516,
    45.68164825439453,
    45.33269500732422,
    45.00877380371094
  ]
}