{
  "Train": [
    0.7004481554031372,
    0.711288332939148,
    0.7076466083526611,
    0.7041033506393433,
    0.6989064812660217,
    0.6948908567428589,
    0.6901929974555969,
    0.6849711537361145,
    0.678874671459198,
    0.6719892024993896
  ],
  "Training Time": 3.0597894191741943,
  "Validate": [
    NaN,
    NaN,
    NaN,
    NaN,
    NaN,
    NaN,
    NaN,
    NaN,
    NaN,
    NaN
  ]
}