{
  "Train": [
    0.781256377696991,
    0.7562372088432312,
    0.7333620190620422,
    0.7167487740516663,
    0.702732264995575,
    0.6933601498603821,
    0.6854491829872131,
    0.6795635223388672,
    0.6740617752075195,
    0.6690281629562378
  ],
  "Training Time": 2.5598249435424805,
  "Validate": [
    0.7003712058067322,
    0.715045690536499,
    0.7237979173660278,
    0.7232654094696045,
    0.7228128910064697,
    0.72087562084198,
    0.7212652564048767,
    0.7218295335769653,
    0.7250243425369263,
    0.7284244894981384
  ]
}