{
  "Train": [
    1.0380938053131104,
    1.0264710187911987,
    1.034287929534912,
    0.9728094935417175,
    0.9293099641799927,
    0.9890406727790833,
    0.9669142365455627,
    0.9407361149787903,
    0.8954452872276306,
    0.8692492842674255
  ],
  "Training Time": 10.299822807312012,
  "Validate": [
    0.5853273868560791,
    0.4817085564136505,
    0.4913346469402313,
    0.5666906237602234,
    0.44010430574417114,
    0.3449110686779022,
    0.3021548092365265,
    0.3273944556713104,
    0.2745189070701599,
    0.23681432008743286
  ]
}