{
  "Train": [
    1.1217029094696045,
    1.057157278060913,
    1.0421935319900513,
    1.0184135437011719,
    0.9893425703048706,
    0.9804983139038086,
    0.9900000691413879,
    0.9860994815826416,
    0.873126208782196,
    0.9696559906005859
  ],
  "Training Time": 19.468612909317017,
  "Validate": [
    NaN,
    NaN,
    NaN,
    NaN,
    NaN,
    NaN,
    NaN,
    NaN,
    NaN,
    NaN
  ]
}