{
  "Train": [
    0.9384934902191162,
    0.8627743124961853,
    0.8311713933944702,
    0.81684809923172,
    0.8088362216949463,
    0.8035206198692322,
    0.7996014356613159,
    0.7965059280395508,
    0.7939339280128479,
    0.7917113900184631,
    0.789730429649353,
    0.7879194021224976,
    0.7862286567687988,
    0.7846209406852722,
    0.7830666899681091,
    0.7815407514572144,
    0.7800220847129822,
    0.7784906029701233,
    0.7769284248352051,
    0.7753166556358337,
    0.7736383676528931,
    0.771874189376831,
    0.77000492811203,
    0.7680087089538574,
    0.7658628821372986,
    0.7635424137115479,
    0.7610242962837219,
    0.7582879662513733,
    0.7553219199180603,
    0.7521279454231262,
    0.7487159371376038,
    0.745089054107666,
    0.7412290573120117,
    0.7370935082435608,
    0.7326012253761292,
    0.7276095747947693,
    0.7218775749206543,
    0.7150171995162964,
    0.7064523100852966,
    0.6955796480178833,
    0.682750940322876,
    0.6713119149208069,
    0.6648552417755127,
    0.6598241925239563,
    0.6544076800346375,
    0.6491847038269043,
    0.6443253755569458,
    0.6398106217384338,
    0.6355902552604675,
    0.6316167116165161,
    0.6278489232063293,
    0.6242508292198181,
    0.6207918524742126,
    0.6174456477165222,
    0.6141901612281799,
    0.6110067367553711,
    0.6078794598579407,
    0.6047964096069336,
    0.6017469167709351,
    0.5987223982810974,
    0.5957167148590088,
    0.5927245616912842,
    0.5897422432899475,
    0.5867669582366943,
    0.58379727602005,
    0.5808333158493042,
    0.5778767466545105,
    0.5749300718307495,
    0.5719987154006958,
    0.5690889358520508,
    0.5662081241607666,
    0.5633655190467834,
    0.5605700016021729,
    0.5578309297561646,
    0.555155873298645,
    0.5525516867637634,
    0.5500226616859436,
    0.5475720763206482,
    0.5452003479003906,
    0.5429065823554993,
    0.54068922996521,
    0.5385449528694153,
    0.5364713072776794,
    0.5344648361206055,
    0.5325219631195068,
    0.5306394696235657,
    0.5288146138191223,
    0.5270441770553589,
    0.5253255367279053,
    0.5236558318138123,
    0.5220322012901306,
    0.520451545715332,
    0.5189113020896912,
    0.5174083113670349,
    0.5159397125244141,
    0.5145019888877869,
    0.5130919218063354,
    0.5117062926292419,
    0.5103421211242676,
    0.508995532989502
  ],
  "Training Time": 37.46255922317505,
  "Validate": [
    3.70597243309021,
    3.3544747829437256,
    3.139777421951294,
    2.997823476791382,
    2.8975820541381836,
    2.823180675506592,
    2.765806198120117,
    2.720147132873535,
    2.6827921867370605,
    2.6514663696289062,
    2.6246204376220703,
    2.6011855602264404,
    2.580411672592163,
    2.561760902404785,
    2.544833183288574,
    2.529325485229492,
    2.5149986743927,
    2.5016589164733887,
    2.4891436100006104,
    2.4773120880126953,
    2.4660391807556152,
    2.455207586288452,
    2.444704294204712,
    2.4344136714935303,
    2.4242162704467773,
    2.4139864444732666,
    2.403596878051758,
    2.392935037612915,
    2.3819310665130615,
    2.3706066608428955,
    2.3591012954711914,
    2.3476526737213135,
    2.336512804031372,
    2.325880289077759,
    2.315880060195923,
    2.306572675704956,
    2.297975778579712,
    2.2900922298431396,
    2.283010244369507,
    2.277172327041626,
    2.274015188217163,
    2.2763025760650635,
    2.2858755588531494,
    2.2989327907562256,
    2.3113112449645996,
    2.322209596633911,
    2.3316662311553955,
    2.339832305908203,
    2.346867561340332,
    2.3529181480407715,
    2.3581130504608154,
    2.362563133239746,
    2.366363286972046,
    2.3695943355560303,
    2.372323751449585,
    2.3746068477630615,
    2.376490592956543,
    2.378012180328369,
    2.379204273223877,
    2.3800947666168213,
    2.380706310272217,
    2.3810625076293945,
    2.3811845779418945,
    2.381096839904785,
    2.3808228969573975,
    2.3803892135620117,
    2.3798227310180664,
    2.379150629043579,
    2.378398895263672,
    2.377589702606201,
    2.376743793487549,
    2.3758745193481445,
    2.374990701675415,
    2.374093770980835,
    2.3731822967529297,
    2.3722498416900635,
    2.371290445327759,
    2.3702971935272217,
    2.369262933731079,
    2.3681859970092773,
    2.3670639991760254,
    2.365902900695801,
    2.3647098541259766,
    2.363492727279663,
    2.362262725830078,
    2.361032247543335,
    2.3598132133483887,
    2.3586196899414062,
    2.357462167739868,
    2.3563525676727295,
    2.3553011417388916,
    2.354316234588623,
    2.353409767150879,
    2.3525876998901367,
    2.3518576622009277,
    2.351227045059204,
    2.3507039546966553,
    2.350292682647705,
    2.350001335144043,
    2.349835157394409
  ]
}