{
  "ACF": [
    1.0,
    0.9775922193273805,
    0.9406546287460928,
    0.8961475141611667,
    0.8483547356369705,
    0.7983634797453315,
    0.7455154819129041,
    0.6877282293300172,
    0.624642063775992,
    0.5551555439846622,
    0.4806156477107482,
    0.40526273906348126,
    0.33522351903943487,
    0.2705393927265479,
    0.2096530999331998,
    0.15083900963747957,
    0.09373076472818571,
    0.03881357786059914,
    -0.01320797533501523,
    -0.061409633546518475,
    -0.10419464263399067,
    -0.14080771109333678,
    -0.17177635323541576,
    -0.1986454765767871,
    -0.22241284311291967
  ],
  "PACF": [
    1.0,
    0.9833767886725133,
    -0.4603266073397258,
    -0.07655213471175278,
    -0.011048702087997702,
    -0.06016533070175584,
    -0.09985220612102076,
    -0.15735259577754984,
    -0.11684310621752741,
    -0.17339216780149874,
    -0.10877846821357275,
    0.02129963841678072,
    0.1653124295212649,
    0.007139000708598439,
    -0.02930039424436534,
    -0.023544416028376567,
    0.001494274084618475,
    -0.000377316836752509,
    -0.02836493395857761,
    -0.024255153564540402,
    -0.007909580497214736,
    -0.011944937287888795,
    -0.008778071487555364,
    -0.0043600115976556485,
    -0.010185713690762153
  ],
  "Confidence": [
    0.1475106448282976,
    -0.15927535071065055,
    0.1475106448282976,
    -0.15927535071065055
  ]
}