{
  "Train": [
    0.9341384768486023,
    0.8726692199707031,
    0.8332549929618835,
    0.8135049343109131,
    0.798985481262207,
    0.7875381708145142,
    0.7785733938217163,
    0.7718939781188965,
    0.7669408321380615,
    0.7628982067108154
  ],
  "Training Time": 5.529378175735474,
  "Validate": [
    3.5016989707946777,
    3.1812551021575928,
    2.9115347862243652,
    2.740546464920044,
    2.61118221282959,
    2.502139091491699,
    2.4064533710479736,
    2.332038402557373,
    2.2856717109680176,
    2.262606620788574
  ]
}