{
  "Train": [
    0.8738074898719788,
    0.7589951157569885,
    0.6661504507064819,
    0.5898154377937317,
    0.506170928478241,
    0.42267683148384094,
    0.3684665262699127,
    0.30798494815826416,
    0.2917620837688446,
    0.25669610500335693
  ],
  "Training Time": 3.3797223567962646,
  "Validate": [
    2.04921293258667,
    1.5058940649032593,
    1.2979257106781006,
    1.01088285446167,
    0.7754688262939453,
    0.5310189723968506,
    0.39495113492012024,
    0.4150345027446747,
    0.5636101365089417,
    0.6324016451835632
  ]
}