{
  "Train": [
    0.12004836648702621,
    0.10918672382831573,
    0.10477274656295776,
    0.1019655093550682,
    0.09994024783372879,
    0.09831778705120087,
    0.09698186814785004,
    0.09581904113292694,
    0.09473661333322525,
    0.0936705693602562,
    0.0925947055220604,
    0.0915071964263916,
    0.09041935205459595,
    0.08934004604816437,
    0.0882604718208313,
    0.08714961260557175,
    0.08595947176218033,
    0.08462436497211456,
    0.08304303884506226,
    0.08111941814422607,
    0.07902819663286209,
    0.07694987952709198,
    0.07474292069673538,
    0.07376494258642197,
    0.07440883666276932
  ],
  "Training Time": 11.97277545928955,
  "Validate": [
    0.6326324939727783,
    0.541632890701294,
    0.4924979507923126,
    0.45459410548210144,
    0.42962801456451416,
    0.4092068374156952,
    0.39300644397735596,
    0.37775203585624695,
    0.3633098602294922,
    0.34892958402633667,
    0.334823876619339,
    0.3206692039966583,
    0.3062857687473297,
    0.291422963142395,
    0.27603423595428467,
    0.26028573513031006,
    0.2447650283575058,
    0.23069506883621216,
    0.2192983627319336,
    0.21036921441555023,
    0.20083869993686676,
    0.19115281105041504,
    0.19009901583194733,
    0.22098709642887115,
    0.22633418440818787
  ]
}