{
  "Train": [
    0.8541051149368286,
    0.5350089073181152,
    0.4570671021938324,
    0.4034649133682251,
    0.3612067699432373,
    0.32606881856918335,
    0.29831933975219727,
    0.274812251329422,
    0.2570001780986786,
    0.24441729485988617,
    0.23478995263576508,
    0.22650258243083954,
    0.21916428208351135,
    0.21277278661727905,
    0.206951305270195,
    0.2016107738018036,
    0.19646668434143066,
    0.1915077418088913,
    0.18657684326171875,
    0.18173596262931824,
    0.17690236866474152,
    0.1722029149532318,
    0.16757164895534515,
    0.16322053968906403,
    0.15898354351520538
  ],
  "Training Time": 10.496034383773804,
  "Validate": [
    0.31630632281303406,
    0.48690176010131836,
    0.568342924118042,
    0.6364630460739136,
    0.6800665855407715,
    0.7152899503707886,
    0.7323362827301025,
    0.7440675497055054,
    0.7376031279563904,
    0.7121387720108032,
    0.6771405339241028,
    0.6438269019126892,
    0.6140946745872498,
    0.5885228514671326,
    0.5653670430183411,
    0.5442942976951599,
    0.5242984294891357,
    0.5054081678390503,
    0.48717278242111206,
    0.4697616696357727,
    0.4529535174369812,
    0.4369516372680664,
    0.4217243492603302,
    0.40740177035331726,
    0.39450404047966003
  ]
}