{
  "Train": [
    1.125658392906189,
    1.1231337785720825,
    1.1139122247695923,
    1.1119252443313599,
    1.1112854480743408,
    1.1110321283340454,
    1.1108847856521606,
    1.1107850074768066,
    1.110717535018921,
    1.1106376647949219
  ],
  "Training Time": 2.698636531829834,
  "Validate": [
    1.442949891090393,
    1.4367009401321411,
    1.414955973625183,
    1.401953935623169,
    1.3967030048370361,
    1.392701506614685,
    1.3905314207077026,
    1.389477014541626,
    1.3888943195343018,
    1.3891347646713257
  ]
}