{
  "Train": [
    1.1085461378097534,
    1.0665944814682007,
    1.0632904767990112,
    1.0612283945083618,
    1.0598129034042358,
    1.0592643022537231,
    1.0586024522781372,
    1.0577517747879028,
    1.057494044303894,
    1.05684232711792
  ],
  "Training Time": 4.383366823196411,
  "Validate": [
    7.184845924377441,
    7.195140838623047,
    7.194810390472412,
    7.203996181488037,
    7.21435546875,
    7.208827018737793,
    7.22299337387085,
    7.227387428283691,
    7.2255401611328125,
    7.240649223327637
  ]
}