{
  "Train": [
    0.9153411984443665,
    0.8504136204719543,
    0.8367405533790588,
    0.830405592918396,
    0.8258245587348938,
    0.8221379518508911,
    0.818963885307312,
    0.8161004185676575,
    0.8134287595748901,
    0.8108754754066467
  ],
  "Training Time": 3.3298373222351074,
  "Validate": [
    2.7718915939331055,
    2.7468175888061523,
    2.6733009815216064,
    2.623781681060791,
    2.5864713191986084,
    2.5580697059631348,
    2.5364766120910645,
    2.520287036895752,
    2.50846004486084,
    2.500142812728882
  ]
}