{
  "Train": [
    0.4663321077823639,
    0.3455595076084137,
    0.29168954491615295,
    0.2734144628047943,
    0.25931286811828613,
    0.24625331163406372,
    0.23554614186286926,
    0.2256034016609192,
    0.2184929996728897,
    0.21251682937145233
  ],
  "Training Time": 13.119736194610596,
  "Validate": [
    32.976139068603516,
    32.73915100097656,
    32.235626220703125,
    32.00416564941406,
    31.7099552154541,
    31.35456657409668,
    30.94866180419922,
    30.548046112060547,
    30.112272262573242,
    29.749847412109375
  ]
}