{
  "Train": [
    0.8443886041641235,
    0.5587254166603088,
    0.6922140717506409,
    0.4098917543888092,
    0.45184826850891113,
    0.3325337767601013,
    0.31753143668174744,
    0.27983617782592773,
    0.26647135615348816,
    0.24780185520648956
  ],
  "Training Time": 11.193196773529053,
  "Validate": [
    0.13825155794620514,
    0.32432106137275696,
    0.14463062584400177,
    0.3107268512248993,
    0.33921921253204346,
    0.46137285232543945,
    0.4756772220134735,
    0.9100311398506165,
    0.5867816805839539,
    0.9080658555030823
  ]
}