{
  "Train": [
    0.9802799820899963,
    0.923457145690918,
    0.8721765279769897,
    0.843715250492096,
    0.8252747654914856,
    0.8115267753601074,
    0.8007516264915466,
    0.7919624447822571,
    0.784446120262146,
    0.777641236782074
  ],
  "Training Time": 8.143439292907715,
  "Validate": [
    3.7234344482421875,
    3.399484872817993,
    3.027751922607422,
    2.768320322036743,
    2.593048334121704,
    2.4840798377990723,
    2.4297778606414795,
    2.412484645843506,
    2.4174373149871826,
    2.435116767883301
  ]
}