{
  "Train": [
    0.993589460849762,
    0.8853436708450317,
    0.8418105840682983,
    0.8162440061569214,
    0.800726056098938,
    0.7890686392784119,
    0.7781269550323486,
    0.76614910364151,
    0.7511644959449768,
    0.7309472560882568,
    0.7132529616355896,
    0.7057275176048279,
    0.7011634111404419,
    0.6973461508750916,
    0.6941378712654114,
    0.6894020438194275,
    0.6839552521705627,
    0.6791572570800781,
    0.6751443147659302,
    0.6717351078987122,
    0.6687272787094116,
    0.6659845113754272,
    0.6634347438812256,
    0.6610416173934937,
    0.6587830185890198,
    0.6566406488418579,
    0.6545951962471008,
    0.6526285409927368,
    0.6507211923599243,
    0.6488564014434814,
    0.6470173597335815,
    0.6451892256736755,
    0.6433584094047546,
    0.6415132284164429,
    0.6396427750587463,
    0.6377379894256592,
    0.6357909440994263,
    0.6337952017784119,
    0.6317453384399414,
    0.6296378970146179,
    0.6274701356887817,
    0.6252408027648926,
    0.6229501366615295,
    0.6205999851226807,
    0.6181936264038086,
    0.6157369017601013,
    0.6132371425628662,
    0.6107040047645569,
    0.6081494688987732,
    0.605587363243103,
    0.6030322909355164,
    0.6004977822303772,
    0.5979946255683899,
    0.595525860786438,
    0.5930861234664917,
    0.5906598567962646,
    0.5882259011268616,
    0.585760772228241,
    0.583244264125824,
    0.5806595683097839,
    0.5779929757118225,
    0.5752332210540771,
    0.5723702907562256,
    0.5693958401679993,
    0.5663079619407654,
    0.5631135106086731,
    0.5598336458206177,
    0.5565056800842285,
    0.5531797409057617,
    0.5499129295349121,
    0.5467621684074402,
    0.5437777042388916,
    0.5409866571426392,
    0.538335919380188,
    0.5356121063232422,
    0.5326130986213684,
    0.5295290350914001,
    0.5266177654266357,
    0.5238919854164124,
    0.521306574344635,
    0.5188120007514954,
    0.5164021253585815,
    0.5141294002532959,
    0.5119820833206177,
    0.5098720788955688,
    0.5077309012413025,
    0.5055429339408875,
    0.503311276435852,
    0.5010560750961304,
    0.4987916648387909,
    0.49654442071914673,
    0.4943278431892395,
    0.4921730160713196,
    0.4901004731655121,
    0.48815736174583435,
    0.48638802766799927,
    0.48487555980682373,
    0.48363417387008667,
    0.4818434715270996,
    0.475516140460968
  ],
  "Training Time": 72.34780287742615,
  "Validate": [
    3.799863576889038,
    3.343811273574829,
    3.1267213821411133,
    2.980271816253662,
    2.893096446990967,
    2.83431339263916,
    2.7882540225982666,
    2.7535035610198975,
    2.737123727798462,
    2.757601737976074,
    2.8048391342163086,
    2.797961711883545,
    2.772571325302124,
    2.746537923812866,
    2.727853536605835,
    2.716515064239502,
    2.706171989440918,
    2.6952223777770996,
    2.6851613521575928,
    2.6762449741363525,
    2.6681783199310303,
    2.66072154045105,
    2.6537466049194336,
    2.647189140319824,
    2.6410114765167236,
    2.6351804733276367,
    2.629657506942749,
    2.624397039413452,
    2.6193501949310303,
    2.6144628524780273,
    2.6096837520599365,
    2.6049611568450928,
    2.6002461910247803,
    2.595496892929077,
    2.59067440032959,
    2.585747003555298,
    2.580690622329712,
    2.575484037399292,
    2.570112466812134,
    2.564565420150757,
    2.5588314533233643,
    2.5529003143310547,
    2.546760320663452,
    2.540395975112915,
    2.5337889194488525,
    2.5269196033477783,
    2.519763708114624,
    2.5122976303100586,
    2.5044922828674316,
    2.4963173866271973,
    2.4877474308013916,
    2.4787747859954834,
    2.4694244861602783,
    2.459775447845459,
    2.449955701828003,
    2.44012188911438,
    2.430420160293579,
    2.420963764190674,
    2.411830186843872,
    2.403059244155884,
    2.394674301147461,
    2.386686086654663,
    2.379108428955078,
    2.3719637393951416,
    2.365278959274292,
    2.359067678451538,
    2.3532979488372803,
    2.347864866256714,
    2.3425638675689697,
    2.337109327316284,
    2.331183910369873,
    2.324528455734253,
    2.31707763671875,
    2.3091819286346436,
    2.3017022609710693,
    2.295276641845703,
    2.289581060409546,
    2.2843403816223145,
    2.2796125411987305,
    2.2754597663879395,
    2.2721827030181885,
    2.2701570987701416,
    2.269409418106079,
    2.2695982456207275,
    2.270407199859619,
    2.271639585494995,
    2.273146629333496,
    2.274839162826538,
    2.2766568660736084,
    2.278597354888916,
    2.280667543411255,
    2.28293514251709,
    2.285468578338623,
    2.288418769836426,
    2.2919721603393555,
    2.2964975833892822,
    2.302597999572754,
    2.3111746311187744,
    2.3200299739837646,
    2.3173437118530273
  ]
}