{
  "Train": [
    0.8486345410346985,
    0.8567900657653809,
    0.7990666627883911,
    0.7489959001541138,
    0.7056546211242676,
    0.7158951759338379,
    0.8232893943786621,
    0.6879034042358398,
    0.6371355056762695,
    0.5713648200035095
  ],
  "Training Time": 6.626523971557617,
  "Validate": [
    NaN,
    NaN,
    NaN,
    NaN,
    NaN,
    NaN,
    NaN,
    NaN,
    NaN,
    NaN
  ]
}