{
  "Train": [
    0.13421015441417694,
    0.10233604162931442,
    0.07986856251955032,
    0.07026664912700653,
    0.06399139016866684,
    0.05909028649330139,
    0.05509588494896889,
    0.05177183076739311,
    0.04900548607110977,
    0.04672124236822128,
    0.044869791716337204,
    0.04331644997000694,
    0.041473302990198135,
    0.039852406829595566,
    0.038605473935604095,
    0.037587277591228485,
    0.03690612316131592,
    0.03667905926704407,
    0.03680911287665367,
    0.0370437428355217,
    0.03724689036607742,
    0.03733241930603981,
    0.03712785616517067,
    0.03648844733834267,
    0.03540430963039398
  ],
  "Training Time": 17.999855518341064,
  "Validate": [
    0.06703346222639084,
    0.0730600357055664,
    0.06684540212154388,
    0.06348873674869537,
    0.059750866144895554,
    0.055901940912008286,
    0.05224498733878136,
    0.048993583768606186,
    0.046228647232055664,
    0.04389359802007675,
    0.041886504739522934,
    0.04014788568019867,
    0.03887881338596344,
    0.03836815804243088,
    0.038432661443948746,
    0.038837727159261703,
    0.039442066103219986,
    0.040124859660863876,
    0.04068807139992714,
    0.04099490866065025,
    0.041180435568094254,
    0.04140044376254082,
    0.0416630282998085,
    0.041956182569265366,
    0.04232535511255264
  ]
}