{
  "Train": [
    0.9503880143165588,
    0.8455931544303894,
    0.8239035606384277,
    0.8170751929283142,
    0.8133208155632019,
    0.8107100129127502,
    0.8086733222007751,
    0.8069503903388977,
    0.8054414391517639,
    0.8040592074394226
  ],
  "Training Time": 5.617079496383667,
  "Validate": [
    2.981645107269287,
    2.6714048385620117,
    2.6247150897979736,
    2.603781223297119,
    2.5901997089385986,
    2.58036208152771,
    2.5726561546325684,
    2.566235303878784,
    2.5607309341430664,
    2.5558438301086426
  ]
}