{
  "Train": [
    0.30442094802856445,
    0.11369909346103668,
    0.08091089874505997,
    0.07202787697315216,
    0.06597328186035156,
    0.060904208570718765,
    0.05589234083890915,
    0.051699329167604446,
    0.04762702062726021,
    0.04421398416161537,
    0.040680378675460815,
    0.03683987632393837,
    0.03407551720738411,
    0.03379334509372711,
    0.028572848066687584,
    0.04800005629658699,
    0.03187473863363266,
    0.023609444499015808,
    0.02061864733695984,
    0.021206583827733994,
    0.018956240266561508,
    0.016640910878777504,
    0.014176313765347004,
    0.01399399247020483,
    0.013610556721687317
  ],
  "Training Time": 13.462833404541016,
  "Validate": [
    0.5940762162208557,
    0.41025444865226746,
    0.39203721284866333,
    0.26091626286506653,
    0.23121033608913422,
    0.2034308761358261,
    0.17933255434036255,
    0.1439572274684906,
    0.0970311239361763,
    0.06444143503904343,
    0.04789004474878311,
    0.03986281529068947,
    0.0381949283182621,
    0.039317693561315536,
    0.03877495601773262,
    0.0703355073928833,
    0.04890378564596176,
    0.03738708794116974,
    0.04084175452589989,
    0.060118768364191055,
    0.08137862384319305,
    0.07525244355201721,
    0.07506339251995087,
    0.06982745975255966,
    0.06155508756637573
  ]
}