{
  "Train": [
    0.13930095732212067,
    0.11225467920303345,
    0.10694196075201035,
    0.08701184391975403,
    0.08161183446645737,
    0.07880870997905731,
    0.07539685070514679,
    0.07514729350805283,
    0.07008446753025055,
    0.07465279847383499,
    0.06894366443157196,
    0.06782793998718262,
    0.06592124700546265,
    0.06564824283123016,
    0.06308086961507797,
    0.0627909004688263,
    0.06112705543637276,
    0.06153634563088417,
    0.060377806425094604,
    0.0604093112051487,
    0.06044205650687218,
    0.05600605905056,
    0.05650196224451065,
    0.058284562081098557,
    0.05264192447066307
  ],
  "Training Time": 16.39785599708557,
  "Validate": [
    NaN,
    NaN,
    NaN,
    NaN,
    NaN,
    NaN,
    NaN,
    NaN,
    NaN,
    NaN,
    NaN,
    NaN,
    NaN,
    NaN,
    NaN,
    NaN,
    NaN,
    NaN,
    NaN,
    NaN,
    NaN,
    NaN,
    NaN,
    NaN,
    NaN
  ]
}