{
  "Train": [
    1.0967731475830078,
    1.0904674530029297,
    1.0861228704452515,
    1.0819886922836304,
    1.077926754951477,
    1.073600172996521,
    1.0684973001480103,
    1.0618361234664917,
    1.0524767637252808,
    1.038495421409607
  ],
  "Training Time": 5.169500827789307,
  "Validate": [
    4.397237777709961,
    4.396064758300781,
    4.392045497894287,
    4.385006427764893,
    4.375175952911377,
    4.361830234527588,
    4.342209339141846,
    4.312065124511719,
    4.271908760070801,
    4.231846809387207
  ]
}