{
  "Train": [
    0.850188136100769,
    1.127009630203247,
    0.9450855255126953,
    0.8438753485679626,
    0.7688630223274231,
    0.7574176788330078,
    0.824055552482605,
    0.9201840162277222,
    0.7591973543167114,
    0.64513099193573,
    0.60773104429245,
    0.566293478012085,
    0.5413588285446167,
    0.5373192429542542,
    0.5063138604164124,
    0.5059868693351746,
    0.4980538487434387,
    0.4803175628185272,
    0.46940523386001587,
    0.4889809489250183,
    0.49867746233940125,
    0.4360782504081726,
    0.49451881647109985,
    0.42596712708473206,
    0.4203128218650818,
    0.38806265592575073,
    0.3847135901451111,
    0.3785121440887451,
    0.5449811220169067,
    0.39235880970954895,
    0.3631122410297394,
    0.34969857335090637,
    0.3392796218395233,
    0.33023592829704285,
    0.32442551851272583,
    0.3174607455730438,
    0.31564268469810486,
    0.30773380398750305,
    0.3167683780193329,
    0.30094343423843384,
    0.31034448742866516,
    0.30121636390686035,
    0.3006243109703064,
    0.44068360328674316,
    0.48474451899528503,
    0.5054980516433716,
    0.39075300097465515,
    0.292289674282074,
    0.25024643540382385,
    0.24794070422649384,
    0.2410242110490799,
    0.23761487007141113,
    0.23373684287071228,
    0.2299041599035263,
    0.2260402888059616,
    0.2222221940755844,
    0.2184840440750122,
    0.2148052453994751,
    0.211187481880188,
    0.20764188468456268,
    0.20408384501934052,
    0.20037080347537994,
    0.1966322958469391,
    0.19290877878665924,
    0.189439058303833,
    0.18610627949237823,
    0.1803344041109085,
    0.1709991842508316,
    0.17746570706367493,
    0.19307975471019745,
    0.20222687721252441,
    0.37312862277030945,
    0.27525779604911804,
    0.36270108819007874,
    0.15032024681568146,
    0.14916221797466278,
    0.1381719559431076,
    0.12613916397094727,
    0.1222672313451767,
    0.11837167292833328,
    0.11687611788511276,
    0.11271204054355621,
    0.11949193477630615,
    0.11061293631792068,
    0.10562276095151901,
    0.09974358975887299,
    0.09702382236719131,
    0.09335632622241974,
    0.09165405482053757,
    0.08990605920553207,
    0.0874052420258522,
    0.09285120666027069,
    0.11849211156368256,
    0.12501771748065948,
    0.09050905704498291,
    0.11039865761995316,
    0.23667863011360168,
    0.39952635765075684,
    0.1578776091337204,
    0.11463989317417145
  ],
  "Training Time": 48.66027355194092,
  "Validate": [
    0.75650554895401,
    0.6738118529319763,
    0.5442129373550415,
    0.7211293578147888,
    0.7985673546791077,
    0.7606297135353088,
    0.39654457569122314,
    0.4809513986110687,
    0.48115643858909607,
    0.5554323196411133,
    0.5607548356056213,
    0.5781072378158569,
    0.5697707533836365,
    0.565030574798584,
    0.5550409555435181,
    0.5452519059181213,
    0.537040114402771,
    0.5287160277366638,
    0.5184718370437622,
    0.5068883895874023,
    0.5041342377662659,
    0.48630496859550476,
    0.4892064034938812,
    0.461678683757782,
    0.44786080718040466,
    0.43280088901519775,
    0.42093393206596375,
    0.40674522519111633,
    0.4141022861003876,
    0.4030834436416626,
    0.3802868723869324,
    0.36163076758384705,
    0.34589245915412903,
    0.33418112993240356,
    0.3250199556350708,
    0.31342437863349915,
    0.30430498719215393,
    0.2930445373058319,
    0.2890241742134094,
    0.2774036228656769,
    0.2673296332359314,
    0.26215073466300964,
    0.28171566128730774,
    0.2619820535182953,
    0.2804633378982544,
    0.27023717761039734,
    0.2553282678127289,
    0.2620844841003418,
    0.260670930147171,
    0.2531156539916992,
    0.24925118684768677,
    0.24607695639133453,
    0.24376703798770905,
    0.2421937882900238,
    0.24129794538021088,
    0.24112620949745178,
    0.24164563417434692,
    0.24283075332641602,
    0.24470680952072144,
    0.24734185636043549,
    0.2507287561893463,
    0.2548995018005371,
    0.26026448607444763,
    0.26720544695854187,
    0.2763109803199768,
    0.28781768679618835,
    0.298326700925827,
    0.3054119348526001,
    0.3445744216442108,
    0.3277246356010437,
    0.3969421684741974,
    0.41410982608795166,
    0.38957470655441284,
    0.350822776556015,
    0.3672429919242859,
    0.442531019449234,
    0.3907616436481476,
    0.381740927696228,
    0.37826108932495117,
    0.37299928069114685,
    0.38065049052238464,
    0.36792412400245667,
    0.3782910406589508,
    0.3566771149635315,
    0.3780307471752167,
    0.3638631999492645,
    0.3713487684726715,
    0.35034340620040894,
    0.3714179992675781,
    0.39735186100006104,
    0.32228633761405945,
    0.39398080110549927,
    0.45896971225738525,
    0.29579460620880127,
    0.2574313282966614,
    0.2845413386821747,
    0.6724817752838135,
    0.564348042011261,
    0.5281202793121338,
    0.2790738344192505
  ]
}