{
  "Train": [
    0.3800458014011383,
    0.13911950588226318,
    0.10500907897949219,
    0.0921439677476883,
    0.08288706839084625,
    0.07560371607542038,
    0.06902424991130829,
    0.06263826787471771,
    0.05668356269598007,
    0.05101247876882553,
    0.045968104153871536,
    0.04151809588074684,
    0.03765113279223442,
    0.03414780646562576,
    0.03084438666701317,
    0.027844341471791267,
    0.02587488479912281,
    0.025026047602295876,
    0.0236749816685915,
    0.022346973419189453,
    0.02118934877216816,
    0.020113585516810417,
    0.019107649102807045,
    0.01816490851342678,
    0.017284957692027092
  ],
  "Training Time": 12.289074897766113,
  "Validate": [
    1.2006182670593262,
    1.7503196001052856,
    2.1047556400299072,
    2.253736972808838,
    2.313978910446167,
    2.3737809658050537,
    2.4809882640838623,
    2.574392557144165,
    2.6933298110961914,
    2.820488452911377,
    2.969933271408081,
    3.1329948902130127,
    3.3152544498443604,
    3.5184683799743652,
    3.7398862838745117,
    3.9533019065856934,
    4.080049991607666,
    4.047698497772217,
    3.9348647594451904,
    3.805558919906616,
    3.670602321624756,
    3.533719539642334,
    3.4011175632476807,
    3.2770514488220215,
    3.1635994911193848
  ]
}