{
  "Train": [
    0.7340238690376282,
    0.20915691554546356,
    0.04976353049278259,
    0.028604179620742798,
    0.02125358022749424,
    0.018721114844083786,
    0.01745333895087242,
    0.016588877886533737,
    0.015902625396847725,
    0.015300113707780838,
    0.01479246560484171,
    0.014363923110067844,
    0.013985652476549149,
    0.013634901493787766,
    0.013297751545906067,
    0.012964795343577862,
    0.012631905265152454,
    0.01230020634829998,
    0.011974499560892582,
    0.011662117205560207,
    0.011370393447577953,
    0.011102630756795406,
    0.01085582934319973,
    0.010621624067425728,
    0.010389360599219799
  ],
  "Training Time": 10.96429181098938,
  "Validate": [
    15.331671714782715,
    17.46782875061035,
    17.94519805908203,
    17.79603385925293,
    17.977933883666992,
    17.988269805908203,
    17.973966598510742,
    18.001163482666016,
    18.037830352783203,
    18.072830200195312,
    18.092878341674805,
    18.08534049987793,
    18.042945861816406,
    17.96697235107422,
    17.866043090820312,
    17.751909255981445,
    17.63502311706543,
    17.522890090942383,
    17.420772552490234,
    17.332731246948242,
    17.261642456054688,
    17.208663940429688,
    17.173065185546875,
    17.152664184570312,
    17.144580841064453
  ]
}