{
  "Train": [
    0.12032392621040344,
    0.03720589354634285,
    0.026542475447058678,
    0.02150300331413746,
    0.018559912219643593,
    0.016591373831033707,
    0.015186331234872341,
    0.014126855880022049,
    0.013287750072777271,
    0.012604398652911186,
    0.012049744836986065,
    0.011616671457886696,
    0.011302663944661617,
    0.01109337154775858,
    0.010953682474792004,
    0.01083862129598856,
    0.01071458775550127,
    0.010568568482995033,
    0.010401325300335884,
    0.010218015871942043,
    0.010024484246969223,
    0.009826336987316608,
    0.009629416279494762,
    0.009439999237656593,
    0.009264383465051651
  ],
  "Training Time": 15.630760669708252,
  "Validate": [
    NaN,
    NaN,
    NaN,
    NaN,
    NaN,
    NaN,
    NaN,
    NaN,
    NaN,
    NaN,
    NaN,
    NaN,
    NaN,
    NaN,
    NaN,
    NaN,
    NaN,
    NaN,
    NaN,
    NaN,
    NaN,
    NaN,
    NaN,
    NaN,
    NaN
  ]
}