{
  "Train": [
    1.0737966299057007,
    1.0329142808914185,
    1.0119352340698242,
    0.9955959320068359,
    0.9849029779434204,
    0.9960091710090637,
    0.9539839625358582,
    0.9582592844963074,
    0.9674345850944519,
    0.9951044321060181
  ],
  "Training Time": 5.8981688022613525,
  "Validate": [
    NaN,
    NaN,
    NaN,
    NaN,
    NaN,
    NaN,
    NaN,
    NaN,
    NaN,
    NaN
  ]
}