{
  "Train": [
    0.8340433239936829,
    0.8339613080024719,
    0.8182130455970764,
    0.804865300655365,
    0.7931877970695496,
    0.7854475975036621,
    0.7789358496665955,
    0.7701988816261292,
    0.7587018013000488,
    0.7522501945495605
  ],
  "Training Time": 20.215601444244385,
  "Validate": [
    NaN,
    NaN,
    NaN,
    NaN,
    NaN,
    NaN,
    NaN,
    NaN,
    NaN,
    NaN
  ]
}