{
  "Train": [
    0.7476409077644348,
    0.7403550148010254,
    0.7349931001663208,
    0.7298879623413086,
    0.7250053286552429,
    0.7203905582427979,
    0.7161163091659546,
    0.7122685313224792,
    0.7089231014251709,
    0.7060800194740295
  ],
  "Training Time": 2.919799327850342,
  "Validate": [
    NaN,
    NaN,
    NaN,
    NaN,
    NaN,
    NaN,
    NaN,
    NaN,
    NaN,
    NaN
  ]
}