{
  "Train": [
    0.9656183123588562,
    0.9021839499473572,
    0.862587571144104,
    0.8385113477706909,
    0.823663055896759,
    0.8140221238136292,
    0.8072343468666077,
    0.80196213722229,
    0.7974671721458435,
    0.7933514714241028
  ],
  "Training Time": 2.7098186016082764,
  "Validate": [
    4.124652862548828,
    3.837730646133423,
    3.6356611251831055,
    3.4900078773498535,
    3.381894826889038,
    3.2982499599456787,
    3.230628252029419,
    3.173603057861328,
    3.1235005855560303,
    3.0777673721313477
  ]
}