{
  "Train": [
    0.909497082233429,
    0.8297265768051147,
    0.818294882774353,
    0.8136651515960693,
    0.8103547096252441,
    0.807498574256897,
    0.804840087890625,
    0.8022520542144775,
    0.7996427416801453,
    0.7969241142272949
  ],
  "Training Time": 7.5265796184539795,
  "Validate": [
    3.192413091659546,
    2.873978853225708,
    2.765810251235962,
    2.707035541534424,
    2.6664037704467773,
    2.6349871158599854,
    2.609123468399048,
    2.5867769718170166,
    2.5664961338043213,
    2.547032117843628
  ]
}