{
  "Train": [
    0.7367334365844727,
    0.7338481545448303,
    0.7244420051574707,
    0.7170571684837341,
    0.7109118103981018,
    0.7049045562744141,
    0.6991351246833801,
    0.6939786672592163,
    0.6892603635787964,
    0.6848945021629333
  ],
  "Training Time": 8.557151556015015,
  "Validate": [
    NaN,
    NaN,
    NaN,
    NaN,
    NaN,
    NaN,
    NaN,
    NaN,
    NaN,
    NaN
  ]
}