{
  "Train": [
    0.6859391927719116,
    0.6630692481994629,
    0.6524912714958191,
    0.6435691118240356,
    0.6352615356445312,
    0.6271950602531433,
    0.6194545030593872,
    0.6124372482299805,
    0.6064581274986267,
    0.6013215184211731
  ],
  "Training Time": 6.880960702896118,
  "Validate": [
    0.388369083404541,
    0.39124175906181335,
    0.39467334747314453,
    0.3972923159599304,
    0.39838215708732605,
    0.39647340774536133,
    0.39140787720680237,
    0.3862769305706024,
    0.38378670811653137,
    0.38347283005714417
  ]
}