{
  "Train": [
    0.7752882838249207,
    0.7677980661392212,
    0.7474660277366638,
    0.7289678454399109,
    0.7127906680107117,
    0.684437096118927,
    0.6572884917259216,
    0.6315404772758484,
    0.6007830500602722,
    0.5714542269706726
  ],
  "Training Time": 3.047597646713257,
  "Validate": [
    NaN,
    NaN,
    NaN,
    NaN,
    NaN,
    NaN,
    NaN,
    NaN,
    NaN,
    NaN
  ]
}