{
  "Train": [
    0.2527320683002472,
    0.1252695769071579,
    0.11307632178068161,
    0.10497722774744034,
    0.09992765635251999,
    0.0967237800359726,
    0.09422992169857025,
    0.09185986965894699,
    0.08926437050104141,
    0.08674389123916626,
    0.0842476561665535,
    0.08176249265670776,
    0.07925955206155777,
    0.07665731012821198,
    0.07435586303472519,
    0.07149698585271835,
    0.06969273835420609,
    0.06792642921209335,
    0.06605121493339539,
    0.06537971645593643,
    0.0647868737578392,
    0.06081019714474678,
    0.05949491262435913,
    0.06090220436453819,
    0.05941445007920265
  ],
  "Training Time": 12.540918350219727,
  "Validate": [
    0.15147870779037476,
    0.1715606153011322,
    0.24597762525081635,
    0.30157506465911865,
    0.34249651432037354,
    0.3758098781108856,
    0.4201339781284332,
    0.4917410612106323,
    0.5286926627159119,
    0.5694556832313538,
    0.6033775210380554,
    0.6390149593353271,
    0.6814679503440857,
    0.7387210726737976,
    0.8291317224502563,
    0.903864860534668,
    0.9692860245704651,
    1.0308269262313843,
    1.0317848920822144,
    1.165281057357788,
    1.0066468715667725,
    1.046654462814331,
    1.1283233165740967,
    1.0250437259674072,
    0.9652259945869446
  ]
}