{
  "Train": [
    0.8060611486434937,
    0.7251212000846863,
    0.657065749168396,
    0.5924213528633118,
    0.5338271856307983,
    0.48387041687965393,
    0.44226980209350586,
    0.40824857354164124,
    0.3815659284591675,
    0.3607749342918396
  ],
  "Training Time": 2.35874342918396,
  "Validate": [
    1.2890111207962036,
    0.893954336643219,
    0.6880263686180115,
    0.5381087064743042,
    0.44821444153785706,
    0.4221581816673279,
    0.457525372505188,
    0.5300501585006714,
    0.5957770347595215,
    0.6091142296791077
  ]
}