{
  "Train": [
    0.7488918304443359,
    0.5104131698608398,
    0.4773193597793579,
    0.45055827498435974,
    0.4257545471191406,
    0.4019911587238312,
    0.37963560223579407,
    0.3595105707645416,
    0.342485636472702,
    0.32910773158073425
  ],
  "Training Time": 3.8679380416870117,
  "Validate": [
    55.064064025878906,
    55.89043426513672,
    56.45707702636719,
    56.72362518310547,
    56.63697052001953,
    56.26811981201172,
    55.76559829711914,
    55.223846435546875,
    54.641014099121094,
    53.998634338378906
  ]
}