{
  "Train": [
    0.747451663017273,
    0.7249228358268738,
    0.7162446975708008,
    0.707885205745697,
    0.7003411650657654,
    0.6929009556770325,
    0.6848081350326538,
    0.6750618815422058,
    0.6622801423072815,
    0.6448740363121033
  ],
  "Training Time": 11.661373853683472,
  "Validate": [
    0.36223161220550537,
    0.371053010225296,
    0.3721787631511688,
    0.3698984384536743,
    0.36764881014823914,
    0.36544305086135864,
    0.3629973530769348,
    0.36028262972831726,
    0.3579915761947632,
    0.3614591360092163
  ]
}