{
  "Train": [
    1.0692771673202515,
    1.056067943572998,
    1.0242918729782104,
    1.0191220045089722,
    0.9771528244018555,
    1.0269443988800049,
    0.9924612641334534,
    0.9645569920539856,
    0.9315972924232483,
    1.0287525653839111
  ],
  "Training Time": 7.296137809753418,
  "Validate": [
    0.6732786893844604,
    0.5590855479240417,
    0.6470865607261658,
    0.620093822479248,
    0.5794677138328552,
    0.48710450530052185,
    0.4474067687988281,
    0.4197598397731781,
    0.3225966691970825,
    0.4004206657409668
  ]
}