{
  "Train": [
    0.9113215208053589,
    0.5361911654472351,
    0.4135024845600128,
    0.33836448192596436,
    0.3062693476676941,
    0.2879154682159424,
    0.27485641837120056,
    0.26335710287094116,
    0.25249871611595154,
    0.241978719830513,
    0.23174847662448883,
    0.2218879610300064,
    0.21260066330432892,
    0.20410050451755524,
    0.19640353322029114,
    0.18930867314338684,
    0.18265469372272491,
    0.17647579312324524,
    0.17087388038635254,
    0.1658199280500412,
    0.1611790806055069,
    0.15689240396022797,
    0.1529434323310852,
    0.14927253127098083,
    0.14582957327365875
  ],
  "Training Time": 15.561707019805908,
  "Validate": [
    6.057023525238037,
    5.2943339347839355,
    5.084048748016357,
    5.806787967681885,
    6.278549671173096,
    6.448753356933594,
    6.459448337554932,
    6.379966735839844,
    6.270229816436768,
    6.1534271240234375,
    6.040741443634033,
    5.939370632171631,
    5.852978706359863,
    5.781949520111084,
    5.724954128265381,
    5.681074142456055,
    5.650090217590332,
    5.631403923034668,
    5.622864246368408,
    5.6207451820373535,
    5.621338844299316,
    5.622093200683594,
    5.621668338775635,
    5.619584083557129,
    5.616007328033447
  ]
}