{
  "Train": [
    0.06429651379585266,
    0.04835972189903259,
    0.04520423337817192,
    0.0379696823656559,
    0.035455673933029175,
    0.03357494994997978,
    0.03212976083159447,
    0.03087584301829338,
    0.0293975081294775,
    0.02769210934638977,
    0.026074280962347984,
    0.02494940720498562,
    0.024548137560486794,
    0.024935945868492126,
    0.020916279405355453,
    0.021723663434386253,
    0.019755596294999123,
    0.017314208671450615,
    0.016774402931332588,
    0.016337452456355095,
    0.01609397493302822,
    0.015950527042150497,
    0.015829212963581085,
    0.01573282852768898,
    0.0156367439776659
  ],
  "Training Time": 12.702205181121826,
  "Validate": [
    0.04055793210864067,
    0.04405269771814346,
    0.043411873281002045,
    0.042915333062410355,
    0.04283283278346062,
    0.042944636195898056,
    0.04323696345090866,
    0.04333806037902832,
    0.04314621910452843,
    0.04280807822942734,
    0.04240044578909874,
    0.041813984513282776,
    0.04060840234160423,
    0.040238335728645325,
    0.04190367832779884,
    0.04114827886223793,
    0.041237447410821915,
    0.041229043155908585,
    0.04119204357266426,
    0.04119231924414635,
    0.04119974747300148,
    0.041205331683158875,
    0.0412001870572567,
    0.0411839634180069,
    0.04115736484527588
  ]
}