{
  "Train": [
    0.0690775141119957,
    0.04127972200512886,
    0.033529672771692276,
    0.030293824151158333,
    0.028575081378221512,
    0.027477744966745377,
    0.026596738025546074,
    0.02594912238419056,
    0.02495088241994381,
    0.02429809980094433,
    0.02335132658481598,
    0.02408044971525669,
    0.02295297384262085,
    0.02158605121076107,
    0.021896421909332275,
    0.02135337144136429,
    0.02087411656975746,
    0.020174914970993996,
    0.01961992122232914,
    0.0206378772854805,
    0.02049090899527073,
    0.021293319761753082,
    0.02029055915772915,
    0.018686631694436073,
    0.018420960754156113
  ],
  "Training Time": 16.20287799835205,
  "Validate": [
    NaN,
    NaN,
    NaN,
    NaN,
    NaN,
    NaN,
    NaN,
    NaN,
    NaN,
    NaN,
    NaN,
    NaN,
    NaN,
    NaN,
    NaN,
    NaN,
    NaN,
    NaN,
    NaN,
    NaN,
    NaN,
    NaN,
    NaN,
    NaN,
    NaN
  ]
}