{
  "Train": [
    0.24058209359645844,
    0.10237133502960205,
    0.07794898748397827,
    0.06614836305379868,
    0.04928824305534363,
    0.035753533244132996,
    0.030580639839172363,
    0.02811242640018463,
    0.026487912982702255,
    0.025892509147524834,
    0.02559567242860794,
    0.02520141564309597,
    0.024730175733566284,
    0.024290816858410835,
    0.02392459660768509,
    0.02361111156642437,
    0.02333158254623413,
    0.023071328178048134,
    0.02281997911632061,
    0.022570418193936348,
    0.022318771108984947,
    0.022063519805669785,
    0.02180464006960392,
    0.021542638540267944,
    0.02127801813185215
  ],
  "Training Time": 11.1174635887146,
  "Validate": [
    0.739109992980957,
    0.5691691040992737,
    0.5690391063690186,
    0.602950930595398,
    0.7715340256690979,
    0.9079965949058533,
    0.8686744570732117,
    0.8179867267608643,
    0.7839785218238831,
    0.7583246231079102,
    0.7453765273094177,
    0.7438457012176514,
    0.7457354068756104,
    0.7470608353614807,
    0.7476610541343689,
    0.7480644583702087,
    0.7488674521446228,
    0.7505089044570923,
    0.7532959580421448,
    0.7573619484901428,
    0.7626737356185913,
    0.76906418800354,
    0.7763000726699829,
    0.7841402292251587,
    0.7923792004585266
  ]
}