{
  "Train": [
    0.5681262612342834,
    0.11764854192733765,
    0.036117784678936005,
    0.030850853770971298,
    0.027262382209300995,
    0.024277277290821075,
    0.02233758009970188,
    0.021109089255332947,
    0.020263615995645523,
    0.019681738689541817,
    0.01929297111928463,
    0.019040776416659355,
    0.018885193392634392,
    0.018798189237713814,
    0.01875835470855236,
    0.018748460337519646,
    0.018754038959741592,
    0.01876276358962059,
    0.018764883279800415,
    0.018753807991743088,
    0.018725285306572914,
    0.018676625564694405,
    0.018605273216962814,
    0.01850857399404049,
    0.018383542075753212
  ],
  "Training Time": 15.780904293060303,
  "Validate": [
    29.634498596191406,
    29.711048126220703,
    27.963335037231445,
    28.252885818481445,
    28.478483200073242,
    28.720195770263672,
    28.88030242919922,
    28.966466903686523,
    29.016185760498047,
    29.052570343017578,
    29.084630966186523,
    29.114715576171875,
    29.14344024658203,
    29.17200469970703,
    29.202600479125977,
    29.237781524658203,
    29.279573440551758,
    29.328901290893555,
    29.385601043701172,
    29.448822021484375,
    29.517480850219727,
    29.590545654296875,
    29.667097091674805,
    29.7463436126709,
    29.827587127685547
  ]
}