{
  "Train": [
    0.40803173184394836,
    0.15044543147087097,
    0.11886334419250488,
    0.1129116490483284,
    0.10264379531145096,
    0.09522013366222382,
    0.08876479417085648,
    0.0841747596859932,
    0.07868107408285141,
    0.07408932596445084,
    0.06967352330684662,
    0.06564262509346008,
    0.06155156344175339,
    0.05709699168801308,
    0.05214327946305275,
    0.04820948466658592,
    0.050553858280181885,
    0.04217086359858513,
    0.09380076080560684,
    0.04949985817074776,
    0.04298678785562515,
    0.03815935179591179,
    0.03546775132417679,
    0.034196753054857254,
    0.03389481455087662
  ],
  "Training Time": 18.16941499710083,
  "Validate": [
    3.0501935482025146,
    3.440737247467041,
    3.9062819480895996,
    4.038364887237549,
    4.274036884307861,
    4.376003742218018,
    4.538318634033203,
    4.499764919281006,
    4.470711708068848,
    4.371908187866211,
    4.275162220001221,
    4.158355236053467,
    4.0398335456848145,
    3.855189561843872,
    3.537883758544922,
    3.184692621231079,
    3.449962854385376,
    2.213379383087158,
    2.2097065448760986,
    2.7128238677978516,
    2.0473899841308594,
    1.9334831237792969,
    1.6204301118850708,
    1.4623891115188599,
    1.3752411603927612
  ]
}