{
  "Train": [
    0.406127393245697,
    0.34479233622550964,
    0.3004910945892334,
    0.24573472142219543,
    0.23020640015602112,
    0.20416072010993958,
    0.20097775757312775,
    0.18517732620239258,
    0.158125102519989,
    0.13419851660728455
  ],
  "Training Time": 9.609949111938477,
  "Validate": [
    NaN,
    NaN,
    NaN,
    NaN,
    NaN,
    NaN,
    NaN,
    NaN,
    NaN,
    NaN
  ]
}