{
  "Train": [
    0.6529632210731506,
    0.3944777250289917,
    0.35185903310775757,
    0.32943063974380493,
    0.31448104977607727,
    0.3008746802806854,
    0.2895052134990692,
    0.2790459990501404,
    0.27001386880874634,
    0.2608437240123749
  ],
  "Training Time": 8.269997835159302,
  "Validate": [
    40.82521057128906,
    39.693668365478516,
    39.193782806396484,
    39.06166076660156,
    38.968807220458984,
    39.01047897338867,
    39.306461334228516,
    39.68783950805664,
    39.916900634765625,
    40.19599151611328
  ]
}