{
  "Train": [
    0.8777356147766113,
    0.8355433344841003,
    0.7895311713218689,
    0.7333812713623047,
    0.6855915188789368,
    0.6295171976089478,
    0.5755893588066101,
    0.641656219959259,
    0.5605287551879883,
    0.5350490212440491
  ],
  "Training Time": 15.191361904144287,
  "Validate": [
    NaN,
    NaN,
    NaN,
    NaN,
    NaN,
    NaN,
    NaN,
    NaN,
    NaN,
    NaN
  ]
}