{
  "Train": [
    1.276917576789856,
    1.0799134969711304,
    1.0752589702606201,
    1.0500924587249756,
    1.028558373451233,
    1.005745530128479,
    0.981610894203186,
    0.9593161940574646,
    0.9489646553993225,
    0.903708279132843,
    0.9685654044151306,
    0.9210835099220276,
    0.9259234666824341,
    0.8568863272666931,
    0.7822132110595703,
    0.7636977434158325,
    0.8885000348091125,
    0.9077167510986328,
    0.7491640448570251,
    0.6662483811378479,
    0.8447837233543396,
    0.6748353838920593,
    0.7156181931495667,
    0.6556986570358276,
    0.6328674554824829,
    0.5716471672058105,
    0.5674306154251099,
    0.5802449584007263,
    0.556214451789856,
    0.4957859218120575,
    0.6219936609268188,
    1.2086741924285889,
    1.005969762802124,
    0.8740851283073425,
    0.7968107461929321,
    0.7725406289100647,
    0.6671481728553772,
    0.6414695978164673,
    0.6297096014022827,
    0.6131114363670349,
    0.6239551305770874,
    0.577792763710022,
    0.5866276025772095,
    0.5382826924324036,
    0.48946884274482727,
    0.5379512310028076,
    0.4568527638912201,
    0.4507463276386261,
    0.5697035193443298,
    0.49714019894599915,
    0.38379964232444763,
    0.37648314237594604,
    0.7703303694725037,
    0.44718024134635925,
    0.34996557235717773,
    0.35186734795570374,
    0.3097075819969177,
    0.36915725469589233,
    0.3339865803718567,
    0.29255393147468567,
    0.6697263717651367,
    0.3768644630908966,
    0.2737286388874054,
    0.34822770953178406,
    0.5611826181411743,
    0.3808729648590088,
    0.29097986221313477,
    0.27667519450187683,
    0.2197268307209015,
    0.21043404936790466,
    0.19034036993980408,
    0.18343810737133026,
    0.17841124534606934,
    0.17519386112689972,
    0.17208829522132874,
    0.17127831280231476,
    0.16917477548122406,
    0.16829335689544678,
    0.16668251156806946,
    0.16667446494102478,
    0.16643069684505463,
    0.1631314754486084,
    0.1637875735759735,
    0.15800592303276062,
    0.15737904608249664,
    0.15497680008411407,
    0.15121473371982574,
    0.15312695503234863,
    0.15216872096061707,
    0.15289559960365295,
    0.4713873267173767,
    0.6577969193458557,
    0.562752366065979,
    0.3685663044452667,
    0.3770882487297058,
    0.3440797030925751,
    0.2630516588687897,
    0.3988479971885681,
    0.3529168963432312,
    0.2732105553150177
  ],
  "Training Time": 195.29336142539978,
  "Validate": [
    0.4393872320652008,
    0.447969913482666,
    0.41281577944755554,
    0.42308729887008667,
    0.4243651330471039,
    0.4187236726284027,
    0.4060337245464325,
    0.37516048550605774,
    0.3466125726699829,
    0.2979477643966675,
    0.3007093667984009,
    0.2633037269115448,
    0.3213897943496704,
    0.23045307397842407,
    0.2328975796699524,
    0.274992436170578,
    0.27027079463005066,
    0.316895455121994,
    0.4208321273326874,
    0.47410285472869873,
    0.3234633207321167,
    0.4865719974040985,
    0.3143720328807831,
    0.4266261160373688,
    0.45393916964530945,
    0.44979581236839294,
    0.4623907208442688,
    0.4424271285533905,
    0.4592908024787903,
    0.5063216090202332,
    0.781782329082489,
    0.6400632858276367,
    0.48719465732574463,
    0.2877557575702667,
    0.3440849483013153,
    0.3744993209838867,
    0.5104697942733765,
    0.5465736985206604,
    0.5386272668838501,
    0.5235742330551147,
    0.582588255405426,
    0.5600305199623108,
    0.5126073360443115,
    0.507727861404419,
    0.3958872854709625,
    0.31412366032600403,
    0.3365120589733124,
    0.3429218828678131,
    0.39077499508857727,
    0.5577056407928467,
    0.5458276271820068,
    0.538866400718689,
    0.4498426616191864,
    0.4334988594055176,
    0.4057152569293976,
    0.35784852504730225,
    0.35906150937080383,
    0.34270936250686646,
    0.4047278165817261,
    0.4064987003803253,
    0.433256059885025,
    0.41154909133911133,
    0.39022719860076904,
    0.35202139616012573,
    0.34158891439437866,
    0.33737051486968994,
    0.3682384490966797,
    0.4090898633003235,
    0.41778209805488586,
    0.38150259852409363,
    0.40904712677001953,
    0.401577353477478,
    0.39422979950904846,
    0.39313629269599915,
    0.3893875777721405,
    0.3926488757133484,
    0.3933696448802948,
    0.3927026093006134,
    0.39574241638183594,
    0.39238452911376953,
    0.39659997820854187,
    0.39293986558914185,
    0.3943394422531128,
    0.3905474543571472,
    0.38770225644111633,
    0.38574549555778503,
    0.38681933283805847,
    0.3851766586303711,
    0.3782197833061218,
    0.38321858644485474,
    0.5253269672393799,
    0.44598501920700073,
    0.3005371391773224,
    0.32744884490966797,
    0.3279712498188019,
    0.3228025734424591,
    0.33325883746147156,
    0.37342536449432373,
    0.33675873279571533,
    0.34348487854003906
  ]
}