{
  "Train": [
    1.1717036962509155,
    1.0111526250839233,
    0.9527764320373535,
    0.9281240701675415,
    0.905092716217041,
    0.8883684873580933,
    0.8740454912185669,
    0.8539694547653198,
    0.8260045647621155,
    0.7904683351516724
  ],
  "Training Time": 7.539850950241089,
  "Validate": [
    1.7154922485351562,
    1.6237715482711792,
    1.8326767683029175,
    1.983876347541809,
    2.032336950302124,
    1.9682421684265137,
    2.232689619064331,
    2.2361536026000977,
    2.4495179653167725,
    2.827601671218872
  ]
}