{
  "Train": [
    0.6727593541145325,
    0.42917945981025696,
    0.3703908324241638,
    0.34754881262779236,
    0.33327633142471313,
    0.3205658197402954,
    0.30815526843070984,
    0.29657331109046936,
    0.2867736220359802,
    0.2781141996383667
  ],
  "Training Time": 8.729961633682251,
  "Validate": [
    41.37688446044922,
    39.07830047607422,
    38.9304084777832,
    38.694522857666016,
    38.619686126708984,
    38.687801361083984,
    38.793907165527344,
    39.02622985839844,
    39.33056640625,
    39.619606018066406
  ]
}