{
  "Train": [
    1.0730960369110107,
    1.066444993019104,
    1.0583356618881226,
    1.0131791830062866,
    1.0320537090301514,
    0.9399805068969727,
    1.1696691513061523,
    1.117068886756897,
    1.1055611371994019,
    1.0997693538665771
  ],
  "Training Time": 15.985705137252808,
  "Validate": [
    0.6441709995269775,
    0.6037737131118774,
    0.5284809470176697,
    0.5278550982475281,
    0.549919068813324,
    0.43704575300216675,
    0.440045565366745,
    0.48069944977760315,
    0.4723776876926422,
    0.4646718204021454
  ]
}