{
  "Train": [
    0.14567464590072632,
    0.13013790547847748,
    0.111237071454525,
    0.10807044059038162,
    0.10410191863775253,
    0.1009969636797905,
    0.09934735298156738,
    0.09631148725748062,
    0.0955963283777237,
    0.09299368411302567,
    0.09236364811658859,
    0.09037653356790543,
    0.0894695594906807,
    0.0877886638045311,
    0.08643748611211777,
    0.08555981516838074,
    0.08260248601436615,
    0.08165224641561508,
    0.0885002538561821,
    0.08646395802497864,
    0.07959695905447006,
    0.08077014982700348,
    0.07843227684497833,
    0.09381294250488281,
    0.0758441761136055
  ],
  "Training Time": 15.196598291397095,
  "Validate": [
    NaN,
    NaN,
    NaN,
    NaN,
    NaN,
    NaN,
    NaN,
    NaN,
    NaN,
    NaN,
    NaN,
    NaN,
    NaN,
    NaN,
    NaN,
    NaN,
    NaN,
    NaN,
    NaN,
    NaN,
    NaN,
    NaN,
    NaN,
    NaN,
    NaN
  ]
}