{
  "Train": [
    1.025580883026123,
    0.9456928968429565,
    0.8827891945838928,
    0.85138338804245,
    0.8353506326675415,
    0.8228808641433716,
    0.8130423426628113,
    0.8056774139404297,
    0.8000567555427551,
    0.7954286932945251,
    0.7911213040351868,
    0.7867071628570557,
    0.7817891240119934,
    0.7756178379058838,
    0.7667528986930847,
    0.7543919682502747,
    0.7412528395652771,
    0.7315899133682251,
    0.7250781655311584,
    0.7227920889854431,
    0.7248198986053467,
    0.7102382779121399,
    0.6999831795692444,
    0.6914283633232117,
    0.6826661229133606,
    0.6739773750305176,
    0.6655194759368896,
    0.6573769450187683,
    0.6496419906616211,
    0.6424649357795715,
    0.6360922455787659,
    0.6307706832885742,
    0.6265885829925537,
    0.6240848898887634,
    0.6237190961837769,
    0.623282790184021,
    0.6155715584754944,
    0.5991846919059753,
    0.6201518774032593,
    0.6008183360099792,
    0.5971484184265137,
    0.5953657031059265,
    0.5807804465293884,
    0.5746663212776184,
    0.5697962641716003,
    0.5649450421333313,
    0.5599532723426819,
    0.5554295778274536,
    0.5521053075790405,
    0.5501245856285095,
    0.5492721199989319,
    0.5490285158157349,
    0.5493707060813904,
    0.5514358878135681,
    0.554163932800293,
    0.5538296699523926,
    0.5593885779380798,
    0.5796294212341309,
    0.5836064219474792,
    0.5254135131835938,
    0.5128894448280334,
    0.5120843052864075,
    0.5090295672416687,
    0.5061585307121277,
    0.5024241805076599,
    0.49807456135749817,
    0.4931769371032715,
    0.4877554476261139,
    0.48172399401664734,
    0.47487783432006836,
    0.4677557349205017,
    0.46173095703125,
    0.45624151825904846,
    0.45148366689682007,
    0.44838789105415344,
    0.46410173177719116,
    0.4436638653278351,
    0.4406195282936096,
    0.42973992228507996,
    0.44044092297554016,
    0.42604658007621765,
    0.4265347123146057,
    0.45170798897743225,
    0.42017072439193726,
    0.4272633492946625,
    0.4381740689277649,
    0.4279363453388214,
    0.41118383407592773,
    0.3922840654850006,
    0.4522784650325775,
    0.43192312121391296,
    0.40156105160713196,
    0.3933010697364807,
    0.3511683940887451,
    0.3579872250556946,
    0.3625299036502838,
    0.3230273127555847,
    0.3207727074623108,
    0.31599703431129456,
    0.30806753039360046
  ],
  "Training Time": 107.0507242679596,
  "Validate": [
    3.865028142929077,
    3.401601552963257,
    3.0133485794067383,
    2.8587594032287598,
    2.7469992637634277,
    2.6462087631225586,
    2.5590906143188477,
    2.493394136428833,
    2.4587314128875732,
    2.453519105911255,
    2.4688844680786133,
    2.4971139430999756,
    2.536438226699829,
    2.5952415466308594,
    2.6861205101013184,
    2.7716052532196045,
    2.7538254261016846,
    2.5752055644989014,
    2.407698631286621,
    2.3435113430023193,
    2.335505485534668,
    2.3480725288391113,
    2.3383688926696777,
    2.3398008346557617,
    2.3493692874908447,
    2.3655309677124023,
    2.3876161575317383,
    2.415287971496582,
    2.448742151260376,
    2.4889090061187744,
    2.5376358032226562,
    2.5975944995880127,
    2.6697051525115967,
    2.7446863651275635,
    2.7979815006256104,
    2.819302558898926,
    2.937115430831909,
    3.139305830001831,
    2.9223287105560303,
    3.1463584899902344,
    3.3010199069976807,
    3.3434548377990723,
    3.4642341136932373,
    3.513381242752075,
    3.529184579849243,
    3.5339834690093994,
    3.5390448570251465,
    3.5460197925567627,
    3.5455803871154785,
    3.532521963119507,
    3.518857479095459,
    3.523449659347534,
    3.5544211864471436,
    3.5984046459198,
    3.636371612548828,
    3.8029448986053467,
    3.6302430629730225,
    3.0650010108947754,
    4.23477840423584,
    4.5141682624816895,
    4.410712718963623,
    4.3761749267578125,
    4.40516471862793,
    4.459949016571045,
    4.535860538482666,
    4.628074645996094,
    4.739026069641113,
    4.874232769012451,
    5.0277886390686035,
    5.179757118225098,
    5.299585342407227,
    5.375010967254639,
    5.393797874450684,
    5.350313186645508,
    5.226315975189209,
    5.1671223640441895,
    4.867278099060059,
    5.178337097167969,
    4.904481410980225,
    4.724742412567139,
    4.7103190422058105,
    4.779903411865234,
    4.652506351470947,
    4.716200828552246,
    4.5148749351501465,
    4.3052592277526855,
    4.188663005828857,
    3.6881728172302246,
    3.7416837215423584,
    3.440627336502075,
    3.7784981727600098,
    3.9029200077056885,
    3.79679012298584,
    3.9145233631134033,
    4.034802436828613,
    3.9102137088775635,
    4.0190300941467285,
    4.021196365356445,
    3.8930814266204834,
    4.040889263153076
  ]
}