{
  "Train": [
    0.9441653490066528,
    0.9047855734825134,
    0.8652672171592712,
    0.8522472977638245,
    0.8435885310173035,
    0.8378223776817322,
    0.8305612206459045,
    0.8257209658622742,
    0.8200017213821411,
    0.8164600133895874,
    0.8128196597099304,
    0.8060620427131653,
    0.7956952452659607,
    0.7746149897575378,
    0.7507719397544861,
    0.7323945164680481,
    0.7205199599266052,
    0.711601197719574,
    0.7029703855514526,
    0.695673942565918,
    0.6890147924423218,
    0.6827219724655151,
    0.6763879060745239,
    0.6698687076568604,
    0.663299024105072,
    0.6570013761520386,
    0.6511520743370056,
    0.6446219682693481,
    0.6342527270317078,
    0.6159745454788208,
    0.5934939384460449,
    0.5750154852867126,
    0.5631988048553467,
    0.5600088238716125,
    0.5441184043884277,
    0.5664641261100769,
    0.5382410883903503,
    0.5291799902915955,
    0.47693443298339844,
    0.5164784789085388,
    0.568785548210144,
    0.49473273754119873,
    0.5016681551933289,
    0.48433470726013184,
    0.49167531728744507,
    0.43912872672080994,
    0.40194380283355713,
    0.3885064423084259,
    0.3793310523033142,
    0.3840862512588501,
    0.3862442374229431,
    0.361913800239563,
    0.4527454972267151,
    0.4242875576019287,
    0.3812212347984314,
    0.3484189808368683,
    0.32850462198257446,
    0.3033014237880707,
    0.2834967374801636,
    0.2752263844013214,
    0.23284853994846344,
    0.2567785978317261,
    0.24113239347934723,
    0.23069728910923004,
    0.23540428280830383,
    0.22206759452819824,
    0.26515257358551025,
    0.2504784166812897,
    0.260174036026001,
    0.30215591192245483,
    0.23379738628864288,
    0.19234760105609894,
    0.2251875400543213,
    0.2013121396303177,
    0.2019730508327484,
    0.1893080174922943,
    0.15405529737472534,
    0.14250721037387848,
    0.15118670463562012,
    0.146192729473114,
    0.1958542764186859,
    0.15871816873550415,
    0.1547732651233673,
    0.11484798789024353,
    0.10892652720212936,
    0.15179012715816498,
    0.11061340570449829,
    0.10166946798563004,
    0.09751562774181366,
    0.1010805144906044,
    0.08659616857767105,
    0.18473020195960999,
    0.1890084445476532,
    0.1355050653219223,
    0.07299373298883438,
    0.0640389695763588,
    0.0583040788769722,
    0.056431978940963745,
    0.053812362253665924,
    0.05113174393773079
  ],
  "Training Time": 74.63936376571655,
  "Validate": [
    3.4661900997161865,
    3.4536733627319336,
    3.2290215492248535,
    3.1863462924957275,
    3.1525449752807617,
    3.137619972229004,
    3.1130120754241943,
    3.1038248538970947,
    3.150451898574829,
    3.029470205307007,
    3.0779922008514404,
    3.017988681793213,
    2.958352565765381,
    2.8284125328063965,
    2.7982943058013916,
    2.745004177093506,
    2.744157552719116,
    2.7156684398651123,
    2.677605628967285,
    2.632298231124878,
    2.5882246494293213,
    2.5452966690063477,
    2.503727674484253,
    2.465770721435547,
    2.437539577484131,
    2.4253695011138916,
    2.431185722351074,
    2.449873208999634,
    2.47200083732605,
    2.4925730228424072,
    2.4948418140411377,
    2.382974863052368,
    2.470747947692871,
    2.206685781478882,
    2.352597236633301,
    2.303792715072632,
    2.6043450832366943,
    2.4566526412963867,
    2.813178300857544,
    2.434535264968872,
    3.0252816677093506,
    3.2186625003814697,
    3.368338108062744,
    3.3308892250061035,
    3.46091365814209,
    3.435271978378296,
    3.7439606189727783,
    4.055231094360352,
    4.08392333984375,
    3.9526946544647217,
    3.527743339538574,
    3.895822763442993,
    3.662896156311035,
    3.0014760494232178,
    3.1590287685394287,
    2.9625868797302246,
    3.285562038421631,
    3.275311231613159,
    3.49577260017395,
    3.483983039855957,
    3.3587522506713867,
    3.4939348697662354,
    3.211519479751587,
    3.6011457443237305,
    3.436830759048462,
    3.7457480430603027,
    3.516160726547241,
    2.906075954437256,
    3.6145620346069336,
    2.4558584690093994,
    2.622252941131592,
    2.976634979248047,
    3.1224565505981445,
    3.397109270095825,
    2.6416397094726562,
    2.644343137741089,
    3.005284309387207,
    2.823448657989502,
    2.609286308288574,
    2.6080079078674316,
    3.023780584335327,
    3.3436646461486816,
    2.8258590698242188,
    2.500861644744873,
    2.9896132946014404,
    2.6220922470092773,
    2.770949602127075,
    2.8604307174682617,
    2.467904806137085,
    2.817622423171997,
    2.865464687347412,
    2.7310502529144287,
    2.947133779525757,
    2.6778414249420166,
    2.7986631393432617,
    2.7872092723846436,
    2.8162407875061035,
    2.8323001861572266,
    2.8110620975494385,
    2.9279844760894775
  ]
}