{
  "Train": [
    0.807269811630249,
    0.7693527936935425,
    0.6999462842941284,
    0.6664541959762573,
    0.6079779267311096,
    0.5573405027389526,
    0.5671005249023438,
    0.4919326603412628,
    0.5309959053993225,
    0.47544145584106445
  ],
  "Training Time": 6.324200391769409,
  "Validate": [
    NaN,
    NaN,
    NaN,
    NaN,
    NaN,
    NaN,
    NaN,
    NaN,
    NaN,
    NaN
  ]
}