{
  "Train": [
    0.7188732028007507,
    0.7229042649269104,
    0.7217289805412292,
    0.7207719087600708,
    0.7196852564811707,
    0.7185270190238953,
    0.7171911597251892,
    0.7158575654029846,
    0.7143153548240662,
    0.7127287983894348
  ],
  "Training Time": 3.052264928817749,
  "Validate": [
    NaN,
    NaN,
    NaN,
    NaN,
    NaN,
    NaN,
    NaN,
    NaN,
    NaN,
    NaN
  ]
}