{
  "Train": [
    0.889472246170044,
    0.8259389400482178,
    0.8158685564994812,
    0.8106151223182678,
    0.8070306181907654,
    0.8042857646942139,
    0.8020371794700623,
    0.8001241087913513,
    0.7984504103660583,
    0.7969626784324646
  ],
  "Training Time": 3.922884225845337,
  "Validate": [
    2.5709331035614014,
    2.5008702278137207,
    2.4629018306732178,
    2.435819625854492,
    2.4135212898254395,
    2.395083427429199,
    2.37958025932312,
    2.366914749145508,
    2.3563766479492188,
    2.347938060760498
  ]
}