{
  "Train": [
    0.7835965752601624,
    0.7498459219932556,
    0.723961591720581,
    0.7105767130851746,
    0.7024888396263123,
    0.6961959004402161,
    0.6912474036216736,
    0.6870419383049011,
    0.6834099292755127,
    0.6801016330718994
  ],
  "Training Time": 2.5518453121185303,
  "Validate": [
    0.6945399641990662,
    0.705483078956604,
    0.7133823037147522,
    0.7162248492240906,
    0.7167199850082397,
    0.7170166969299316,
    0.7178479433059692,
    0.7192310094833374,
    0.7211157083511353,
    0.7233974933624268
  ]
}