{
  "Train": [
    1.13589346408844,
    0.9826213121414185,
    0.9192895889282227,
    0.8783705234527588,
    0.8452332615852356,
    0.8199359774589539,
    0.80148845911026,
    0.7869232296943665,
    0.7742358446121216,
    0.7620791792869568
  ],
  "Training Time": 5.069683074951172,
  "Validate": [
    4.786401271820068,
    3.9979469776153564,
    3.627065896987915,
    3.3597817420959473,
    3.1283323764801025,
    2.947066307067871,
    2.814652919769287,
    2.711916923522949,
    2.6261110305786133,
    2.5515811443328857
  ]
}