{
  "Train": [
    0.8254878520965576,
    0.8031842708587646,
    0.7925476431846619,
    0.7836673855781555,
    0.776084303855896,
    0.7695693373680115,
    0.7638823390007019,
    0.7587894797325134,
    0.7540878653526306,
    0.74961918592453
  ],
  "Training Time": 5.899306297302246,
  "Validate": [
    NaN,
    NaN,
    NaN,
    NaN,
    NaN,
    NaN,
    NaN,
    NaN,
    NaN,
    NaN
  ]
}