{
  "Train": [
    0.7976752519607544,
    0.7478835582733154,
    0.709206759929657,
    0.6761258840560913,
    0.6429100036621094,
    0.6115119457244873,
    0.5820004343986511,
    0.5542778968811035,
    0.5286341905593872,
    0.5049068927764893
  ],
  "Training Time": 3.6894514560699463,
  "Validate": [
    NaN,
    NaN,
    NaN,
    NaN,
    NaN,
    NaN,
    NaN,
    NaN,
    NaN,
    NaN
  ]
}