{
  "Train": [
    0.12267589569091797,
    0.11725106835365295,
    0.10555434226989746,
    0.10197627544403076,
    0.0986461415886879,
    0.09559757262468338,
    0.09257873892784119,
    0.09043369442224503,
    0.08599165827035904,
    0.0944913849234581,
    0.08153676986694336,
    0.08460058271884918,
    0.073396235704422,
    0.07422729581594467,
    0.06750186532735825,
    0.07203634083271027,
    0.07044646888971329,
    0.061251942068338394,
    0.061612457036972046,
    0.05669836699962616,
    0.06903963536024094,
    0.06063993647694588,
    0.054699257016181946,
    0.053788889199495316,
    0.0417533814907074
  ],
  "Training Time": 9.238619804382324,
  "Validate": [
    NaN,
    NaN,
    NaN,
    NaN,
    NaN,
    NaN,
    NaN,
    NaN,
    NaN,
    NaN,
    NaN,
    NaN,
    NaN,
    NaN,
    NaN,
    NaN,
    NaN,
    NaN,
    NaN,
    NaN,
    NaN,
    NaN,
    NaN,
    NaN,
    NaN
  ]
}