{
  "Train": [
    1.258541464805603,
    1.155108094215393,
    1.1453025341033936,
    1.1382696628570557,
    1.13077712059021,
    1.1210262775421143,
    1.1072394847869873,
    1.0879582166671753,
    1.0641262531280518,
    1.039502501487732
  ],
  "Training Time": 5.026617765426636,
  "Validate": [
    1.1884760856628418,
    1.2021636962890625,
    1.2546231746673584,
    1.3374749422073364,
    1.4791847467422485,
    1.7397651672363281,
    2.2235913276672363,
    3.0336458683013916,
    4.109848499298096,
    5.254591464996338
  ]
}