{
  "Train": [
    0.5010095238685608,
    0.28493499755859375,
    0.2540143132209778,
    0.23944389820098877,
    0.23119129240512848,
    0.2250569611787796,
    0.2197662740945816,
    0.21494095027446747,
    0.21039508283138275,
    0.2060071974992752,
    0.20168383419513702,
    0.19759929180145264,
    0.19366657733917236,
    0.1877783238887787,
    0.18255338072776794,
    0.17606358230113983,
    0.1716868132352829,
    0.16479098796844482,
    0.16206414997577667,
    0.15282022953033447,
    0.142121821641922,
    0.13324669003486633,
    0.13490204513072968,
    0.12369970232248306,
    0.126956969499588
  ],
  "Training Time": 5.870620965957642,
  "Validate": [
    2.0576252937316895,
    1.6285090446472168,
    1.4845942258834839,
    1.402133822441101,
    1.3617916107177734,
    1.3488740921020508,
    1.3540030717849731,
    1.367846965789795,
    1.384655475616455,
    1.4013891220092773,
    1.4226371049880981,
    1.4891648292541504,
    1.6797051429748535,
    1.9281824827194214,
    2.2193877696990967,
    2.555203437805176,
    2.7207682132720947,
    3.156919002532959,
    3.1945221424102783,
    3.7767038345336914,
    3.9305741786956787,
    3.9679372310638428,
    4.308551788330078,
    4.52552604675293,
    4.680168628692627
  ]
}