{
  "Train": [
    0.12719202041625977,
    0.10201212763786316,
    0.09830082952976227,
    0.09341923147439957,
    0.09806248545646667,
    0.09262499958276749,
    0.08795996010303497,
    0.09112779051065445,
    0.08751045167446136,
    0.08846408873796463,
    0.08496452122926712,
    0.08614403009414673,
    0.10377691686153412,
    0.08920847624540329,
    0.08587608486413956,
    0.0835917666554451,
    0.08219213038682938,
    0.08247628062963486,
    0.08341084420681,
    0.08063054084777832,
    0.08422453701496124,
    0.08141078799962997,
    0.07982224971055984,
    0.07655039429664612,
    0.07583978027105331
  ],
  "Training Time": 7.808990001678467,
  "Validate": [
    NaN,
    NaN,
    NaN,
    NaN,
    NaN,
    NaN,
    NaN,
    NaN,
    NaN,
    NaN,
    NaN,
    NaN,
    NaN,
    NaN,
    NaN,
    NaN,
    NaN,
    NaN,
    NaN,
    NaN,
    NaN,
    NaN,
    NaN,
    NaN,
    NaN
  ]
}