{
  "Train": [
    1.2199004888534546,
    1.1513652801513672,
    1.1077516078948975,
    1.091435194015503,
    1.0642812252044678,
    1.0552103519439697,
    1.0371630191802979,
    0.965171754360199,
    0.926489531993866,
    0.8862093091011047
  ],
  "Training Time": 11.696659803390503,
  "Validate": [
    1.651647925376892,
    1.6126704216003418,
    1.8092517852783203,
    1.9788695573806763,
    2.3666696548461914,
    2.50425386428833,
    2.68151593208313,
    3.3907485008239746,
    3.5957529544830322,
    3.9830291271209717
  ]
}