{
  "Train": [
    0.9608169794082642,
    0.9942739009857178,
    0.9385212063789368,
    0.8118219971656799,
    0.7611070871353149,
    0.7123498916625977,
    0.6653842926025391,
    0.6666433215141296,
    0.6306636333465576,
    0.5791745781898499
  ],
  "Training Time": 14.18824052810669,
  "Validate": [
    NaN,
    NaN,
    NaN,
    NaN,
    NaN,
    NaN,
    NaN,
    NaN,
    NaN,
    NaN
  ]
}