{
  "Train": [
    1.1015797853469849,
    1.090503454208374,
    1.0868775844573975,
    1.0825576782226562,
    1.0756924152374268,
    1.0630171298980713,
    1.0404502153396606,
    1.0093871355056763,
    0.9771539568901062,
    0.9492352604866028
  ],
  "Training Time": 12.832191705703735,
  "Validate": [
    4.384008884429932,
    4.378553867340088,
    4.368358135223389,
    4.352087497711182,
    4.328225135803223,
    4.3053364753723145,
    4.306407451629639,
    4.358361721038818,
    4.4418745040893555,
    4.524148941040039
  ]
}