{
  "Train": [
    0.9825066924095154,
    0.7700092196464539,
    0.6950104832649231,
    0.6380003690719604,
    0.5859922766685486,
    0.5370994806289673,
    0.4866124093532562,
    0.43680816888809204,
    0.3912404179573059,
    0.3996688425540924
  ],
  "Training Time": 5.1972575187683105,
  "Validate": [
    0.9241201281547546,
    0.9198940396308899,
    0.7764993906021118,
    0.7224979996681213,
    0.6780652403831482,
    0.6541539430618286,
    0.6481198072433472,
    0.7498441338539124,
    0.5490174889564514,
    0.34793442487716675
  ]
}