{
  "Train": [
    0.27271294593811035,
    0.2236466407775879,
    0.1910056471824646,
    0.17551946640014648,
    0.1585254669189453,
    0.15506209433078766,
    0.140133798122406,
    0.14271368086338043,
    0.11138201504945755,
    0.1264437437057495
  ],
  "Training Time": 6.756505489349365,
  "Validate": [
    NaN,
    NaN,
    NaN,
    NaN,
    NaN,
    NaN,
    NaN,
    NaN,
    NaN,
    NaN
  ]
}