{
  "Train": [
    0.8487865328788757,
    0.8408995866775513,
    0.8322389125823975,
    0.8266962766647339,
    0.8205183744430542,
    0.8124040961265564,
    0.8040035367012024,
    0.7964404225349426,
    0.7895568013191223,
    0.7830405831336975
  ],
  "Training Time": 2.029820203781128,
  "Validate": [
    NaN,
    NaN,
    NaN,
    NaN,
    NaN,
    NaN,
    NaN,
    NaN,
    NaN,
    NaN
  ]
}