{
  "Train": [
    1.0418838262557983,
    1.025386929512024,
    0.9934784173965454,
    0.9395913481712341,
    0.9024483561515808,
    0.878538191318512,
    0.8505716919898987,
    0.8128546476364136,
    0.7775899171829224,
    0.745048999786377
  ],
  "Training Time": 5.247230052947998,
  "Validate": [
    0.5356784462928772,
    0.37392866611480713,
    0.35535356402397156,
    0.6123647093772888,
    0.5079465508460999,
    0.6688619256019592,
    1.0138260126113892,
    0.7326440811157227,
    0.9651281833648682,
    0.9211873412132263
  ]
}