{
  "Train": [
    0.6395263671875,
    0.56522136926651,
    0.5008350014686584,
    0.4754466712474823,
    0.455093652009964,
    0.43814459443092346,
    0.4243806004524231,
    0.4174628257751465,
    0.40587133169174194,
    0.4220108091831207
  ],
  "Training Time": 9.349960565567017,
  "Validate": [
    NaN,
    NaN,
    NaN,
    NaN,
    NaN,
    NaN,
    NaN,
    NaN,
    NaN,
    NaN
  ]
}