{
  "Train": [
    1.039191722869873,
    0.9125332236289978,
    0.8654239177703857,
    0.8359706401824951,
    0.8182163238525391,
    0.805976152420044,
    0.7957647442817688,
    0.7860613465309143,
    0.7764974236488342,
    0.7673406600952148
  ],
  "Training Time": 10.634751081466675,
  "Validate": [
    4.032503128051758,
    3.4383623600006104,
    3.1286134719848633,
    2.8820486068725586,
    2.7152695655822754,
    2.602602958679199,
    2.5065298080444336,
    2.408574342727661,
    2.3053338527679443,
    2.2052316665649414
  ]
}