{
  "Train": [
    0.7019641995429993,
    0.6885524392127991,
    0.6802658438682556,
    0.6731485724449158,
    0.6663522720336914,
    0.6594875454902649,
    0.6522102355957031,
    0.6441145539283752,
    0.6347118616104126,
    0.6235876679420471
  ],
  "Training Time": 10.808602571487427,
  "Validate": [
    0.4449820816516876,
    0.4517287313938141,
    0.45300644636154175,
    0.45133477449417114,
    0.4484545886516571,
    0.44556552171707153,
    0.4437962770462036,
    0.4449074864387512,
    0.45289528369903564,
    0.4772627055644989
  ]
}