{
  "Train": [
    0.39533600211143494,
    0.1784926950931549,
    0.11938951164484024,
    0.1104479506611824,
    0.10195205360651016,
    0.09671534597873688,
    0.09367258101701736,
    0.09100358933210373,
    0.08857212960720062,
    0.08634056150913239,
    0.08409218490123749,
    0.08173495531082153,
    0.07921906560659409,
    0.07651593536138535,
    0.0736013874411583,
    0.07045335322618484,
    0.06702116876840591,
    0.06322826445102692,
    0.059080820530653,
    0.05495331436395645,
    0.05139923095703125,
    0.047836899757385254,
    0.04441535845398903,
    0.04294871166348457,
    0.03966620936989784
  ],
  "Training Time": 17.93954062461853,
  "Validate": [
    4.277331352233887,
    5.427971839904785,
    5.763103008270264,
    6.064981460571289,
    6.313049793243408,
    6.400352478027344,
    6.340931415557861,
    6.247946262359619,
    6.127852916717529,
    5.996508598327637,
    5.860983371734619,
    5.7309956550598145,
    5.609997749328613,
    5.503444194793701,
    5.413102626800537,
    5.339244842529297,
    5.2759552001953125,
    5.216602802276611,
    5.155771255493164,
    5.1087422370910645,
    5.087862491607666,
    5.024801731109619,
    4.8831939697265625,
    4.7554402351379395,
    4.636590957641602
  ]
}