{
  "Train": [
    0.1417061984539032,
    0.1339394748210907,
    0.08652584999799728,
    0.02762027643620968,
    0.019914396107196808,
    0.01647171378135681,
    0.014114719815552235,
    0.012118496932089329,
    0.011521638371050358,
    0.01754298433661461,
    0.015204730443656445,
    0.013243956491351128,
    0.01220911368727684,
    0.013311279006302357,
    0.035053424537181854,
    0.018280012533068657,
    0.01088457927107811,
    0.016915274783968925,
    0.012506894767284393,
    0.007309430278837681,
    0.008294858038425446,
    0.007871925830841064,
    0.007786961272358894,
    0.01400692481547594,
    0.023539986461400986
  ],
  "Training Time": 23.326409816741943,
  "Validate": [
    NaN,
    NaN,
    NaN,
    NaN,
    NaN,
    NaN,
    NaN,
    NaN,
    NaN,
    NaN,
    NaN,
    NaN,
    NaN,
    NaN,
    NaN,
    NaN,
    NaN,
    NaN,
    NaN,
    NaN,
    NaN,
    NaN,
    NaN,
    NaN,
    NaN
  ]
}