{
  "Train": [
    0.8987589478492737,
    0.6052507162094116,
    0.530730128288269,
    0.5165529847145081,
    0.481358140707016,
    0.4605589807033539,
    0.4419715106487274,
    0.4251749813556671,
    0.41105106472969055,
    0.3990112841129303,
    0.38799452781677246,
    0.37742215394973755,
    0.36674433946609497,
    0.3545832335948944,
    0.34174588322639465,
    0.3275725841522217,
    0.3146630823612213,
    0.3041069507598877,
    0.2939876914024353,
    0.298452764749527,
    0.26624825596809387,
    0.2617955505847931,
    0.2716006934642792,
    0.24735185503959656,
    0.2400660365819931,
    0.22508156299591064,
    0.2995302677154541,
    0.2692681849002838,
    0.1970566213130951,
    0.18903391063213348,
    0.18226681649684906,
    0.1942305564880371,
    0.1708752065896988,
    0.1704176366329193,
    0.18399082124233246,
    0.17562715709209442,
    0.16916680335998535,
    0.1587197482585907,
    0.1494670808315277,
    0.1337476521730423,
    0.1294941008090973,
    0.13308480381965637,
    0.16278992593288422,
    0.16879573464393616,
    0.18296344578266144,
    0.15149663388729095,
    0.13190187513828278,
    0.11847317218780518,
    0.11356150358915329,
    0.11150709539651871,
    0.10535115748643875,
    0.10472454875707626,
    0.11001591384410858,
    0.11839146167039871,
    0.09962005168199539,
    0.11364085972309113,
    0.13160160183906555,
    0.09478221088647842,
    0.09207140654325485,
    0.0971447005867958,
    0.4024457037448883,
    0.3147457540035248,
    0.2119222730398178,
    0.15402403473854065,
    0.11369739472866058,
    0.1051374301314354,
    0.09490547329187393,
    0.08815985172986984,
    0.08626753836870193,
    0.08397484570741653,
    0.08071395009756088,
    0.07834634929895401,
    0.07806135714054108,
    0.07560544461011887,
    0.07084838300943375,
    0.07300679385662079,
    0.07161444425582886,
    0.06941699981689453,
    0.13547295331954956,
    0.19811132550239563,
    0.20349715650081635,
    0.33208948373794556,
    0.3685033917427063,
    0.12202892452478409,
    0.09508315473794937,
    0.09172309190034866,
    0.07684234529733658,
    0.08060027658939362,
    0.08233229070901871,
    0.06708776205778122,
    0.05963845178484917,
    0.0589163713157177,
    0.07824314385652542,
    0.0921715646982193,
    0.0746430829167366,
    0.06114426255226135,
    0.06086902692914009,
    0.057648081332445145,
    0.06492940336465836,
    0.06783828884363174
  ],
  "Training Time": 49.0717453956604,
  "Validate": [
    1.1333168745040894,
    1.1167452335357666,
    1.070608377456665,
    1.1139060258865356,
    1.0984349250793457,
    1.077307939529419,
    1.0500425100326538,
    1.0448765754699707,
    1.0599286556243896,
    1.0685967206954956,
    1.073557734489441,
    1.0883046388626099,
    1.1117900609970093,
    1.1334891319274902,
    1.161987543106079,
    1.180059552192688,
    1.2128897905349731,
    1.2232609987258911,
    1.3362717628479004,
    1.1258575916290283,
    1.098513126373291,
    1.3914870023727417,
    1.2759796380996704,
    1.0616072416305542,
    1.2273931503295898,
    1.1819512844085693,
    1.3794689178466797,
    1.124783992767334,
    1.1521050930023193,
    1.150472640991211,
    1.3368573188781738,
    1.227919101715088,
    1.2566529512405396,
    1.221187710762024,
    0.8873720169067383,
    1.2923024892807007,
    1.262931227684021,
    1.1260119676589966,
    1.2349613904953003,
    1.481842041015625,
    1.560296654701233,
    1.328011393547058,
    1.833375096321106,
    1.4607207775115967,
    1.219687581062317,
    1.1820441484451294,
    1.3893043994903564,
    1.4331250190734863,
    1.5370631217956543,
    1.5567145347595215,
    1.5251768827438354,
    1.4875762462615967,
    1.6117721796035767,
    1.3771673440933228,
    1.653014063835144,
    1.191914677619934,
    1.267622709274292,
    1.5164806842803955,
    1.57172691822052,
    1.526694416999817,
    0.8112720251083374,
    1.363352656364441,
    1.5565800666809082,
    1.5029667615890503,
    1.4295870065689087,
    1.3942962884902954,
    1.4162873029708862,
    1.442568302154541,
    1.4606571197509766,
    1.4622820615768433,
    1.4748389720916748,
    1.5021471977233887,
    1.5189200639724731,
    1.5255475044250488,
    1.5603793859481812,
    1.5967613458633423,
    1.6155204772949219,
    1.6202813386917114,
    0.8607973456382751,
    1.1386624574661255,
    1.2969986200332642,
    1.169729471206665,
    1.1879019737243652,
    1.4218679666519165,
    1.2263816595077515,
    1.603452205657959,
    1.3148977756500244,
    1.901166558265686,
    1.4079455137252808,
    1.5265570878982544,
    1.6065146923065186,
    1.7083706855773926,
    1.4798811674118042,
    1.5605957508087158,
    1.4923336505889893,
    1.7626897096633911,
    1.5401616096496582,
    1.6055916547775269,
    1.693669080734253,
    1.772169828414917
  ]
}