{
  "Train": [
    0.7680388689041138,
    0.45636817812919617,
    0.3814223110675812,
    0.3519606292247772,
    0.33408933877944946,
    0.32179829478263855,
    0.311535120010376,
    0.30195558071136475,
    0.2926834225654602,
    0.28375235199928284
  ],
  "Training Time": 18.267059564590454,
  "Validate": [
    37.31803894042969,
    35.41981506347656,
    33.70985794067383,
    32.56572723388672,
    32.10479736328125,
    31.938438415527344,
    31.884660720825195,
    31.8896541595459,
    31.964275360107422,
    32.14174270629883
  ]
}