{
  "Train": [
    1.172475814819336,
    1.156159520149231,
    1.1448307037353516,
    1.1314506530761719,
    1.121968150138855,
    1.1114128828048706,
    1.1010863780975342,
    1.0896215438842773,
    1.0763137340545654,
    1.06089448928833,
    1.0422070026397705,
    1.0204966068267822,
    1.0084447860717773,
    0.991683840751648,
    0.9509706497192383,
    0.9112695455551147,
    0.8693110942840576,
    0.8464878797531128,
    0.7880510091781616,
    0.8773679733276367,
    0.9182273745536804,
    0.7378011345863342,
    0.6671658754348755,
    0.5938392877578735,
    0.5227551460266113,
    0.48251402378082275,
    0.43470969796180725,
    0.4117937386035919,
    0.37902748584747314,
    0.3498060405254364,
    0.3213786780834198,
    0.2928500175476074,
    0.27509212493896484,
    0.2610144019126892,
    0.2526071071624756,
    0.24267147481441498,
    0.23759177327156067,
    0.23223082721233368,
    0.23084038496017456,
    0.2218068242073059,
    0.23364895582199097,
    0.2109380066394806,
    0.21991229057312012,
    0.21218623220920563,
    0.20204882323741913,
    0.20050552487373352,
    0.1966952681541443,
    0.19945506751537323,
    0.2035212516784668,
    0.19754502177238464,
    0.19890658557415009,
    0.21736054122447968,
    0.24864841997623444,
    0.20064279437065125,
    0.18211710453033447,
    0.18688665330410004,
    0.17375008761882782,
    0.1677853912115097,
    0.16705624759197235,
    0.16256161034107208,
    0.15923595428466797,
    0.155575230717659,
    0.15403273701667786,
    0.14958298206329346,
    0.14858470857143402,
    0.14317478239536285,
    0.14816129207611084,
    0.13821232318878174,
    0.13278251886367798,
    0.14177273213863373,
    0.17091648280620575,
    0.15749028325080872,
    0.19115163385868073,
    0.7910931706428528,
    0.4708448052406311,
    0.23291952908039093,
    0.1543113887310028,
    0.11484234035015106,
    0.11247771978378296,
    0.10729008167982101,
    0.1049625426530838,
    0.10142791271209717,
    0.10014352202415466,
    0.09722639620304108,
    0.0971299335360527,
    0.09407572448253632,
    0.09721329808235168,
    0.09327375888824463,
    0.10152984410524368,
    0.09145119786262512,
    0.09698527306318283,
    0.08586365729570389,
    0.08702579140663147,
    0.08222917467355728,
    0.08172629773616791,
    0.07974124699831009,
    0.07874169945716858,
    0.0776728019118309,
    0.07650965452194214,
    0.07586076110601425
  ],
  "Training Time": 90.88100743293762,
  "Validate": [
    1.9597389698028564,
    1.9922221899032593,
    2.026184320449829,
    2.0408935546875,
    2.024986743927002,
    2.018737554550171,
    2.010457754135132,
    2.0053770542144775,
    2.0048110485076904,
    2.0106210708618164,
    2.0229310989379883,
    2.034104347229004,
    2.041567087173462,
    2.0234882831573486,
    2.020217180252075,
    2.0155792236328125,
    2.1020092964172363,
    2.0432701110839844,
    2.1658780574798584,
    1.9566566944122314,
    1.8842823505401611,
    1.8941090106964111,
    1.9299137592315674,
    1.9371459484100342,
    1.958905816078186,
    1.9536446332931519,
    1.96000337600708,
    1.9483821392059326,
    1.9422208070755005,
    1.9359081983566284,
    1.9372260570526123,
    1.9706155061721802,
    1.9970829486846924,
    2.0169873237609863,
    2.0246737003326416,
    2.0494821071624756,
    2.0398457050323486,
    2.072326183319092,
    2.0800881385803223,
    2.1315526962280273,
    2.0502266883850098,
    2.039959192276001,
    2.043534278869629,
    2.0263302326202393,
    2.023763656616211,
    2.0382227897644043,
    2.0364067554473877,
    2.0159456729888916,
    1.9681010246276855,
    1.9857916831970215,
    1.9968669414520264,
    1.997422695159912,
    2.0001699924468994,
    2.03212308883667,
    1.9984230995178223,
    1.936319351196289,
    1.9108524322509766,
    1.928383231163025,
    1.9481422901153564,
    1.960429310798645,
    1.9475185871124268,
    1.9536519050598145,
    1.9551235437393188,
    1.9640156030654907,
    1.92546546459198,
    1.9630109071731567,
    1.9311566352844238,
    1.928886890411377,
    1.878366470336914,
    1.9684542417526245,
    2.1065893173217773,
    2.0064563751220703,
    1.9182380437850952,
    2.371577739715576,
    2.093827962875366,
    2.1381990909576416,
    2.0467379093170166,
    2.123785972595215,
    2.090350866317749,
    2.1276628971099854,
    2.099431276321411,
    2.130671262741089,
    2.0982491970062256,
    2.138007164001465,
    2.090106725692749,
    2.158289909362793,
    2.0694241523742676,
    2.1913652420043945,
    2.039271593093872,
    2.1837761402130127,
    2.037216901779175,
    2.150712490081787,
    2.0568435192108154,
    2.1421780586242676,
    2.0769026279449463,
    2.1449201107025146,
    2.0902233123779297,
    2.14925217628479,
    2.097945213317871,
    2.1534249782562256
  ]
}