{
  "Train": [
    1.242732048034668,
    1.1583892107009888,
    1.1440150737762451,
    1.1340842247009277,
    1.1229069232940674,
    1.109252691268921,
    1.0946954488754272,
    1.0774919986724854,
    1.058820128440857,
    1.0414118766784668
  ],
  "Training Time": 11.662407398223877,
  "Validate": [
    1.1486608982086182,
    1.1442387104034424,
    1.163317084312439,
    1.1944971084594727,
    1.2430510520935059,
    1.3104443550109863,
    1.4025907516479492,
    1.5195815563201904,
    1.6505733728408813,
    1.7865371704101562
  ]
}