{
  "Train": [
    1.0853049755096436,
    1.019163727760315,
    1.0087177753448486,
    1.0001131296157837,
    0.9923968315124512,
    0.9850358366966248,
    0.9777172803878784,
    0.9700518846511841,
    0.9618420600891113,
    0.9532595872879028
  ],
  "Training Time": 14.023330688476562,
  "Validate": [
    NaN,
    NaN,
    NaN,
    NaN,
    NaN,
    NaN,
    NaN,
    NaN,
    NaN,
    NaN
  ]
}