{
  "Train": [
    1.071498155593872,
    1.0628085136413574,
    1.058904767036438,
    1.0558545589447021,
    1.053161382675171,
    1.0505897998809814,
    1.047995686531067,
    1.0452734231948853,
    1.0423290729522705,
    1.0390667915344238
  ],
  "Training Time": 2.5985910892486572,
  "Validate": [
    7.109143257141113,
    7.180355072021484,
    7.220299243927002,
    7.246706008911133,
    7.266068935394287,
    7.28102970123291,
    7.292901515960693,
    7.302561283111572,
    7.310820579528809,
    7.318639278411865
  ]
}