{
  "Train": [
    0.9956598281860352,
    0.9791873693466187,
    0.9683552384376526,
    0.9574128985404968,
    0.9459865093231201,
    0.9341342449188232,
    0.9214315414428711,
    0.9076601266860962,
    0.8929902911186218,
    0.877897322177887
  ],
  "Training Time": 1.9989042282104492,
  "Validate": [
    NaN,
    NaN,
    NaN,
    NaN,
    NaN,
    NaN,
    NaN,
    NaN,
    NaN,
    NaN
  ]
}