{
  "Train": [
    1.1282422542572021,
    1.1159982681274414,
    1.1088953018188477,
    1.1030528545379639,
    1.0976535081863403,
    1.0922547578811646,
    1.086570143699646,
    1.0804133415222168,
    1.0736644268035889,
    1.066231608390808
  ],
  "Training Time": 1.6791062355041504,
  "Validate": [
    1.6565673351287842,
    1.578650712966919,
    1.5475703477859497,
    1.5341737270355225,
    1.5276631116867065,
    1.5234624147415161,
    1.519924283027649,
    1.5173888206481934,
    1.516770362854004,
    1.5184299945831299
  ]
}