{
  "Train": [
    1.3916491270065308,
    1.1041918992996216,
    1.0166199207305908,
    1.009281873703003,
    0.9679185748100281,
    0.9376233220100403,
    0.8961890339851379,
    0.8401235342025757,
    0.7709879279136658,
    0.7045250535011292,
    0.6955540776252747,
    0.784084677696228,
    0.9703749418258667,
    0.8951863050460815,
    0.7559975981712341,
    0.8370606303215027,
    0.7815980315208435,
    0.7230371832847595,
    0.7537611126899719,
    0.6998515129089355,
    0.8534246683120728,
    0.9270764589309692,
    0.867477536201477,
    0.7895110249519348,
    0.7375922203063965,
    0.6852216720581055,
    0.6556680798530579,
    0.6165869832038879,
    0.557568371295929,
    0.6121875643730164,
    0.5941700339317322,
    0.4713698923587799,
    0.48442748188972473,
    0.6771782636642456,
    0.3422735035419464,
    0.33015891909599304,
    0.51042640209198,
    0.536945104598999,
    0.3559647500514984,
    0.28345987200737,
    0.20376823842525482,
    0.18848125636577606,
    0.17492301762104034,
    0.16009819507598877,
    0.15304385125637054,
    0.14033615589141846,
    0.13547466695308685,
    0.12701384723186493,
    0.12181247770786285,
    0.11398454755544662,
    0.10901226103305817,
    0.10640467703342438,
    0.10556649416685104,
    0.10419423878192902,
    0.11459450423717499,
    0.30980995297431946,
    0.6550277471542358,
    0.5584939122200012,
    0.47020167112350464,
    0.41666561365127563,
    0.37745070457458496,
    0.3604133427143097,
    0.30536988377571106,
    0.2583148181438446,
    0.21277715265750885,
    0.16975262761116028,
    0.13287486135959625,
    0.1390400528907776,
    0.11804880946874619,
    0.09389407187700272,
    0.08975136280059814,
    0.08858247101306915,
    0.09192276000976562,
    0.09592240303754807,
    0.09620915353298187,
    0.08400218188762665,
    0.07451014220714569,
    0.06268687546253204,
    0.06434232741594315,
    0.05711214989423752,
    0.06166669353842735,
    0.05926945433020592,
    0.05839494615793228,
    0.08108169585466385,
    0.08066876232624054,
    0.16051292419433594,
    0.6716886162757874,
    1.5451982021331787,
    0.8987464308738708,
    0.7981210947036743,
    0.6502866148948669,
    0.5856479406356812,
    0.5199571251869202,
    0.4637756645679474,
    0.40985727310180664,
    0.3771446645259857,
    0.33008792996406555,
    0.31443172693252563,
    0.27595433592796326,
    0.25451645255088806
  ],
  "Training Time": 96.85152435302734,
  "Validate": [
    1.0007346868515015,
    0.9014824032783508,
    1.0447750091552734,
    1.1079509258270264,
    1.1825447082519531,
    1.2544392347335815,
    1.3143324851989746,
    1.328597068786621,
    1.5149880647659302,
    1.5278629064559937,
    1.3949536085128784,
    1.437064290046692,
    1.8097084760665894,
    1.5202038288116455,
    1.4487160444259644,
    0.504374086856842,
    1.0940349102020264,
    0.8795425891876221,
    1.50580632686615,
    0.8697549700737,
    0.5866231322288513,
    1.1536749601364136,
    1.0168876647949219,
    1.0501424074172974,
    0.9890771508216858,
    1.098112940788269,
    0.7531936168670654,
    1.0183457136154175,
    1.0261006355285645,
    0.9861948490142822,
    0.9725372791290283,
    0.9710890054702759,
    1.022103190422058,
    1.0085614919662476,
    0.7253307700157166,
    0.6971415877342224,
    0.7568063735961914,
    0.7420250177383423,
    0.7210837006568909,
    0.7083041667938232,
    0.7063204050064087,
    0.6736623644828796,
    0.6622183322906494,
    0.6443641185760498,
    0.6470682621002197,
    0.6860409379005432,
    0.66448974609375,
    0.6853315234184265,
    0.6921495795249939,
    0.6876748204231262,
    0.6992506980895996,
    0.6983129978179932,
    0.6982770562171936,
    0.7561965584754944,
    0.7956848740577698,
    1.2046177387237549,
    1.1401985883712769,
    1.439132571220398,
    1.0055286884307861,
    1.0562832355499268,
    0.9941182732582092,
    1.1137038469314575,
    1.0783169269561768,
    1.0924044847488403,
    1.0913113355636597,
    1.102629542350769,
    1.102091908454895,
    1.0890488624572754,
    0.9597154855728149,
    1.0281325578689575,
    1.1087937355041504,
    1.046920657157898,
    1.0947757959365845,
    1.1106083393096924,
    1.0779720544815063,
    1.0538562536239624,
    1.076620101928711,
    1.0840096473693848,
    1.099958062171936,
    1.1258190870285034,
    1.1333221197128296,
    1.1881510019302368,
    1.0715360641479492,
    1.2254786491394043,
    1.2696505784988403,
    1.3264431953430176,
    0.6986799836158752,
    0.4173055589199066,
    0.3811142146587372,
    0.3249266445636749,
    0.3678138554096222,
    0.3783699870109558,
    0.3977155387401581,
    0.3629419505596161,
    0.3774711489677429,
    0.41730788350105286,
    0.447607159614563,
    0.43580999970436096,
    0.49727803468704224,
    0.4644405245780945
  ]
}