{
  "Train": [
    0.030888082459568977,
    0.026230229064822197,
    0.024471959099173546,
    0.023614075034856796,
    0.023058608174324036,
    0.022638073191046715,
    0.02230897545814514,
    0.022043917328119278,
    0.0218240637332201,
    0.021635938435792923,
    0.02147001028060913,
    0.02131946012377739,
    0.02117951028048992,
    0.021046610549092293,
    0.0209182221442461,
    0.020792396739125252,
    0.020667631179094315,
    0.02054273895919323,
    0.02041664905846119,
    0.020288357511162758,
    0.02015686221420765,
    0.020020978525280952,
    0.019879307597875595,
    0.019730137661099434,
    0.019571196287870407
  ],
  "Training Time": 7.246812105178833,
  "Validate": [
    0.03566309064626694,
    0.03686637431383133,
    0.035306721925735474,
    0.03483741730451584,
    0.034395743161439896,
    0.034120626747608185,
    0.033936500549316406,
    0.03381529077887535,
    0.033732909709215164,
    0.03367488086223602,
    0.03363189473748207,
    0.03359803184866905,
    0.03356960415840149,
    0.03354417905211449,
    0.03352008014917374,
    0.03349598869681358,
    0.033470723778009415,
    0.03344304859638214,
    0.033411670476198196,
    0.03337540850043297,
    0.033333323895931244,
    0.033284980803728104,
    0.033230897039175034,
    0.033173009753227234,
    0.03311542421579361
  ]
}