{
  "Train": [
    0.19497565925121307,
    0.06557624787092209,
    0.04691971465945244,
    0.04193110391497612,
    0.03880506381392479,
    0.03625045344233513,
    0.03382937237620354,
    0.03151746466755867,
    0.02946535497903824,
    0.02785174734890461,
    0.026712922379374504,
    0.025924593210220337,
    0.025338806211948395,
    0.024861713871359825,
    0.02444760873913765,
    0.024075273424386978,
    0.023733144626021385,
    0.023413479328155518,
    0.023110663518309593,
    0.02282087132334709,
    0.022542160004377365,
    0.022274421527981758,
    0.02201906405389309,
    0.021778520196676254,
    0.021555336192250252
  ],
  "Training Time": 6.549563407897949,
  "Validate": [
    0.6424567103385925,
    0.3844374418258667,
    0.3333107531070709,
    0.3270154297351837,
    0.3276979923248291,
    0.3279779851436615,
    0.3250182569026947,
    0.3179360628128052,
    0.3069843053817749,
    0.2938325107097626,
    0.2809605300426483,
    0.2698707580566406,
    0.2606121599674225,
    0.25269627571105957,
    0.24573063850402832,
    0.23949889838695526,
    0.23388800024986267,
    0.22883319854736328,
    0.22429679334163666,
    0.2202557921409607,
    0.21669097244739532,
    0.21358193457126617,
    0.2108992636203766,
    0.20860663056373596,
    0.2066631317138672
  ]
}