{
  "Train": [
    0.04438629373908043,
    0.03484567999839783,
    0.03190338984131813,
    0.030590837821364403,
    0.029808595776557922,
    0.0292191244661808,
    0.028702791780233383,
    0.028225630521774292,
    0.027769414708018303,
    0.027323424816131592,
    0.02688186801970005,
    0.026443324983119965,
    0.02600865624845028,
    0.025578370317816734,
    0.025151215493679047,
    0.024720076471567154,
    0.024276331067085266,
    0.023881709203124046,
    0.02367888018488884,
    0.023807762190699577,
    0.02400224283337593,
    0.023015305399894714,
    0.022151323035359383,
    0.021953865885734558,
    0.022489376366138458
  ],
  "Training Time": 8.76218318939209,
  "Validate": [
    NaN,
    NaN,
    NaN,
    NaN,
    NaN,
    NaN,
    NaN,
    NaN,
    NaN,
    NaN,
    NaN,
    NaN,
    NaN,
    NaN,
    NaN,
    NaN,
    NaN,
    NaN,
    NaN,
    NaN,
    NaN,
    NaN,
    NaN,
    NaN,
    NaN
  ]
}