{
  "Train": [
    0.9838728308677673,
    0.9114741683006287,
    0.8768109679222107,
    0.857609748840332,
    0.8429323434829712,
    0.8315737247467041,
    0.8210711479187012,
    0.8087465763092041,
    0.7955756783485413,
    0.7821089029312134
  ],
  "Training Time": 6.370654582977295,
  "Validate": [
    NaN,
    NaN,
    NaN,
    NaN,
    NaN,
    NaN,
    NaN,
    NaN,
    NaN,
    NaN
  ]
}