{
  "Train": [
    0.3468092381954193,
    0.2739538550376892,
    0.24863575398921967,
    0.2222653478384018,
    0.23392018675804138,
    0.18998102843761444,
    0.15869975090026855,
    0.14611949026584625,
    0.12390695512294769,
    0.11943128705024719
  ],
  "Training Time": 14.979233264923096,
  "Validate": [
    NaN,
    NaN,
    NaN,
    NaN,
    NaN,
    NaN,
    NaN,
    NaN,
    NaN,
    NaN
  ]
}