{
  "Train": [
    1.0309562683105469,
    0.8213081955909729,
    0.8166265487670898,
    0.6767976880073547,
    0.5927346348762512,
    0.5161396265029907,
    0.46313533186912537,
    0.45412707328796387,
    0.426937460899353,
    0.4117453396320343,
    0.4052448272705078,
    0.4067312479019165,
    0.38606730103492737,
    0.39743295311927795,
    0.52427738904953,
    0.5637497305870056,
    0.4739658832550049,
    0.4396215081214905,
    0.4080977141857147,
    0.39259573817253113,
    0.3772263824939728,
    0.36017170548439026,
    0.35932114720344543,
    0.3490557074546814,
    0.37272909283638,
    0.3749382197856903,
    0.36850982904434204,
    0.33757689595222473,
    0.2628342807292938,
    0.24696148931980133,
    0.23542965948581696,
    0.22781160473823547,
    0.23265744745731354,
    0.272115558385849,
    0.25808966159820557,
    0.23483221232891083,
    0.1952286809682846,
    0.1910420060157776,
    0.17742861807346344,
    0.17298077046871185,
    0.17053228616714478,
    0.15831445157527924,
    0.15591049194335938,
    0.15561263263225555,
    0.14527647197246552,
    0.1521434187889099,
    0.16306328773498535,
    0.16063499450683594,
    0.13612134754657745,
    0.14392073452472687,
    0.1384495198726654,
    0.24651367962360382,
    0.313461035490036,
    0.2698260247707367,
    0.2048322856426239,
    0.19375842809677124,
    0.16463856399059296,
    0.13665209710597992,
    0.12935002148151398,
    0.12290091067552567,
    0.12016112357378006,
    0.10934065282344818,
    0.19930735230445862,
    0.6794418096542358,
    0.4986434280872345,
    0.4272453784942627,
    0.3866121768951416,
    0.33392611145973206,
    0.29376623034477234,
    0.24942311644554138,
    0.2251921147108078,
    0.3171974718570709,
    0.2753719985485077,
    0.21161185204982758,
    0.19482079148292542,
    0.16237448155879974,
    0.1400311440229416,
    0.14051729440689087,
    0.22453856468200684,
    0.1585206240415573,
    0.15444079041481018,
    0.1029929369688034,
    0.16977186501026154,
    0.18493713438510895,
    0.15048383176326752,
    0.14229366183280945,
    0.18943870067596436,
    0.14221328496932983,
    0.15782825648784637,
    0.11808988451957703,
    0.19924302399158478,
    0.12262234836816788,
    0.08303721994161606,
    0.061982911080121994,
    0.055176082998514175,
    0.07371782511472702,
    0.05002773180603981,
    0.12229502946138382,
    0.10896199941635132,
    0.2849830687046051
  ],
  "Training Time": 179.34667539596558,
  "Validate": [
    NaN,
    NaN,
    NaN,
    NaN,
    NaN,
    NaN,
    NaN,
    NaN,
    NaN,
    NaN,
    NaN,
    NaN,
    NaN,
    NaN,
    NaN,
    NaN,
    NaN,
    NaN,
    NaN,
    NaN,
    NaN,
    NaN,
    NaN,
    NaN,
    NaN,
    NaN,
    NaN,
    NaN,
    NaN,
    NaN,
    NaN,
    NaN,
    NaN,
    NaN,
    NaN,
    NaN,
    NaN,
    NaN,
    NaN,
    NaN,
    NaN,
    NaN,
    NaN,
    NaN,
    NaN,
    NaN,
    NaN,
    NaN,
    NaN,
    NaN,
    NaN,
    NaN,
    NaN,
    NaN,
    NaN,
    NaN,
    NaN,
    NaN,
    NaN,
    NaN,
    NaN,
    NaN,
    NaN,
    NaN,
    NaN,
    NaN,
    NaN,
    NaN,
    NaN,
    NaN,
    NaN,
    NaN,
    NaN,
    NaN,
    NaN,
    NaN,
    NaN,
    NaN,
    NaN,
    NaN,
    NaN,
    NaN,
    NaN,
    NaN,
    NaN,
    NaN,
    NaN,
    NaN,
    NaN,
    NaN,
    NaN,
    NaN,
    NaN,
    NaN,
    NaN,
    NaN,
    NaN,
    NaN,
    NaN,
    NaN
  ]
}