{
  "Train": [
    0.9780346751213074,
    0.8965850472450256,
    0.845712423324585,
    0.8267385959625244,
    0.8070053458213806,
    0.7628068923950195,
    0.7320514917373657,
    0.7092177867889404,
    0.6993551850318909,
    0.6983065605163574,
    0.6937762498855591,
    0.659143328666687,
    0.7047467231750488,
    0.6809628009796143,
    0.7051584124565125,
    0.6930360794067383,
    0.673162043094635,
    0.672805905342102,
    0.6658656001091003,
    0.6523044109344482,
    0.6483494639396667,
    0.6506083011627197,
    0.6422079801559448,
    0.6412590146064758,
    0.6361142992973328,
    0.6387205123901367,
    0.6358187794685364,
    0.6312562227249146,
    0.6320406794548035,
    0.634821891784668,
    0.6479774117469788,
    0.6606385707855225,
    0.6272084712982178,
    0.6241960525512695,
    0.6416779160499573,
    0.6842432022094727,
    0.6302970051765442,
    0.6298761963844299,
    0.6966083645820618,
    0.6482858061790466,
    0.6095966100692749,
    0.7752236127853394,
    0.6804994344711304,
    0.6722391247749329,
    0.6517958641052246,
    0.6252810955047607,
    0.6048132181167603,
    0.593548595905304,
    0.5866196155548096,
    0.6136183142662048,
    0.5824679136276245,
    0.5719985961914062,
    0.5864271521568298,
    0.5493115782737732,
    0.5731066465377808,
    0.4953337013721466,
    0.5813196301460266,
    0.6413857340812683,
    0.5023400187492371,
    0.4820198118686676,
    0.4784279763698578,
    0.47047385573387146,
    0.4702374041080475,
    0.46350541710853577,
    0.4640442430973053,
    0.4562796652317047,
    0.5232836008071899,
    0.5243715643882751,
    0.6067911982536316,
    0.4791072905063629,
    0.45649808645248413,
    0.44746527075767517,
    0.44295990467071533,
    0.43771621584892273,
    0.4332229495048523,
    0.4300505220890045,
    0.4254605770111084,
    0.4249173700809479,
    0.41943854093551636,
    0.42128974199295044,
    0.41956496238708496,
    0.4262363612651825,
    0.3921132981777191,
    0.39862239360809326,
    0.40632644295692444,
    0.43330612778663635,
    0.5528475642204285,
    0.5466277003288269,
    0.547622799873352,
    0.4954986572265625,
    0.436654657125473,
    0.48876509070396423,
    0.4062555730342865,
    0.3869350254535675,
    0.37655237317085266,
    0.3707263767719269,
    0.36243224143981934,
    0.35432592034339905,
    0.3522380292415619,
    0.3710523545742035
  ],
  "Training Time": 107.46063709259033,
  "Validate": [
    3.6320459842681885,
    3.123943567276001,
    2.9426462650299072,
    2.9076056480407715,
    2.917121648788452,
    2.826807975769043,
    3.0319299697875977,
    3.0020241737365723,
    2.825429677963257,
    2.6924731731414795,
    2.738347291946411,
    2.837601661682129,
    2.4676618576049805,
    2.6174793243408203,
    2.5551609992980957,
    2.515810966491699,
    2.500410318374634,
    2.5012171268463135,
    2.5020344257354736,
    2.524332284927368,
    2.553704261779785,
    2.5470476150512695,
    2.575347900390625,
    2.5610105991363525,
    2.643286943435669,
    2.6055917739868164,
    2.5335848331451416,
    2.4396421909332275,
    2.399362087249756,
    2.299926996231079,
    3.0106558799743652,
    2.407668113708496,
    2.2374563217163086,
    2.224543809890747,
    3.1393163204193115,
    2.7155160903930664,
    2.4027485847473145,
    2.741201162338257,
    3.1470797061920166,
    2.5176382064819336,
    2.4428787231445312,
    2.7278242111206055,
    2.350855827331543,
    2.585256814956665,
    2.6513891220092773,
    2.676327705383301,
    2.6951684951782227,
    2.6423397064208984,
    2.4704699516296387,
    2.5440657138824463,
    2.5386619567871094,
    2.6863927841186523,
    2.715346336364746,
    2.6634185314178467,
    3.2429590225219727,
    3.7477896213531494,
    2.9818716049194336,
    3.173480272293091,
    3.277466058731079,
    3.6379735469818115,
    3.6091489791870117,
    3.744525671005249,
    3.743436336517334,
    3.7828032970428467,
    3.7660727500915527,
    4.033777236938477,
    3.959864616394043,
    2.7300686836242676,
    3.014836072921753,
    3.340876817703247,
    3.4171903133392334,
    3.2127068042755127,
    3.163423776626587,
    3.1198036670684814,
    3.1687700748443604,
    3.1272165775299072,
    3.1632890701293945,
    3.087618112564087,
    3.1974198818206787,
    2.984098196029663,
    2.87790584564209,
    2.5738375186920166,
    3.86653733253479,
    4.0180277824401855,
    4.753381729125977,
    3.2614634037017822,
    2.2698373794555664,
    2.724154472351074,
    3.8373122215270996,
    2.852479934692383,
    4.8064284324646,
    3.612032413482666,
    4.308023929595947,
    4.198293685913086,
    4.255756378173828,
    4.306419372558594,
    4.360931396484375,
    4.267948627471924,
    3.7304999828338623,
    2.916536569595337
  ]
}