{
  "Train": [
    0.15437383949756622,
    0.13106533885002136,
    0.1214645728468895,
    0.1152774915099144,
    0.11068017780780792,
    0.10698375850915909,
    0.10386199504137039,
    0.10113922506570816,
    0.09871239960193634,
    0.09651784598827362,
    0.0945151224732399,
    0.09267766028642654,
    0.09098546952009201,
    0.08941900730133057,
    0.08795519918203354,
    0.08656815439462662,
    0.085231713950634,
    0.08392118662595749,
    0.08261267840862274,
    0.08128232508897781,
    0.07990680634975433,
    0.07846774905920029,
    0.07696186006069183,
    0.0754137858748436,
    0.07387850433588028
  ],
  "Training Time": 12.49059510231018,
  "Validate": [
    1.1518349647521973,
    0.9635763168334961,
    0.8346903324127197,
    0.7425603866577148,
    0.674124538898468,
    0.6217186450958252,
    0.5806350708007812,
    0.5478553175926208,
    0.5213542580604553,
    0.4996834695339203,
    0.4817228317260742,
    0.4665365219116211,
    0.4533241093158722,
    0.4414372146129608,
    0.43041592836380005,
    0.4199793040752411,
    0.40997809171676636,
    0.40032872557640076,
    0.3909640610218048,
    0.3818058669567108,
    0.37275925278663635,
    0.36375826597213745,
    0.35488492250442505,
    0.34653350710868835,
    0.3394217789173126
  ]
}