{
  "Train": [
    1.0749562978744507,
    0.831883430480957,
    0.6441708207130432,
    0.5113381743431091,
    0.42431890964508057,
    0.3613680899143219,
    0.32233190536499023,
    0.2922329306602478,
    0.2679509222507477,
    0.24828629195690155,
    0.23259617388248444,
    0.22023215889930725,
    0.21018581092357635,
    0.20181605219841003,
    0.1946626752614975,
    0.18841536343097687,
    0.1828501969575882,
    0.17781035602092743,
    0.17318172752857208,
    0.16888166964054108,
    0.1648493856191635,
    0.16103893518447876,
    0.15741510689258575,
    0.15395009517669678,
    0.15062059462070465
  ],
  "Training Time": 10.89757776260376,
  "Validate": [
    0.8478192687034607,
    0.5334322452545166,
    0.43816834688186646,
    0.4334734082221985,
    0.4195134937763214,
    0.4383738338947296,
    0.46017515659332275,
    0.47682878375053406,
    0.48822247982025146,
    0.4950994551181793,
    0.49832791090011597,
    0.49735304713249207,
    0.4921738803386688,
    0.48353976011276245,
    0.4723692238330841,
    0.45960238575935364,
    0.4460778534412384,
    0.43249693512916565,
    0.41939640045166016,
    0.4071419835090637,
    0.3959379196166992,
    0.3858553171157837,
    0.37687161564826965,
    0.36890506744384766,
    0.36184558272361755
  ]
}