{
  "Train": [
    0.0693906620144844,
    0.05026208981871605,
    0.04448198154568672,
    0.04072195291519165,
    0.03790754824876785,
    0.03574750944972038,
    0.034138504415750504,
    0.03295500949025154,
    0.032056454569101334,
    0.0313262864947319,
    0.030680116266012192,
    0.030051669105887413,
    0.029371609911322594,
    0.028556987643241882,
    0.0275591854006052,
    0.026473162695765495,
    0.02543487958610058,
    0.0244399756193161,
    0.023512857034802437,
    0.022710153833031654,
    0.022040601819753647,
    0.021483387798070908,
    0.02101411484181881,
    0.020610837265849113,
    0.020255137234926224
  ],
  "Training Time": 5.833385705947876,
  "Validate": [
    0.06351736187934875,
    0.057705268263816833,
    0.05389060825109482,
    0.05126608535647392,
    0.04949623718857765,
    0.0481649674475193,
    0.0468815453350544,
    0.04544014856219292,
    0.043834034353494644,
    0.04214293137192726,
    0.040448203682899475,
    0.03880898654460907,
    0.03727209195494652,
    0.03589490428566933,
    0.03475840389728546,
    0.033933162689208984,
    0.03339293599128723,
    0.033015962690114975,
    0.032699741423130035,
    0.03241484984755516,
    0.03217044100165367,
    0.03197973594069481,
    0.03185082599520683,
    0.03178538754582405,
    0.031779129058122635
  ]
}