{
  "Train": [
    1.1205686330795288,
    0.918950617313385,
    0.8771710395812988,
    0.8489484190940857,
    0.8228555917739868,
    0.7988733053207397,
    0.7774658799171448,
    0.7572574019432068,
    0.7385601997375488,
    0.6870196461677551,
    0.6263054609298706,
    0.6263489723205566,
    0.594529390335083,
    0.596392035484314,
    0.5833620429039001,
    0.5855461955070496,
    0.5699428915977478,
    0.5826293230056763,
    0.557951807975769,
    0.5949814915657043,
    0.562436580657959,
    0.704135537147522,
    0.6083027720451355,
    0.5521429181098938,
    0.5696255564689636,
    0.5556878447532654,
    0.5604856014251709,
    0.5369348526000977,
    0.5418606400489807,
    0.5311846733093262,
    0.5238585472106934,
    0.5245903134346008,
    0.5211628675460815,
    0.5230413675308228,
    0.5297374129295349,
    0.5137861967086792,
    0.5283636450767517,
    0.5693483948707581,
    0.5423293709754944,
    0.5096381902694702,
    0.5302243232727051,
    0.5123096704483032,
    0.5415698289871216,
    0.4896877110004425,
    0.4892815351486206,
    0.4781169593334198,
    0.4735060930252075,
    0.4994388222694397,
    0.5215579271316528,
    0.5284311175346375,
    0.4842163920402527,
    0.49925199151039124,
    0.4567737877368927,
    0.46992355585098267,
    0.4837726056575775,
    0.44954487681388855,
    0.4605562388896942,
    0.4474889039993286,
    0.46483513712882996,
    0.4566258490085602,
    0.4432535171508789,
    0.4415949881076813,
    0.4361089766025543,
    0.4376411736011505,
    0.4313617944717407,
    0.42613765597343445,
    0.4171856641769409,
    0.4216264486312866,
    0.4228535294532776,
    0.4162929952144623,
    0.432057648897171,
    0.43269988894462585,
    0.413545697927475,
    0.5169452428817749,
    0.5352126359939575,
    0.46822190284729004,
    0.4317808151245117,
    0.40887758135795593,
    0.38988393545150757,
    0.38660815358161926,
    0.39091989398002625,
    0.38061079382896423,
    0.39212164282798767,
    0.38534605503082275,
    0.39190593361854553,
    0.3750472366809845,
    0.38814815878868103,
    0.3826667070388794,
    0.38424578309059143,
    0.3935897946357727,
    0.3996051251888275,
    0.376444548368454,
    0.3683503270149231,
    0.368071585893631,
    0.3679467737674713,
    0.36972707509994507,
    0.3635738790035248,
    0.36683228611946106,
    0.361052930355072,
    0.3707892596721649
  ],
  "Training Time": 59.243375062942505,
  "Validate": [
    NaN,
    NaN,
    NaN,
    NaN,
    NaN,
    NaN,
    NaN,
    NaN,
    NaN,
    NaN,
    NaN,
    NaN,
    NaN,
    NaN,
    NaN,
    NaN,
    NaN,
    NaN,
    NaN,
    NaN,
    NaN,
    NaN,
    NaN,
    NaN,
    NaN,
    NaN,
    NaN,
    NaN,
    NaN,
    NaN,
    NaN,
    NaN,
    NaN,
    NaN,
    NaN,
    NaN,
    NaN,
    NaN,
    NaN,
    NaN,
    NaN,
    NaN,
    NaN,
    NaN,
    NaN,
    NaN,
    NaN,
    NaN,
    NaN,
    NaN,
    NaN,
    NaN,
    NaN,
    NaN,
    NaN,
    NaN,
    NaN,
    NaN,
    NaN,
    NaN,
    NaN,
    NaN,
    NaN,
    NaN,
    NaN,
    NaN,
    NaN,
    NaN,
    NaN,
    NaN,
    NaN,
    NaN,
    NaN,
    NaN,
    NaN,
    NaN,
    NaN,
    NaN,
    NaN,
    NaN,
    NaN,
    NaN,
    NaN,
    NaN,
    NaN,
    NaN,
    NaN,
    NaN,
    NaN,
    NaN,
    NaN,
    NaN,
    NaN,
    NaN,
    NaN,
    NaN,
    NaN,
    NaN,
    NaN,
    NaN
  ]
}