{
  "Train": [
    1.1415811777114868,
    1.128075361251831,
    1.1191375255584717,
    1.1111793518066406,
    1.1038044691085815,
    1.096793293952942,
    1.0900425910949707,
    1.0835524797439575,
    1.0773885250091553,
    1.0715970993041992,
    1.0661507844924927,
    1.0609768629074097,
    1.0559978485107422,
    1.0511469841003418,
    1.0463716983795166,
    1.0416345596313477,
    1.036914587020874,
    1.0322039127349854,
    1.0275070667266846,
    1.0228354930877686,
    1.0182005167007446,
    1.0136127471923828,
    1.0090805292129517,
    1.0046111345291138,
    1.0002094507217407,
    0.9958804249763489,
    0.9916260838508606,
    0.9874482750892639,
    0.9833462834358215,
    0.9793188571929932,
    0.9753621220588684,
    0.97147136926651,
    0.9676401019096375,
    0.9638603329658508,
    0.9601224064826965,
    0.9564169049263,
    0.952731192111969,
    0.9490527510643005,
    0.9453670978546143,
    0.941657543182373,
    0.93790602684021,
    0.9340904355049133,
    0.9301838874816895,
    0.9261515736579895,
    0.9219473004341125,
    0.9175100326538086,
    0.912763237953186,
    0.9076240658760071,
    0.9020204544067383,
    0.8959013819694519,
    0.8891972303390503,
    0.8817178010940552,
    0.873062014579773,
    0.862646758556366,
    0.84920734167099,
    0.8295125961303711,
    0.8601959347724915,
    0.8657728433609009,
    0.9215915203094482,
    0.8290644884109497,
    0.8123366236686707,
    0.8039478063583374,
    0.8063619136810303,
    0.8145351409912109,
    0.8157333731651306,
    0.8017725348472595,
    0.7618532180786133,
    0.7343544960021973,
    0.722191333770752,
    0.7040499448776245,
    0.6886614561080933,
    0.674964964389801,
    0.6587154865264893,
    0.64877849817276,
    0.6356207728385925,
    0.6269095540046692,
    0.6159599423408508,
    0.6076757311820984,
    0.5983610153198242,
    0.5905791521072388,
    0.582399308681488,
    0.5752202272415161,
    0.5678613185882568,
    0.5613482594490051,
    0.5546536445617676,
    0.5488739609718323,
    0.5426337122917175,
    0.5378275513648987,
    0.5315033197402954,
    0.5294355154037476,
    0.5225268006324768,
    0.578811764717102,
    1.059842586517334,
    0.8693452477455139,
    0.6028604507446289,
    0.556667149066925,
    0.5345615148544312,
    0.5237827897071838,
    0.5157404541969299,
    0.509304940700531
  ],
  "Training Time": 37.3620023727417,
  "Validate": [
    1.8797630071640015,
    1.873958945274353,
    1.8690329790115356,
    1.8654361963272095,
    1.863199234008789,
    1.8623480796813965,
    1.8629035949707031,
    1.864759922027588,
    1.8675925731658936,
    1.870921015739441,
    1.8742848634719849,
    1.8773688077926636,
    1.8800066709518433,
    1.8821300268173218,
    1.8837108612060547,
    1.8847323656082153,
    1.8851768970489502,
    1.885030746459961,
    1.8842945098876953,
    1.8829954862594604,
    1.8811888694763184,
    1.8789538145065308,
    1.876376986503601,
    1.873543620109558,
    1.8705272674560547,
    1.8673895597457886,
    1.8641823530197144,
    1.8609482049942017,
    1.8577250242233276,
    1.8545501232147217,
    1.851460337638855,
    1.8484927415847778,
    1.8456867933273315,
    1.8430854082107544,
    1.8407330513000488,
    1.8386788368225098,
    1.8369754552841187,
    1.8356789350509644,
    1.8348491191864014,
    1.8345500230789185,
    1.8348491191864014,
    1.8358176946640015,
    1.8375343084335327,
    1.840078353881836,
    1.8435237407684326,
    1.847899317741394,
    1.853112816810608,
    1.8588203191757202,
    1.8643004894256592,
    1.8683844804763794,
    1.869242787361145,
    1.8638412952423096,
    1.8478928804397583,
    1.8167271614074707,
    1.785399317741394,
    1.6719681024551392,
    2.0867865085601807,
    1.6505217552185059,
    1.734605312347412,
    1.886135458946228,
    1.8083100318908691,
    1.9010504484176636,
    1.7368046045303345,
    1.9383175373077393,
    1.721337080001831,
    1.8658931255340576,
    1.7894774675369263,
    1.8183116912841797,
    1.7714442014694214,
    1.79241144657135,
    1.7483175992965698,
    1.7470837831497192,
    1.701778769493103,
    1.6851922273635864,
    1.659904956817627,
    1.645528793334961,
    1.6286998987197876,
    1.6160187721252441,
    1.6021262407302856,
    1.5903526544570923,
    1.577668309211731,
    1.5665138959884644,
    1.5545035600662231,
    1.5444334745407104,
    1.533312201499939,
    1.525261640548706,
    1.5148556232452393,
    1.5107005834579468,
    1.4990754127502441,
    1.5089390277862549,
    1.4870898723602295,
    1.654158353805542,
    1.5118021965026855,
    1.515743374824524,
    1.4717117547988892,
    1.4804021120071411,
    1.4777779579162598,
    1.47440767288208,
    1.4702118635177612,
    1.4659037590026855
  ]
}