{
  "Train": [
    1.0978068113327026,
    1.0845822095870972,
    1.078647255897522,
    1.0721313953399658,
    1.0649051666259766,
    1.054211974143982,
    1.0392780303955078,
    1.0197032690048218,
    0.9568241834640503,
    0.8844453692436218,
    0.8553086519241333,
    0.8465977311134338,
    0.8339881896972656,
    0.8272314667701721,
    0.8125659227371216,
    0.7950770258903503,
    0.815161943435669,
    0.8165606260299683,
    0.7939281463623047,
    0.7768419981002808,
    0.7630959153175354,
    0.7433980107307434,
    0.74970942735672,
    0.7561176419258118,
    0.7296675443649292,
    0.704712986946106,
    0.7144073247909546,
    0.6664009690284729,
    0.6591137051582336,
    0.660650908946991,
    0.6781499981880188,
    0.6686559915542603,
    0.6307888031005859,
    0.6121166348457336,
    0.6048164367675781,
    0.5926877856254578,
    0.5854646563529968,
    0.5843066573143005,
    0.5704559683799744,
    0.5525681972503662,
    0.5360487699508667,
    0.5364318490028381,
    0.5258989334106445,
    0.5144078731536865,
    0.5082658529281616,
    0.45143845677375793,
    0.4803006649017334,
    0.5444118976593018,
    0.4556948244571686,
    0.4045349359512329,
    0.3863011598587036,
    0.3645266592502594,
    0.38511815667152405,
    0.4056552052497864,
    0.4445480406284332,
    0.3540128767490387,
    0.31058406829833984,
    0.44428732991218567,
    0.3340035676956177,
    0.2844259738922119,
    0.2618050277233124,
    0.2606194317340851,
    0.3255293071269989,
    0.3238871991634369,
    0.22148707509040833,
    0.193893700838089,
    0.1827712208032608,
    0.16434983909130096,
    0.1921444982290268,
    0.19477969408035278,
    0.24934883415699005,
    0.3090037703514099,
    0.21242226660251617,
    0.16456739604473114,
    0.21389098465442657,
    0.17688053846359253,
    0.2218187004327774,
    0.1868162602186203,
    0.15145045518875122,
    0.14771440625190735,
    0.11532329022884369,
    0.11339094489812851,
    0.11057306081056595,
    0.11309599131345749,
    0.10276208817958832,
    0.14025595784187317,
    0.1291985809803009,
    0.12193392217159271,
    0.11384624987840652,
    0.11921714246273041,
    0.08550133556127548,
    0.09135980904102325,
    0.08146823197603226,
    0.06675702333450317,
    0.09064852446317673,
    0.08923918008804321,
    0.06031414121389389,
    0.06197309494018555,
    0.07044953107833862,
    0.06787019968032837
  ],
  "Training Time": 78.05705881118774,
  "Validate": [
    4.359003067016602,
    4.34462833404541,
    4.3089919090271,
    4.246124744415283,
    4.2079668045043945,
    4.192342758178711,
    4.199059963226318,
    4.309780597686768,
    4.402304172515869,
    4.338996887207031,
    4.214025974273682,
    4.2006072998046875,
    4.398198127746582,
    4.517551898956299,
    4.550600051879883,
    4.740525722503662,
    4.644397735595703,
    4.835965156555176,
    4.828401565551758,
    4.857936859130859,
    4.951371192932129,
    4.957371234893799,
    5.066059589385986,
    5.040899753570557,
    4.936192035675049,
    5.007490158081055,
    4.865360736846924,
    4.834377765655518,
    4.750509262084961,
    4.7909464836120605,
    4.844467639923096,
    4.7106218338012695,
    4.7059855461120605,
    4.650876045227051,
    4.611231803894043,
    4.582860946655273,
    4.5941009521484375,
    4.650657653808594,
    5.014267921447754,
    5.130464553833008,
    5.581791877746582,
    5.071273326873779,
    5.241154670715332,
    5.962836742401123,
    4.932702541351318,
    5.627836227416992,
    6.526391983032227,
    5.462560176849365,
    6.028007984161377,
    5.5989460945129395,
    6.147561550140381,
    5.7303056716918945,
    6.214756488800049,
    5.352771282196045,
    6.264654159545898,
    5.669244766235352,
    6.038440227508545,
    5.910824775695801,
    5.978301525115967,
    5.9494709968566895,
    6.067028999328613,
    6.591795444488525,
    6.709081649780273,
    6.303114414215088,
    6.602004528045654,
    6.54208517074585,
    6.341090202331543,
    6.21772575378418,
    6.5998148918151855,
    5.792148113250732,
    7.449463367462158,
    7.124508380889893,
    6.757455825805664,
    6.252525806427002,
    6.89682149887085,
    5.615839958190918,
    7.1394944190979,
    7.369826793670654,
    7.124157428741455,
    6.898733615875244,
    6.596682548522949,
    6.87089204788208,
    7.180830001831055,
    6.595097064971924,
    7.100593090057373,
    6.171449184417725,
    6.834752082824707,
    7.3879475593566895,
    7.136312484741211,
    6.399908542633057,
    6.8812031745910645,
    6.750640869140625,
    6.824843883514404,
    6.683874130249023,
    6.976034164428711,
    6.310756206512451,
    6.308640003204346,
    6.542494297027588,
    6.744635105133057,
    6.617362976074219
  ]
}