{
  "Train": [
    0.7425750494003296,
    0.7090068459510803,
    0.6952809691429138,
    0.6852901577949524,
    0.6763467788696289,
    0.6681662201881409,
    0.6608261466026306,
    0.6548171043395996,
    0.6503017544746399,
    0.6464486122131348
  ],
  "Training Time": 15.853718280792236,
  "Validate": [
    0.38541728258132935,
    0.3969300389289856,
    0.40117549896240234,
    0.4022364616394043,
    0.40392205119132996,
    0.4095411002635956,
    0.42333316802978516,
    0.44799041748046875,
    0.47668468952178955,
    0.5009550452232361
  ]
}