{
  "Train": [
    1.0057998895645142,
    0.9653451442718506,
    0.8908777236938477,
    0.8694612383842468,
    0.8528660535812378,
    0.8400805592536926,
    0.8287808299064636,
    0.8178318738937378,
    0.8061933517456055,
    0.7929152250289917
  ],
  "Training Time": 16.48453974723816,
  "Validate": [
    3.786278486251831,
    3.715348243713379,
    3.2258172035217285,
    3.164055109024048,
    3.0877394676208496,
    3.067391872406006,
    3.035963296890259,
    3.026901960372925,
    3.019397020339966,
    3.0591018199920654
  ]
}