{
  "Train": [
    0.8678284287452698,
    0.8205373883247375,
    0.7939369082450867,
    0.7572438716888428,
    0.7461763620376587,
    0.7372758984565735,
    0.7293842434883118,
    0.7191655039787292,
    0.7098581790924072,
    0.701235294342041
  ],
  "Training Time": 20.28840184211731,
  "Validate": [
    NaN,
    NaN,
    NaN,
    NaN,
    NaN,
    NaN,
    NaN,
    NaN,
    NaN,
    NaN
  ]
}