{
  "Train": [
    0.9455223679542542,
    0.9279108643531799,
    0.9152308702468872,
    0.9058374166488647,
    0.8979567885398865,
    0.8906420469284058,
    0.883516788482666,
    0.8763025403022766,
    0.8686270713806152,
    0.8601664900779724
  ],
  "Training Time": 6.991519451141357,
  "Validate": [
    0.5000701546669006,
    0.5088110566139221,
    0.5058695673942566,
    0.5019115805625916,
    0.4983823001384735,
    0.4952842593193054,
    0.49198266863822937,
    0.48753777146339417,
    0.48111584782600403,
    0.4722156524658203
  ]
}