{
  "Train": [
    0.7252331376075745,
    0.6942435503005981,
    0.6940086483955383,
    0.6859048008918762,
    0.67621248960495,
    0.6694033145904541,
    0.6667087078094482,
    0.6559949517250061,
    0.6469128131866455,
    0.6356982588768005
  ],
  "Training Time": 14.067252397537231,
  "Validate": [
    NaN,
    NaN,
    NaN,
    NaN,
    NaN,
    NaN,
    NaN,
    NaN,
    NaN,
    NaN
  ]
}