{
  "Train": [
    0.9273123145103455,
    0.9036991596221924,
    0.8604789972305298,
    0.8537479043006897,
    0.8444024324417114,
    0.8379195928573608,
    0.8328407406806946,
    0.8285040259361267,
    0.8240046501159668,
    0.81928950548172
  ],
  "Training Time": 11.195032119750977,
  "Validate": [
    3.168492317199707,
    3.2888572216033936,
    3.0427041053771973,
    3.0009987354278564,
    2.950634717941284,
    2.9123640060424805,
    2.8744866847991943,
    2.8404791355133057,
    2.8018434047698975,
    2.7628824710845947
  ]
}