{
  "Train": [
    0.8860552310943604,
    0.7017002701759338,
    0.5723886489868164,
    0.541851818561554,
    0.5089303255081177,
    0.4746353328227997,
    0.46993887424468994,
    0.4538503587245941,
    0.4454402029514313,
    0.4371143579483032,
    0.42394134402275085,
    0.4036518931388855,
    0.3911078870296478,
    0.3818630874156952,
    0.3743121922016144,
    0.3766403794288635,
    0.36378178000450134,
    0.3497277796268463,
    0.3386816084384918,
    0.32585301995277405,
    0.3217219114303589,
    0.3341222107410431,
    0.2952917814254761,
    0.28784623742103577,
    0.30918464064598083,
    0.3034200668334961,
    0.27238771319389343,
    0.271979957818985,
    0.25703150033950806,
    0.2566721439361572,
    0.24718715250492096,
    0.24257834255695343,
    0.27423742413520813,
    0.23946921527385712,
    0.2377936989068985,
    0.22842709720134735,
    0.22469957172870636,
    0.21819183230400085,
    0.21371139585971832,
    0.20624227821826935,
    0.20900753140449524,
    0.1985250562429428,
    0.19250239431858063,
    0.1909233033657074,
    0.18437106907367706,
    0.187820702791214,
    0.19805839657783508,
    0.25665420293807983,
    0.18645325303077698,
    0.16821646690368652,
    0.1663019061088562,
    0.15871989727020264,
    0.15773719549179077,
    0.15359839797019958,
    0.15248903632164001,
    0.1596658080816269,
    0.14907439053058624,
    0.1412612944841385,
    0.22478991746902466,
    0.16791073977947235,
    0.15261898934841156,
    0.1454310566186905,
    0.14080603420734406,
    0.13423383235931396,
    0.12852917611598969,
    0.12972037494182587,
    0.13358207046985626,
    0.13965891301631927,
    0.16409169137477875,
    0.1591183841228485,
    0.13297979533672333,
    0.12226288765668869,
    0.1120489090681076,
    0.11337868124246597,
    0.1107374057173729,
    0.10895434767007828,
    0.11710142344236374,
    0.12029878795146942,
    0.109611876308918,
    0.1077328696846962,
    0.10976485908031464,
    0.1081424430012703,
    0.1271769255399704,
    0.40336769819259644,
    0.16613394021987915,
    0.11718198657035828,
    0.11309345811605453,
    0.10302338004112244,
    0.10761447995901108,
    0.0964568629860878,
    0.09154058992862701,
    0.09013482183218002,
    0.09487117826938629,
    0.09595666825771332,
    0.10180952399969101,
    0.09620930254459381,
    0.09318520128726959,
    0.11840801686048508,
    0.10449840128421783,
    0.16427533328533173
  ],
  "Training Time": 70.81925630569458,
  "Validate": [
    NaN,
    NaN,
    NaN,
    NaN,
    NaN,
    NaN,
    NaN,
    NaN,
    NaN,
    NaN,
    NaN,
    NaN,
    NaN,
    NaN,
    NaN,
    NaN,
    NaN,
    NaN,
    NaN,
    NaN,
    NaN,
    NaN,
    NaN,
    NaN,
    NaN,
    NaN,
    NaN,
    NaN,
    NaN,
    NaN,
    NaN,
    NaN,
    NaN,
    NaN,
    NaN,
    NaN,
    NaN,
    NaN,
    NaN,
    NaN,
    NaN,
    NaN,
    NaN,
    NaN,
    NaN,
    NaN,
    NaN,
    NaN,
    NaN,
    NaN,
    NaN,
    NaN,
    NaN,
    NaN,
    NaN,
    NaN,
    NaN,
    NaN,
    NaN,
    NaN,
    NaN,
    NaN,
    NaN,
    NaN,
    NaN,
    NaN,
    NaN,
    NaN,
    NaN,
    NaN,
    NaN,
    NaN,
    NaN,
    NaN,
    NaN,
    NaN,
    NaN,
    NaN,
    NaN,
    NaN,
    NaN,
    NaN,
    NaN,
    NaN,
    NaN,
    NaN,
    NaN,
    NaN,
    NaN,
    NaN,
    NaN,
    NaN,
    NaN,
    NaN,
    NaN,
    NaN,
    NaN,
    NaN,
    NaN,
    NaN
  ]
}