{
  "Train": [
    0.7678847908973694,
    0.5304409861564636,
    0.4884068965911865,
    0.4673445224761963,
    0.4520728886127472,
    0.43941396474838257,
    0.4271199107170105,
    0.4182260036468506,
    0.4125560224056244,
    0.4081158936023712,
    0.4027877449989319,
    0.39666929841041565,
    0.390471875667572,
    0.3844110667705536,
    0.3781944811344147,
    0.3704407215118408,
    0.3706894516944885,
    0.36043310165405273,
    0.3742619454860687,
    0.3619840145111084,
    0.3577992618083954,
    0.3444693386554718,
    0.35908612608909607,
    0.3469924330711365,
    0.34091925621032715,
    0.33438020944595337,
    0.3305203914642334,
    0.32803109288215637,
    0.32069820165634155,
    0.31624385714530945,
    0.36451107263565063,
    0.32316944003105164,
    0.318773478269577,
    0.30860158801078796,
    0.3123931884765625,
    0.3071516454219818,
    0.28972291946411133,
    0.2862798273563385,
    0.2819981873035431,
    0.2781367301940918,
    0.2744573950767517,
    0.2708967924118042,
    0.2674562633037567,
    0.26409563422203064,
    0.2607249915599823,
    0.2572842240333557,
    0.253836452960968,
    0.2503804862499237,
    0.2468252182006836,
    0.24315127730369568,
    0.23943710327148438,
    0.2357405722141266,
    0.2320864051580429,
    0.22862836718559265,
    0.22529874742031097,
    0.2216540277004242,
    0.21805450320243835,
    0.21486493945121765,
    0.2189910113811493,
    0.2111649513244629,
    0.21684785187244415,
    0.20775270462036133,
    0.204708531498909,
    0.2081071436405182,
    0.2011720985174179,
    0.19856533408164978,
    0.1967841386795044,
    0.1927824765443802,
    0.19147071242332458,
    0.1851298063993454,
    0.18381762504577637,
    0.18129633367061615,
    0.18167376518249512,
    0.17638252675533295,
    0.17535783350467682,
    0.17217805981636047,
    0.17653466761112213,
    0.17631222307682037,
    0.1698034703731537,
    0.16299322247505188,
    0.16338565945625305,
    0.15981800854206085,
    0.16092714667320251,
    0.15487459301948547,
    0.15382541716098785,
    0.14973269402980804,
    0.1478288471698761,
    0.14565445482730865,
    0.1458829790353775,
    0.15210454165935516,
    0.14486026763916016,
    0.14338472485542297,
    0.14042074978351593,
    0.1391727775335312,
    0.15399272739887238,
    0.1542694866657257,
    0.1382807046175003,
    0.13720934092998505,
    0.12985248863697052,
    0.12356924265623093
  ],
  "Training Time": 56.43981409072876,
  "Validate": [
    0.3835811913013458,
    0.36168739199638367,
    0.3770330548286438,
    0.3922831416130066,
    0.4056490659713745,
    0.4157833755016327,
    0.4230598211288452,
    0.42887526750564575,
    0.4343050718307495,
    0.43923044204711914,
    0.4434337317943573,
    0.44701138138771057,
    0.4500017464160919,
    0.45255234837532043,
    0.4549769461154938,
    0.45831772685050964,
    0.4555980861186981,
    0.48474520444869995,
    0.436132550239563,
    0.44396650791168213,
    0.44679486751556396,
    0.5059090256690979,
    0.43380582332611084,
    0.44281309843063354,
    0.44337284564971924,
    0.45204469561576843,
    0.4461919665336609,
    0.4499092996120453,
    0.4769710302352905,
    0.7324675917625427,
    0.48230883479118347,
    0.43742772936820984,
    0.45261070132255554,
    0.48393887281417847,
    0.4370262920856476,
    0.49154987931251526,
    0.5137181878089905,
    0.5306877493858337,
    0.5518925189971924,
    0.5798242688179016,
    0.6117937564849854,
    0.643859326839447,
    0.674436628818512,
    0.705318808555603,
    0.7373499274253845,
    0.7702426910400391,
    0.8076725006103516,
    0.849774181842804,
    0.8903884887695312,
    0.9273082613945007,
    0.9589714407920837,
    0.9796655178070068,
    0.988818883895874,
    0.994489848613739,
    1.0022610425949097,
    1.0251799821853638,
    1.0323848724365234,
    1.0324594974517822,
    0.935244619846344,
    1.1669777631759644,
    0.8416645526885986,
    1.1880719661712646,
    1.1644890308380127,
    1.1763030290603638,
    1.1152445077896118,
    1.2524367570877075,
    1.1703754663467407,
    1.280572533607483,
    1.3518513441085815,
    1.3106770515441895,
    1.408536434173584,
    1.4443485736846924,
    1.4070496559143066,
    1.4456727504730225,
    1.501130223274231,
    1.5054028034210205,
    1.4039098024368286,
    1.23537278175354,
    1.3859124183654785,
    1.5284980535507202,
    1.595077633857727,
    1.5761916637420654,
    1.5489795207977295,
    1.648598551750183,
    1.720963716506958,
    1.7741916179656982,
    1.7057703733444214,
    1.681890845298767,
    1.6127715110778809,
    1.5995173454284668,
    1.4014172554016113,
    1.5426024198532104,
    1.8847442865371704,
    1.7918083667755127,
    0.9673078656196594,
    1.8273125886917114,
    1.8379532098770142,
    1.79603111743927,
    1.7364387512207031,
    1.8586909770965576
  ]
}