{
  "Train": [
    0.9349525570869446,
    0.8835526704788208,
    0.856178879737854,
    0.843932032585144,
    0.8356370329856873,
    0.8297515511512756,
    0.8246216177940369,
    0.8211748003959656,
    0.8163301348686218,
    0.8135322332382202
  ],
  "Training Time": 12.782942771911621,
  "Validate": [
    3.415745735168457,
    3.267812490463257,
    3.1154565811157227,
    3.0198144912719727,
    2.9605002403259277,
    2.92401123046875,
    2.9021413326263428,
    2.887930154800415,
    2.8751561641693115,
    2.869406223297119
  ]
}