{
  "Train": [
    0.5609878301620483,
    0.21529696881771088,
    0.12828050553798676,
    0.11075450479984283,
    0.09767242521047592,
    0.07926619052886963,
    0.049107786267995834,
    0.03632297366857529,
    0.02860996685922146,
    0.024285634979605675,
    0.02357405237853527,
    0.023240476846694946,
    0.023130718618631363,
    0.022869013249874115,
    0.022730568423867226,
    0.02257930487394333,
    0.022454340010881424,
    0.02229887805879116,
    0.022112391889095306,
    0.02189142256975174,
    0.02164597250521183,
    0.021386826410889626,
    0.021122610196471214,
    0.020860018208622932,
    0.02060277946293354
  ],
  "Training Time": 11.533967733383179,
  "Validate": [
    2.716299295425415,
    0.9878461360931396,
    0.8218582272529602,
    0.7850502133369446,
    0.8292701244354248,
    1.039932131767273,
    1.4392739534378052,
    1.430200457572937,
    1.4604747295379639,
    1.490841031074524,
    1.4899500608444214,
    1.4864612817764282,
    1.4815032482147217,
    1.4775477647781372,
    1.4743305444717407,
    1.4707057476043701,
    1.4666271209716797,
    1.4617619514465332,
    1.4566024541854858,
    1.4512419700622559,
    1.4459071159362793,
    1.4405477046966553,
    1.435142159461975,
    1.4295951128005981,
    1.423844575881958
  ]
}