{
  "Train": [
    1.213186264038086,
    1.0182771682739258,
    0.9468547105789185,
    0.8921378254890442,
    0.8630385994911194,
    0.8174067735671997,
    0.7863604426383972,
    0.7534503936767578,
    0.7410843372344971,
    0.6830986738204956
  ],
  "Training Time": 6.805768251419067,
  "Validate": [
    NaN,
    NaN,
    NaN,
    NaN,
    NaN,
    NaN,
    NaN,
    NaN,
    NaN,
    NaN
  ]
}