{
  "Train": [
    1.1038810014724731,
    1.0924080610275269,
    1.0887904167175293,
    1.0841734409332275,
    1.0766288042068481,
    1.06375253200531,
    1.0417287349700928,
    0.9872705340385437,
    0.9433388113975525,
    0.9370022416114807
  ],
  "Training Time": 5.989923477172852,
  "Validate": [
    4.378353595733643,
    4.372990608215332,
    4.355779647827148,
    4.316590785980225,
    4.245482444763184,
    4.212246417999268,
    4.289803981781006,
    4.5007643699646,
    4.448475360870361,
    4.320216655731201
  ]
}