{
  "Train": [
    0.9565916061401367,
    0.68586266040802,
    0.5614879727363586,
    0.548005998134613,
    0.43980684876441956,
    0.3717610836029053,
    0.3392553925514221,
    0.3103787302970886,
    0.26999256014823914,
    0.25352296233177185
  ],
  "Training Time": 11.851229429244995,
  "Validate": [
    0.562870979309082,
    0.5475742816925049,
    0.6477838158607483,
    0.5881941318511963,
    0.6432710289955139,
    0.7843303680419922,
    0.46930834650993347,
    0.4982266128063202,
    0.76031094789505,
    0.5936292409896851
  ]
}