{
  "ACF": [
    1.0,
    0.9110681907188704,
    0.8579257631618307,
    0.8027086306765545,
    0.7471698761792462,
    0.705335314935099,
    0.6684644609156732,
    0.6368822326152968,
    0.6144323720277731,
    0.5905118609239894,
    0.5462174202872881,
    0.47280315539143103,
    0.4682248135826543,
    0.4475285794616408,
    0.4284644021408889,
    0.40146169191920733,
    0.37191134410681126,
    0.3425597093967208,
    0.3114826827635168,
    0.25986235396728957,
    0.20663309282439263,
    0.18295930174090588,
    0.16288917483305967,
    0.1460301244660115,
    0.13237315852390302
  ],
  "PACF": [
    1.0,
    0.9164591267586268,
    0.17639827158929278,
    0.0012740023565252462,
    -0.03145834776067573,
    0.0551851603991326,
    0.04193254358609012,
    0.03298806579474227,
    0.05965722693665331,
    0.011257236434965696,
    -0.1443034555096962,
    -0.2845039077174684,
    0.37791137940536484,
    0.07780176883458902,
    -0.06724407379893094,
    -0.17110041362541234,
    -0.02530722313689817,
    -0.0041908674728162836,
    -0.02107517735424488,
    -0.13600288768421825,
    -0.07524149634155665,
    0.10871461885822077,
    -0.12204482033286275,
    0.19201571814635363,
    0.060945360194338896
  ],
  "Confidence": [
    0.1475106448282976,
    -0.15927535071065055,
    0.1475106448282976,
    -0.15927535071065055
  ]
}