{
  "ACF": [
    1.0,
    -0.08725061998568648,
    -0.07308140245652622,
    -0.024206947401495742,
    -0.10285689413465704,
    0.05229993985696013,
    -0.13581001419406918,
    0.07694218442070247,
    0.0336666392735819,
    0.08967486603960807,
    0.02472582295594501,
    -0.16695955473181456,
    0.041642149207483145,
    0.06409852084078597,
    0.053896191173019074,
    -0.0825676037034089,
    -0.06646734106238979,
    0.044660326743414885,
    0.04978679801916595,
    0.04619467161871571,
    -0.13336485369416778,
    0.07007939333827617,
    -0.00893355232190124,
    0.005838209647868642,
    0.04718413053186977
  ],
  "PACF": [
    1.0,
    -0.08776689584358999,
    -0.08228831636397674,
    -0.039457637869751656,
    -0.11948830820332729,
    0.02721038922173745,
    -0.157688067853947,
    0.053708102982212395,
    0.009792856915757646,
    0.11649911810829382,
    0.020895077512016597,
    -0.13231104227457466,
    0.009711362682216017,
    0.09393380615013597,
    0.07701197806750242,
    -0.08264976138791741,
    -0.07497978042909839,
    -0.009691751951479206,
    0.08326503545674172,
    0.0737877856441502,
    -0.12550244477509895,
    0.037537134356042653,
    -0.05903253296288489,
    0.04792606210743032,
    0.09199210064511688
  ],
  "Confidence": [
    0.1475106448282976,
    -0.15927535071065055,
    0.1475106448282976,
    -0.15927535071065055
  ]
}