{
  "Train": [
    0.17648746073246002,
    0.12162452936172485,
    0.11205199360847473,
    0.10677234083414078,
    0.10268670320510864,
    0.09905628114938736,
    0.09623344987630844,
    0.09314244240522385,
    0.09006401896476746,
    0.08694091439247131,
    0.084051214158535,
    0.08122839033603668,
    0.07838575541973114,
    0.07574903964996338,
    0.07251699268817902,
    0.06989000737667084,
    0.068670354783535,
    0.06753727048635483,
    0.0692492350935936,
    0.06299992650747299,
    0.06337869167327881,
    0.05880974233150482,
    0.061993345618247986,
    0.05743086338043213,
    0.05597720667719841
  ],
  "Training Time": 22.892093420028687,
  "Validate": [
    NaN,
    NaN,
    NaN,
    NaN,
    NaN,
    NaN,
    NaN,
    NaN,
    NaN,
    NaN,
    NaN,
    NaN,
    NaN,
    NaN,
    NaN,
    NaN,
    NaN,
    NaN,
    NaN,
    NaN,
    NaN,
    NaN,
    NaN,
    NaN,
    NaN
  ]
}