{
  "Train": [
    1.184299349784851,
    1.166216254234314,
    1.1581898927688599,
    1.1478443145751953,
    1.1378523111343384,
    1.1292532682418823,
    1.1216036081314087,
    1.1143404245376587,
    1.106926679611206,
    1.0990161895751953
  ],
  "Training Time": 13.062927961349487,
  "Validate": [
    1.931854248046875,
    1.9416488409042358,
    1.966025948524475,
    1.9929828643798828,
    2.003080129623413,
    2.0057337284088135,
    2.008458375930786,
    2.012876033782959,
    2.0196173191070557,
    2.0287978649139404
  ]
}