{
  "Train": [
    1.0367791652679443,
    0.9706236124038696,
    0.9429429173469543,
    0.921753466129303,
    0.9051028490066528,
    0.8903547525405884,
    0.8755701184272766,
    0.8606414794921875,
    0.8476355671882629,
    0.8406327962875366
  ],
  "Training Time": 14.594316244125366,
  "Validate": [
    NaN,
    NaN,
    NaN,
    NaN,
    NaN,
    NaN,
    NaN,
    NaN,
    NaN,
    NaN
  ]
}