{
  "Train": [
    1.1944146156311035,
    1.0704413652420044,
    1.0236717462539673,
    0.9997401833534241,
    0.9808462262153625,
    0.9631041288375854,
    0.9444438219070435,
    0.9166337251663208,
    0.8897433280944824,
    0.8728991150856018
  ],
  "Training Time": 6.486260414123535,
  "Validate": [
    NaN,
    NaN,
    NaN,
    NaN,
    NaN,
    NaN,
    NaN,
    NaN,
    NaN,
    NaN
  ]
}