{
  "Train": [
    0.27432510256767273,
    0.06941674649715424,
    0.04085663706064224,
    0.029598120599985123,
    0.023715296760201454,
    0.020004699006676674,
    0.017722945660352707,
    0.016327638179063797,
    0.015414109453558922,
    0.014755310490727425,
    0.014235102571547031,
    0.013787548057734966,
    0.01337262149900198,
    0.012966213747859001,
    0.012555635534226894,
    0.012135975994169712,
    0.011706163175404072,
    0.011266916990280151,
    0.010821476578712463,
    0.010376031510531902,
    0.009939071722328663,
    0.009519742801785469,
    0.009127065539360046,
    0.008768728002905846,
    0.008449799381196499
  ],
  "Training Time": 6.40999698638916,
  "Validate": [
    12.449848175048828,
    11.145360946655273,
    9.826268196105957,
    8.986427307128906,
    8.275951385498047,
    7.725802898406982,
    7.3648529052734375,
    7.156277179718018,
    7.050114631652832,
    7.004080295562744,
    6.99038553237915,
    6.993528366088867,
    7.005853176116943,
    7.024117946624756,
    7.0471882820129395,
    7.074638843536377,
    7.106258869171143,
    7.142213344573975,
    7.183184623718262,
    7.230062961578369,
    7.283392429351807,
    7.342796802520752,
    7.406700611114502,
    7.4725446701049805,
    7.53753662109375
  ]
}