{
  "Train": [
    0.05642806738615036,
    0.018054751679301262,
    0.014125813730061054,
    0.011785595677793026,
    0.01003881823271513,
    0.00867292657494545,
    0.007664128672331572,
    0.006964924279600382,
    0.00650598993524909,
    0.006189323030412197,
    0.00589938135817647,
    0.005617727059870958,
    0.005409733857959509,
    0.005456402897834778,
    0.005898837931454182,
    0.005227177403867245,
    0.005122683942317963,
    0.00513107143342495,
    0.00517090642824769,
    0.005301383789628744,
    0.005461366847157478,
    0.004865828901529312,
    0.004566495772451162,
    0.004938826896250248,
    0.004624849185347557
  ],
  "Training Time": 8.859949827194214,
  "Validate": [
    NaN,
    NaN,
    NaN,
    NaN,
    NaN,
    NaN,
    NaN,
    NaN,
    NaN,
    NaN,
    NaN,
    NaN,
    NaN,
    NaN,
    NaN,
    NaN,
    NaN,
    NaN,
    NaN,
    NaN,
    NaN,
    NaN,
    NaN,
    NaN,
    NaN
  ]
}