{
  "Train": [
    0.18442213535308838,
    0.11255589872598648,
    0.0930432453751564,
    0.08130135387182236,
    0.07402137666940689,
    0.07740731537342072,
    0.0772029459476471,
    0.06508228927850723,
    0.06017167493700981,
    0.08313529938459396,
    0.079604372382164,
    0.06696847081184387,
    0.056727904826402664,
    0.054911598563194275,
    0.05837267264723778,
    0.08753937482833862,
    0.06320173293352127,
    0.053445205092430115,
    0.05111926794052124,
    0.08146332949399948,
    0.06852974742650986,
    0.05771873891353607,
    0.043114952743053436,
    0.052970126271247864,
    0.04002559557557106
  ],
  "Training Time": 16.31145167350769,
  "Validate": [
    NaN,
    NaN,
    NaN,
    NaN,
    NaN,
    NaN,
    NaN,
    NaN,
    NaN,
    NaN,
    NaN,
    NaN,
    NaN,
    NaN,
    NaN,
    NaN,
    NaN,
    NaN,
    NaN,
    NaN,
    NaN,
    NaN,
    NaN,
    NaN,
    NaN
  ]
}