{
  "Train": [
    0.957146167755127,
    0.9389781951904297,
    0.9310265183448792,
    0.9237943887710571,
    0.9178816676139832,
    0.9120561480522156,
    0.9063115119934082,
    0.8999775648117065,
    0.893768310546875,
    0.887199878692627
  ],
  "Training Time": 1.613889455795288,
  "Validate": [
    0.32682663202285767,
    0.32710328698158264,
    0.3249533474445343,
    0.3257479965686798,
    0.32698801159858704,
    0.329552561044693,
    0.33242934942245483,
    0.3365485370159149,
    0.3397597670555115,
    0.3430602550506592
  ]
}