{
  "Train": [
    0.8848951458930969,
    0.8808196187019348,
    0.8743828535079956,
    0.8695252537727356,
    0.864740788936615,
    0.8597069978713989,
    0.8544518351554871,
    0.8486604690551758,
    0.8423183560371399,
    0.8352895379066467
  ],
  "Training Time": 1.9472408294677734,
  "Validate": [
    NaN,
    NaN,
    NaN,
    NaN,
    NaN,
    NaN,
    NaN,
    NaN,
    NaN,
    NaN
  ]
}