{
  "Train": [
    1.0168684720993042,
    0.9745975732803345,
    0.9342699646949768,
    0.9124460220336914,
    0.879408061504364,
    0.8536443114280701,
    0.8173331618309021,
    0.760306179523468,
    0.7086610794067383,
    0.747232973575592
  ],
  "Training Time": 11.44759750366211,
  "Validate": [
    0.4207559823989868,
    0.4051358997821808,
    0.40590378642082214,
    0.4349978268146515,
    0.38684913516044617,
    0.4421275854110718,
    0.3779565691947937,
    0.4101187586784363,
    0.3287163972854614,
    0.33557865023612976
  ]
}