{
  "Train": [
    0.4799674153327942,
    0.3516750931739807,
    0.30324485898017883,
    0.2868720591068268,
    0.271700918674469,
    0.25979042053222656,
    0.249263197183609,
    0.239935502409935,
    0.23171718418598175,
    0.22398972511291504
  ],
  "Training Time": 5.94999623298645,
  "Validate": [
    33.39583969116211,
    33.247100830078125,
    32.57942199707031,
    32.311466217041016,
    32.05605697631836,
    31.68305778503418,
    31.334869384765625,
    30.841764450073242,
    30.381864547729492,
    29.802276611328125
  ]
}