{
  "Train": [
    0.22178420424461365,
    0.2033006101846695,
    0.172218918800354,
    0.16937878727912903,
    0.15817050635814667,
    0.15045064687728882,
    0.14762292802333832,
    0.1399088203907013,
    0.1261870563030243,
    0.12368963658809662
  ],
  "Training Time": 6.709968328475952,
  "Validate": [
    NaN,
    NaN,
    NaN,
    NaN,
    NaN,
    NaN,
    NaN,
    NaN,
    NaN,
    NaN
  ]
}