{
  "Train": [
    0.8803442716598511,
    0.633209228515625,
    0.5942193269729614,
    0.4406197667121887,
    0.40657278895378113,
    0.35784825682640076,
    0.3373751640319824,
    0.3101789057254791,
    0.2950860559940338,
    0.2778172194957733
  ],
  "Training Time": 5.279963731765747,
  "Validate": [
    0.2580797076225281,
    0.4608290493488312,
    0.4558083713054657,
    0.43603384494781494,
    0.5834770798683167,
    0.5972894430160522,
    0.6884853839874268,
    0.712283194065094,
    0.5673434734344482,
    0.638587236404419
  ]
}