{
  "Train": [
    0.141169473528862,
    0.1250203549861908,
    0.1188647672533989,
    0.11160766333341599,
    0.10567540675401688,
    0.10086869448423386,
    0.09774401038885117,
    0.09613741189241409,
    0.09441523253917694,
    0.09200742095708847,
    0.09037639200687408,
    0.08906880766153336,
    0.08742368221282959,
    0.08549164235591888,
    0.08340483903884888,
    0.08158925920724869,
    0.08012552559375763,
    0.0782567709684372,
    0.07635264843702316,
    0.0741989016532898,
    0.07336694002151489,
    0.06746325641870499,
    0.08834592998027802,
    0.0679900050163269,
    0.06765397638082504
  ],
  "Training Time": 11.866795063018799,
  "Validate": [
    0.7203906774520874,
    0.6280068755149841,
    0.6248312592506409,
    0.6033334732055664,
    0.5661268830299377,
    0.5293778777122498,
    0.49547040462493896,
    0.4665659964084625,
    0.43430468440055847,
    0.3979126811027527,
    0.3591623604297638,
    0.32297980785369873,
    0.2908177971839905,
    0.2636515498161316,
    0.2438153773546219,
    0.23133505880832672,
    0.22609156370162964,
    0.2281520515680313,
    0.23327940702438354,
    0.23717212677001953,
    0.2298465222120285,
    0.21235932409763336,
    0.1850198656320572,
    0.21252474188804626,
    0.19994273781776428
  ]
}