{
  "Train": [
    0.8961068987846375,
    0.5952115654945374,
    0.4723129868507385,
    0.40707632899284363,
    0.3615933060646057,
    0.33498337864875793,
    0.3177070915699005,
    0.30495840311050415,
    0.294566810131073,
    0.2827007472515106,
    0.27139830589294434,
    0.26122114062309265,
    0.2525124251842499,
    0.24480964243412018,
    0.2378629595041275,
    0.23140542209148407,
    0.22532939910888672,
    0.21956101059913635,
    0.21396052837371826,
    0.2083730697631836,
    0.20270393788814545,
    0.19698770344257355,
    0.19130073487758636,
    0.1856541484594345,
    0.1799740046262741
  ],
  "Training Time": 10.512563705444336,
  "Validate": [
    0.29018184542655945,
    0.3384685218334198,
    0.4173583984375,
    0.5306527614593506,
    0.6441141366958618,
    0.7143029570579529,
    0.7555528879165649,
    0.8019197583198547,
    0.8415108323097229,
    0.8735948204994202,
    0.8912127017974854,
    0.8932294845581055,
    0.880833089351654,
    0.8577895760536194,
    0.8296023011207581,
    0.8008127808570862,
    0.7731536626815796,
    0.7462165355682373,
    0.7189351320266724,
    0.6906616687774658,
    0.661108136177063,
    0.6296037435531616,
    0.595396876335144,
    0.5581725835800171,
    0.518363893032074
  ]
}