{
  "Train": [
    1.1103558540344238,
    1.0409685373306274,
    1.0164296627044678,
    0.9635589718818665,
    1.0429253578186035,
    0.9659239053726196,
    0.923284649848938,
    0.9018001556396484,
    0.8822088241577148,
    0.8604602813720703
  ],
  "Training Time": 6.336780309677124,
  "Validate": [
    NaN,
    NaN,
    NaN,
    NaN,
    NaN,
    NaN,
    NaN,
    NaN,
    NaN,
    NaN
  ]
}