{
  "Train": [
    0.7331787943840027,
    0.7034901976585388,
    0.6938109993934631,
    0.6857113242149353,
    0.678160548210144,
    0.670731246471405,
    0.6632651686668396,
    0.6557172536849976,
    0.6480074524879456,
    0.6399410963058472
  ],
  "Training Time": 15.554107904434204,
  "Validate": [
    0.3892374336719513,
    0.40182676911354065,
    0.4114907383918762,
    0.4183119833469391,
    0.42363241314888,
    0.4288419485092163,
    0.43512582778930664,
    0.44321587681770325,
    0.45338961482048035,
    0.4658568501472473
  ]
}