{
  "Train": [
    0.7395515441894531,
    0.698144257068634,
    0.681127667427063,
    0.6672336459159851,
    0.6552209854125977,
    0.6447430849075317,
    0.6352370381355286,
    0.626488208770752,
    0.6185325980186462,
    0.6112335324287415
  ],
  "Training Time": 11.567845821380615,
  "Validate": [
    0.46819868683815,
    0.4703561067581177,
    0.4480048418045044,
    0.4277549684047699,
    0.4184444546699524,
    0.4145684540271759,
    0.4124058783054352,
    0.4104960262775421,
    0.4082896411418915,
    0.4056929349899292
  ]
}