{
  "Train": [
    0.9608314633369446,
    0.8810811042785645,
    0.8463020324707031,
    0.831782341003418,
    0.8229066729545593,
    0.815959632396698,
    0.809873640537262,
    0.8038602471351624,
    0.7973069548606873,
    0.7894214987754822
  ],
  "Training Time": 12.892936706542969,
  "Validate": [
    3.284055233001709,
    3.094022274017334,
    2.9805479049682617,
    2.9291062355041504,
    2.90022873878479,
    2.87552809715271,
    2.849430561065674,
    2.818237066268921,
    2.7797951698303223,
    2.7344143390655518
  ]
}