{
  "Train": [
    0.7976275682449341,
    0.7501242756843567,
    0.7261363863945007,
    0.7078971266746521,
    0.6946347951889038,
    0.6834710240364075,
    0.6615316867828369,
    0.6490069627761841,
    0.6353912949562073,
    0.6155650615692139
  ],
  "Training Time": 13.991840124130249,
  "Validate": [
    NaN,
    NaN,
    NaN,
    NaN,
    NaN,
    NaN,
    NaN,
    NaN,
    NaN,
    NaN
  ]
}