{
  "Train": [
    1.197560429573059,
    1.1742521524429321,
    1.1687047481536865,
    1.1664514541625977,
    1.1633104085922241,
    1.159244179725647,
    1.1589986085891724,
    1.1525629758834839,
    1.1438921689987183,
    1.1410802602767944
  ],
  "Training Time": 17.362969398498535,
  "Validate": [
    1.9766522645950317,
    1.9663010835647583,
    1.9864445924758911,
    2.0009512901306152,
    2.012333393096924,
    2.02655029296875,
    2.023686408996582,
    2.047600269317627,
    2.099796772003174,
    2.071899652481079
  ]
}