{
  "Train": [
    1.1622635126113892,
    1.149693250656128,
    1.1420128345489502,
    1.1333531141281128,
    1.1277425289154053,
    1.1231595277786255,
    1.1194130182266235,
    1.1159940958023071,
    1.1127959489822388,
    1.1096848249435425
  ],
  "Training Time": 11.342249155044556,
  "Validate": [
    2.006531000137329,
    2.024794340133667,
    2.0474305152893066,
    2.0561015605926514,
    2.062692880630493,
    2.0698554515838623,
    2.0774383544921875,
    2.085597038269043,
    2.0944690704345703,
    2.1042137145996094
  ]
}