{
  "Train": [
    1.0683600902557373,
    1.056563138961792,
    1.0476421117782593,
    1.0409905910491943,
    1.0319981575012207,
    1.0224037170410156,
    1.0151416063308716,
    1.0074607133865356,
    0.9973185658454895,
    0.9832836389541626
  ],
  "Training Time": 10.908849716186523,
  "Validate": [
    0.4831281900405884,
    0.442973256111145,
    0.4141295254230499,
    0.38970568776130676,
    0.3702259063720703,
    0.35187652707099915,
    0.3372478783130646,
    0.32525235414505005,
    0.31540733575820923,
    0.3099078834056854
  ]
}