{
  "Train": [
    1.0606740713119507,
    1.0555751323699951,
    1.0542975664138794,
    1.0532668828964233,
    1.0524306297302246,
    1.0517277717590332,
    1.051123857498169,
    1.05061936378479,
    1.0501855611801147,
    1.0498073101043701
  ],
  "Training Time": 5.789998531341553,
  "Validate": [
    3.139296531677246,
    3.1405410766601562,
    3.1393728256225586,
    3.1377265453338623,
    3.136204957962036,
    3.134796619415283,
    3.133756399154663,
    3.1328790187835693,
    3.1321403980255127,
    3.1315369606018066
  ]
}