{
  "Train": [
    1.0303113460540771,
    1.0314534902572632,
    1.030104160308838,
    1.0292179584503174,
    1.0289489030838013,
    1.0287202596664429,
    1.0286037921905518,
    1.0285431146621704,
    1.0286154747009277,
    1.0288323163986206
  ],
  "Training Time": 3.339970350265503,
  "Validate": [
    0.42023617029190063,
    0.41784942150115967,
    0.4166931211948395,
    0.4162465035915375,
    0.41615965962409973,
    0.41613513231277466,
    0.41614705324172974,
    0.41634199023246765,
    0.4163701832294464,
    0.4163587689399719
  ]
}