{
  "Train": [
    1.0280864238739014,
    1.0280081033706665,
    1.028043508529663,
    1.0282206535339355,
    1.0281113386154175,
    1.0267387628555298,
    1.0164645910263062,
    0.9847864508628845,
    0.9554082155227661,
    0.9358358383178711
  ],
  "Training Time": 4.029969215393066,
  "Validate": [
    NaN,
    NaN,
    NaN,
    NaN,
    NaN,
    NaN,
    NaN,
    NaN,
    NaN,
    NaN
  ]
}