{
  "Train": [
    0.40337759256362915,
    0.21761368215084076,
    0.1585380733013153,
    0.13578517735004425,
    0.12093232572078705,
    0.11043106019496918,
    0.10354947298765182,
    0.09816401451826096,
    0.0930718407034874,
    0.08876828104257584,
    0.08526641130447388,
    0.0822674036026001,
    0.079840287566185,
    0.07785488665103912,
    0.0761067122220993,
    0.07446123659610748,
    0.07283284515142441,
    0.07120059430599213,
    0.06952019780874252,
    0.06767305731773376,
    0.06578812003135681,
    0.06425061821937561,
    0.06303548812866211,
    0.06196942552924156,
    0.060984913259744644
  ],
  "Training Time": 18.038666486740112,
  "Validate": [
    1.2582515478134155,
    1.2912904024124146,
    1.2523716688156128,
    1.1492629051208496,
    1.0293844938278198,
    0.8838131427764893,
    0.8666265606880188,
    0.9183817505836487,
    0.9896311163902283,
    1.049111247062683,
    1.0949326753616333,
    1.1370091438293457,
    1.1794180870056152,
    1.2215369939804077,
    1.263211727142334,
    1.304107666015625,
    1.3431239128112793,
    1.3792344331741333,
    1.4119566679000854,
    1.4408104419708252,
    1.465651273727417,
    1.488715410232544,
    1.513655185699463,
    1.5384025573730469,
    1.554556965827942
  ]
}