{
  "Train": [
    0.80260169506073,
    0.49042198061943054,
    0.3950490355491638,
    0.3411221206188202,
    0.31989729404449463,
    0.2893590033054352,
    0.278228223323822,
    0.2566749155521393,
    0.2510862648487091,
    0.2371411919593811,
    0.2307569831609726,
    0.21749885380268097,
    0.21060551702976227,
    0.2046109288930893,
    0.19391070306301117,
    0.20263145864009857,
    0.18053095042705536,
    0.1766752153635025,
    0.1730821430683136,
    0.17082318663597107,
    0.1677490919828415,
    0.16290922462940216,
    0.16054193675518036,
    0.15185314416885376,
    0.15234670042991638
  ],
  "Training Time": 15.895900011062622,
  "Validate": [
    7.140559196472168,
    5.953232288360596,
    5.4922404289245605,
    5.345936298370361,
    5.448475360870361,
    5.439803600311279,
    5.56489896774292,
    5.670046329498291,
    5.723848342895508,
    5.753673076629639,
    5.794801712036133,
    5.803132057189941,
    5.833616733551025,
    5.8670268058776855,
    5.912661552429199,
    5.958217144012451,
    5.993268966674805,
    6.026879787445068,
    6.050254821777344,
    6.050205707550049,
    6.041947841644287,
    6.04603910446167,
    5.908778667449951,
    5.961768627166748,
    5.844953536987305
  ]
}