{
  "Train": [
    1.1181381940841675,
    1.0800691843032837,
    1.0732612609863281,
    1.0682977437973022,
    1.064350962638855,
    1.0604065656661987,
    1.0560261011123657,
    1.0514323711395264,
    1.0469053983688354,
    1.0424667596817017
  ],
  "Training Time": 2.6785776615142822,
  "Validate": [
    7.3985137939453125,
    7.446737289428711,
    7.4894490242004395,
    7.543233871459961,
    7.623777389526367,
    7.727626323699951,
    7.830290794372559,
    7.917618274688721,
    7.990816116333008,
    8.054903030395508
  ]
}