{
  "Train": [
    0.8456221222877502,
    0.8053421378135681,
    1.0928388833999634,
    0.6501160860061646,
    0.6280698180198669,
    0.6859135627746582,
    0.8205774426460266,
    0.6158035397529602,
    0.5474569201469421,
    0.5112106204032898,
    0.4970211088657379,
    0.4851834774017334,
    0.456124871969223,
    0.4447628855705261,
    0.4252142012119293,
    0.4050660729408264,
    0.3977968394756317,
    0.38881421089172363,
    0.3821696937084198,
    0.3728127181529999,
    0.3652316629886627,
    0.3586706221103668,
    0.35286346077919006,
    0.3464520275592804,
    0.33967486023902893,
    0.33259695768356323,
    0.3283291757106781,
    0.788655161857605,
    0.4554152190685272,
    0.3571016788482666,
    0.33137017488479614,
    0.6055124402046204,
    0.3613789975643158,
    0.368164986371994,
    0.3063041567802429,
    0.25860631465911865,
    0.24085059762001038,
    0.23056469857692719,
    0.239837184548378,
    0.23213377594947815,
    0.233435720205307,
    0.21649734675884247,
    0.28155213594436646,
    0.2258121520280838,
    0.622780442237854,
    1.3460625410079956,
    0.9554034471511841,
    0.8705653548240662,
    0.7384279370307922,
    0.5607872605323792,
    1.1043258905410767,
    0.8601643443107605,
    0.7763304114341736,
    0.6934791207313538,
    0.6764727830886841,
    0.6279231905937195,
    0.6153166890144348,
    0.5454009771347046,
    0.624485969543457,
    0.8187817931175232,
    0.7280004620552063,
    0.5037472248077393,
    0.3828910291194916,
    0.29170700907707214,
    0.26992282271385193,
    0.26803261041641235,
    0.28284865617752075,
    0.26072779297828674,
    0.25191041827201843,
    0.22126813232898712,
    0.2222352772951126,
    0.21384048461914062,
    0.23253469169139862,
    0.2158084660768509,
    0.2835945785045624,
    0.25658124685287476,
    0.3044610619544983,
    0.46048226952552795,
    0.33691877126693726,
    0.3663593828678131,
    0.22684255242347717,
    0.20822705328464508,
    0.2034330666065216,
    0.20042946934700012,
    0.1979503631591797,
    0.1967463344335556,
    0.19573791325092316,
    0.19503580033779144,
    0.19420048594474792,
    0.19339458644390106,
    0.19243599474430084,
    0.19147488474845886,
    0.19043846428394318,
    0.18943648040294647,
    0.1884228140115738,
    0.18744298815727234,
    0.18644700944423676,
    0.18542926013469696,
    0.18435704708099365,
    0.1832151859998703
  ],
  "Training Time": 162.09007787704468,
  "Validate": [
    0.42254284024238586,
    0.5140581727027893,
    0.5945323705673218,
    0.45098018646240234,
    0.42470502853393555,
    0.3963257074356079,
    0.313449501991272,
    0.3014760911464691,
    0.30629339814186096,
    0.3267899751663208,
    0.39230024814605713,
    0.43498513102531433,
    0.5462313890457153,
    0.6254169344902039,
    0.7359861731529236,
    0.8502193093299866,
    0.921360969543457,
    0.9505253434181213,
    0.946152925491333,
    0.9287076592445374,
    0.899196445941925,
    0.8557226657867432,
    0.8093013167381287,
    0.7718629837036133,
    0.7433143854141235,
    0.7203779816627502,
    0.6788823008537292,
    0.47711098194122314,
    0.3477465808391571,
    0.2743045687675476,
    0.31998583674430847,
    0.3334670960903168,
    0.569208025932312,
    0.44530656933784485,
    0.8362157344818115,
    1.0452097654342651,
    0.8611812591552734,
    1.1083779335021973,
    0.9230325222015381,
    1.3482505083084106,
    1.150129795074463,
    0.9388757348060608,
    1.0909641981124878,
    1.0025357007980347,
    0.38169917464256287,
    0.3939233124256134,
    0.32152825593948364,
    0.33270716667175293,
    0.37136632204055786,
    0.3232089579105377,
    0.5115814805030823,
    0.5762922167778015,
    0.6301202178001404,
    0.6275848150253296,
    0.609862208366394,
    0.6092084646224976,
    0.6179544925689697,
    0.6859428882598877,
    0.9321002960205078,
    0.47315141558647156,
    0.8727434277534485,
    0.8485233187675476,
    0.8116424083709717,
    0.8253992199897766,
    0.8523502349853516,
    0.9152882099151611,
    0.9646580219268799,
    1.0033583641052246,
    0.9830047488212585,
    0.9688779711723328,
    0.9853610396385193,
    0.9731872081756592,
    1.0047156810760498,
    0.9648240804672241,
    0.8542674779891968,
    0.7259382605552673,
    0.8894338011741638,
    0.8686231970787048,
    0.892673134803772,
    0.7653127312660217,
    0.8068565130233765,
    0.8016911149024963,
    0.8252611756324768,
    0.8416697978973389,
    0.8509830832481384,
    0.8565579056739807,
    0.8589227199554443,
    0.8610109686851501,
    0.8616403937339783,
    0.8634441494941711,
    0.8650693893432617,
    0.868446409702301,
    0.8719020485877991,
    0.8768190741539001,
    0.8814621567726135,
    0.8866991400718689,
    0.8908995985984802,
    0.8941495418548584,
    0.8956434726715088,
    0.8948572278022766
  ]
}