{
  "Train": [
    1.0280132293701172,
    1.0274949073791504,
    1.0268350839614868,
    1.0256857872009277,
    1.022701621055603,
    1.0151474475860596,
    1.0032764673233032,
    0.990082323551178,
    0.9758806824684143,
    0.9635583758354187
  ],
  "Training Time": 4.024936676025391,
  "Validate": [
    NaN,
    NaN,
    NaN,
    NaN,
    NaN,
    NaN,
    NaN,
    NaN,
    NaN,
    NaN
  ]
}