{
  "Train": [
    1.1807523965835571,
    1.164794921875,
    1.1583956480026245,
    1.1464262008666992,
    1.1383113861083984,
    1.128811001777649,
    1.1203646659851074,
    1.108972430229187,
    1.0972216129302979,
    1.0829147100448608,
    1.0670156478881836,
    1.0496971607208252,
    1.0318232774734497,
    1.0140067338943481,
    0.9963719248771667,
    0.9779222011566162,
    0.9569485783576965,
    0.9330374598503113,
    0.9069868326187134,
    0.8801199197769165,
    0.849546492099762,
    0.8196175694465637,
    0.7827227711677551,
    0.7541244029998779,
    0.7041122317314148,
    0.6816018223762512,
    0.6409940719604492,
    0.5781899690628052,
    0.5686370730400085,
    0.488162100315094,
    0.48299384117126465,
    0.40723615884780884,
    0.39513954520225525,
    0.3334541916847229,
    0.30777066946029663,
    0.2747073173522949,
    0.25052136182785034,
    0.22773459553718567,
    0.21279335021972656,
    0.20489615201950073,
    0.19919173419475555,
    0.1942995935678482,
    0.1900341510772705,
    0.186021625995636,
    0.1823587417602539,
    0.17927338182926178,
    0.1766861379146576,
    0.17447420954704285,
    0.17249904572963715,
    0.17064915597438812,
    0.16886268556118011,
    0.16707579791545868,
    0.16523581743240356,
    0.16337811946868896,
    0.16157113015651703,
    0.15983065962791443,
    0.15812145173549652,
    0.15610186755657196,
    0.15416981279850006,
    0.15289567410945892,
    0.15710324048995972,
    0.17477132380008698,
    0.1720280945301056,
    0.20623862743377686,
    0.18435414135456085,
    0.17816345393657684,
    0.17242519557476044,
    0.15035775303840637,
    0.2838585674762726,
    0.18865612149238586,
    0.13525405526161194,
    0.12804736196994781,
    0.1264151781797409,
    0.1334642767906189,
    0.12509556114673615,
    0.11781105399131775,
    0.1138840839266777,
    0.11246471107006073,
    0.1166730746626854,
    0.11308423429727554,
    0.1063636764883995,
    0.10455263406038284,
    0.1065700352191925,
    0.11763057857751846,
    0.11526046693325043,
    0.135789155960083,
    0.11459816247224808,
    0.09319663792848587,
    0.11184940487146378,
    0.11207963526248932,
    0.16885437071323395,
    0.12938836216926575,
    0.089109405875206,
    0.10783525556325912,
    0.1077863872051239,
    0.21297813951969147,
    0.13148602843284607,
    0.13082310557365417,
    0.09648791700601578,
    0.08391166478395462
  ],
  "Training Time": 78.73233151435852,
  "Validate": [
    1.9544644355773926,
    1.966119647026062,
    2.001215696334839,
    2.0356531143188477,
    2.035980463027954,
    2.0511980056762695,
    2.0419538021087646,
    2.045145034790039,
    2.0421197414398193,
    2.0456056594848633,
    2.051610231399536,
    2.059783697128296,
    2.068201780319214,
    2.077648401260376,
    2.0961971282958984,
    2.121037483215332,
    2.155848503112793,
    2.1992409229278564,
    2.24410080909729,
    2.2824313640594482,
    2.3389124870300293,
    2.4149293899536133,
    2.527876853942871,
    2.6503500938415527,
    2.7790064811706543,
    2.9972541332244873,
    3.02860426902771,
    3.3820273876190186,
    3.4077484607696533,
    3.8299062252044678,
    3.889916181564331,
    4.348081588745117,
    4.484780311584473,
    4.868208408355713,
    5.079073905944824,
    5.318958282470703,
    5.453098297119141,
    5.523499965667725,
    5.515207767486572,
    5.475651264190674,
    5.464839458465576,
    5.463315963745117,
    5.444783687591553,
    5.412178993225098,
    5.372797012329102,
    5.331108570098877,
    5.291797637939453,
    5.256630897521973,
    5.223737716674805,
    5.189027309417725,
    5.150186538696289,
    5.1109395027160645,
    5.078798294067383,
    5.0565314292907715,
    5.0383992195129395,
    5.0150651931762695,
    4.978817462921143,
    4.927630424499512,
    4.878462791442871,
    4.8846049308776855,
    5.039927005767822,
    5.168919086456299,
    5.413234710693359,
    5.274017333984375,
    5.169780731201172,
    4.977478981018066,
    4.91927433013916,
    5.003484725952148,
    5.422840595245361,
    5.35258674621582,
    5.1819281578063965,
    5.103107929229736,
    5.1078643798828125,
    5.046287536621094,
    5.056739807128906,
    4.978421688079834,
    4.9344258308410645,
    4.942295551300049,
    4.964232444763184,
    4.9478373527526855,
    4.8503851890563965,
    4.6913228034973145,
    4.707035541534424,
    4.680366516113281,
    4.841293811798096,
    4.925910472869873,
    4.940072536468506,
    4.928165912628174,
    4.516389846801758,
    4.587955474853516,
    4.849487781524658,
    4.969420909881592,
    5.0213494300842285,
    4.491369724273682,
    4.821725845336914,
    4.789824485778809,
    4.933785915374756,
    4.2334465980529785,
    4.46259069442749,
    4.535417079925537
  ]
}