{
  "Train": [
    0.8197227120399475,
    0.8001257181167603,
    0.7877209186553955,
    0.7778080701828003,
    0.7690621614456177,
    0.7610392570495605,
    0.7535579204559326,
    0.7465447783470154,
    0.7399720549583435,
    0.7338169813156128
  ],
  "Training Time": 5.919184684753418,
  "Validate": [
    NaN,
    NaN,
    NaN,
    NaN,
    NaN,
    NaN,
    NaN,
    NaN,
    NaN,
    NaN
  ]
}