{
  "Train": [
    0.7685369849205017,
    0.7686635255813599,
    0.7513012290000916,
    0.7373313903808594,
    0.722908079624176,
    0.7086479663848877,
    0.694769024848938,
    0.6814473271369934,
    0.6689093708992004,
    0.6572147607803345
  ],
  "Training Time": 3.0099751949310303,
  "Validate": [
    NaN,
    NaN,
    NaN,
    NaN,
    NaN,
    NaN,
    NaN,
    NaN,
    NaN,
    NaN
  ]
}