{
  "Train": [
    0.9135525226593018,
    0.8788805603981018,
    0.8551725745201111,
    0.837719738483429,
    0.8233984112739563,
    0.8110368847846985,
    0.7995593547821045,
    0.7888150811195374,
    0.7784208655357361,
    0.768406331539154
  ],
  "Training Time": 2.4996163845062256,
  "Validate": [
    0.3478398025035858,
    0.38173240423202515,
    0.416230708360672,
    0.4457607865333557,
    0.46875032782554626,
    0.48582780361175537,
    0.498484343290329,
    0.5076354742050171,
    0.513427197933197,
    0.5167760252952576
  ]
}