{
  "Train": [
    1.1816326379776,
    0.9715471863746643,
    0.9405139088630676,
    0.9243270754814148,
    0.9099012017250061,
    0.894713819026947,
    0.8794870376586914,
    0.8642928004264832,
    0.8486787676811218,
    0.8317092061042786
  ],
  "Training Time": 16.69832706451416,
  "Validate": [
    1.7629389762878418,
    1.7030386924743652,
    1.7233550548553467,
    1.7306475639343262,
    1.73441743850708,
    1.7459803819656372,
    1.7713817358016968,
    1.8214142322540283,
    1.9120758771896362,
    2.059539556503296
  ]
}