{
  "Train": [
    0.7248710989952087,
    0.41220739483833313,
    0.37455880641937256,
    0.3499634563922882,
    0.3315342664718628,
    0.31793442368507385,
    0.3058415949344635,
    0.2931784987449646,
    0.279929518699646,
    0.26740607619285583
  ],
  "Training Time": 18.432979822158813,
  "Validate": [
    44.92393493652344,
    43.522335052490234,
    42.41270446777344,
    41.733787536621094,
    41.225955963134766,
    40.720558166503906,
    40.23851013183594,
    39.79493713378906,
    39.36969757080078,
    39.020408630371094
  ]
}