{
  "Train": [
    0.6125756502151489,
    0.5608806014060974,
    0.5220093131065369,
    0.4999423027038574,
    0.48244115710258484,
    0.4667492210865021,
    0.45264720916748047,
    0.44589734077453613,
    0.4297250807285309,
    0.4239550232887268
  ],
  "Training Time": 21.40213656425476,
  "Validate": [
    NaN,
    NaN,
    NaN,
    NaN,
    NaN,
    NaN,
    NaN,
    NaN,
    NaN,
    NaN
  ]
}