{
  "Train": [
    0.8277109861373901,
    0.8059569001197815,
    0.7926909923553467,
    0.7815081477165222,
    0.7685906887054443,
    0.7526036500930786,
    0.735614538192749,
    0.7209194302558899,
    0.7093777656555176,
    0.6997225284576416
  ],
  "Training Time": 3.365004777908325,
  "Validate": [
    0.7373366355895996,
    0.7584829926490784,
    0.7687479257583618,
    0.7722728848457336,
    0.7712758183479309,
    0.765937864780426,
    0.7559910416603088,
    0.7435810565948486,
    0.7328563332557678,
    0.7258657217025757
  ]
}