{
  "Train": [
    0.9042738080024719,
    0.8348657488822937,
    0.8247735500335693,
    0.8198621273040771,
    0.8165243268013,
    0.8139223456382751,
    0.811755895614624,
    0.8098862767219543,
    0.8082358837127686,
    0.806753933429718
  ],
  "Training Time": 6.047908306121826,
  "Validate": [
    2.6844136714935303,
    2.622196912765503,
    2.590336799621582,
    2.5714874267578125,
    2.5588178634643555,
    2.549717426300049,
    2.5428946018218994,
    2.5376012325286865,
    2.5333712100982666,
    2.529911756515503
  ]
}