{
  "Train": [
    0.12800641357898712,
    0.09839094430208206,
    0.09366654604673386,
    0.09240326285362244,
    0.09146510064601898,
    0.09051261842250824,
    0.0895729809999466,
    0.08866109699010849,
    0.08773777633905411,
    0.08677694946527481,
    0.08576826751232147,
    0.08471846580505371,
    0.08366227895021439,
    0.08265939354896545,
    0.08111076802015305,
    0.08138833194971085,
    0.08186036348342896,
    0.07645588368177414,
    0.07341654598712921,
    0.07153212279081345,
    0.0702652633190155,
    0.06860877573490143,
    0.06672655045986176,
    0.06593180447816849,
    0.06415923684835434
  ],
  "Training Time": 36.197566986083984,
  "Validate": [
    NaN,
    NaN,
    NaN,
    NaN,
    NaN,
    NaN,
    NaN,
    NaN,
    NaN,
    NaN,
    NaN,
    NaN,
    NaN,
    NaN,
    NaN,
    NaN,
    NaN,
    NaN,
    NaN,
    NaN,
    NaN,
    NaN,
    NaN,
    NaN,
    NaN
  ]
}