{
  "Train": [
    0.5357312560081482,
    0.27651065587997437,
    0.20159992575645447,
    0.17214332520961761,
    0.16034257411956787,
    0.15564151108264923,
    0.15245306491851807,
    0.1497303545475006,
    0.14694954454898834,
    0.14385254681110382,
    0.13996082544326782,
    0.13625194132328033,
    0.13410624861717224,
    0.13254542648792267,
    0.1299935281276703,
    0.12696944177150726,
    0.1284487247467041,
    0.12318270653486252,
    0.12375175207853317,
    0.11630712449550629,
    0.11920319497585297,
    0.11728350073099136,
    0.11467506736516953,
    0.11500407010316849,
    0.111214779317379
  ],
  "Training Time": 24.137616634368896,
  "Validate": [
    2.2326080799102783,
    1.4307118654251099,
    1.0671595335006714,
    0.8276659250259399,
    0.700471818447113,
    0.6397801041603088,
    0.5965127348899841,
    0.568916916847229,
    0.5676533579826355,
    0.6149212121963501,
    0.7266770005226135,
    0.7990110516548157,
    0.8195962309837341,
    0.8432431817054749,
    0.9018945097923279,
    0.9512149691581726,
    0.8733909726142883,
    1.0544075965881348,
    1.0576093196868896,
    1.1505059003829956,
    1.0832983255386353,
    1.2575173377990723,
    1.2223396301269531,
    1.297868013381958,
    1.3113789558410645
  ]
}