{
  "Train": [
    0.7489014267921448,
    0.7104044556617737,
    0.6817649006843567,
    0.6573978066444397,
    0.6388823390007019,
    0.6188188791275024,
    0.5950809717178345,
    0.5842025279998779,
    0.5597109198570251,
    0.5513806939125061
  ],
  "Training Time": 14.149909019470215,
  "Validate": [
    NaN,
    NaN,
    NaN,
    NaN,
    NaN,
    NaN,
    NaN,
    NaN,
    NaN,
    NaN
  ]
}