{
  "Train": [
    0.7328327298164368,
    0.6977315545082092,
    0.6799367070198059,
    0.6621310114860535,
    0.6427270770072937,
    0.6224365830421448,
    0.6030020713806152,
    0.584272563457489,
    0.5660476088523865,
    0.5477839112281799
  ],
  "Training Time": 11.521631956100464,
  "Validate": [
    0.4135259687900543,
    0.38063427805900574,
    0.3866232633590698,
    0.3925313949584961,
    0.3996407389640808,
    0.409249484539032,
    0.41929876804351807,
    0.4263509511947632,
    0.42816317081451416,
    0.4235302805900574
  ]
}