{
  "Train": [
    1.0600160360336304,
    1.0135303735733032,
    0.933873176574707,
    1.04057776927948,
    1.0021377801895142,
    0.9520962834358215,
    0.9290103316307068,
    0.9784418940544128,
    0.8926646113395691,
    0.9067805409431458
  ],
  "Training Time": 7.136232376098633,
  "Validate": [
    0.6277850866317749,
    0.4335290789604187,
    0.31398728489875793,
    0.7692067623138428,
    0.30012044310569763,
    0.3618997633457184,
    0.3308458924293518,
    0.2310965657234192,
    0.2658584415912628,
    0.24824641644954681
  ]
}