{
  "Train": [
    1.1774452924728394,
    1.1628705263137817,
    1.1635777950286865,
    1.1490987539291382,
    1.1468673944473267,
    1.1333471536636353,
    1.1274667978286743,
    1.113165259361267,
    1.0962625741958618,
    1.0735434293746948
  ],
  "Training Time": 7.955817699432373,
  "Validate": [
    1.9672389030456543,
    1.9870617389678955,
    1.9775230884552002,
    2.043148994445801,
    2.021805763244629,
    2.0864417552948,
    2.0682337284088135,
    2.1072545051574707,
    2.1303603649139404,
    2.125424385070801
  ]
}