{
  "Train": [
    1.1005773544311523,
    1.092227578163147,
    1.089463472366333,
    1.086424469947815,
    1.0823960304260254,
    1.076045036315918,
    1.0645232200622559,
    1.047096848487854,
    1.0270110368728638,
    1.005858063697815,
    0.9837937951087952,
    0.961987316608429,
    0.9411535859107971,
    0.9206318259239197,
    0.9006595015525818,
    0.881764829158783,
    0.8633021116256714,
    0.8548844456672668,
    0.8483017086982727,
    0.8451924324035645,
    0.853805661201477,
    0.8348469734191895,
    0.818060576915741,
    0.8053655624389648,
    0.7917684316635132,
    0.7783149480819702,
    0.7653611302375793,
    0.7535357475280762,
    0.7434007525444031,
    0.735111653804779,
    0.7282571792602539,
    0.7221488952636719,
    0.7163004279136658,
    0.71048903465271,
    0.7045730948448181,
    0.6984127759933472,
    0.69191575050354,
    0.6851015090942383,
    0.6780874729156494,
    0.6709783673286438,
    0.6637601256370544,
    0.6563181281089783,
    0.6485690474510193,
    0.6405285000801086,
    0.632228434085846,
    0.6236416101455688,
    0.6147581934928894,
    0.605650782585144,
    0.5962754487991333,
    0.5860438942909241,
    0.575197160243988,
    0.563834011554718,
    0.5537533164024353,
    0.5458012223243713,
    0.5340021848678589,
    0.5225914716720581,
    0.6147941946983337,
    0.5003726482391357,
    0.5870670080184937,
    0.49029359221458435,
    0.5022350549697876,
    0.4822506606578827,
    0.4739305078983307,
    0.4528507888317108,
    0.46073052287101746,
    0.4559169113636017,
    0.42741158604621887,
    0.40696749091148376,
    0.3919096887111664,
    0.37854427099227905,
    0.391653448343277,
    0.45163530111312866,
    0.3833475708961487,
    0.36395329236984253,
    0.3497781455516815,
    0.35025522112846375,
    0.33509737253189087,
    0.3271871507167816,
    0.31416603922843933,
    0.3059610426425934,
    0.29677221179008484,
    0.28924253582954407,
    0.2813848555088043,
    0.27396321296691895,
    0.26826491951942444,
    0.26260700821876526,
    0.256881982088089,
    0.25241535902023315,
    0.24609771370887756,
    0.24051807820796967,
    0.23543885350227356,
    0.22927147150039673,
    0.22290083765983582,
    0.21679119765758514,
    0.2108665406703949,
    0.20545466244220734,
    0.20080968737602234,
    0.1967642605304718,
    0.1930248737335205,
    0.18949472904205322
  ],
  "Training Time": 75.8255660533905,
  "Validate": [
    4.391190052032471,
    4.394289016723633,
    4.392346382141113,
    4.3871307373046875,
    4.374053001403809,
    4.3432841300964355,
    4.315518379211426,
    4.324214935302734,
    4.3518385887146,
    4.362891674041748,
    4.335836887359619,
    4.27411413192749,
    4.199565410614014,
    4.121583461761475,
    4.056036949157715,
    4.0578389167785645,
    4.143268585205078,
    4.1944661140441895,
    4.262806415557861,
    4.303606986999512,
    4.34421968460083,
    4.273747444152832,
    4.261470317840576,
    4.274082183837891,
    4.3031511306762695,
    4.347917079925537,
    4.405987739562988,
    4.473560333251953,
    4.5442352294921875,
    4.613620281219482,
    4.681478500366211,
    4.7488203048706055,
    4.815962314605713,
    4.883032321929932,
    4.950647830963135,
    5.019733905792236,
    5.09113073348999,
    5.165660858154297,
    5.244354724884033,
    5.32827615737915,
    5.418281555175781,
    5.515304088592529,
    5.620575428009033,
    5.735035419464111,
    5.858576774597168,
    5.990167140960693,
    6.128413677215576,
    6.272686958312988,
    6.431076526641846,
    6.636327743530273,
    6.92409086227417,
    7.2417683601379395,
    7.482821941375732,
    7.778295516967773,
    8.099631309509277,
    7.803452968597412,
    10.358383178710938,
    8.640804290771484,
    9.618178367614746,
    8.941620826721191,
    9.736227989196777,
    10.43252944946289,
    11.018041610717773,
    10.580179214477539,
    10.43756103515625,
    12.099246978759766,
    13.039490699768066,
    13.6359281539917,
    13.970418930053711,
    13.216684341430664,
    11.696951866149902,
    14.231449127197266,
    12.917939186096191,
    14.697615623474121,
    13.137927055358887,
    14.909014701843262,
    13.561898231506348,
    15.179595947265625,
    14.122122764587402,
    15.584975242614746,
    14.716510772705078,
    15.858951568603516,
    15.42474365234375,
    15.990723609924316,
    16.13048553466797,
    16.14600944519043,
    16.589927673339844,
    16.648963928222656,
    16.878101348876953,
    17.123212814331055,
    17.293039321899414,
    17.49726104736328,
    17.708332061767578,
    17.887258529663086,
    18.049293518066406,
    18.201568603515625,
    18.335494995117188,
    18.45075035095215,
    18.554750442504883,
    18.649723052978516
  ]
}