{
  "Train": [
    1.2253901958465576,
    0.9869066476821899,
    0.9030283093452454,
    0.7925553917884827,
    0.8390148878097534,
    0.8783589601516724,
    0.848430335521698,
    0.7830602526664734,
    0.7224307656288147,
    0.6767687201499939,
    0.6569508910179138,
    0.6253886222839355,
    0.6384283304214478,
    0.6231282353401184,
    0.5939841866493225,
    0.5744207501411438,
    0.5535879731178284,
    0.5392758250236511,
    0.5282014012336731,
    0.5130572319030762,
    0.4976986050605774,
    0.4475700855255127,
    1.0027624368667603,
    0.5705400705337524,
    0.48575955629348755,
    0.44001632928848267,
    0.44086024165153503,
    0.4083028733730316,
    0.36349037289619446,
    0.3463042080402374,
    0.3386232852935791,
    0.3229016661643982,
    0.30859020352363586,
    0.3109760880470276,
    0.3072200119495392,
    0.2926351726055145,
    0.28462037444114685,
    0.2740914225578308,
    0.3322029709815979,
    0.24837474524974823,
    0.25945767760276794,
    0.2524256408214569,
    0.2320462167263031,
    0.22614778578281403,
    0.24490460753440857,
    0.20881621539592743,
    0.21102987229824066,
    0.2089465856552124,
    0.1997167319059372,
    0.37052351236343384,
    0.33402949571609497,
    0.5501440167427063,
    0.3275282084941864,
    0.2656935751438141,
    0.2159307301044464,
    0.19480040669441223,
    0.18165351450443268,
    0.17313554883003235,
    0.1678735911846161,
    0.1700313538312912,
    0.16647909581661224,
    0.16337695717811584,
    0.15363337099552155,
    0.15765509009361267,
    0.15811088681221008,
    0.15809586644172668,
    0.1731482446193695,
    0.156643345952034,
    0.15635834634304047,
    0.14646022021770477,
    0.1513310968875885,
    0.15685127675533295,
    0.1528581827878952,
    0.22658118605613708,
    0.22780819237232208,
    0.3503187596797943,
    0.20536324381828308,
    0.1441574990749359,
    0.12910498678684235,
    0.12200068682432175,
    0.1414526253938675,
    0.12669670581817627,
    0.11176252365112305,
    0.21178102493286133,
    0.1510426551103592,
    0.2163679152727127,
    0.16794225573539734,
    0.3224857747554779,
    0.2825586795806885,
    0.18453578650951385,
    0.15889616310596466,
    0.14071443676948547,
    0.1292758733034134,
    0.11987316608428955,
    0.11111372709274292,
    0.10320717096328735,
    0.09616094082593918,
    0.08962031453847885,
    0.08276883512735367,
    0.07790973037481308
  ],
  "Training Time": 89.6955189704895,
  "Validate": [
    0.6177974343299866,
    0.6431564092636108,
    0.6418939828872681,
    0.6122778058052063,
    0.5789611339569092,
    0.5624420642852783,
    0.5536113977432251,
    0.5516710877418518,
    0.5388858914375305,
    0.5363264679908752,
    0.5292769074440002,
    0.5301262140274048,
    0.5371219515800476,
    0.5545604825019836,
    0.558752715587616,
    0.5641884207725525,
    0.5813512206077576,
    0.5982480645179749,
    0.6563729047775269,
    0.6812267899513245,
    0.7416568398475647,
    0.7596085071563721,
    0.4190502166748047,
    0.6788257956504822,
    0.7100023031234741,
    0.7834920287132263,
    0.8653145432472229,
    0.8013811707496643,
    0.8116042613983154,
    0.807616651058197,
    0.7883884906768799,
    0.7814486026763916,
    0.7584177255630493,
    0.7230637073516846,
    0.7171318531036377,
    0.674086332321167,
    0.6638316512107849,
    0.6195628046989441,
    0.6389502882957458,
    0.7267031073570251,
    0.6913043856620789,
    0.6164038181304932,
    0.5605822801589966,
    0.6420942544937134,
    0.5523572564125061,
    0.5829054117202759,
    0.576590895652771,
    0.581870436668396,
    0.667426347732544,
    0.6051641702651978,
    0.42540493607521057,
    0.3572905361652374,
    0.42145565152168274,
    0.4546200931072235,
    0.4989134967327118,
    0.5055784583091736,
    0.5111658573150635,
    0.5095235705375671,
    0.5110294818878174,
    0.5202928185462952,
    0.5315735340118408,
    0.5552461743354797,
    0.5630550980567932,
    0.5497451424598694,
    0.5407564640045166,
    0.48772066831588745,
    0.5271936058998108,
    0.5569313764572144,
    0.5123056769371033,
    0.5280987620353699,
    0.5582104325294495,
    0.5688026547431946,
    0.514987587928772,
    0.5022678375244141,
    0.43368375301361084,
    0.5080172419548035,
    0.40249186754226685,
    0.42405253648757935,
    0.4434059262275696,
    0.45418688654899597,
    0.5167955756187439,
    0.5040263533592224,
    0.4393560290336609,
    0.4117509722709656,
    0.4360963702201843,
    0.37608110904693604,
    0.4103690981864929,
    0.5029094219207764,
    0.39463815093040466,
    0.4329432547092438,
    0.4895564019680023,
    0.5194118618965149,
    0.531061589717865,
    0.5424625277519226,
    0.5541390776634216,
    0.5669527053833008,
    0.5785912871360779,
    0.5863621234893799,
    0.5828191637992859,
    0.5455219149589539
  ]
}