{
  "Train": [
    1.1830434799194336,
    1.1576288938522339,
    1.1518614292144775,
    1.1420693397521973,
    1.138110876083374,
    1.134037733078003,
    1.1300188302993774,
    1.1264315843582153,
    1.1245896816253662,
    1.122979760169983,
    1.1243666410446167,
    1.113677978515625,
    1.1035550832748413,
    1.0998493432998657,
    1.0944980382919312,
    1.088486671447754,
    1.079402208328247,
    1.0712110996246338,
    1.0825787782669067,
    1.0670015811920166,
    1.0558632612228394,
    1.0466065406799316,
    1.0534324645996094,
    1.1014230251312256,
    1.0030502080917358,
    1.0184650421142578,
    0.9897876381874084,
    0.9896110892295837,
    0.9591169953346252,
    0.9526834487915039,
    0.928993821144104,
    0.9361817836761475,
    0.9153215289115906,
    0.9073747396469116,
    0.9111732244491577,
    0.8287947177886963,
    0.799301266670227,
    0.7949466109275818,
    0.8158151507377625,
    0.8213540315628052,
    0.7511410117149353,
    0.9786134362220764,
    0.9488259553909302,
    0.7258124351501465,
    0.6788191795349121,
    0.688848078250885,
    0.6203638315200806,
    0.6310510635375977,
    0.5493696331977844,
    0.6543378233909607,
    0.4731683135032654,
    0.5685693025588989,
    0.4278603494167328,
    0.4104163944721222,
    0.41263192892074585,
    0.38936614990234375,
    0.5032183527946472,
    0.4614945948123932,
    0.4541122615337372,
    0.3366093635559082,
    0.31281304359436035,
    0.28824180364608765,
    0.284280925989151,
    0.27833086252212524,
    0.2709193825721741,
    0.2649189531803131,
    0.26084986329078674,
    0.25754544138908386,
    0.25027015805244446,
    0.24454990029335022,
    0.2406674474477768,
    0.25113585591316223,
    0.23766636848449707,
    0.23859715461730957,
    0.2370404452085495,
    0.24018843472003937,
    0.33573371171951294,
    0.2848109006881714,
    0.23266498744487762,
    0.30779096484184265,
    1.354108214378357,
    0.9738642573356628,
    0.8163192272186279,
    0.8495231866836548,
    0.8303875923156738,
    0.6571135520935059,
    0.7035608291625977,
    0.555861234664917,
    0.5376826524734497,
    0.5259761810302734,
    0.8064554333686829,
    0.4275546073913574,
    0.3659168779850006,
    0.34322452545166016,
    0.3499428927898407,
    0.3374689817428589,
    0.26372140645980835,
    0.25544866919517517,
    0.24678580462932587,
    0.20237210392951965
  ],
  "Training Time": 69.08592557907104,
  "Validate": [
    1.970267415046692,
    1.9988068342208862,
    2.0134003162384033,
    2.0590569972991943,
    2.031195640563965,
    2.0332119464874268,
    2.0366270542144775,
    2.019508123397827,
    2.0156378746032715,
    1.9971206188201904,
    1.966650128364563,
    2.023085594177246,
    2.0196919441223145,
    1.979451298713684,
    1.9544507265090942,
    1.937692642211914,
    1.9395339488983154,
    1.9425334930419922,
    1.930827021598816,
    1.9793397188186646,
    1.9866223335266113,
    2.0157268047332764,
    2.046154260635376,
    1.9570595026016235,
    2.0094079971313477,
    2.025412082672119,
    2.062044858932495,
    2.0456855297088623,
    2.070777416229248,
    2.035372018814087,
    2.039520025253296,
    2.0067334175109863,
    2.078453540802002,
    2.089522123336792,
    2.0057127475738525,
    2.0716981887817383,
    2.018690347671509,
    2.1456167697906494,
    1.9800605773925781,
    2.1348941326141357,
    2.2223339080810547,
    2.161051034927368,
    2.1246564388275146,
    2.179109811782837,
    2.1534998416900635,
    2.2139437198638916,
    2.263108730316162,
    2.290199041366577,
    2.369657278060913,
    2.2793469429016113,
    2.3836381435394287,
    2.4138753414154053,
    2.3605594635009766,
    2.3940718173980713,
    2.296952247619629,
    2.349186897277832,
    1.9816093444824219,
    2.1692798137664795,
    2.293642044067383,
    2.335322380065918,
    2.360180616378784,
    2.3921780586242676,
    2.4147183895111084,
    2.4343373775482178,
    2.4560658931732178,
    2.48067045211792,
    2.5031850337982178,
    2.5103631019592285,
    2.522139549255371,
    2.532562494277954,
    2.5560033321380615,
    2.5514955520629883,
    2.5415658950805664,
    2.5327646732330322,
    2.5745081901550293,
    2.5127711296081543,
    2.4852192401885986,
    2.423729419708252,
    2.3688406944274902,
    2.577625036239624,
    2.018559455871582,
    2.066434144973755,
    2.492347478866577,
    2.0388295650482178,
    2.4990506172180176,
    2.761462450027466,
    2.87911319732666,
    2.979238271713257,
    3.0874223709106445,
    2.984835147857666,
    2.3514456748962402,
    2.1432855129241943,
    2.502518653869629,
    3.0128204822540283,
    2.461294174194336,
    2.9537675380706787,
    2.962124824523926,
    3.2464020252227783,
    2.7789032459259033,
    3.6601064205169678
  ]
}