{
  "Train": [
    1.1357502937316895,
    1.0510207414627075,
    1.0406912565231323,
    1.034358024597168,
    1.028308391571045,
    1.0219473838806152,
    1.0172460079193115,
    1.0097668170928955,
    0.9946921467781067,
    0.9942710399627686
  ],
  "Training Time": 9.315084457397461,
  "Validate": [
    NaN,
    NaN,
    NaN,
    NaN,
    NaN,
    NaN,
    NaN,
    NaN,
    NaN,
    NaN
  ]
}