{
  "Train": [
    0.8936523795127869,
    0.8635796904563904,
    0.8412103056907654,
    0.8306196928024292,
    0.8229857087135315,
    0.8163943886756897,
    0.8107797503471375,
    0.8052069544792175,
    0.7997589707374573,
    0.7940029501914978,
    0.7878081202507019,
    0.7797208428382874,
    0.7658706307411194,
    0.7564721703529358,
    0.7481915950775146,
    0.7247351408004761,
    0.7042798399925232,
    0.711419939994812,
    0.808525025844574,
    0.7704057693481445,
    0.7426231503486633,
    0.7375277280807495,
    0.7213920950889587,
    0.7086535692214966,
    0.6993995308876038,
    0.6966369152069092,
    0.6830848455429077,
    0.6782326698303223,
    0.6641312837600708,
    0.6561036705970764,
    0.6470812559127808,
    0.6369513273239136,
    0.6288222074508667,
    0.6157737970352173,
    0.6278782486915588,
    0.5924314856529236,
    0.5805352330207825,
    0.5707746148109436,
    0.5958438515663147,
    0.5746519565582275,
    0.5638532638549805,
    0.5811330676078796,
    0.5472122430801392,
    0.536090612411499,
    0.5169853568077087,
    0.5087999105453491,
    0.49996209144592285,
    0.4896998405456543,
    0.46619081497192383,
    0.4483701288700104,
    0.552657961845398,
    0.5618094205856323,
    0.5179426074028015,
    0.46398505568504333,
    0.4305627644062042,
    0.4225330948829651,
    0.385233610868454,
    0.3788951337337494,
    0.3608832061290741,
    0.35421425104141235,
    0.34888505935668945,
    0.34197235107421875,
    0.32589995861053467,
    0.3143616318702698,
    0.3058040142059326,
    0.3934071362018585,
    0.869838297367096,
    0.6975306272506714,
    0.6362082362174988,
    0.611384928226471,
    0.5797621011734009,
    0.5427262783050537,
    0.522146463394165,
    0.4940771460533142,
    0.45557868480682373,
    0.429339200258255,
    0.4486483037471771,
    0.4689883589744568,
    0.4113059341907501,
    0.39364728331565857,
    0.36519914865493774,
    0.3265060484409332,
    0.3184684216976166,
    0.29374250769615173,
    0.3017238974571228,
    0.2805117964744568,
    0.3044232726097107,
    0.3010789155960083,
    0.32009607553482056,
    0.259829580783844,
    0.24584801495075226,
    0.2117774486541748,
    0.1969989687204361,
    0.18409188091754913,
    0.17778947949409485,
    0.17338812351226807,
    0.16927573084831238,
    0.16587871313095093,
    0.1589714139699936,
    0.14986689388751984
  ],
  "Training Time": 76.93075704574585,
  "Validate": [
    3.1082799434661865,
    3.044476270675659,
    2.961840867996216,
    2.9066226482391357,
    2.887295722961426,
    2.862471103668213,
    2.849532127380371,
    2.8299710750579834,
    2.8133931159973145,
    2.7894294261932373,
    2.7636449337005615,
    2.7283546924591064,
    2.6773717403411865,
    2.7286508083343506,
    2.67673397064209,
    2.6513967514038086,
    2.63696551322937,
    3.8473684787750244,
    2.4793033599853516,
    2.561760902404785,
    2.6924355030059814,
    2.9899466037750244,
    2.641822576522827,
    2.7886078357696533,
    2.324180841445923,
    2.571228504180908,
    2.32554292678833,
    2.4235875606536865,
    2.4004766941070557,
    2.3855462074279785,
    2.38702392578125,
    2.417083501815796,
    2.513293504714966,
    2.4773600101470947,
    2.4525136947631836,
    2.573330879211426,
    2.5895612239837646,
    2.5553479194641113,
    2.5520780086517334,
    2.7971866130828857,
    2.551474094390869,
    2.474309206008911,
    2.850797414779663,
    2.740590810775757,
    2.8197274208068848,
    2.8805742263793945,
    2.8883492946624756,
    2.840371608734131,
    2.811408042907715,
    2.9370126724243164,
    2.288015127182007,
    3.114082098007202,
    3.1629679203033447,
    3.0181381702423096,
    3.094993829727173,
    3.134289026260376,
    3.3323311805725098,
    3.3763175010681152,
    3.427981376647949,
    3.544069528579712,
    3.649780035018921,
    3.674227237701416,
    3.7748022079467773,
    3.8571596145629883,
    3.868898868560791,
    3.569652795791626,
    3.526914119720459,
    3.67938232421875,
    3.9944756031036377,
    4.340684413909912,
    4.346187114715576,
    4.349865436553955,
    4.543396949768066,
    4.4363627433776855,
    4.563028335571289,
    4.718719959259033,
    5.006501197814941,
    4.8352131843566895,
    5.241843223571777,
    5.271434307098389,
    5.535867691040039,
    5.68235969543457,
    5.804312229156494,
    5.7656331062316895,
    6.036069869995117,
    5.59453010559082,
    6.473919868469238,
    5.983584403991699,
    6.029101371765137,
    6.4943437576293945,
    6.622283935546875,
    6.159165859222412,
    6.201925277709961,
    6.364912033081055,
    6.449033737182617,
    6.580714225769043,
    6.594186305999756,
    6.603509902954102,
    6.568846225738525,
    6.472620010375977
  ]
}