{
  "Train": [
    0.8177407383918762,
    0.7185139060020447,
    0.6305860877037048,
    0.5591539144515991,
    0.5067623853683472,
    0.4665854871273041,
    0.4318619966506958,
    0.3989538848400116,
    0.36594316363334656,
    0.33297061920166016
  ],
  "Training Time": 2.5286500453948975,
  "Validate": [
    1.7616653442382812,
    1.5663412809371948,
    1.5369746685028076,
    1.5059882402420044,
    1.469950556755066,
    1.412644624710083,
    1.3311021327972412,
    1.2366265058517456,
    1.1431175470352173,
    1.0404162406921387
  ]
}