{
  "Train": [
    0.6645259857177734,
    0.5699904561042786,
    0.50743168592453,
    0.49646303057670593,
    0.4831116497516632,
    0.4865805208683014,
    0.4949856102466583,
    0.5109195113182068,
    0.476472407579422,
    0.4167543947696686
  ],
  "Training Time": 20.880829572677612,
  "Validate": [
    NaN,
    NaN,
    NaN,
    NaN,
    NaN,
    NaN,
    NaN,
    NaN,
    NaN,
    NaN
  ]
}