{
  "Train": [
    0.8171581625938416,
    0.4088920056819916,
    0.3630363345146179,
    0.33971965312957764,
    0.31947988271713257,
    0.30473092198371887,
    0.2921197712421417,
    0.27722448110580444,
    0.2641953229904175,
    0.25536516308784485
  ],
  "Training Time": 18.000442266464233,
  "Validate": [
    43.65724563598633,
    41.01945877075195,
    39.594173431396484,
    39.307167053222656,
    39.257057189941406,
    39.18650817871094,
    39.02407455444336,
    38.93164825439453,
    38.423866271972656,
    37.25654220581055
  ]
}