{
  "Train": [
    0.7206601500511169,
    0.693972110748291,
    0.6780052185058594,
    0.664574146270752,
    0.6512071490287781,
    0.6366887092590332,
    0.6209691166877747,
    0.6052113175392151,
    0.5903862714767456,
    0.5771461725234985
  ],
  "Training Time": 15.678230047225952,
  "Validate": [
    0.45381835103034973,
    0.469523161649704,
    0.4740819036960602,
    0.47207945585250854,
    0.4675840139389038,
    0.46192029118537903,
    0.4551408588886261,
    0.44814789295196533,
    0.44291219115257263,
    0.44008728861808777
  ]
}