{
  "Train": [
    1.0438616275787354,
    0.9291380047798157,
    0.8770669102668762,
    0.840255618095398,
    0.818339467048645,
    0.8050965666770935,
    0.7957451343536377,
    0.7875849008560181,
    0.7800474166870117,
    0.7722439765930176
  ],
  "Training Time": 17.26456880569458,
  "Validate": [
    4.268130302429199,
    3.3601815700531006,
    3.051318883895874,
    2.7658238410949707,
    2.6039819717407227,
    2.5269601345062256,
    2.5047552585601807,
    2.508709192276001,
    2.526599645614624,
    2.55120849609375
  ]
}