{
  "Train": [
    1.0490952730178833,
    1.0518152713775635,
    1.042778491973877,
    1.032153606414795,
    1.0216670036315918,
    1.0136994123458862,
    1.0136408805847168,
    0.9986252188682556,
    1.000942587852478,
    0.991001307964325
  ],
  "Training Time": 9.09238314628601,
  "Validate": [
    NaN,
    NaN,
    NaN,
    NaN,
    NaN,
    NaN,
    NaN,
    NaN,
    NaN,
    NaN
  ]
}