{
  "Train": [
    1.037699818611145,
    0.7997482419013977,
    0.6845716834068298,
    0.583565890789032,
    0.5148585438728333,
    0.44959941506385803,
    0.3815552294254303,
    0.3476927578449249,
    0.2979141175746918,
    0.24569836258888245
  ],
  "Training Time": 5.177218914031982,
  "Validate": [
    0.6853265166282654,
    0.6409772038459778,
    0.5701043009757996,
    0.5674715638160706,
    0.5406407117843628,
    0.47193586826324463,
    0.4118599593639374,
    0.54695063829422,
    0.6084520220756531,
    0.6028632521629333
  ]
}