{
  "Train": [
    0.21938233077526093,
    0.1718834489583969,
    0.153008833527565,
    0.14196914434432983,
    0.1296941637992859,
    0.11935915052890778,
    0.10803254693746567,
    0.10287069529294968,
    0.10020443052053452,
    0.08937297761440277
  ],
  "Training Time": 6.926269054412842,
  "Validate": [
    NaN,
    NaN,
    NaN,
    NaN,
    NaN,
    NaN,
    NaN,
    NaN,
    NaN,
    NaN
  ]
}