{
  "Train": [
    0.8497288227081299,
    0.38589102029800415,
    0.3046986758708954,
    0.2826722264289856,
    0.26730772852897644,
    0.2552345097064972,
    0.24551349878311157,
    0.23763319849967957,
    0.23116271197795868,
    0.2257394790649414
  ],
  "Training Time": 7.706693887710571,
  "Validate": [
    31.258329391479492,
    31.042675018310547,
    30.607629776000977,
    30.206628799438477,
    29.823713302612305,
    29.422468185424805,
    28.98982048034668,
    28.56676483154297,
    28.205480575561523,
    27.919309616088867
  ]
}