{
  "Train": [
    1.0647544860839844,
    1.038250207901001,
    1.0346226692199707,
    1.0293036699295044,
    1.0153319835662842,
    1.0329192876815796,
    1.0105465650558472,
    0.9972707629203796,
    1.00328528881073,
    0.955535352230072
  ],
  "Training Time": 9.141521692276001,
  "Validate": [
    NaN,
    NaN,
    NaN,
    NaN,
    NaN,
    NaN,
    NaN,
    NaN,
    NaN,
    NaN
  ]
}