{
  "Train": [
    1.1693707704544067,
    1.1505874395370483,
    1.1465940475463867,
    1.1440991163253784,
    1.1412911415100098,
    1.1378172636032104,
    1.1393978595733643,
    1.1372243165969849,
    1.1361550092697144,
    1.1378084421157837
  ],
  "Training Time": 7.1481640338897705,
  "Validate": [
    1.0803488492965698,
    1.1039061546325684,
    1.105948567390442,
    1.097542643547058,
    1.0720804929733276,
    1.019155502319336,
    1.0167938470840454,
    1.0508090257644653,
    1.1261897087097168,
    1.189614176750183
  ]
}