{
  "Train": [
    0.7641933560371399,
    0.7230095267295837,
    0.697049081325531,
    0.6769508719444275,
    0.6535382270812988,
    0.6290968060493469,
    0.606853723526001,
    0.5947255492210388,
    0.5785883069038391,
    0.5645413398742676
  ],
  "Training Time": 14.644810676574707,
  "Validate": [
    NaN,
    NaN,
    NaN,
    NaN,
    NaN,
    NaN,
    NaN,
    NaN,
    NaN,
    NaN
  ]
}