{
  "Train": [
    0.8959923982620239,
    0.844294011592865,
    0.8288599848747253,
    0.8149594068527222,
    0.8099310398101807,
    0.802278995513916,
    0.7983897924423218,
    0.7927812337875366,
    0.7877961993217468,
    0.7824159264564514
  ],
  "Training Time": 11.684386014938354,
  "Validate": [
    2.940157175064087,
    2.8400845527648926,
    2.8275086879730225,
    2.7672483921051025,
    2.7586164474487305,
    2.7147696018218994,
    2.698065757751465,
    2.6591224670410156,
    2.627817392349243,
    2.5872879028320312
  ]
}