{
  "Train": [
    0.7266974449157715,
    0.7055290341377258,
    0.6883333325386047,
    0.6732913851737976,
    0.657210648059845,
    0.6384889483451843,
    0.6238692402839661,
    0.6030974388122559,
    0.5917161703109741,
    0.5677236318588257
  ],
  "Training Time": 11.290658712387085,
  "Validate": [
    0.4706302881240845,
    0.46835631132125854,
    0.4752526581287384,
    0.4829334318637848,
    0.48648327589035034,
    0.48485061526298523,
    0.48833486437797546,
    0.48935410380363464,
    0.49073487520217896,
    0.49181854724884033
  ]
}