{
  "Train": [
    0.18015873432159424,
    0.13239985704421997,
    0.11870040744543076,
    0.11401484906673431,
    0.11115185171365738,
    0.10923293232917786,
    0.10784146189689636,
    0.10676898062229156,
    0.105903759598732,
    0.10518176853656769,
    0.10456310212612152,
    0.10401945561170578,
    0.10352753847837448,
    0.10306790471076965,
    0.1026247888803482,
    0.10218596458435059,
    0.10174229741096497,
    0.10128773003816605,
    0.10081833600997925,
    0.1003323569893837,
    0.09982942044734955,
    0.0993088111281395,
    0.09876764565706253,
    0.09820226579904556,
    0.09761428087949753
  ],
  "Training Time": 14.830400228500366,
  "Validate": [
    NaN,
    NaN,
    NaN,
    NaN,
    NaN,
    NaN,
    NaN,
    NaN,
    NaN,
    NaN,
    NaN,
    NaN,
    NaN,
    NaN,
    NaN,
    NaN,
    NaN,
    NaN,
    NaN,
    NaN,
    NaN,
    NaN,
    NaN,
    NaN,
    NaN
  ]
}