{
  "Train": [
    1.2234357595443726,
    0.978754460811615,
    0.7778469920158386,
    0.6607784032821655,
    0.5742253065109253,
    0.5070010423660278,
    0.4551863968372345,
    0.4140603840351105,
    0.38050100207328796,
    0.35277047753334045,
    0.329765647649765,
    0.31053346395492554,
    0.29422229528427124,
    0.2801511585712433,
    0.2678234279155731,
    0.25688767433166504,
    0.24709495902061462,
    0.23826926946640015,
    0.23028385639190674,
    0.22304439544677734,
    0.21647988259792328,
    0.21053524315357208,
    0.20516228675842285,
    0.2003132849931717,
    0.19593752920627594
  ],
  "Training Time": 10.122220516204834,
  "Validate": [
    1.5888820886611938,
    0.7098856568336487,
    0.3717646896839142,
    0.29041728377342224,
    0.26936542987823486,
    0.27720049023628235,
    0.30493244528770447,
    0.3487406075000763,
    0.4035302996635437,
    0.4627828598022461,
    0.5209446549415588,
    0.5745820999145508,
    0.6219159960746765,
    0.6620916724205017,
    0.6948238015174866,
    0.7203126549720764,
    0.7391261458396912,
    0.7519859671592712,
    0.759620726108551,
    0.7627670168876648,
    0.7621843218803406,
    0.7586294412612915,
    0.7528079748153687,
    0.7453413009643555,
    0.736757218837738
  ]
}