{
  "Train": [
    0.23795363306999207,
    0.14752261340618134,
    0.1301519125699997,
    0.11883910745382309,
    0.10988824814558029,
    0.10712044686079025,
    0.10228428244590759,
    0.09509127587080002,
    0.09436338394880295,
    0.09188462048768997,
    0.09095562994480133,
    0.08242899179458618,
    0.08566578477621078,
    0.07917945086956024,
    0.08135843276977539,
    0.07450716942548752,
    0.07739568501710892,
    0.0711345225572586,
    0.07266035676002502,
    0.06936502456665039,
    0.06556287407875061,
    0.07069389522075653,
    0.06289934366941452,
    0.0585663877427578,
    0.05790530890226364
  ],
  "Training Time": 22.88118314743042,
  "Validate": [
    NaN,
    NaN,
    NaN,
    NaN,
    NaN,
    NaN,
    NaN,
    NaN,
    NaN,
    NaN,
    NaN,
    NaN,
    NaN,
    NaN,
    NaN,
    NaN,
    NaN,
    NaN,
    NaN,
    NaN,
    NaN,
    NaN,
    NaN,
    NaN,
    NaN
  ]
}