{
  "Train": [
    0.23012050986289978,
    0.22417505085468292,
    0.17855405807495117,
    0.15997114777565002,
    0.14227034151554108,
    0.12550251185894012,
    0.11541475355625153,
    0.10374903678894043,
    0.09559986740350723,
    0.09197133779525757
  ],
  "Training Time": 6.636602878570557,
  "Validate": [
    NaN,
    NaN,
    NaN,
    NaN,
    NaN,
    NaN,
    NaN,
    NaN,
    NaN,
    NaN
  ]
}