{
  "Train": [
    1.170879602432251,
    1.1533540487289429,
    1.1442686319351196,
    1.1360145807266235,
    1.1298319101333618,
    1.1244348287582397,
    1.1194278001785278,
    1.1143321990966797,
    1.108764886856079,
    1.1022684574127197
  ],
  "Training Time": 5.512707710266113,
  "Validate": [
    1.9801751375198364,
    2.01786732673645,
    2.0433149337768555,
    2.0512845516204834,
    2.0485036373138428,
    2.042128086090088,
    2.033050775527954,
    2.0221574306488037,
    2.0095772743225098,
    1.9955826997756958
  ]
}