{
  "Train": [
    0.8126240968704224,
    0.6444264650344849,
    0.5609058141708374,
    0.53535395860672,
    0.4920080304145813,
    0.47192880511283875,
    0.44939860701560974,
    0.4455564618110657,
    0.3964490592479706,
    0.37987950444221497,
    0.3685455620288849,
    0.41327333450317383,
    0.42283061146736145,
    0.417500764131546,
    0.3931027352809906,
    0.3718874752521515,
    0.3151940703392029,
    0.31196027994155884,
    0.32106080651283264,
    0.347341388463974,
    0.5327595472335815,
    0.7673729658126831,
    0.6681357622146606,
    0.6320598721504211,
    0.6184444427490234,
    0.6082323789596558,
    0.5964069366455078,
    0.583368182182312,
    0.5658818483352661,
    0.5720189809799194,
    0.524625301361084,
    0.5321103930473328,
    0.49267029762268066,
    0.4624179005622864,
    0.4550742506980896,
    0.48688650131225586,
    0.4769413471221924,
    0.4793415069580078,
    0.4447173476219177,
    0.45367902517318726,
    0.41932106018066406,
    0.415732204914093,
    0.3653464913368225,
    0.38414907455444336,
    0.3619082570075989,
    0.38566210865974426,
    0.34017214179039,
    0.32860854268074036,
    0.31030741333961487,
    0.4474642276763916,
    0.41938498616218567,
    0.44775062799453735,
    0.4443809390068054,
    0.4457370638847351,
    0.43491658568382263,
    0.39162346720695496,
    0.2939899265766144,
    0.3054184913635254,
    0.3347131907939911,
    0.34981945157051086,
    0.3807227313518524,
    0.3727847933769226,
    0.3168584406375885,
    0.26840120553970337,
    0.2717715799808502,
    0.26094597578048706,
    0.2548658847808838,
    0.2745620012283325,
    0.4089449346065521,
    0.32859617471694946,
    0.3357420265674591,
    0.2933133542537689,
    0.24731256067752838,
    0.23188701272010803,
    0.22159293293952942,
    0.20924125611782074,
    0.2036934345960617,
    0.19566573202610016,
    0.24010290205478668,
    0.22525309026241302,
    0.21627424657344818,
    0.18624265491962433,
    0.19899341464042664,
    0.18136440217494965,
    0.1960228830575943,
    0.2649082541465759,
    0.31125468015670776,
    0.2872510254383087,
    0.19310756027698517,
    0.1596038043498993,
    0.17663131654262543,
    0.18138019740581512,
    0.1837206333875656,
    0.311439573764801,
    0.19110524654388428,
    0.14723244309425354,
    0.14124108850955963,
    0.13846983015537262,
    0.133930042386055,
    0.1356227993965149
  ],
  "Training Time": 140.9845633506775,
  "Validate": [
    0.29760998487472534,
    0.35399672389030457,
    0.3748663067817688,
    0.42478200793266296,
    0.4057313799858093,
    0.4191119074821472,
    0.4287984073162079,
    0.4309041202068329,
    0.436998188495636,
    0.46142855286598206,
    0.44939902424812317,
    0.4551341235637665,
    0.43812474608421326,
    0.45400476455688477,
    0.4559325873851776,
    0.4559556841850281,
    0.4631969630718231,
    0.4485960006713867,
    0.45929890871047974,
    0.45787087082862854,
    1.0783499479293823,
    1.0108412504196167,
    0.9766412377357483,
    0.9626707434654236,
    0.9479255080223083,
    0.9396083950996399,
    0.9200281500816345,
    0.8503282070159912,
    0.9643263220787048,
    1.0617554187774658,
    0.9600704312324524,
    1.114736795425415,
    1.1253949403762817,
    1.317924976348877,
    1.2296887636184692,
    1.2187556028366089,
    1.165421485900879,
    1.1749972105026245,
    1.2610161304473877,
    1.225616216659546,
    1.2832986116409302,
    1.3215160369873047,
    1.3076105117797852,
    1.224009394645691,
    1.2759208679199219,
    1.3108525276184082,
    1.394018292427063,
    1.153571605682373,
    1.087712049484253,
    0.8780258297920227,
    0.8320117592811584,
    0.8156464099884033,
    0.7905746698379517,
    0.7743249535560608,
    0.7538968920707703,
    0.9395749568939209,
    0.9481449127197266,
    1.089766263961792,
    1.1971204280853271,
    0.6347022652626038,
    0.8384168744087219,
    0.8739977478981018,
    1.0583488941192627,
    1.1948933601379395,
    1.2498761415481567,
    1.1525145769119263,
    1.2805179357528687,
    1.134944200515747,
    1.1810040473937988,
    1.227654218673706,
    1.2361271381378174,
    1.0924201011657715,
    1.1010884046554565,
    1.0084500312805176,
    1.121322751045227,
    1.1786547899246216,
    1.183890461921692,
    1.2010016441345215,
    1.2378023862838745,
    1.2241648435592651,
    1.163267731666565,
    1.1146092414855957,
    1.2186001539230347,
    1.163292646408081,
    1.3861373662948608,
    0.8957586884498596,
    1.0464231967926025,
    0.8413999676704407,
    0.9450321793556213,
    0.9612298607826233,
    0.9702438116073608,
    1.0632964372634888,
    1.0427637100219727,
    1.0345568656921387,
    1.018221378326416,
    1.031639814376831,
    1.0676077604293823,
    1.1220097541809082,
    1.0956851243972778,
    1.224868893623352
  ]
}