{
  "Train": [
    0.044574856758117676,
    0.03632762283086777,
    0.03299335017800331,
    0.03163226321339607,
    0.03075486049056053,
    0.030086131766438484,
    0.02952597290277481,
    0.029034676030278206,
    0.028593935072422028,
    0.028193339705467224,
    0.02782611735165119,
    0.027486801147460938,
    0.02717091143131256,
    0.026875104755163193,
    0.02659701555967331,
    0.026334721595048904,
    0.026086434721946716,
    0.02585028111934662,
    0.025624405592679977,
    0.02540704607963562,
    0.025196664035320282,
    0.024992015212774277,
    0.02479218691587448,
    0.024596521630883217,
    0.024404585361480713
  ],
  "Training Time": 8.877190589904785,
  "Validate": [
    NaN,
    NaN,
    NaN,
    NaN,
    NaN,
    NaN,
    NaN,
    NaN,
    NaN,
    NaN,
    NaN,
    NaN,
    NaN,
    NaN,
    NaN,
    NaN,
    NaN,
    NaN,
    NaN,
    NaN,
    NaN,
    NaN,
    NaN,
    NaN,
    NaN
  ]
}