{
  "Train": [
    0.35316264629364014,
    0.11958128213882446,
    0.07463712245225906,
    0.05613376572728157,
    0.047345828264951706,
    0.04283321276307106,
    0.03981620445847511,
    0.037441402673721313,
    0.03545372933149338,
    0.033740799874067307,
    0.032234545797109604,
    0.03088926337659359,
    0.029674701392650604,
    0.0285719595849514,
    0.027571240440011024,
    0.02667071856558323,
    0.02587534487247467,
    0.02519272454082966,
    0.024625102058053017,
    0.024161577224731445,
    0.023777469992637634,
    0.023443102836608887,
    0.023134440183639526,
    0.022837726399302483,
    0.022547760978341103
  ],
  "Training Time": 6.365768671035767,
  "Validate": [
    1.3800350427627563,
    0.7906022667884827,
    0.4911874830722809,
    0.40112602710723877,
    0.37526997923851013,
    0.3674791157245636,
    0.3649955689907074,
    0.36400577425956726,
    0.3633928894996643,
    0.36296045780181885,
    0.3628193736076355,
    0.3631209135055542,
    0.36392906308174133,
    0.36517035961151123,
    0.3666200637817383,
    0.3679354786872864,
    0.36873725056648254,
    0.36873704195022583,
    0.3678584396839142,
    0.36627158522605896,
    0.3643067479133606,
    0.3623053729534149,
    0.36050793528556824,
    0.3590198755264282,
    0.35783588886260986
  ]
}