{
  "Train": [
    0.5585031509399414,
    0.3529635965824127,
    0.30781289935112,
    0.2718014717102051,
    0.2571035921573639,
    0.24412377178668976,
    0.2336559295654297,
    0.22446194291114807,
    0.21598559617996216,
    0.20796272158622742,
    0.20023475587368011,
    0.19271492958068848,
    0.18537259101867676,
    0.178239107131958,
    0.17142406105995178,
    0.16513538360595703,
    0.15965794026851654,
    0.15521986782550812,
    0.15182460844516754,
    0.1492377370595932,
    0.14715783298015594,
    0.14536726474761963,
    0.1437492072582245,
    0.14224757254123688,
    0.1408349722623825
  ],
  "Training Time": 11.531562566757202,
  "Validate": [
    4.8301310539245605,
    4.273441791534424,
    4.879705429077148,
    5.103806018829346,
    5.311277389526367,
    5.369602680206299,
    5.363288879394531,
    5.327520370483398,
    5.288544654846191,
    5.259780406951904,
    5.247744560241699,
    5.2553863525390625,
    5.2834882736206055,
    5.330925941467285,
    5.394975662231445,
    5.470790386199951,
    5.545872211456299,
    5.595952987670898,
    5.598968982696533,
    5.553136825561523,
    5.4734392166137695,
    5.377869606018066,
    5.279471397399902,
    5.1858811378479,
    5.101030349731445
  ]
}