{
  "Train": [
    1.0131993293762207,
    0.9930295348167419,
    0.9673796892166138,
    0.9420443773269653,
    0.9191392660140991,
    0.8997769355773926,
    0.8835468292236328,
    0.8694972395896912,
    0.8566979765892029,
    0.8444832563400269
  ],
  "Training Time": 2.379669666290283,
  "Validate": [
    0.37852776050567627,
    0.3668113052845001,
    0.35493335127830505,
    0.35051408410072327,
    0.3521319031715393,
    0.3579249083995819,
    0.36632493138313293,
    0.3763173818588257,
    0.38741570711135864,
    0.3994831144809723
  ]
}