{
  "Train": [
    1.0588442087173462,
    1.054477334022522,
    1.0528695583343506,
    1.0515942573547363,
    1.0505040884017944,
    1.0494734048843384,
    1.0483771562576294,
    1.0470551252365112,
    1.0452529191970825,
    1.0425362586975098
  ],
  "Training Time": 3.5799059867858887,
  "Validate": [
    3.148223400115967,
    3.141477584838867,
    3.135047197341919,
    3.129169225692749,
    3.1234755516052246,
    3.1174216270446777,
    3.1102712154388428,
    3.1009018421173096,
    3.0875117778778076,
    3.067514419555664
  ]
}