{
  "Train": [
    0.8281980156898499,
    0.8135339021682739,
    0.7990462779998779,
    0.7858837246894836,
    0.7742352485656738,
    0.7642567753791809,
    0.7556689977645874,
    0.7479483485221863,
    0.740685760974884,
    0.7337659597396851
  ],
  "Training Time": 2.8595712184906006,
  "Validate": [
    NaN,
    NaN,
    NaN,
    NaN,
    NaN,
    NaN,
    NaN,
    NaN,
    NaN,
    NaN
  ]
}