{
  "Train": [
    0.5107868909835815,
    0.1229034960269928,
    0.06813102215528488,
    0.04513412341475487,
    0.03855142742395401,
    0.034354113042354584,
    0.030512822791934013,
    0.027039598673582077,
    0.023882929235696793,
    0.020899901166558266,
    0.01838667131960392,
    0.01670972816646099,
    0.015466330572962761,
    0.01447509229183197,
    0.0136446887627244,
    0.012914738617837429,
    0.012254627421498299,
    0.011652215383946896,
    0.011104672215878963,
    0.01061174925416708,
    0.010170236229896545,
    0.009771822020411491,
    0.009402974508702755,
    0.00904738251119852,
    0.00869041308760643
  ],
  "Training Time": 10.844139814376831,
  "Validate": [
    28.515771865844727,
    27.55213737487793,
    27.17076301574707,
    27.28864097595215,
    26.994245529174805,
    26.70368194580078,
    26.60155487060547,
    26.612817764282227,
    26.65595245361328,
    26.742828369140625,
    26.960630416870117,
    27.296297073364258,
    27.69605255126953,
    28.107624053955078,
    28.490314483642578,
    28.83502769470215,
    29.148548126220703,
    29.4334659576416,
    29.687519073486328,
    29.9078369140625,
    30.092552185058594,
    30.24140167236328,
    30.355812072753906,
    30.43866539001465,
    30.49388885498047
  ]
}