{
  "Train": [
    0.28549227118492126,
    0.12302005290985107,
    0.08597942441701889,
    0.07470650970935822,
    0.06465090066194534,
    0.055489253252744675,
    0.04646545276045799,
    0.038269806653261185,
    0.03353092074394226,
    0.032453831285238266,
    0.033993326127529144,
    0.02779894694685936,
    0.026768162846565247,
    0.025929586961865425,
    0.021110625937581062,
    0.01831028424203396,
    0.01888154074549675,
    0.0394848994910717,
    0.03165840357542038,
    0.02988821640610695,
    0.009015366435050964,
    0.008320333436131477,
    0.010017098858952522,
    0.012801729142665863,
    0.04765218868851662
  ],
  "Training Time": 12.193411588668823,
  "Validate": [
    1.2700303792953491,
    1.5970790386199951,
    1.7651981115341187,
    1.9642291069030762,
    2.0632336139678955,
    2.073577880859375,
    2.118959665298462,
    2.172173500061035,
    2.2030856609344482,
    2.183849334716797,
    2.159252405166626,
    2.150070905685425,
    2.096215009689331,
    2.0301384925842285,
    1.9572921991348267,
    1.9659215211868286,
    1.9784725904464722,
    1.7172352075576782,
    1.3311243057250977,
    1.5472148656845093,
    1.658044457435608,
    1.7904587984085083,
    1.860856533050537,
    1.624403476715088,
    1.2217681407928467
  ]
}