{
  "Train": [
    1.0678566694259644,
    1.060118317604065,
    1.0588781833648682,
    1.058242917060852,
    1.0577667951583862,
    1.05736243724823,
    1.0568933486938477,
    1.056339979171753,
    1.0556871891021729,
    1.0546984672546387
  ],
  "Training Time": 4.170105218887329,
  "Validate": [
    7.209782600402832,
    7.187236309051514,
    7.1816558837890625,
    7.180733680725098,
    7.181665420532227,
    7.1861677169799805,
    7.1913557052612305,
    7.197383880615234,
    7.210488319396973,
    7.222296237945557
  ]
}