{
  "Train": [
    1.0982625484466553,
    1.089063286781311,
    1.0852386951446533,
    1.0817309617996216,
    1.0776758193969727,
    1.0722233057022095,
    1.0632332563400269,
    1.0498019456863403,
    1.030834674835205,
    1.0035678148269653
  ],
  "Training Time": 8.542246341705322,
  "Validate": [
    4.3669023513793945,
    4.365701675415039,
    4.347371578216553,
    4.316600322723389,
    4.274957180023193,
    4.2395477294921875,
    4.231096267700195,
    4.253949165344238,
    4.284749984741211,
    4.301469802856445
  ]
}