{
  "Train": [
    1.073342204093933,
    1.0633403062820435,
    1.0601752996444702,
    1.0576092004776,
    1.0562463998794556,
    1.0543073415756226,
    1.0497232675552368,
    1.03934907913208,
    1.0208927392959595,
    1.0030581951141357
  ],
  "Training Time": 4.389962196350098,
  "Validate": [
    3.1673245429992676,
    3.151672601699829,
    3.1410107612609863,
    3.1362528800964355,
    3.1278786659240723,
    3.1132209300994873,
    3.0849008560180664,
    3.0142905712127686,
    2.861799716949463,
    2.7944045066833496
  ]
}