{
  "Train": [
    0.9655747413635254,
    0.9331587553024292,
    0.9093532562255859,
    0.8921692371368408,
    0.8780838251113892,
    0.8652247190475464,
    0.8531530499458313,
    0.8404810428619385,
    0.8275827169418335,
    0.8139975070953369
  ],
  "Training Time": 2.5899460315704346,
  "Validate": [
    0.32877039909362793,
    0.3554714322090149,
    0.37615320086479187,
    0.3993334174156189,
    0.41871124505996704,
    0.44228681921958923,
    0.4620952904224396,
    0.4873306453227997,
    0.5078244209289551,
    0.5367257595062256
  ]
}