{
  "Train": [
    0.8289556503295898,
    0.8232541680335999,
    0.808207094669342,
    0.7939796447753906,
    0.7786104083061218,
    0.764132559299469,
    0.7509047985076904,
    0.7397394180297852,
    0.7266660928726196,
    0.7197305560112
  ],
  "Training Time": 3.1999969482421875,
  "Validate": [
    NaN,
    NaN,
    NaN,
    NaN,
    NaN,
    NaN,
    NaN,
    NaN,
    NaN,
    NaN
  ]
}