{
  "Train": [
    0.9795622229576111,
    0.9407197833061218,
    0.9222262501716614,
    0.9049637913703918,
    0.9016828536987305,
    0.8769747018814087,
    0.8628092408180237,
    0.8487683534622192,
    0.832815945148468,
    0.8170300126075745
  ],
  "Training Time": 3.0962467193603516,
  "Validate": [
    NaN,
    NaN,
    NaN,
    NaN,
    NaN,
    NaN,
    NaN,
    NaN,
    NaN,
    NaN
  ]
}