{
  "Train": [
    0.8267850875854492,
    0.8612592220306396,
    0.7633743286132812,
    0.7744861841201782,
    0.7618446350097656,
    0.7592533826828003,
    0.7316299080848694,
    0.7381924390792847,
    0.6972764134407043,
    0.6646209359169006
  ],
  "Training Time": 9.97614049911499,
  "Validate": [
    NaN,
    NaN,
    NaN,
    NaN,
    NaN,
    NaN,
    NaN,
    NaN,
    NaN,
    NaN
  ]
}