{
  "Train": [
    0.9755545258522034,
    0.9585207104682922,
    0.9428257346153259,
    0.9249902367591858,
    0.9062880873680115,
    0.888302206993103,
    0.8718886375427246,
    0.853972315788269,
    0.8663879036903381,
    0.8824262022972107
  ],
  "Training Time": 2.419659376144409,
  "Validate": [
    0.5022509098052979,
    0.4420895278453827,
    0.3740992248058319,
    0.34768784046173096,
    0.3453836143016815,
    0.3947283923625946,
    0.40055373311042786,
    0.4220747649669647,
    0.4101397395133972,
    0.3184340298175812
  ]
}