{
  "Train": [
    1.0647261142730713,
    1.1065127849578857,
    1.0620625019073486,
    1.0406086444854736,
    1.002869725227356,
    1.0656753778457642,
    0.9601462483406067,
    0.9865545630455017,
    0.9377269148826599,
    1.059388518333435
  ],
  "Training Time": 7.406072616577148,
  "Validate": [
    0.6727666854858398,
    0.5444852709770203,
    0.5534093379974365,
    0.5253334641456604,
    0.4997631311416626,
    0.5444532632827759,
    0.4289966821670532,
    0.5072608590126038,
    0.350065678358078,
    0.41678982973098755
  ]
}