{
  "Train": [
    1.187298059463501,
    1.1680573225021362,
    1.1631717681884766,
    1.1539946794509888,
    1.1474416255950928,
    1.1409785747528076,
    1.1353001594543457,
    1.1291685104370117,
    1.1230075359344482,
    1.1158398389816284
  ],
  "Training Time": 8.115736722946167,
  "Validate": [
    1.9740447998046875,
    1.9741027355194092,
    1.9794939756393433,
    2.0171914100646973,
    2.0161662101745605,
    2.027874231338501,
    2.03045654296875,
    2.027946710586548,
    2.0245702266693115,
    2.020991802215576
  ]
}