{
  "Train": [
    1.0977427959442139,
    1.0852081775665283,
    1.0793274641036987,
    1.0722103118896484,
    1.0633509159088135,
    1.0499074459075928,
    1.0313383340835571,
    0.9996554851531982,
    0.9516606330871582,
    0.8951850533485413,
    0.8553138971328735,
    0.8331805467605591,
    0.8220511078834534,
    0.8116269707679749,
    0.8026812076568604,
    0.7918822169303894,
    0.7794018983840942,
    0.8147727847099304,
    0.7767460942268372,
    0.7542701363563538,
    0.7296408414840698,
    0.787986159324646,
    0.7470365166664124,
    0.7295803427696228,
    0.7006005048751831,
    0.6846866011619568,
    0.6662822365760803,
    0.6594538688659668,
    0.6522709727287292,
    0.6436633467674255,
    0.6357024312019348,
    0.6256800889968872,
    0.6182016134262085,
    0.6074315905570984,
    0.5997963547706604,
    0.5922459959983826,
    0.5820475220680237,
    0.5725259780883789,
    0.5632087588310242,
    0.5534525513648987,
    0.5452647805213928,
    0.5378071665763855,
    0.5314597487449646,
    0.529426634311676,
    0.5296878218650818,
    0.5313672423362732,
    0.5259082913398743,
    0.5973913073539734,
    0.5948976874351501,
    0.4879882037639618,
    0.44137755036354065,
    0.44299209117889404,
    0.4406452775001526,
    0.40678828954696655,
    0.41213393211364746,
    0.37465164065361023,
    0.3616853356361389,
    0.3560817539691925,
    0.38319364190101624,
    0.36010444164276123,
    0.3033972978591919,
    0.2894436717033386,
    0.28979817032814026,
    0.3049781620502472,
    0.3542749583721161,
    0.3029022812843323,
    0.24988976120948792,
    0.2308756560087204,
    0.21106208860874176,
    0.19898788630962372,
    0.19273386895656586,
    0.18756678700447083,
    0.18066948652267456,
    0.172237366437912,
    0.16131705045700073,
    0.15007047355175018,
    0.14053016901016235,
    0.1384289413690567,
    0.13973474502563477,
    0.121261365711689,
    0.13457363843917847,
    0.115635447204113,
    0.12601715326309204,
    0.11567883938550949,
    0.10284442454576492,
    0.10394208878278732,
    0.08888161927461624,
    0.09098432958126068,
    0.6575140357017517,
    0.839820384979248,
    0.44542840123176575,
    0.2823742926120758,
    0.19082358479499817,
    0.18648511171340942,
    0.1502307653427124,
    0.13385848701000214,
    0.13383810222148895,
    0.11489687114953995,
    0.10957088321447372,
    0.09334047883749008
  ],
  "Training Time": 70.2148802280426,
  "Validate": [
    4.341245651245117,
    4.334932327270508,
    4.312593460083008,
    4.261471271514893,
    4.185935974121094,
    4.139499187469482,
    4.1834869384765625,
    4.407752990722656,
    4.641116142272949,
    4.516275405883789,
    4.427123546600342,
    4.445844650268555,
    4.441638946533203,
    4.378775119781494,
    4.328410625457764,
    4.294600009918213,
    4.271258354187012,
    4.426889419555664,
    4.467683792114258,
    4.40948486328125,
    4.411493301391602,
    4.593970775604248,
    4.555768013000488,
    4.407578945159912,
    4.355556964874268,
    4.319981098175049,
    4.297941207885742,
    4.296689987182617,
    4.311588287353516,
    4.279881000518799,
    4.297732353210449,
    4.293794631958008,
    4.2976155281066895,
    4.290680408477783,
    4.273119926452637,
    4.246817111968994,
    4.212746620178223,
    4.174915313720703,
    4.12362813949585,
    4.0731635093688965,
    4.034176826477051,
    4.0046467781066895,
    3.986971139907837,
    3.996767997741699,
    3.9996984004974365,
    3.963991403579712,
    3.96858811378479,
    5.530612468719482,
    4.0140156745910645,
    3.9878854751586914,
    4.002529144287109,
    4.027304172515869,
    3.9650626182556152,
    4.002945899963379,
    4.02421760559082,
    4.077378273010254,
    4.219996929168701,
    4.336967945098877,
    4.3829240798950195,
    4.218623161315918,
    4.258987903594971,
    4.3809428215026855,
    4.435915946960449,
    4.276172161102295,
    4.470608711242676,
    4.361256122589111,
    4.407177448272705,
    4.429868698120117,
    4.412733554840088,
    4.451502323150635,
    4.51790189743042,
    4.596611022949219,
    4.664847373962402,
    4.719891548156738,
    4.76182746887207,
    4.804868698120117,
    4.865715503692627,
    4.929499626159668,
    4.96051025390625,
    4.92680549621582,
    4.997469902038574,
    4.948848247528076,
    5.029171466827393,
    5.017886161804199,
    5.067257881164551,
    5.127881050109863,
    5.310188293457031,
    5.2599592208862305,
    7.76118803024292,
    4.883041858673096,
    4.80450963973999,
    4.876099109649658,
    4.794305801391602,
    4.8350725173950195,
    4.911099433898926,
    4.991657733917236,
    5.053908824920654,
    5.1804423332214355,
    5.2448344230651855,
    5.396697044372559
  ]
}