{
  "Train": [
    0.9688049554824829,
    0.30509141087532043,
    0.06580575555562973,
    0.03512737900018692,
    0.03073100931942463,
    0.02884177677333355,
    0.027114758267998695,
    0.0252253208309412,
    0.02308306097984314,
    0.021000133827328682,
    0.019367896020412445,
    0.01827154867351055,
    0.017649583518505096,
    0.01730990968644619,
    0.0171043798327446,
    0.016955716535449028,
    0.016827745363116264,
    0.01670573651790619,
    0.01658395119011402,
    0.016460329294204712,
    0.01633450761437416,
    0.01620684750378132,
    0.01607775129377842,
    0.015947580337524414,
    0.015816424041986465
  ],
  "Training Time": 15.440889120101929,
  "Validate": [
    21.27220916748047,
    32.09721374511719,
    30.333595275878906,
    30.65245819091797,
    30.756807327270508,
    30.73469352722168,
    30.682884216308594,
    30.620891571044922,
    30.52482795715332,
    30.352439880371094,
    30.13945960998535,
    29.985506057739258,
    29.887245178222656,
    29.813875198364258,
    29.75682258605957,
    29.714643478393555,
    29.68610382080078,
    29.66911506652832,
    29.661582946777344,
    29.66191291809082,
    29.66893196105957,
    29.681678771972656,
    29.699195861816406,
    29.720539093017578,
    29.744892120361328
  ]
}