{
  "Train": [
    0.5859680771827698,
    0.16023407876491547,
    0.12363841384649277,
    0.11195110529661179,
    0.10624475032091141,
    0.10228424519300461,
    0.09919480234384537,
    0.09658930450677872,
    0.09425847232341766,
    0.0920584425330162,
    0.08986704051494598,
    0.08757102489471436,
    0.08506078273057938,
    0.08223781734704971,
    0.07903890311717987,
    0.07546091079711914,
    0.07153890281915665,
    0.06728155165910721,
    0.06272768974304199,
    0.05812208727002144,
    0.05402261018753052,
    0.05084270238876343,
    0.048100121319293976,
    0.04559702053666115,
    0.04332108050584793
  ],
  "Training Time": 17.759814500808716,
  "Validate": [
    3.7157819271087646,
    4.354262351989746,
    5.320296287536621,
    5.987715244293213,
    6.492796421051025,
    6.873110771179199,
    7.156458854675293,
    7.366489887237549,
    7.524559497833252,
    7.6471476554870605,
    7.745344161987305,
    7.82699728012085,
    7.899002552032471,
    7.9686360359191895,
    8.043697357177734,
    8.131415367126465,
    8.236817359924316,
    8.36292839050293,
    8.512473106384277,
    8.681794166564941,
    8.846186637878418,
    8.97169017791748,
    9.062613487243652,
    9.126967430114746,
    9.166192054748535
  ]
}