{
  "Train": [
    0.8027284741401672,
    0.7040843963623047,
    0.6203756928443909,
    0.5461184978485107,
    0.4853895306587219,
    0.42851048707962036,
    0.3814622163772583,
    0.3386518657207489,
    0.2953486144542694,
    0.2523643672466278
  ],
  "Training Time": 2.589606761932373,
  "Validate": [
    1.005313754081726,
    0.6714947819709778,
    0.5592384338378906,
    0.38101208209991455,
    0.3416368365287781,
    0.25043657422065735,
    0.2757532000541687,
    0.1882934719324112,
    0.24601741135120392,
    0.19092002511024475
  ]
}