{
  "Train": [
    0.6106643676757812,
    0.43540385365486145,
    0.3789007365703583,
    0.34198668599128723,
    0.3228009343147278,
    0.31204748153686523,
    0.3040509819984436,
    0.29745301604270935,
    0.2917631268501282,
    0.2866600751876831
  ],
  "Training Time": 4.122404336929321,
  "Validate": [
    52.675018310546875,
    52.480995178222656,
    52.376590728759766,
    52.193763732910156,
    51.9488639831543,
    51.621700286865234,
    51.24064636230469,
    50.825313568115234,
    50.38170623779297,
    49.914188385009766
  ]
}