{
  "Train": [
    0.7237877249717712,
    0.7339828014373779,
    0.7315338253974915,
    0.7305663824081421,
    0.7277072668075562,
    0.7260379195213318,
    0.724545419216156,
    0.7231637239456177,
    0.721844494342804,
    0.7205533981323242
  ],
  "Training Time": 3.0875399112701416,
  "Validate": [
    NaN,
    NaN,
    NaN,
    NaN,
    NaN,
    NaN,
    NaN,
    NaN,
    NaN,
    NaN
  ]
}