{
  "Train": [
    0.9148035645484924,
    0.821972131729126,
    0.8104930520057678,
    0.8061593174934387,
    0.8034989833831787,
    0.8015098571777344,
    0.7998921871185303,
    0.7984957098960876,
    0.7972440719604492,
    0.7960925698280334
  ],
  "Training Time": 4.1621904373168945,
  "Validate": [
    2.613737106323242,
    2.42981219291687,
    2.407188892364502,
    2.392408847808838,
    2.3821611404418945,
    2.3746230602264404,
    2.3688642978668213,
    2.364335775375366,
    2.3606748580932617,
    2.3576319217681885
  ]
}