{
  "Train": [
    0.24036970734596252,
    0.13665041327476501,
    0.1219940334558487,
    0.11401335895061493,
    0.10896193236112595,
    0.10687512159347534,
    0.10263486206531525,
    0.09862659126520157,
    0.0957428365945816,
    0.09317386150360107,
    0.09051696211099625,
    0.08832700550556183,
    0.08631288260221481,
    0.08447922766208649,
    0.08279310911893845,
    0.08124946802854538,
    0.07988005131483078,
    0.07868099957704544,
    0.07762549817562103,
    0.0766628161072731,
    0.0757148340344429,
    0.07469034194946289,
    0.07350463420152664,
    0.07205904275178909,
    0.07011193782091141
  ],
  "Training Time": 12.448894023895264,
  "Validate": [
    0.10881448537111282,
    0.13652892410755157,
    0.15614350140094757,
    0.16497167944908142,
    0.2062183916568756,
    0.27708983421325684,
    0.2715347111225128,
    0.39558646082878113,
    0.5103863477706909,
    0.5697891712188721,
    0.6086609363555908,
    0.6286914944648743,
    0.6479671597480774,
    0.6689626574516296,
    0.6903071999549866,
    0.7093297243118286,
    0.7251784205436707,
    0.7379394769668579,
    0.7481382489204407,
    0.7563226222991943,
    0.7628931403160095,
    0.7682136297225952,
    0.772796094417572,
    0.7765051126480103,
    0.7698314189910889
  ]
}