{
  "Train": [
    0.1500246226787567,
    0.11224008351564407,
    0.10442350804805756,
    0.09670594334602356,
    0.09841933101415634,
    0.09350255131721497,
    0.0906946063041687,
    0.08747623860836029,
    0.0842990055680275,
    0.0823330506682396,
    0.07999710738658905,
    0.07904385030269623,
    0.07693513482809067,
    0.07698921114206314,
    0.07435975968837738,
    0.07591003179550171,
    0.071954645216465,
    0.07522929459810257,
    0.06989157199859619,
    0.07178735733032227,
    0.06747888028621674,
    0.06963887065649033,
    0.06584712862968445,
    0.06774646043777466,
    0.06440623104572296
  ],
  "Training Time": 16.03818941116333,
  "Validate": [
    NaN,
    NaN,
    NaN,
    NaN,
    NaN,
    NaN,
    NaN,
    NaN,
    NaN,
    NaN,
    NaN,
    NaN,
    NaN,
    NaN,
    NaN,
    NaN,
    NaN,
    NaN,
    NaN,
    NaN,
    NaN,
    NaN,
    NaN,
    NaN,
    NaN
  ]
}