{
  "Train": [
    0.17661385238170624,
    0.0698956623673439,
    0.05926116555929184,
    0.05442909523844719,
    0.0516330860555172,
    0.0496404692530632,
    0.04827409237623215,
    0.0465402789413929,
    0.045155834406614304,
    0.04339612275362015,
    0.04182525351643562,
    0.038884520530700684,
    0.036186013370752335,
    0.03248678520321846,
    0.029043778777122498,
    0.024768251925706863,
    0.021574407815933228,
    0.01939823292195797,
    0.01804068498313427,
    0.016690675169229507,
    0.015055268071591854,
    0.01375629287213087,
    0.012906691990792751,
    0.011843949556350708,
    0.010792585089802742
  ],
  "Training Time": 6.969968318939209,
  "Validate": [
    0.5660210251808167,
    0.6633864641189575,
    0.6515810489654541,
    0.6510239243507385,
    0.6648402810096741,
    0.6766374111175537,
    0.6562227606773376,
    0.6527712345123291,
    0.6140663623809814,
    0.6145400404930115,
    0.5636342763900757,
    0.5305303335189819,
    0.4831773638725281,
    0.47609788179397583,
    0.4828522503376007,
    0.4926976263523102,
    0.5000423192977905,
    0.5073447227478027,
    0.5173402428627014,
    0.5276157259941101,
    0.5333453416824341,
    0.5320087671279907,
    0.5310531258583069,
    0.530161440372467,
    0.521895170211792
  ]
}