{
  "Train": [
    0.8944723010063171,
    0.8313727378845215,
    0.8215270042419434,
    0.8168606758117676,
    0.8137392401695251,
    0.8112291693687439,
    0.8091304898262024,
    0.8071632385253906,
    0.8054506778717041,
    0.8037247061729431
  ],
  "Training Time": 5.494837760925293,
  "Validate": [
    2.724926710128784,
    2.6412017345428467,
    2.602020502090454,
    2.580188035964966,
    2.5657455921173096,
    2.5555055141448975,
    2.5473601818084717,
    2.5408036708831787,
    2.5350141525268555,
    2.5301411151885986
  ]
}