{
  "Train": [
    0.3471316695213318,
    0.18091820180416107,
    0.15236197412014008,
    0.13755518198013306,
    0.12865814566612244,
    0.12256132066249847,
    0.11765456199645996,
    0.11331503838300705,
    0.1092597246170044,
    0.10541100054979324,
    0.10214269906282425,
    0.10017077624797821,
    0.09893079847097397,
    0.09657947719097137,
    0.09416831284761429,
    0.09109807014465332,
    0.08870591968297958,
    0.0874192863702774,
    0.08580217510461807,
    0.08125003427267075,
    0.09822892397642136,
    0.076093889772892,
    0.07847003638744354,
    0.07338335365056992,
    0.0730653926730156
  ],
  "Training Time": 18.19185161590576,
  "Validate": [
    0.9326962828636169,
    0.7105349898338318,
    0.7447326183319092,
    0.8071455359458923,
    0.8737000823020935,
    0.9416895508766174,
    1.0036134719848633,
    1.055970311164856,
    1.0993034839630127,
    1.1344995498657227,
    1.161553978919983,
    1.1926277875900269,
    1.2389694452285767,
    1.3052303791046143,
    1.378407597541809,
    1.4364253282546997,
    1.4831115007400513,
    1.511074185371399,
    1.5516105890274048,
    1.5711493492126465,
    1.5601595640182495,
    1.6191319227218628,
    1.5380375385284424,
    1.602943778038025,
    1.5551695823669434
  ]
}