{
  "Train": [
    0.29005780816078186,
    0.1406470239162445,
    0.12868376076221466,
    0.1186850294470787,
    0.0990484431385994,
    0.09582056850194931,
    0.09181831777095795,
    0.08984612673521042,
    0.0879443809390068,
    0.08654893189668655,
    0.08528756350278854,
    0.08422207832336426,
    0.08311709016561508,
    0.0819690078496933,
    0.08078664541244507,
    0.07971692085266113,
    0.07878502458333969,
    0.0785125195980072,
    0.07755595445632935,
    0.07628180086612701,
    0.07710891962051392,
    0.07612302154302597,
    0.07205399870872498,
    0.07433119416236877,
    0.07095950841903687
  ],
  "Training Time": 23.567489862442017,
  "Validate": [
    NaN,
    NaN,
    NaN,
    NaN,
    NaN,
    NaN,
    NaN,
    NaN,
    NaN,
    NaN,
    NaN,
    NaN,
    NaN,
    NaN,
    NaN,
    NaN,
    NaN,
    NaN,
    NaN,
    NaN,
    NaN,
    NaN,
    NaN,
    NaN,
    NaN
  ]
}