{
  "Train": [
    0.9522133469581604,
    0.9275888204574585,
    0.8979610204696655,
    0.8800215721130371,
    0.8638590574264526,
    0.8484172821044922,
    0.8338242769241333,
    0.8193120360374451,
    0.8063787817955017,
    0.7944145798683167
  ],
  "Training Time": 2.539998769760132,
  "Validate": [
    0.31525105237960815,
    0.336921364068985,
    0.36072298884391785,
    0.3797285258769989,
    0.4012938141822815,
    0.425568163394928,
    0.45031896233558655,
    0.472046822309494,
    0.4903172254562378,
    0.506164014339447
  ]
}