{
  "Train": [
    0.12535814940929413,
    0.06365950405597687,
    0.041224949061870575,
    0.03350149095058441,
    0.02896168828010559,
    0.026011919602751732,
    0.023338403552770615,
    0.02137811854481697,
    0.019976288080215454,
    0.018198493868112564,
    0.017792416736483574,
    0.01566295698285103,
    0.02031623013317585,
    0.01987321302294731,
    0.012855215929448605,
    0.011978519149124622,
    0.012493041343986988,
    0.010598188266158104,
    0.011199476197361946,
    0.013590231537818909,
    0.008900905959308147,
    0.009692756459116936,
    0.00951950903981924,
    0.019691994413733482,
    0.016431955620646477
  ],
  "Training Time": 7.409965991973877,
  "Validate": [
    0.04752562195062637,
    0.0027131361421197653,
    0.0089802211150527,
    0.008059441111981869,
    0.015665065497159958,
    0.005825176369398832,
    0.002961294259876013,
    0.0006923911278136075,
    0.002479786518961191,
    0.0021088458597660065,
    0.009460684843361378,
    0.0007436580490320921,
    0.0009208419942297041,
    0.002095959149301052,
    0.001792264636605978,
    0.007779402658343315,
    0.03048839047551155,
    0.020508769899606705,
    0.04939064756035805,
    0.02017226628959179,
    0.03838278353214264,
    0.022903423756361008,
    0.06275799870491028,
    0.04649588093161583,
    0.004684105981141329
  ]
}