{
  "Train": [
    0.02348407544195652,
    0.008987185545265675,
    0.0065312255173921585,
    0.005485994275659323,
    0.00504566403105855,
    0.0046418095007538795,
    0.004617678001523018,
    0.004649273119866848,
    0.004201317206025124,
    0.007437643129378557,
    0.008233942091464996,
    0.005349024198949337,
    0.004394497722387314,
    0.006243258714675903,
    0.005412367172539234,
    0.004296958912163973,
    0.004549000877887011,
    0.006906677503138781,
    0.004100198857486248,
    0.00642548268660903,
    0.012038539163768291,
    0.015075015835464,
    0.009410989470779896,
    0.005098303779959679,
    0.004637141712009907
  ],
  "Training Time": 9.399818897247314,
  "Validate": [
    NaN,
    NaN,
    NaN,
    NaN,
    NaN,
    NaN,
    NaN,
    NaN,
    NaN,
    NaN,
    NaN,
    NaN,
    NaN,
    NaN,
    NaN,
    NaN,
    NaN,
    NaN,
    NaN,
    NaN,
    NaN,
    NaN,
    NaN,
    NaN,
    NaN
  ]
}