{
  "Train": [
    0.06431758403778076,
    0.026465052738785744,
    0.025285065174102783,
    0.01645551808178425,
    0.016024602577090263,
    0.013599090278148651,
    0.012606601230800152,
    0.01129007525742054,
    0.01041598804295063,
    0.009623988531529903,
    0.009137667715549469,
    0.008859887719154358,
    0.008755946531891823,
    0.008629013784229755,
    0.00847198348492384,
    0.008334768936038017,
    0.008213556371629238,
    0.008104953914880753,
    0.007995863445103168,
    0.007873122580349445,
    0.007748276926577091,
    0.007636205293238163,
    0.0075245569460093975,
    0.007405271288007498,
    0.007289391476660967
  ],
  "Training Time": 6.679995775222778,
  "Validate": [
    5.841551303863525,
    4.153962135314941,
    3.6899209022521973,
    3.2697203159332275,
    3.0299627780914307,
    2.8851003646850586,
    2.779503107070923,
    2.7249436378479004,
    2.694037914276123,
    2.690877676010132,
    2.698488473892212,
    2.7113282680511475,
    2.7219221591949463,
    2.739910364151001,
    2.7697527408599854,
    2.808814764022827,
    2.855367422103882,
    2.90814208984375,
    2.967329263687134,
    3.034376621246338,
    3.1081717014312744,
    3.1852102279663086,
    3.2636971473693848,
    3.342428684234619,
    3.4217469692230225
  ]
}