{
  "Train": [
    0.32949233055114746,
    0.15899112820625305,
    0.14470884203910828,
    0.13675342500209808,
    0.131217822432518,
    0.1267528384923935,
    0.12290937453508377,
    0.11949299275875092,
    0.11639193445444107,
    0.11354609578847885,
    0.11093217134475708,
    0.10854598134756088,
    0.1063888743519783,
    0.104459248483181,
    0.10274749994277954,
    0.10123526304960251,
    0.09989799559116364,
    0.09870832413434982,
    0.09764013439416885,
    0.09667039662599564,
    0.09578031301498413,
    0.0949549749493599,
    0.09418276697397232,
    0.09345432370901108,
    0.09276227653026581
  ],
  "Training Time": 12.4170823097229,
  "Validate": [
    0.08690346032381058,
    0.09069909155368805,
    0.10038828104734421,
    0.11222908645868301,
    0.12606292963027954,
    0.14329293370246887,
    0.16467362642288208,
    0.18912354111671448,
    0.21468590199947357,
    0.239942729473114,
    0.2642638087272644,
    0.28744885325431824,
    0.30939599871635437,
    0.3299693763256073,
    0.3490040600299835,
    0.36637771129608154,
    0.38206660747528076,
    0.3961670994758606,
    0.4088752567768097,
    0.42044350504875183,
    0.4311349093914032,
    0.44118955731391907,
    0.450809508562088,
    0.46015089750289917,
    0.46932685375213623
  ]
}