{
  "Train": [
    0.928206205368042,
    0.8496348261833191,
    0.8343482613563538,
    0.8274149298667908,
    0.8230903744697571,
    0.8198143839836121,
    0.8171600699424744,
    0.8148469924926758,
    0.8128230571746826,
    0.8109741806983948
  ],
  "Training Time": 5.4792492389678955,
  "Validate": [
    2.859755516052246,
    2.713986396789551,
    2.6565439701080322,
    2.6275787353515625,
    2.6084983348846436,
    2.5935144424438477,
    2.581164836883545,
    2.5704290866851807,
    2.5611705780029297,
    2.5529305934906006
  ]
}