{
  "Train": [
    0.8425862789154053,
    0.8166218400001526,
    0.8012570142745972,
    0.7900964617729187,
    0.7787941098213196,
    0.7659598588943481,
    0.7527050375938416,
    0.7413478493690491,
    0.7318297624588013,
    0.7235648036003113
  ],
  "Training Time": 3.385047435760498,
  "Validate": [
    0.7325439453125,
    0.7517778873443604,
    0.7645249962806702,
    0.7694593071937561,
    0.7692453861236572,
    0.7657786011695862,
    0.7606074810028076,
    0.7547531723976135,
    0.7491296529769897,
    0.7442378997802734
  ]
}