{
  "Train": [
    1.248011827468872,
    1.21684992313385,
    1.1891745328903198,
    1.17545485496521,
    1.168578028678894,
    1.16232430934906,
    1.157615065574646,
    1.152307391166687,
    1.1471189260482788,
    1.1420670747756958
  ],
  "Training Time": 15.83882212638855,
  "Validate": [
    1.1026414632797241,
    1.2061474323272705,
    1.2188057899475098,
    1.226956844329834,
    1.2179182767868042,
    1.2023764848709106,
    1.1950396299362183,
    1.1915663480758667,
    1.1964750289916992,
    1.2081148624420166
  ]
}