{
  "Train": [
    0.9379290342330933,
    0.9056724309921265,
    0.8641267418861389,
    0.8522236943244934,
    0.8436567783355713,
    0.8371559381484985,
    0.8306177854537964,
    0.8245898485183716,
    0.8183530569076538,
    0.8128535747528076
  ],
  "Training Time": 12.697551012039185,
  "Validate": [
    3.186455488204956,
    3.325178623199463,
    3.0694212913513184,
    3.003817558288574,
    2.9511497020721436,
    2.9137628078460693,
    2.851172924041748,
    2.807920455932617,
    2.709371566772461,
    2.5843584537506104
  ]
}