{
  "Train": [
    0.9644988775253296,
    0.8601239323616028,
    0.5515933632850647,
    0.45504629611968994,
    0.4381549656391144,
    0.395196795463562,
    0.38033217191696167,
    0.36701700091362,
    0.3713266849517822,
    0.37231627106666565,
    0.3476947546005249,
    0.3406113386154175,
    0.32849809527397156,
    0.6991425156593323,
    0.6533005833625793,
    0.6177107691764832,
    0.6049701571464539,
    0.5729613900184631,
    0.5730056762695312,
    0.5821542739868164,
    0.5245289206504822,
    0.4958532154560089,
    0.48721376061439514,
    0.4824742376804352,
    0.4251633584499359,
    0.4015013575553894,
    0.380951851606369,
    0.35078445076942444,
    0.33842238783836365,
    0.3263809382915497,
    0.33121639490127563,
    0.21350005269050598,
    0.20971836149692535,
    0.7292036414146423,
    0.5244868993759155,
    0.38490045070648193,
    0.4176558554172516,
    0.389710396528244,
    0.32251426577568054,
    0.27641886472702026,
    0.24291743338108063,
    0.24651342630386353,
    0.21321213245391846,
    0.1954783797264099,
    0.18003183603286743,
    0.19539020955562592,
    0.1621531993150711,
    0.14393599331378937,
    0.1308121532201767,
    0.12210381031036377,
    0.11346602439880371,
    0.10657518357038498,
    0.10004367679357529,
    0.09409162402153015,
    0.0891028419137001,
    0.08447787910699844,
    0.08293252438306808,
    0.11932241171598434,
    0.16180916130542755,
    0.11161578446626663,
    0.11327385902404785,
    0.13267119228839874,
    0.09603169560432434,
    0.07834424078464508,
    0.06465587019920349,
    0.06517213582992554,
    0.06177598983049393,
    0.05757005140185356,
    0.06226479634642601,
    0.06689444929361343,
    0.09391023963689804,
    0.1300087720155716,
    0.10339442640542984,
    0.1929931640625,
    0.193846195936203,
    0.22961650788784027,
    0.15688776969909668,
    0.13759218156337738,
    0.1228206604719162,
    0.1063484475016594,
    0.09651026129722595,
    0.08632194995880127,
    0.07627575844526291,
    0.07292599976062775,
    0.06507665663957596,
    0.06110489368438721,
    0.05778677016496658,
    0.05521346628665924,
    0.052621543407440186,
    0.05332651361823082,
    0.05145300179719925,
    0.0471230149269104,
    0.050606220960617065,
    0.17882493138313293,
    0.18720147013664246,
    0.09958910942077637,
    0.06587985903024673,
    0.05156060308218002,
    0.047265585511922836,
    0.04371311143040657
  ],
  "Training Time": 129.77031111717224,
  "Validate": [
    NaN,
    NaN,
    NaN,
    NaN,
    NaN,
    NaN,
    NaN,
    NaN,
    NaN,
    NaN,
    NaN,
    NaN,
    NaN,
    NaN,
    NaN,
    NaN,
    NaN,
    NaN,
    NaN,
    NaN,
    NaN,
    NaN,
    NaN,
    NaN,
    NaN,
    NaN,
    NaN,
    NaN,
    NaN,
    NaN,
    NaN,
    NaN,
    NaN,
    NaN,
    NaN,
    NaN,
    NaN,
    NaN,
    NaN,
    NaN,
    NaN,
    NaN,
    NaN,
    NaN,
    NaN,
    NaN,
    NaN,
    NaN,
    NaN,
    NaN,
    NaN,
    NaN,
    NaN,
    NaN,
    NaN,
    NaN,
    NaN,
    NaN,
    NaN,
    NaN,
    NaN,
    NaN,
    NaN,
    NaN,
    NaN,
    NaN,
    NaN,
    NaN,
    NaN,
    NaN,
    NaN,
    NaN,
    NaN,
    NaN,
    NaN,
    NaN,
    NaN,
    NaN,
    NaN,
    NaN,
    NaN,
    NaN,
    NaN,
    NaN,
    NaN,
    NaN,
    NaN,
    NaN,
    NaN,
    NaN,
    NaN,
    NaN,
    NaN,
    NaN,
    NaN,
    NaN,
    NaN,
    NaN,
    NaN,
    NaN
  ]
}