{
  "Train": [
    0.7861562371253967,
    0.7007302641868591,
    0.7313553094863892,
    0.6808516979217529,
    0.6883779168128967,
    0.6644537448883057,
    0.6498793959617615,
    0.6346416473388672,
    0.6202840805053711,
    0.6065511107444763
  ],
  "Training Time": 14.475900411605835,
  "Validate": [
    NaN,
    NaN,
    NaN,
    NaN,
    NaN,
    NaN,
    NaN,
    NaN,
    NaN,
    NaN
  ]
}