{
  "Train": [
    1.0578348636627197,
    1.051071047782898,
    1.0474871397018433,
    1.0443147420883179,
    1.0402841567993164,
    1.0349668264389038,
    1.0276637077331543,
    1.0180164575576782,
    1.0062440633773804,
    0.9940434098243713
  ],
  "Training Time": 3.576618194580078,
  "Validate": [
    3.116382360458374,
    3.1001439094543457,
    3.0846047401428223,
    3.064781904220581,
    3.039515972137451,
    3.006006956100464,
    2.9628119468688965,
    2.910886764526367,
    2.862062454223633,
    2.8323864936828613
  ]
}