{
  "Train": [
    0.945066511631012,
    0.9213002324104309,
    0.9026393890380859,
    0.8865403532981873,
    0.8709423542022705,
    0.8538498878479004,
    0.8345949053764343,
    0.8151257038116455,
    0.8000414371490479,
    0.7897268533706665
  ],
  "Training Time": 2.378166913986206,
  "Validate": [
    0.3312145173549652,
    0.3360368609428406,
    0.34126195311546326,
    0.35207483172416687,
    0.36854293942451477,
    0.39511141180992126,
    0.44055867195129395,
    0.5130492448806763,
    0.5927130579948425,
    0.6428186297416687
  ]
}