{
  "Train": [
    0.9692142009735107,
    0.43250295519828796,
    0.38886457681655884,
    0.3605911433696747,
    0.3358939588069916,
    0.31658244132995605,
    0.3013247847557068,
    0.28639158606529236,
    0.270978718996048,
    0.2544335126876831
  ],
  "Training Time": 17.52359628677368,
  "Validate": [
    35.889217376708984,
    40.62162780761719,
    40.71192932128906,
    40.112972259521484,
    39.60927200317383,
    39.0900993347168,
    38.55195617675781,
    38.271392822265625,
    39.27336883544922,
    38.072654724121094
  ]
}