{
  "Train": [
    0.9728831648826599,
    0.9334667921066284,
    0.8604742288589478,
    0.85263592004776,
    0.8406895399093628,
    0.8338322639465332,
    0.8270368576049805,
    0.8212565183639526,
    0.8151703476905823,
    0.8087059855461121
  ],
  "Training Time": 12.46253490447998,
  "Validate": [
    3.5785536766052246,
    3.695345163345337,
    3.162436008453369,
    3.0694007873535156,
    3.009268045425415,
    2.982173204421997,
    2.9455041885375977,
    2.909285068511963,
    2.875082492828369,
    2.809657096862793
  ]
}