{
  "Train": [
    0.7450047731399536,
    0.7189858555793762,
    0.692664623260498,
    0.680293619632721,
    0.6647160649299622,
    0.6518753170967102,
    0.6429208517074585,
    0.6245880722999573,
    0.6135050654411316,
    0.5853037238121033
  ],
  "Training Time": 11.422587394714355,
  "Validate": [
    0.3952212333679199,
    0.40340691804885864,
    0.39693889021873474,
    0.395480751991272,
    0.40414106845855713,
    0.4162287712097168,
    0.43217286467552185,
    0.44293412566185,
    0.4478456377983093,
    0.42791691422462463
  ]
}