{
  "Train": [
    1.029561996459961,
    1.0253194570541382,
    1.0224933624267578,
    1.0161293745040894,
    1.006381630897522,
    1.0005947351455688,
    0.9972212910652161,
    0.9912633299827576,
    0.9859150052070618,
    0.9790840148925781
  ],
  "Training Time": 3.167384624481201,
  "Validate": [
    NaN,
    NaN,
    NaN,
    NaN,
    NaN,
    NaN,
    NaN,
    NaN,
    NaN,
    NaN
  ]
}