{
  "Train": [
    0.7455384135246277,
    0.7018738985061646,
    0.6929739713668823,
    0.6820545196533203,
    0.6758988499641418,
    0.6701295971870422,
    0.6640140414237976,
    0.6589753031730652,
    0.6543459892272949,
    0.6460195779800415
  ],
  "Training Time": 7.584873914718628,
  "Validate": [
    0.41433951258659363,
    0.4277982711791992,
    0.44096890091896057,
    0.44972068071365356,
    0.46083927154541016,
    0.47127988934516907,
    0.47723913192749023,
    0.47652795910835266,
    0.47184982895851135,
    0.47333621978759766
  ]
}