{
  "Train": [
    0.8766516447067261,
    0.827297031879425,
    0.8052694201469421,
    0.7938324213027954,
    0.7850019931793213,
    0.7736257910728455,
    0.7698587775230408,
    0.7481611967086792,
    0.7311037182807922,
    0.6934565901756287
  ],
  "Training Time": 9.753359317779541,
  "Validate": [
    NaN,
    NaN,
    NaN,
    NaN,
    NaN,
    NaN,
    NaN,
    NaN,
    NaN,
    NaN
  ]
}