{
  "Train": [
    1.0285251140594482,
    1.028383493423462,
    1.0283414125442505,
    1.0301754474639893,
    1.0228220224380493,
    1.0046350955963135,
    0.9625001549720764,
    0.93083256483078,
    0.9119353890419006,
    0.9024624824523926
  ],
  "Training Time": 4.1999616622924805,
  "Validate": [
    NaN,
    NaN,
    NaN,
    NaN,
    NaN,
    NaN,
    NaN,
    NaN,
    NaN,
    NaN
  ]
}