{
  "Train": [
    1.0336401462554932,
    1.0359032154083252,
    1.0318350791931152,
    1.0311893224716187,
    1.0305863618850708,
    1.0303432941436768,
    1.0304161310195923,
    1.0303930044174194,
    1.029792308807373,
    1.029666543006897
  ],
  "Training Time": 3.449963092803955,
  "Validate": [
    0.42722341418266296,
    0.4096251130104065,
    0.41241276264190674,
    0.41279083490371704,
    0.41306620836257935,
    0.41349607706069946,
    0.4137073755264282,
    0.413568377494812,
    0.413741797208786,
    0.41411092877388
  ]
}