{
  "Train": [
    1.1258926391601562,
    1.1168736219406128,
    1.1141281127929688,
    1.112562894821167,
    1.1115062236785889,
    1.1107088327407837,
    1.1100494861602783,
    1.1094528436660767,
    1.1088616847991943,
    1.1082124710083008
  ],
  "Training Time": 2.3487541675567627,
  "Validate": [
    1.412272572517395,
    1.399168610572815,
    1.3950737714767456,
    1.3947360515594482,
    1.396263837814331,
    1.398815393447876,
    1.4019702672958374,
    1.405511498451233,
    1.4093345403671265,
    1.4133994579315186
  ]
}