{
  "Train": [
    0.8907364010810852,
    0.846571147441864,
    0.8179275393486023,
    0.7913452386856079,
    0.7643086910247803,
    0.739008903503418,
    0.7162620425224304,
    0.6938058137893677,
    0.669477641582489,
    0.6456729769706726
  ],
  "Training Time": 14.533061027526855,
  "Validate": [
    NaN,
    NaN,
    NaN,
    NaN,
    NaN,
    NaN,
    NaN,
    NaN,
    NaN,
    NaN
  ]
}