{
  "Train": [
    0.13880720734596252,
    0.11646083742380142,
    0.10477603226900101,
    0.10284610092639923,
    0.09259532392024994,
    0.09323234856128693,
    0.08780532330274582,
    0.07809879630804062,
    0.07927467674016953,
    0.072360560297966,
    0.0759143978357315,
    0.07839024066925049,
    0.08246337622404099,
    0.07280039042234421,
    0.08484905958175659,
    0.0782972201704979,
    0.06708214432001114,
    0.07174690812826157,
    0.0685264840722084,
    0.06650751084089279,
    0.06405376642942429,
    0.06452276557683945,
    0.0681682899594307,
    0.06601192057132721,
    0.06133205071091652
  ],
  "Training Time": 7.868444442749023,
  "Validate": [
    NaN,
    NaN,
    NaN,
    NaN,
    NaN,
    NaN,
    NaN,
    NaN,
    NaN,
    NaN,
    NaN,
    NaN,
    NaN,
    NaN,
    NaN,
    NaN,
    NaN,
    NaN,
    NaN,
    NaN,
    NaN,
    NaN,
    NaN,
    NaN,
    NaN
  ]
}