{
  "Train": [
    0.10812622308731079,
    0.10319323092699051,
    0.09781088680028915,
    0.09531061351299286,
    0.09305199235677719,
    0.0912250429391861,
    0.0898369550704956,
    0.08871428668498993,
    0.08773927390575409,
    0.0868295356631279,
    0.08594337850809097,
    0.08506456762552261,
    0.08420438319444656,
    0.08338634669780731,
    0.0826479122042656,
    0.08199731260538101,
    0.08124905824661255,
    0.08010121434926987,
    0.0785055086016655,
    0.07679148018360138,
    0.0752064660191536,
    0.07443223893642426,
    0.07372619956731796,
    0.07250450551509857,
    0.07156572490930557
  ],
  "Training Time": 6.288271427154541,
  "Validate": [
    0.2436414659023285,
    0.18455685675144196,
    0.1654036045074463,
    0.15595752000808716,
    0.15026836097240448,
    0.14522506296634674,
    0.14055076241493225,
    0.13563460111618042,
    0.1306072622537613,
    0.1252407431602478,
    0.11961455643177032,
    0.11390633881092072,
    0.10854971408843994,
    0.1040116474032402,
    0.10069043189287186,
    0.09851603209972382,
    0.09688641875982285,
    0.09562326222658157,
    0.09552118927240372,
    0.09664532542228699,
    0.09754640609025955,
    0.09905122965574265,
    0.09882350265979767,
    0.09972675144672394,
    0.10192244499921799
  ]
}