{
  "Train": [
    1.0749735832214355,
    1.0625276565551758,
    1.0609607696533203,
    1.0596387386322021,
    1.0586251020431519,
    1.0580487251281738,
    1.0573797225952148,
    1.0568280220031738,
    1.0563548803329468,
    1.0556416511535645
  ],
  "Training Time": 6.129776477813721,
  "Validate": [
    7.184987545013428,
    7.170859336853027,
    7.164907455444336,
    7.170764446258545,
    7.176578044891357,
    7.177491188049316,
    7.19010066986084,
    7.194571495056152,
    7.205563068389893,
    7.224691867828369
  ]
}