{
  "Train": [
    0.7740734815597534,
    0.7371673583984375,
    0.7235078811645508,
    0.7283521294593811,
    0.7063971757888794,
    0.6977336406707764,
    0.6878416538238525,
    0.6746001839637756,
    0.6643898487091064,
    0.6513255834579468
  ],
  "Training Time": 14.530253648757935,
  "Validate": [
    NaN,
    NaN,
    NaN,
    NaN,
    NaN,
    NaN,
    NaN,
    NaN,
    NaN,
    NaN
  ]
}