{
  "Train": [
    0.897402286529541,
    0.8486769795417786,
    0.8228432536125183,
    0.7999218702316284,
    0.7723115682601929,
    0.7376360297203064,
    0.6801798939704895,
    0.6812589764595032,
    0.6732172966003418,
    0.6567275524139404
  ],
  "Training Time": 9.475237131118774,
  "Validate": [
    NaN,
    NaN,
    NaN,
    NaN,
    NaN,
    NaN,
    NaN,
    NaN,
    NaN,
    NaN
  ]
}