{
  "Train": [
    1.1480218172073364,
    1.1156423091888428,
    1.0941940546035767,
    1.0774321556091309,
    1.0629221200942993,
    1.0499134063720703,
    1.037665843963623,
    1.025549054145813,
    1.013366460800171,
    1.000975251197815,
    0.987948477268219,
    0.9737828373908997,
    0.9578545689582825,
    0.9391552805900574,
    0.9164291024208069,
    0.8905378580093384,
    0.8612207174301147,
    0.8318324685096741,
    0.8014258146286011,
    0.774245023727417,
    0.748528778553009,
    0.725601077079773,
    0.7031669616699219,
    0.6796464920043945,
    0.6505587100982666,
    0.6375899910926819,
    0.6203888058662415,
    0.6017853617668152,
    0.5865257978439331,
    0.5702710151672363,
    0.5536977052688599,
    0.5381690263748169,
    0.5219837427139282,
    0.5053079128265381,
    0.48823282122612,
    0.47011277079582214,
    0.45173004269599915,
    0.43353646993637085,
    0.41598114371299744,
    0.39997339248657227,
    0.3855455219745636,
    0.37263190746307373,
    0.36113283038139343,
    0.35073602199554443,
    0.3412379026412964,
    0.3324875831604004,
    0.324323445558548,
    0.31662675738334656,
    0.3093077540397644,
    0.30228888988494873,
    0.29550600051879883,
    0.2889053225517273,
    0.2824379801750183,
    0.2760552763938904,
    0.2697076201438904,
    0.2633421719074249,
    0.256903737783432,
    0.250337690114975,
    0.24359428882598877,
    0.23663409054279327,
    0.22944313287734985,
    0.22210434079170227,
    0.21484152972698212,
    0.2078566700220108,
    0.20168326795101166,
    0.19787907600402832,
    0.1929636001586914,
    0.18307925760746002,
    0.1808280646800995,
    0.17647890746593475,
    0.1648254692554474,
    0.16229885816574097,
    0.15990477800369263,
    0.1837981641292572,
    0.1620788276195526,
    0.14741253852844238,
    0.1337025910615921,
    0.129934623837471,
    0.12733536958694458,
    0.1230640634894371,
    0.1191510409116745,
    0.11590427160263062,
    0.11376207321882248,
    0.10938264429569244,
    0.10464975237846375,
    0.10051517188549042,
    0.09586798399686813,
    0.09092175960540771,
    0.08752819895744324,
    0.09030674397945404,
    0.0865456759929657,
    0.09638647735118866,
    0.08699370920658112,
    0.08476916700601578,
    0.07475409656763077,
    0.06933433562517166,
    0.06562149524688721,
    0.0654783770442009,
    0.06701600551605225,
    0.31803908944129944
  ],
  "Training Time": 44.23828411102295,
  "Validate": [
    1.8994965553283691,
    1.8586108684539795,
    1.830483317375183,
    1.804479956626892,
    1.7791088819503784,
    1.7541937828063965,
    1.7301506996154785,
    1.707701563835144,
    1.6874839067459106,
    1.6701544523239136,
    1.6566160917282104,
    1.647526502609253,
    1.6428992748260498,
    1.6422580480575562,
    1.6446934938430786,
    1.6479427814483643,
    1.654279351234436,
    1.6574070453643799,
    1.6578212976455688,
    1.6608985662460327,
    1.6608061790466309,
    1.649723768234253,
    1.622548222541809,
    1.6987926959991455,
    1.6573580503463745,
    1.6917545795440674,
    1.7236806154251099,
    1.7318512201309204,
    1.7574518918991089,
    1.7824703454971313,
    1.7995015382766724,
    1.8225024938583374,
    1.8450084924697876,
    1.8661388158798218,
    1.8915172815322876,
    1.9163058996200562,
    1.9408701658248901,
    1.9689686298370361,
    1.997279405593872,
    2.0272974967956543,
    2.0598905086517334,
    2.092463254928589,
    2.1256375312805176,
    2.1591973304748535,
    2.192060947418213,
    2.2243473529815674,
    2.2558302879333496,
    2.286114454269409,
    2.314997673034668,
    2.3421530723571777,
    2.367178201675415,
    2.389645576477051,
    2.409090995788574,
    2.4250290393829346,
    2.4369616508483887,
    2.444338798522949,
    2.4465153217315674,
    2.442760944366455,
    2.4324846267700195,
    2.4156992435455322,
    2.3934597969055176,
    2.3673501014709473,
    2.3374807834625244,
    2.303011417388916,
    2.26528000831604,
    2.2247390747070312,
    2.1857717037200928,
    2.1414239406585693,
    2.122965097427368,
    2.1675503253936768,
    2.1387460231781006,
    2.1463582515716553,
    2.204630136489868,
    2.304492235183716,
    2.455209493637085,
    2.4139578342437744,
    2.3980391025543213,
    2.3854479789733887,
    2.3945300579071045,
    2.3732755184173584,
    2.339340925216675,
    2.269373893737793,
    2.2458765506744385,
    2.268648386001587,
    2.316715717315674,
    2.326030969619751,
    2.2494869232177734,
    2.176239490509033,
    2.132171869277954,
    2.2514266967773438,
    2.1531596183776855,
    2.176189661026001,
    2.0362627506256104,
    1.9485111236572266,
    1.8772259950637817,
    1.839809536933899,
    1.7956299781799316,
    1.8278858661651611,
    1.8665473461151123,
    1.3600945472717285
  ]
}