{
  "Train": [
    1.0264034271240234,
    1.0518066883087158,
    1.0027774572372437,
    0.9588543772697449,
    0.8812154531478882,
    0.8474275469779968,
    0.7725990414619446,
    0.7917190790176392,
    0.850769579410553,
    0.7193114757537842
  ],
  "Training Time": 6.496509790420532,
  "Validate": [
    NaN,
    NaN,
    NaN,
    NaN,
    NaN,
    NaN,
    NaN,
    NaN,
    NaN,
    NaN
  ]
}