{
  "Train": [
    1.186527967453003,
    1.151861310005188,
    1.1459981203079224,
    1.142593264579773,
    1.139809012413025,
    1.1372497081756592,
    1.1349196434020996,
    1.1330296993255615,
    1.1319602727890015,
    1.131617784500122
  ],
  "Training Time": 15.765276908874512,
  "Validate": [
    1.1022366285324097,
    1.118894100189209,
    1.1204842329025269,
    1.1198463439941406,
    1.119505763053894,
    1.1137396097183228,
    1.0911054611206055,
    1.0752989053726196,
    1.0912734270095825,
    1.128935694694519
  ]
}