{
  "Train": [
    0.4268837571144104,
    0.2496013343334198,
    0.13755880296230316,
    0.12233433872461319,
    0.10955817997455597,
    0.10072264820337296,
    0.09256470948457718,
    0.08453849703073502,
    0.07677813619375229,
    0.06741698086261749,
    0.060104306787252426,
    0.056570302695035934,
    0.050104912370443344,
    0.048480045050382614,
    0.04581499844789505,
    0.04440531134605408,
    0.04131883755326271,
    0.04156898707151413,
    0.03844562917947769,
    0.04079984501004219,
    0.035983625799417496,
    0.04313882067799568,
    0.035288307815790176,
    0.04687166586518288,
    0.03529023379087448
  ],
  "Training Time": 18.119308710098267,
  "Validate": [
    4.123390197753906,
    4.408288478851318,
    5.391519546508789,
    6.135522842407227,
    6.823809623718262,
    7.497642517089844,
    8.202901840209961,
    8.988948822021484,
    9.971138000488281,
    11.226583480834961,
    12.162023544311523,
    12.387255668640137,
    12.22637939453125,
    11.834856986999512,
    11.547552108764648,
    11.235953330993652,
    11.017365455627441,
    10.743950843811035,
    10.59428596496582,
    10.315909385681152,
    10.219605445861816,
    9.891847610473633,
    9.878795623779297,
    9.499497413635254,
    9.531767845153809
  ]
}