{
  "Train": [
    0.23696136474609375,
    0.08118399977684021,
    0.05872432515025139,
    0.04973591864109039,
    0.04431554675102234,
    0.04074825346469879,
    0.037726327776908875,
    0.03468867018818855,
    0.03160218894481659,
    0.02895323932170868,
    0.027182623744010925,
    0.02603442780673504,
    0.02506469003856182,
    0.024054374545812607,
    0.023048168048262596,
    0.02236189693212509,
    0.021950842812657356,
    0.021236218512058258,
    0.020348243415355682,
    0.019923044368624687,
    0.01954326219856739,
    0.018413547426462173,
    0.017567677423357964,
    0.016902467235922813,
    0.01533607579767704
  ],
  "Training Time": 23.216285467147827,
  "Validate": [
    NaN,
    NaN,
    NaN,
    NaN,
    NaN,
    NaN,
    NaN,
    NaN,
    NaN,
    NaN,
    NaN,
    NaN,
    NaN,
    NaN,
    NaN,
    NaN,
    NaN,
    NaN,
    NaN,
    NaN,
    NaN,
    NaN,
    NaN,
    NaN,
    NaN
  ]
}