{
  "Train": [
    0.7884021997451782,
    0.20504213869571686,
    0.0895320400595665,
    0.056432534009218216,
    0.046988580375909805,
    0.04135822504758835,
    0.03776293992996216,
    0.0354827344417572,
    0.03395022451877594,
    0.032717812806367874,
    0.03159100189805031,
    0.030556069687008858,
    0.029610928148031235,
    0.028735613450407982,
    0.027916427701711655,
    0.027150047942996025,
    0.026434702798724174,
    0.02576555870473385,
    0.025137055665254593,
    0.024547142907977104,
    0.023997396230697632,
    0.023490386083722115,
    0.023027000948786736,
    0.02260546199977398,
    0.022221527993679047
  ],
  "Training Time": 15.780688524246216,
  "Validate": [
    30.485706329345703,
    25.420372009277344,
    22.414081573486328,
    22.614713668823242,
    23.397130966186523,
    23.948083877563477,
    24.3594913482666,
    24.71906089782715,
    25.038965225219727,
    25.327980041503906,
    25.59300994873047,
    25.829408645629883,
    26.02911376953125,
    26.186382293701172,
    26.301239013671875,
    26.3795223236084,
    26.430004119873047,
    26.46076202392578,
    26.47698211669922,
    26.48077392578125,
    26.47229766845703,
    26.451196670532227,
    26.417619705200195,
    26.372453689575195,
    26.317230224609375
  ]
}