{
  "Train": [
    0.6785467863082886,
    0.6478665471076965,
    0.6256710290908813,
    0.6148406267166138,
    0.6048963665962219,
    0.596960723400116,
    0.5901569128036499,
    0.5834555625915527,
    0.5763803124427795,
    0.5691499710083008
  ],
  "Training Time": 6.938413143157959,
  "Validate": [
    0.3975638449192047,
    0.4002242088317871,
    0.40355661511421204,
    0.4026031196117401,
    0.39849767088890076,
    0.3923521041870117,
    0.38235318660736084,
    0.37429115176200867,
    0.36748161911964417,
    0.36648255586624146
  ]
}