{
  "Train": [
    0.8448930978775024,
    0.8213663101196289,
    0.8032241463661194,
    0.7868936657905579,
    0.768343448638916,
    0.7507508993148804,
    0.7375396490097046,
    0.7274336814880371,
    0.7184390425682068,
    0.7111318111419678
  ],
  "Training Time": 3.3813984394073486,
  "Validate": [
    0.7231700420379639,
    0.7320184111595154,
    0.7404412031173706,
    0.745037317276001,
    0.7480462193489075,
    0.7490419745445251,
    0.7465881705284119,
    0.7424834966659546,
    0.7389487624168396,
    0.736057698726654
  ]
}