{
  "Train": [
    0.9363235831260681,
    0.8497241139411926,
    0.8350487351417542,
    0.8283588886260986,
    0.824103057384491,
    0.8208782076835632,
    0.8182284832000732,
    0.8159443736076355,
    0.8139190077781677,
    0.8120884895324707
  ],
  "Training Time": 5.496973514556885,
  "Validate": [
    2.8184759616851807,
    2.695850133895874,
    2.6468846797943115,
    2.621171712875366,
    2.6031832695007324,
    2.588801145553589,
    2.5766305923461914,
    2.5660479068756104,
    2.556720018386841,
    2.5484609603881836
  ]
}