{
  "Train": [
    0.1370883285999298,
    0.07251111418008804,
    0.058077871799468994,
    0.05210409313440323,
    0.048412173986434937,
    0.045672882348299026,
    0.04367881640791893,
    0.04205610230565071,
    0.04072019085288048,
    0.03955528512597084,
    0.038454242050647736,
    0.03702402859926224,
    0.03585726022720337,
    0.03355792909860611,
    0.03577172011137009,
    0.03267255425453186,
    0.031540367752313614,
    0.029888058081269264,
    0.028516823425889015,
    0.02748471312224865,
    0.026556912809610367,
    0.0254058837890625,
    0.02445979230105877,
    0.022555308416485786,
    0.021762849763035774
  ],
  "Training Time": 12.41826605796814,
  "Validate": [
    0.03593845292925835,
    0.03729292377829552,
    0.04282299429178238,
    0.043754350394010544,
    0.0420059897005558,
    0.04060687869787216,
    0.03925184905529022,
    0.0382956899702549,
    0.03744801506400108,
    0.03694368526339531,
    0.0360274463891983,
    0.03530210629105568,
    0.0345524325966835,
    0.03320474177598953,
    0.03386768326163292,
    0.03199010342359543,
    0.03159528598189354,
    0.03210118040442467,
    0.032284293323755264,
    0.03200860321521759,
    0.03139456361532211,
    0.030855601653456688,
    0.030186953023076057,
    0.03103005141019821,
    0.0304975938051939
  ]
}