{
  "Train": [
    0.9583725333213806,
    0.8946107029914856,
    0.860359787940979,
    0.8373178243637085,
    0.8184309005737305,
    0.7964829206466675,
    0.7656837105751038,
    0.739615261554718,
    0.7206298112869263,
    0.7098891139030457
  ],
  "Training Time": 8.701411247253418,
  "Validate": [
    3.224252939224243,
    3.0290372371673584,
    2.8099770545959473,
    2.6887362003326416,
    2.571995973587036,
    2.6371986865997314,
    2.737590789794922,
    2.3525147438049316,
    2.9519460201263428,
    2.6260242462158203
  ]
}