{
  "Train": [
    1.104900598526001,
    1.0481300354003906,
    1.0569878816604614,
    1.0146548748016357,
    1.0080660581588745,
    0.9913098216056824,
    0.973696231842041,
    0.9437783360481262,
    0.9455379247665405,
    0.9240900278091431
  ],
  "Training Time": 20.600124835968018,
  "Validate": [
    NaN,
    NaN,
    NaN,
    NaN,
    NaN,
    NaN,
    NaN,
    NaN,
    NaN,
    NaN
  ]
}