{
  "Train": [
    1.063195824623108,
    1.0752416849136353,
    1.0354284048080444,
    0.9846473336219788,
    0.9533613920211792,
    1.0058033466339111,
    1.041029930114746,
    0.957570493221283,
    0.9457750916481018,
    0.8895236253738403
  ],
  "Training Time": 16.206105947494507,
  "Validate": [
    0.6464882493019104,
    0.5458647012710571,
    0.5554266571998596,
    0.47991904616355896,
    0.3877032995223999,
    0.41022464632987976,
    0.38534143567085266,
    0.2714930474758148,
    0.32426679134368896,
    0.24009637534618378
  ]
}