{
  "Train": [
    1.1024869680404663,
    1.0913147926330566,
    1.0875556468963623,
    1.0835093259811401,
    1.0795050859451294,
    1.0754257440567017,
    1.0711803436279297,
    1.0659983158111572,
    1.05963134765625,
    1.0509768724441528
  ],
  "Training Time": 17.515695333480835,
  "Validate": [
    4.371209621429443,
    4.361887454986572,
    4.331811904907227,
    4.294601917266846,
    4.260482311248779,
    4.239245891571045,
    4.229650497436523,
    4.233198165893555,
    4.254992485046387,
    4.293517589569092
  ]
}