{
  "Train": [
    1.0964148044586182,
    1.0936436653137207,
    1.0610073804855347,
    1.0831907987594604,
    1.0527408123016357,
    1.0566259622573853,
    1.0513910055160522,
    1.0456434488296509,
    1.0389999151229858,
    1.02976655960083
  ],
  "Training Time": 20.756788730621338,
  "Validate": [
    NaN,
    NaN,
    NaN,
    NaN,
    NaN,
    NaN,
    NaN,
    NaN,
    NaN,
    NaN
  ]
}