{
  "Train": [
    1.7604035139083862,
    1.1891107559204102,
    1.1684377193450928,
    1.1580899953842163,
    1.1499992609024048,
    1.1427708864212036,
    1.1357941627502441,
    1.128726840019226,
    1.1213537454605103,
    1.1136261224746704,
    1.1056196689605713,
    1.0974284410476685,
    1.0891193151474,
    1.0808566808700562,
    1.0726513862609863,
    1.0616509914398193,
    1.0502550601959229,
    1.0383208990097046,
    1.0251621007919312,
    1.0106587409973145,
    0.9955156445503235,
    0.9828451871871948,
    0.9918250441551208,
    1.0068460702896118,
    0.9222859740257263,
    0.910333514213562,
    0.9145864248275757,
    0.9310416579246521,
    0.914779782295227,
    0.9367944598197937,
    0.8754420280456543,
    0.8367767930030823,
    0.8297489881515503,
    0.8306578397750854,
    0.8097328543663025,
    0.7877271771430969,
    0.776178777217865,
    0.7654880285263062,
    0.7461207509040833,
    0.7239819765090942,
    0.7073892951011658,
    0.7482414245605469,
    0.6720218658447266,
    0.7952309250831604,
    0.6994776129722595,
    0.6498666405677795,
    0.6315314173698425,
    0.6111297011375427,
    0.594955563545227,
    0.5825234055519104,
    0.5690156817436218,
    0.5578116178512573,
    0.5458669662475586,
    0.539560854434967,
    0.52335524559021,
    0.5164404511451721,
    0.5100449323654175,
    0.4964779019355774,
    0.4822230935096741,
    0.4639448821544647,
    0.45474857091903687,
    0.4344922602176666,
    0.4378281235694885,
    0.42347452044487,
    0.46332842111587524,
    0.42134425044059753,
    0.40529733896255493,
    0.3970504403114319,
    0.4192599356174469,
    0.3804592192173004,
    0.35323864221572876,
    0.351450115442276,
    0.32752108573913574,
    0.3342449367046356,
    0.2931392788887024,
    0.28413689136505127,
    0.2670753300189972,
    0.2728932797908783,
    0.25269436836242676,
    0.2606229782104492,
    0.264143168926239,
    0.2437782734632492,
    0.26931461691856384,
    0.2395711988210678,
    0.21228313446044922,
    0.21453361213207245,
    0.21475565433502197,
    0.23234093189239502,
    0.22374112904071808,
    0.22545091807842255,
    0.19636055827140808,
    0.20248892903327942,
    0.1916290670633316,
    0.1775265783071518,
    0.16496436297893524,
    0.1580885648727417,
    0.15638546645641327,
    0.15356120467185974,
    0.15231208503246307,
    0.15546318888664246
  ],
  "Training Time": 139.03502488136292,
  "Validate": [
    1.254632830619812,
    1.2968610525131226,
    1.2789340019226074,
    1.2673500776290894,
    1.2599374055862427,
    1.2558448314666748,
    1.254684329032898,
    1.2557927370071411,
    1.2583293914794922,
    1.2618769407272339,
    1.2665340900421143,
    1.2727843523025513,
    1.2816120386123657,
    1.2950413227081299,
    1.3155802488327026,
    1.3418776988983154,
    1.387222409248352,
    1.4517779350280762,
    1.5418137311935425,
    1.6614192724227905,
    1.7898039817810059,
    1.8808073997497559,
    1.8064762353897095,
    2.112258195877075,
    2.3339357376098633,
    2.4357619285583496,
    2.4159505367279053,
    2.5800957679748535,
    2.498079538345337,
    2.7069642543792725,
    2.8041791915893555,
    3.0430471897125244,
    3.1532928943634033,
    3.2319679260253906,
    3.4092886447906494,
    3.438861846923828,
    3.457427740097046,
    3.555269479751587,
    3.700838327407837,
    3.8124704360961914,
    3.8999245166778564,
    4.029227256774902,
    4.136922836303711,
    3.1416845321655273,
    4.103117942810059,
    4.290919780731201,
    4.350375652313232,
    4.629217147827148,
    4.541071891784668,
    4.603664875030518,
    4.944747447967529,
    4.721357345581055,
    5.293927192687988,
    4.641695022583008,
    5.6807732582092285,
    6.662265300750732,
    5.929917812347412,
    6.383937358856201,
    5.724386215209961,
    7.357656955718994,
    7.548259258270264,
    7.870260715484619,
    8.367522239685059,
    9.565473556518555,
    6.724537372589111,
    8.26460075378418,
    8.330826759338379,
    8.166205406188965,
    5.132286548614502,
    11.466572761535645,
    12.975171089172363,
    12.516036987304688,
    12.66945743560791,
    12.721375465393066,
    13.659310340881348,
    13.18942642211914,
    13.932726860046387,
    15.334426879882812,
    11.408095359802246,
    13.409490585327148,
    13.413875579833984,
    10.962815284729004,
    12.62735366821289,
    9.950395584106445,
    10.868565559387207,
    9.603952407836914,
    9.301634788513184,
    11.558660507202148,
    10.134344100952148,
    10.821831703186035,
    11.84768295288086,
    10.716483116149902,
    10.02889633178711,
    10.707051277160645,
    9.13254451751709,
    10.705056190490723,
    9.453676223754883,
    9.259346961975098,
    12.037299156188965,
    7.613912582397461
  ]
}