{
  "Train": [
    1.1663196086883545,
    1.123329758644104,
    1.0989809036254883,
    1.0773801803588867,
    1.0610190629959106,
    1.0421417951583862,
    1.0227323770523071,
    1.0023670196533203,
    0.9805125594139099,
    0.9597082138061523
  ],
  "Training Time": 3.4018898010253906,
  "Validate": [
    1.970967173576355,
    1.9142374992370605,
    1.9014016389846802,
    1.8965178728103638,
    1.8812968730926514,
    1.8647875785827637,
    1.8497425317764282,
    1.8386422395706177,
    1.8796801567077637,
    1.8350852727890015
  ]
}