{
  "Train": [
    0.7683030962944031,
    0.7195994257926941,
    0.643378496170044,
    0.5721285343170166,
    0.49918651580810547,
    0.4490714371204376,
    0.39260396361351013,
    0.3475686311721802,
    0.5019245147705078,
    0.3688364028930664
  ],
  "Training Time": 3.7607905864715576,
  "Validate": [
    NaN,
    NaN,
    NaN,
    NaN,
    NaN,
    NaN,
    NaN,
    NaN,
    NaN,
    NaN
  ]
}