{
  "Train": [
    0.828245997428894,
    0.8010942339897156,
    0.7878888845443726,
    0.7733078002929688,
    0.7494375705718994,
    0.7305935621261597,
    0.7177538275718689,
    0.7045065760612488,
    0.7022395133972168,
    0.6913375854492188
  ],
  "Training Time": 19.813512325286865,
  "Validate": [
    NaN,
    NaN,
    NaN,
    NaN,
    NaN,
    NaN,
    NaN,
    NaN,
    NaN,
    NaN
  ]
}