{
  "Train": [
    0.7689350843429565,
    0.6944219470024109,
    0.6771910786628723,
    0.664152979850769,
    0.6533190011978149,
    0.6431930661201477,
    0.6331266164779663,
    0.6228389143943787,
    0.6121668219566345,
    0.6012030243873596
  ],
  "Training Time": 15.60843539237976,
  "Validate": [
    0.3902245759963989,
    0.4187813103199005,
    0.42501509189605713,
    0.42763665318489075,
    0.43018531799316406,
    0.43386220932006836,
    0.44015514850616455,
    0.4524105191230774,
    0.47848889231681824,
    0.5277619957923889
  ]
}