{
  "Train": [
    1.1266320943832397,
    1.0838541984558105,
    1.0658127069473267,
    1.050877571105957,
    1.0368486642837524,
    1.0235211849212646,
    1.010649561882019,
    0.9980247616767883,
    0.9855541586875916,
    0.9733050465583801,
    0.9614347815513611,
    0.9500804543495178,
    0.9393149018287659,
    0.9291948080062866,
    0.9198222160339355,
    0.9113478064537048,
    0.9037509560585022,
    0.8967424035072327,
    0.890036940574646,
    0.8834604024887085,
    0.8769055604934692,
    0.8702930808067322,
    0.8635544180870056,
    0.8566228151321411,
    0.8494347929954529,
    0.8419351577758789,
    0.8340831398963928,
    0.8258578181266785,
    0.8172584176063538,
    0.8083043694496155,
    0.7990352511405945,
    0.7895136475563049,
    0.7797804474830627,
    0.7697206735610962,
    0.7590288519859314,
    0.7473124265670776,
    0.7341873645782471,
    0.7194313406944275,
    0.7032852172851562,
    0.6866862177848816,
    0.6709244251251221,
    0.6568016409873962,
    0.6443624496459961,
    0.6333543658256531,
    0.6235149502754211,
    0.614632785320282,
    0.6065474152565002,
    0.5991337299346924,
    0.5922954082489014,
    0.5859482288360596,
    0.5800176858901978,
    0.5744341015815735,
    0.5691391825675964,
    0.5640823841094971,
    0.5592248439788818,
    0.5545342564582825,
    0.5499875545501709,
    0.5455635190010071,
    0.5412473678588867,
    0.5370255708694458,
    0.5328869819641113,
    0.5288220643997192,
    0.524823009967804,
    0.5208819508552551,
    0.5169923305511475,
    0.5131489634513855,
    0.5093462467193604,
    0.5055791735649109,
    0.5018449425697327,
    0.4981391131877899,
    0.49446022510528564,
    0.49080604314804077,
    0.48717665672302246,
    0.48357024788856506,
    0.4799889922142029,
    0.4764321744441986,
    0.4729020893573761,
    0.46939748525619507,
    0.4659205675125122,
    0.46246978640556335,
    0.4590465724468231,
    0.4556480348110199,
    0.45227453112602234,
    0.4489212930202484,
    0.4455857276916504,
    0.4422578513622284,
    0.4389239549636841,
    0.435546875,
    0.43202829360961914,
    0.4279877245426178,
    0.42162615060806274,
    0.4039980471134186,
    0.3977237343788147,
    0.398454874753952,
    0.3886759281158447,
    0.3907266855239868,
    0.38373705744743347,
    0.3818020224571228,
    0.3791917562484741,
    0.37444204092025757
  ],
  "Training Time": 44.04267406463623,
  "Validate": [
    1.7734378576278687,
    1.758379340171814,
    1.7450263500213623,
    1.733652949333191,
    1.7252579927444458,
    1.719242811203003,
    1.715031385421753,
    1.7122890949249268,
    1.7107360363006592,
    1.7097232341766357,
    1.7081818580627441,
    1.7050896883010864,
    1.6998528242111206,
    1.6923447847366333,
    1.6833399534225464,
    1.6748188734054565,
    1.668251395225525,
    1.6636276245117188,
    1.6605054140090942,
    1.6585869789123535,
    1.6577293872833252,
    1.657860517501831,
    1.6589046716690063,
    1.6607381105422974,
    1.663185477256775,
    1.6660624742507935,
    1.6692473888397217,
    1.6727455854415894,
    1.6767233610153198,
    1.6815029382705688,
    1.687506079673767,
    1.695114254951477,
    1.7044551372528076,
    1.715319037437439,
    1.7273672819137573,
    1.7403984069824219,
    1.754326581954956,
    1.7689862251281738,
    1.7839553356170654,
    1.798515796661377,
    1.8119492530822754,
    1.8239917755126953,
    1.8348205089569092,
    1.8447188138961792,
    1.8539435863494873,
    1.862782597541809,
    1.8715488910675049,
    1.8805174827575684,
    1.889880657196045,
    1.8997433185577393,
    1.9101446866989136,
    1.9210867881774902,
    1.932553768157959,
    1.9445247650146484,
    1.9569728374481201,
    1.9698758125305176,
    1.9832133054733276,
    1.996970295906067,
    2.011138439178467,
    2.0257160663604736,
    2.04070782661438,
    2.0561234951019287,
    2.0719761848449707,
    2.088280439376831,
    2.105053186416626,
    2.1223089694976807,
    2.1400601863861084,
    2.1583151817321777,
    2.1770803928375244,
    2.196356773376465,
    2.2161436080932617,
    2.236436367034912,
    2.2572336196899414,
    2.2785329818725586,
    2.3003408908843994,
    2.322669506072998,
    2.3455419540405273,
    2.368992567062378,
    2.393070697784424,
    2.4178385734558105,
    2.4433836936950684,
    2.469823122024536,
    2.4973294734954834,
    2.526165723800659,
    2.556765079498291,
    2.5899012088775635,
    2.627086877822876,
    2.6716654300689697,
    2.732235908508301,
    2.8333797454833984,
    3.0039408206939697,
    3.180701494216919,
    3.242870569229126,
    3.3195135593414307,
    3.3517165184020996,
    3.3803398609161377,
    3.422895908355713,
    3.434901475906372,
    3.4744086265563965,
    3.4875829219818115
  ]
}