{
  "Train": [
    0.7242882251739502,
    0.27004510164260864,
    0.14402802288532257,
    0.13226528465747833,
    0.11053672432899475,
    0.08027160167694092,
    0.05457347631454468,
    0.04653173312544823,
    0.04368514195084572,
    0.041980404406785965,
    0.040612027049064636,
    0.03909248113632202,
    0.03725937008857727,
    0.03502877429127693,
    0.03247108310461044,
    0.02990945428609848,
    0.027625223621726036,
    0.025706227868795395,
    0.024258563295006752,
    0.023345716297626495,
    0.022872596979141235,
    0.022644873708486557,
    0.02249816432595253,
    0.022360872477293015,
    0.022222677245736122
  ],
  "Training Time": 15.67251205444336,
  "Validate": [
    3.9716360569000244,
    1.3814347982406616,
    1.47376549243927,
    1.695307970046997,
    2.0376322269439697,
    2.5009968280792236,
    2.9088943004608154,
    3.0799105167388916,
    3.148454189300537,
    3.1674392223358154,
    3.1612000465393066,
    3.1440627574920654,
    3.1233034133911133,
    3.1061692237854004,
    3.099208116531372,
    3.0988075733184814,
    3.0867910385131836,
    3.0559351444244385,
    3.016531467437744,
    2.976255178451538,
    2.9380922317504883,
    2.9034805297851562,
    2.8721046447753906,
    2.8432605266571045,
    2.8167154788970947
  ]
}