{
  "Train": [
    0.21095778048038483,
    0.1440320760011673,
    0.1326979547739029,
    0.12609083950519562,
    0.12155435979366302,
    0.11806803196668625,
    0.11523772031068802,
    0.1128687933087349,
    0.11084363609552383,
    0.10907487571239471,
    0.10749441385269165,
    0.10604832321405411,
    0.10468948632478714,
    0.10337598621845245,
    0.10207603871822357,
    0.10077596455812454,
    0.09949205815792084,
    0.09829547256231308,
    0.09734435379505157,
    0.09673059731721878,
    0.09577061235904694,
    0.09454464167356491,
    0.09340591728687286,
    0.09189341962337494,
    0.09102537482976913
  ],
  "Training Time": 11.8466317653656,
  "Validate": [
    0.2524965703487396,
    0.20565634965896606,
    0.18369711935520172,
    0.17728251218795776,
    0.1794588416814804,
    0.1879567950963974,
    0.20201507210731506,
    0.2213883250951767,
    0.2459329515695572,
    0.2751632630825043,
    0.3078250288963318,
    0.34187260270118713,
    0.3750718832015991,
    0.4058642089366913,
    0.4338744878768921,
    0.4598437547683716,
    0.485202819108963,
    0.5113584399223328,
    0.5373046398162842,
    0.5565991997718811,
    0.5777539610862732,
    0.6003936529159546,
    0.6194953918457031,
    0.6515622138977051,
    0.6614843606948853
  ]
}