{
  "Train": [
    0.7837528586387634,
    0.500700056552887,
    0.37055879831314087,
    0.32496553659439087,
    0.29697632789611816,
    0.27930402755737305,
    0.2675495147705078,
    0.2592869699001312,
    0.2529265880584717,
    0.247548907995224,
    0.2425987720489502,
    0.2377176284790039,
    0.23265643417835236,
    0.22723643481731415,
    0.2213463932275772,
    0.2149505615234375,
    0.2080899477005005,
    0.20087632536888123,
    0.19347423315048218,
    0.18606595695018768,
    0.17881862819194794,
    0.17187254130840302,
    0.16534523665905,
    0.1593451201915741,
    0.15397614240646362
  ],
  "Training Time": 10.245372295379639,
  "Validate": [
    4.710440158843994,
    3.491706609725952,
    3.0604560375213623,
    2.993455648422241,
    2.934929609298706,
    2.9197540283203125,
    2.9342803955078125,
    2.9553847312927246,
    2.974635362625122,
    2.9919769763946533,
    3.0083861351013184,
    3.0238664150238037,
    3.0377657413482666,
    3.0495359897613525,
    3.0593652725219727,
    3.0679399967193604,
    3.07509708404541,
    3.079195261001587,
    3.078587532043457,
    3.0734236240386963,
    3.0658111572265625,
    3.058429718017578,
    3.053305149078369,
    3.051722526550293,
    3.054751396179199
  ]
}