{
  "Train": [
    0.14977878332138062,
    0.12374453246593475,
    0.1056237444281578,
    0.10571310669183731,
    0.10362044721841812,
    0.09986201673746109,
    0.09877204149961472,
    0.10005215555429459,
    0.097674660384655,
    0.09645504504442215,
    0.09342318773269653,
    0.0941123217344284,
    0.1063699722290039,
    0.09514185786247253,
    0.09278647601604462,
    0.09109579026699066,
    0.09004063904285431,
    0.08928126096725464,
    0.08784900605678558,
    0.08983974158763885,
    0.08530927449464798,
    0.08515792340040207,
    0.094358891248703,
    0.08993720263242722,
    0.08810955286026001
  ],
  "Training Time": 14.919020414352417,
  "Validate": [
    NaN,
    NaN,
    NaN,
    NaN,
    NaN,
    NaN,
    NaN,
    NaN,
    NaN,
    NaN,
    NaN,
    NaN,
    NaN,
    NaN,
    NaN,
    NaN,
    NaN,
    NaN,
    NaN,
    NaN,
    NaN,
    NaN,
    NaN,
    NaN,
    NaN
  ]
}