{
  "Train": [
    0.2928681969642639,
    0.18277031183242798,
    0.15980073809623718,
    0.14506284892559052,
    0.13384456932544708,
    0.12880651652812958,
    0.12654922902584076,
    0.12319819629192352,
    0.14836162328720093,
    0.12009452283382416
  ],
  "Training Time": 2.1588213443756104,
  "Validate": [
    NaN,
    NaN,
    NaN,
    NaN,
    NaN,
    NaN,
    NaN,
    NaN,
    NaN,
    NaN
  ]
}