{
  "Train": [
    1.2111417055130005,
    1.1279784440994263,
    1.1075726747512817,
    1.084883451461792,
    1.064178466796875,
    1.0537692308425903,
    1.0280126333236694,
    1.0021880865097046,
    0.974642813205719,
    0.943626344203949
  ],
  "Training Time": 5.001180410385132,
  "Validate": [
    1.2546881437301636,
    1.2783119678497314,
    1.3869425058364868,
    1.6097526550292969,
    1.892054796218872,
    2.0178143978118896,
    2.130777597427368,
    2.2670087814331055,
    2.433134078979492,
    2.595989942550659
  ]
}