{
  "Train": [
    0.8534175157546997,
    0.5468131303787231,
    0.4475906193256378,
    0.3849649131298065,
    0.35315874218940735,
    0.3319917917251587,
    0.3167443871498108,
    0.30476218461990356,
    0.29480063915252686,
    0.28615570068359375,
    0.2783673405647278,
    0.27112120389938354,
    0.2641957402229309,
    0.2574246823787689,
    0.2506738007068634,
    0.24382731318473816,
    0.23678061366081238,
    0.22944022715091705,
    0.22174187004566193,
    0.21371491253376007,
    0.20550186932086945,
    0.19627158343791962,
    0.18321266770362854,
    0.17152486741542816,
    0.16790814697742462
  ],
  "Training Time": 16.872066736221313,
  "Validate": [
    6.924178600311279,
    5.072493076324463,
    5.004770755767822,
    5.211523056030273,
    5.56430721282959,
    5.861758708953857,
    6.090176582336426,
    6.243954658508301,
    6.33320426940918,
    6.372006416320801,
    6.373859882354736,
    6.349760055541992,
    6.307772636413574,
    6.253232955932617,
    6.18917989730835,
    6.116837024688721,
    6.03614616394043,
    5.94636869430542,
    5.846999645233154,
    5.739181995391846,
    5.627457618713379,
    5.516706943511963,
    5.399930000305176,
    5.2777252197265625,
    5.153127670288086
  ]
}