{
  "Train": [
    0.18370018899440765,
    0.12666922807693481,
    0.10384339839220047,
    0.10060480237007141,
    0.10236965864896774,
    0.10088370740413666,
    0.10035867989063263,
    0.09886076301336288,
    0.09721548110246658,
    0.09469196200370789,
    0.09202302992343903,
    0.0900079533457756,
    0.08709988743066788,
    0.08724092692136765,
    0.08259658515453339,
    0.09099067747592926,
    0.0808943659067154,
    0.08298283815383911,
    0.07860361784696579,
    0.07809368520975113,
    0.07690485566854477,
    0.0759851336479187,
    0.07494606822729111,
    0.0740591287612915,
    0.07353410869836807
  ],
  "Training Time": 23.673218727111816,
  "Validate": [
    NaN,
    NaN,
    NaN,
    NaN,
    NaN,
    NaN,
    NaN,
    NaN,
    NaN,
    NaN,
    NaN,
    NaN,
    NaN,
    NaN,
    NaN,
    NaN,
    NaN,
    NaN,
    NaN,
    NaN,
    NaN,
    NaN,
    NaN,
    NaN,
    NaN
  ]
}