{
  "Train": [
    0.14293381571769714,
    0.08557368814945221,
    0.07364988327026367,
    0.0672750249505043,
    0.06216615438461304,
    0.05767804756760597,
    0.05393696203827858,
    0.05092356353998184,
    0.04852176830172539,
    0.04661130532622337,
    0.04509967193007469,
    0.04390806704759598,
    0.04295201972126961,
    0.04213898256421089,
    0.04137106612324715,
    0.04055701568722725,
    0.03964243084192276,
    0.03861846774816513,
    0.03750041127204895,
    0.036322444677352905,
    0.03513840213418007,
    0.03398193046450615,
    0.032811038196086884,
    0.031510401517152786,
    0.02987762913107872
  ],
  "Training Time": 18.427627563476562,
  "Validate": [
    0.0730472281575203,
    0.07244188338518143,
    0.0652112066745758,
    0.059991177171468735,
    0.0557476282119751,
    0.052796557545661926,
    0.050772763788700104,
    0.04932896047830582,
    0.04826570674777031,
    0.04746750742197037,
    0.046856485307216644,
    0.04637124389410019,
    0.045966245234012604,
    0.04561996087431908,
    0.045327119529247284,
    0.045070014894008636,
    0.0448073148727417,
    0.0444900244474411,
    0.044078897684812546,
    0.04357018321752548,
    0.04301532357931137,
    0.042503442615270615,
    0.04209792986512184,
    0.0418313592672348,
    0.04188966378569603
  ]
}