{
  "Train": [
    0.6373761296272278,
    0.21138995885849,
    0.16184329986572266,
    0.13564002513885498,
    0.1252443939447403,
    0.11241866648197174,
    0.09010335057973862,
    0.061593301594257355,
    0.04125448688864708,
    0.050818223506212234,
    0.04400837793946266,
    0.03282426297664642,
    0.030658340081572533,
    0.030505727976560593,
    0.0301037784665823,
    0.0294662956148386,
    0.029223980382084846,
    0.028878089040517807,
    0.02857501432299614,
    0.028312835842370987,
    0.02803523652255535,
    0.02777296118438244,
    0.02750875987112522,
    0.027241645380854607,
    0.026973647996783257
  ],
  "Training Time": 15.919562578201294,
  "Validate": [
    2.6137449741363525,
    1.011779546737671,
    0.9031997323036194,
    0.9762104153633118,
    1.0147883892059326,
    1.1410861015319824,
    1.5676186084747314,
    1.7549160718917847,
    2.090925455093384,
    2.189821481704712,
    2.145970582962036,
    2.0824742317199707,
    2.041489601135254,
    1.998160481452942,
    1.9739025831222534,
    1.9456547498703003,
    1.9252114295959473,
    1.907401204109192,
    1.8911372423171997,
    1.877126693725586,
    1.8638622760772705,
    1.8513802289962769,
    1.8393608331680298,
    1.8275413513183594,
    1.8158682584762573
  ]
}