{
  "Train": [
    0.13246983289718628,
    0.08358486741781235,
    0.06560079008340836,
    0.05730392411351204,
    0.050845544785261154,
    0.045623429119586945,
    0.04135056957602501,
    0.037907924503088,
    0.03522991016507149,
    0.03310628607869148,
    0.0315045528113842,
    0.030367165803909302,
    0.02958371490240097,
    0.029058564454317093,
    0.028713325038552284,
    0.02848907932639122,
    0.02834535390138626,
    0.028254998847842216,
    0.028199348598718643,
    0.028165344148874283,
    0.028143389150500298,
    0.028128186240792274,
    0.02812018059194088,
    0.028118839487433434,
    0.028105728328227997
  ],
  "Training Time": 23.271029949188232,
  "Validate": [
    NaN,
    NaN,
    NaN,
    NaN,
    NaN,
    NaN,
    NaN,
    NaN,
    NaN,
    NaN,
    NaN,
    NaN,
    NaN,
    NaN,
    NaN,
    NaN,
    NaN,
    NaN,
    NaN,
    NaN,
    NaN,
    NaN,
    NaN,
    NaN,
    NaN
  ]
}