{
  "Train": [
    0.17356334626674652,
    0.1173485517501831,
    0.09096387028694153,
    0.08846216648817062,
    0.07733510434627533,
    0.07369346916675568,
    0.06716766953468323,
    0.06800980120897293,
    0.06367940455675125,
    0.06265541166067123,
    0.061258118599653244,
    0.060738060623407364,
    0.05977921932935715,
    0.06019249185919762,
    0.05879110097885132,
    0.060062650591135025,
    0.05816593021154404,
    0.05392507463693619,
    0.05253288522362709,
    0.051758065819740295,
    0.05054396390914917,
    0.04952312633395195,
    0.04783151298761368,
    0.04875919595360756,
    0.05072109028697014
  ],
  "Training Time": 16.37978506088257,
  "Validate": [
    NaN,
    NaN,
    NaN,
    NaN,
    NaN,
    NaN,
    NaN,
    NaN,
    NaN,
    NaN,
    NaN,
    NaN,
    NaN,
    NaN,
    NaN,
    NaN,
    NaN,
    NaN,
    NaN,
    NaN,
    NaN,
    NaN,
    NaN,
    NaN,
    NaN
  ]
}