{
  "Train": [
    0.20912213623523712,
    0.13920451700687408,
    0.13048258423805237,
    0.12530791759490967,
    0.1213388666510582,
    0.11813104152679443,
    0.11550497263669968,
    0.11334381252527237,
    0.11156337708234787,
    0.1100955680012703,
    0.10887610167264938,
    0.10784371942281723,
    0.10694604367017746,
    0.10614366084337234,
    0.10541006177663803,
    0.10472840070724487,
    0.10408801585435867,
    0.10348182171583176,
    0.1029045358300209,
    0.10235194116830826,
    0.10182037204504013,
    0.10130625218153,
    0.10080613940954208,
    0.10031633824110031,
    0.09983287006616592
  ],
  "Training Time": 5.932992219924927,
  "Validate": [
    0.13931964337825775,
    0.1315055638551712,
    0.1326223909854889,
    0.1342519372701645,
    0.13542798161506653,
    0.1362849324941635,
    0.13695649802684784,
    0.13746562600135803,
    0.13779141008853912,
    0.13792116940021515,
    0.13786600530147552,
    0.13765880465507507,
    0.13734695315361023,
    0.1369827687740326,
    0.13661547005176544,
    0.1362861543893814,
    0.13602854311466217,
    0.13587018847465515,
    0.1358354240655899,
    0.13594777882099152,
    0.1362329125404358,
    0.1367206871509552,
    0.13744859397411346,
    0.13846489787101746,
    0.13983312249183655
  ]
}