{
  "Train": [
    0.8202425241470337,
    0.46397095918655396,
    0.37171879410743713,
    0.3156363070011139,
    0.26793742179870605,
    0.23603691160678864,
    0.2199738323688507,
    0.2117498815059662,
    0.20613552629947662,
    0.20167990028858185,
    0.19796572625637054,
    0.19478502869606018,
    0.19200074672698975,
    0.18951554596424103,
    0.18725793063640594,
    0.18517296016216278,
    0.18321777880191803,
    0.1813591718673706,
    0.1795714646577835,
    0.1778348833322525,
    0.17613421380519867,
    0.17445741593837738,
    0.17279455065727234,
    0.17113739252090454,
    0.1694786250591278
  ],
  "Training Time": 5.394882440567017,
  "Validate": [
    3.9686973094940186,
    3.7616333961486816,
    3.5592987537384033,
    3.366339683532715,
    3.2091939449310303,
    3.0959625244140625,
    3.018660068511963,
    2.960153341293335,
    2.913773536682129,
    2.8785452842712402,
    2.8542673587799072,
    2.8402631282806396,
    2.835381269454956,
    2.838235855102539,
    2.8474085330963135,
    2.8615942001342773,
    2.879669666290283,
    2.9007153511047363,
    2.9239988327026367,
    2.94895339012146,
    2.9751436710357666,
    3.0022497177124023,
    3.0300333499908447,
    3.0583295822143555,
    3.0870275497436523
  ]
}