{
  "Train": [
    1.0438616275787354,
    0.9291380047798157,
    0.8770669102668762,
    0.840255618095398,
    0.818339467048645,
    0.8050965666770935,
    0.7957451343536377,
    0.7875849008560181,
    0.7800474166870117,
    0.7722439765930176,
    0.7630617022514343,
    0.7499285936355591,
    0.7280933856964111,
    0.7044295072555542,
    0.6893623471260071,
    0.7051323652267456,
    0.6937920451164246,
    0.7104153037071228,
    0.7157586216926575,
    0.665561854839325,
    0.6851730346679688,
    0.6777289509773254,
    0.6561905145645142,
    0.663798987865448,
    0.6595726609230042,
    0.6551120281219482,
    0.653594434261322,
    0.6513015031814575,
    0.6494013667106628,
    0.6475847959518433,
    0.6458555459976196,
    0.6442351937294006,
    0.6426957845687866,
    0.6411702036857605,
    0.6395976543426514,
    0.6379730701446533,
    0.636314868927002,
    0.634638786315918,
    0.6329493522644043,
    0.6312448978424072,
    0.6295204758644104,
    0.627769947052002,
    0.6259871125221252,
    0.6241658329963684,
    0.6223005652427673,
    0.6203849911689758,
    0.6184086203575134,
    0.6163486838340759,
    0.6141592860221863,
    0.6117733120918274,
    0.6091285943984985,
    0.6061684489250183,
    0.6027808785438538,
    0.5986852049827576,
    0.5931367874145508,
    0.5853274464607239,
    0.5771254301071167,
    0.5463283061981201,
    0.5296111106872559,
    0.5222106575965881,
    0.5153707265853882,
    0.5105595588684082,
    0.49991798400878906,
    0.4923745095729828,
    0.6702781319618225,
    0.6236926317214966,
    0.5318626761436462,
    0.5195391774177551,
    0.5249401926994324,
    0.4958963990211487,
    0.4660842716693878,
    0.4436502158641815,
    0.44381898641586304,
    0.4746198356151581,
    0.435504674911499,
    0.4209116995334625,
    0.41795584559440613,
    0.4387670159339905,
    0.40886804461479187,
    0.5647679567337036,
    0.5717229843139648,
    0.5977258682250977,
    0.4826411306858063,
    0.453793466091156,
    0.4365425705909729,
    0.4275389015674591,
    0.419516921043396,
    0.4122558534145355,
    0.40523725748062134,
    0.398152232170105,
    0.39501312375068665,
    0.3914557099342346,
    0.3879418969154358,
    0.38323789834976196,
    0.3798515200614929,
    0.3814474642276764,
    0.3730170428752899,
    0.3658834397792816,
    0.3622051179409027,
    0.3881097733974457
  ],
  "Training Time": 105.46298170089722,
  "Validate": [
    4.268130302429199,
    3.3601815700531006,
    3.051318883895874,
    2.7658238410949707,
    2.6039819717407227,
    2.5269601345062256,
    2.5047552585601807,
    2.508709192276001,
    2.526599645614624,
    2.55120849609375,
    2.5833137035369873,
    2.6559205055236816,
    2.8795549869537354,
    2.6662676334381104,
    2.6819117069244385,
    2.861924409866333,
    2.7303433418273926,
    2.7590444087982178,
    2.5639593601226807,
    2.370370388031006,
    2.5998971462249756,
    2.493856191635132,
    2.5031180381774902,
    2.564342975616455,
    2.5514657497406006,
    2.571462392807007,
    2.5791208744049072,
    2.5894830226898193,
    2.6006219387054443,
    2.6128904819488525,
    2.6263515949249268,
    2.6405460834503174,
    2.6550397872924805,
    2.669348955154419,
    2.683133363723755,
    2.6961333751678467,
    2.7084221839904785,
    2.720242738723755,
    2.731931686401367,
    2.7438161373138428,
    2.7562644481658936,
    2.7696938514709473,
    2.78463077545166,
    2.801731824874878,
    2.8218202590942383,
    2.84590220451355,
    2.8750851154327393,
    2.9103033542633057,
    2.9518394470214844,
    2.9991707801818848,
    3.0516440868377686,
    3.109553337097168,
    3.1755259037017822,
    3.2580666542053223,
    3.381580352783203,
    3.5765039920806885,
    3.838775873184204,
    4.066761016845703,
    4.129520893096924,
    4.136661052703857,
    4.105570316314697,
    4.11273193359375,
    4.186267375946045,
    4.679067611694336,
    2.86879563331604,
    3.6333131790161133,
    4.23190450668335,
    3.961306571960449,
    3.739453077316284,
    3.7879250049591064,
    4.3577494621276855,
    4.346118450164795,
    4.197752952575684,
    3.551870107650757,
    4.19310998916626,
    4.325089931488037,
    4.426051139831543,
    4.126842975616455,
    4.431302547454834,
    5.35444450378418,
    4.960815906524658,
    5.699433326721191,
    4.5546875,
    4.2646894454956055,
    4.189692497253418,
    4.18535041809082,
    4.202057838439941,
    4.226475238800049,
    4.24557638168335,
    4.258148193359375,
    4.298586845397949,
    4.393484115600586,
    4.434424877166748,
    4.493858337402344,
    4.488440990447998,
    4.401370525360107,
    4.652499675750732,
    4.490602493286133,
    4.290672779083252,
    3.951810598373413
  ]
}