{
  "Train": [
    0.9372924566268921,
    0.874796450138092,
    0.833928108215332,
    0.8329934477806091,
    0.8258095979690552,
    0.8227134346961975,
    0.8196247816085815,
    0.816841721534729,
    0.8139892220497131,
    0.8107396364212036,
    0.8070055842399597,
    0.8025108575820923,
    0.7971479892730713,
    0.7903485894203186,
    0.7799108028411865,
    0.7680240869522095,
    0.7589865326881409,
    0.7479333877563477,
    0.7315489649772644,
    0.7176302671432495,
    0.7160962224006653,
    0.7203222513198853,
    0.7090185880661011,
    0.6966731548309326,
    0.6848984956741333,
    0.6671068668365479,
    0.6560224294662476,
    0.6426758170127869,
    0.6333644986152649,
    0.6328089833259583,
    0.6300529837608337,
    0.6244218349456787,
    0.6102104187011719,
    0.6025291085243225,
    0.6090335845947266,
    0.6113705039024353,
    0.6436686515808105,
    0.6095027923583984,
    0.5978735685348511,
    0.5773096084594727,
    0.5622283220291138,
    0.5541402697563171,
    0.5491223335266113,
    0.5717290043830872,
    0.5624375343322754,
    0.5394060611724854,
    0.5132571458816528,
    0.5209984183311462,
    0.5356151461601257,
    0.5309672951698303,
    0.6082509160041809,
    0.5184144973754883,
    0.4645450711250305,
    0.457256942987442,
    0.44793739914894104,
    0.4335322380065918,
    0.4324760437011719,
    0.406097412109375,
    0.4171358346939087,
    0.5914381146430969,
    0.5751155018806458,
    0.5065325498580933,
    0.4505108594894409,
    0.4855906665325165,
    0.39606016874313354,
    0.3562186658382416,
    0.33989623188972473,
    0.32355397939682007,
    0.3235543668270111,
    0.3153686225414276,
    0.33351755142211914,
    0.3585904538631439,
    0.6337254643440247,
    0.68048095703125,
    0.3943507969379425,
    0.31460896134376526,
    0.2883828580379486,
    0.27234384417533875,
    0.27156028151512146,
    0.2811339795589447,
    0.25186774134635925,
    0.2335827648639679,
    0.23131167888641357,
    0.2074638456106186,
    0.21892860531806946,
    0.26255926489830017,
    0.28920313715934753,
    0.5130038857460022,
    0.31486499309539795,
    0.22907193005084991,
    0.18212276697158813,
    0.16664470732212067,
    0.15879438817501068,
    0.1526409089565277,
    0.14727182686328888,
    0.13940684497356415,
    0.12343824654817581,
    0.1243811771273613,
    0.12602169811725616,
    0.13759000599384308
  ],
  "Training Time": 40.42550539970398,
  "Validate": [
    3.1727964878082275,
    3.127366065979004,
    2.930790662765503,
    2.8896188735961914,
    2.8373937606811523,
    2.797739267349243,
    2.760277509689331,
    2.725172996520996,
    2.6910223960876465,
    2.656439781188965,
    2.62087082862854,
    2.5833449363708496,
    2.5445339679718018,
    2.5110366344451904,
    2.520916223526001,
    2.537261962890625,
    2.559483528137207,
    2.5598957538604736,
    2.576812505722046,
    2.595325231552124,
    2.587641716003418,
    2.6763932704925537,
    2.555352210998535,
    2.6125431060791016,
    2.5671236515045166,
    2.580766201019287,
    2.5838897228240967,
    2.5938665866851807,
    2.605670690536499,
    2.6076791286468506,
    2.6151978969573975,
    2.6102874279022217,
    2.6580164432525635,
    2.629362106323242,
    2.604748249053955,
    2.5855836868286133,
    2.634597063064575,
    2.48654842376709,
    2.479513168334961,
    2.596968650817871,
    2.583228826522827,
    2.553969383239746,
    2.7123680114746094,
    2.557806968688965,
    2.656780481338501,
    2.655064582824707,
    2.71921443939209,
    2.732269287109375,
    2.785072088241577,
    2.6276001930236816,
    2.59903883934021,
    2.4906370639801025,
    2.6594736576080322,
    2.822622060775757,
    2.850553274154663,
    3.315596580505371,
    3.0702714920043945,
    3.9106969833374023,
    3.2655014991760254,
    2.398394823074341,
    2.4717187881469727,
    2.182974100112915,
    1.7998889684677124,
    2.052262783050537,
    2.307219982147217,
    2.4313693046569824,
    2.3094754219055176,
    2.2224462032318115,
    2.2123842239379883,
    2.126871109008789,
    2.2164077758789062,
    2.482839822769165,
    2.2740299701690674,
    2.095595121383667,
    2.1845545768737793,
    2.4350171089172363,
    2.4710071086883545,
    2.453217029571533,
    2.5109570026397705,
    2.5750691890716553,
    2.754444122314453,
    2.710592269897461,
    2.7287755012512207,
    2.743190288543701,
    2.740912437438965,
    2.538524866104126,
    2.513524055480957,
    2.179790735244751,
    2.631455898284912,
    3.2565200328826904,
    3.2086915969848633,
    3.0325517654418945,
    3.2206125259399414,
    3.547720432281494,
    3.584683895111084,
    3.803032875061035,
    3.911572217941284,
    3.907088279724121,
    4.000092029571533,
    3.398493766784668
  ]
}