{
  "Train": [
    1.0892752408981323,
    0.9270573258399963,
    0.8978638648986816,
    0.8771251440048218,
    0.8579739332199097,
    0.8391245007514954,
    0.820013701915741,
    0.8002491593360901,
    0.7794855833053589,
    0.7573986649513245
  ],
  "Training Time": 7.179965257644653,
  "Validate": [
    1.211423635482788,
    1.2543320655822754,
    1.2816296815872192,
    1.293175220489502,
    1.2963100671768188,
    1.2949693202972412,
    1.2894549369812012,
    1.2776856422424316,
    1.257583498954773,
    1.2290228605270386
  ]
}