{
  "Train": [
    0.7257385849952698,
    0.7084978222846985,
    0.6986631751060486,
    0.6898741126060486,
    0.6816474795341492,
    0.6735697388648987,
    0.6650579571723938,
    0.6552470326423645,
    0.6429115533828735,
    0.6288666725158691
  ],
  "Training Time": 10.816720962524414,
  "Validate": [
    0.41388022899627686,
    0.43052661418914795,
    0.4362806975841522,
    0.4368416666984558,
    0.435187429189682,
    0.4328630566596985,
    0.43126270174980164,
    0.43345320224761963,
    0.4503338932991028,
    0.5053414702415466
  ]
}