{
  "Train": [
    0.9706882834434509,
    0.9106565713882446,
    0.8547999858856201,
    0.8432287573814392,
    0.8327025175094604,
    0.8244351148605347,
    0.8171378374099731,
    0.809770941734314,
    0.8018059134483337,
    0.7929971218109131
  ],
  "Training Time": 11.741491317749023,
  "Validate": [
    3.4532511234283447,
    3.29122257232666,
    2.9865682125091553,
    2.8841114044189453,
    2.8197271823883057,
    2.764613628387451,
    2.7090508937835693,
    2.6457831859588623,
    2.5696866512298584,
    2.4789974689483643
  ]
}