{
  "Train": [
    0.7984030842781067,
    0.7612191438674927,
    0.7407563924789429,
    0.7251806259155273,
    0.710874080657959,
    0.6979475021362305,
    0.6871755719184875,
    0.6788540482521057,
    0.6716692447662354,
    0.6643994450569153
  ],
  "Training Time": 14.057814836502075,
  "Validate": [
    NaN,
    NaN,
    NaN,
    NaN,
    NaN,
    NaN,
    NaN,
    NaN,
    NaN,
    NaN
  ]
}