{
  "Train": [
    0.9415649175643921,
    0.5634324550628662,
    0.4521463215351105,
    0.380943238735199,
    0.32712098956108093,
    0.29274052381515503,
    0.2725016176700592,
    0.25987643003463745,
    0.25319162011146545,
    0.24602314829826355,
    0.23866049945354462,
    0.23059459030628204,
    0.22408729791641235,
    0.21596157550811768,
    0.21428748965263367,
    0.20527218282222748,
    0.20266832411289215,
    0.19248487055301666,
    0.1887907236814499,
    0.18074439465999603,
    0.17901574075222015,
    0.17300891876220703,
    0.17263628542423248,
    0.16727350652217865,
    0.16790612041950226
  ],
  "Training Time": 11.104554176330566,
  "Validate": [
    0.35879263281822205,
    0.4277403950691223,
    0.4645138084888458,
    0.5042439103126526,
    0.5767889618873596,
    0.6766964793205261,
    0.7831434011459351,
    0.868496298789978,
    0.8959510326385498,
    0.8743432760238647,
    0.8467206954956055,
    0.7945523858070374,
    0.7775132656097412,
    0.7219468355178833,
    0.7402560710906982,
    0.6911234259605408,
    0.6722055077552795,
    0.6088480353355408,
    0.6084528565406799,
    0.5422493815422058,
    0.5826188921928406,
    0.4887012541294098,
    0.6017712950706482,
    0.4559280276298523,
    0.5948202610015869
  ]
}