{
  "Train": [
    0.21074266731739044,
    0.13622690737247467,
    0.11637193709611893,
    0.10776782035827637,
    0.10031738132238388,
    0.09254170209169388,
    0.10318303108215332,
    0.09350061416625977,
    0.08554201573133469,
    0.08176599442958832,
    0.07712895423173904,
    0.07394696772098541,
    0.07618317008018494,
    0.09798281639814377,
    0.08434822410345078,
    0.09056638181209564,
    0.06808856874704361,
    0.07233105599880219,
    0.08429788798093796,
    0.06202710047364235,
    0.062454525381326675,
    0.08680140972137451,
    0.0777745321393013,
    0.08426695317029953,
    0.06948664039373398
  ],
  "Training Time": 16.24128246307373,
  "Validate": [
    NaN,
    NaN,
    NaN,
    NaN,
    NaN,
    NaN,
    NaN,
    NaN,
    NaN,
    NaN,
    NaN,
    NaN,
    NaN,
    NaN,
    NaN,
    NaN,
    NaN,
    NaN,
    NaN,
    NaN,
    NaN,
    NaN,
    NaN,
    NaN,
    NaN
  ]
}