{
  "Train": [
    0.3073040544986725,
    0.11699814349412918,
    0.09483063220977783,
    0.08375055342912674,
    0.07602780312299728,
    0.0670136883854866,
    0.05924949795007706,
    0.05411752313375473,
    0.048598673194646835,
    0.05551876872777939,
    0.046714894473552704,
    0.039316900074481964,
    0.039703335613012314,
    0.028935803100466728,
    0.024335136637091637,
    0.023491423577070236,
    0.019369561225175858,
    0.018854942172765732,
    0.016192691400647163,
    0.017039991915225983,
    0.015178673900663853,
    0.015020237304270267,
    0.014509817585349083,
    0.014407101087272167,
    0.039066996425390244
  ],
  "Training Time": 12.303351879119873,
  "Validate": [
    1.121802568435669,
    1.5559872388839722,
    1.8886618614196777,
    2.2320191860198975,
    2.3896729946136475,
    2.9260683059692383,
    2.9660699367523193,
    3.8546552658081055,
    3.838693857192993,
    1.7274502515792847,
    3.3904006481170654,
    3.4824135303497314,
    2.847168207168579,
    3.0987000465393066,
    3.015415906906128,
    2.568308115005493,
    2.6102750301361084,
    2.3097784519195557,
    2.520413398742676,
    2.270906686782837,
    2.298410177230835,
    2.2511959075927734,
    2.219360828399658,
    2.171902656555176,
    1.0151009559631348
  ]
}