{
  "Train": [
    0.08328711241483688,
    0.026275064796209335,
    0.016099752858281136,
    0.011252918280661106,
    0.007965127937495708,
    0.00758440513163805,
    0.007344170939177275,
    0.007161472924053669,
    0.00726863881573081,
    0.007205943576991558,
    0.00715327775105834,
    0.00693577341735363,
    0.007041543256491423,
    0.00721883587539196,
    0.006658326368778944,
    0.007813376374542713,
    0.01005951501429081,
    0.008410521782934666,
    0.007226917892694473,
    0.010485430248081684,
    0.00787072628736496,
    0.013285940513014793,
    0.007944030687212944,
    0.00952223688364029,
    0.011126135475933552
  ],
  "Training Time": 15.671504020690918,
  "Validate": [
    NaN,
    NaN,
    NaN,
    NaN,
    NaN,
    NaN,
    NaN,
    NaN,
    NaN,
    NaN,
    NaN,
    NaN,
    NaN,
    NaN,
    NaN,
    NaN,
    NaN,
    NaN,
    NaN,
    NaN,
    NaN,
    NaN,
    NaN,
    NaN,
    NaN
  ]
}