{
  "Train": [
    0.31371980905532837,
    0.09643398225307465,
    0.05652367323637009,
    0.04808356985449791,
    0.04221535474061966,
    0.03740224242210388,
    0.03385396674275398,
    0.031072525307536125,
    0.028785748407244682,
    0.02682177536189556,
    0.025073766708374023,
    0.02351134829223156,
    0.022141335532069206,
    0.020863691344857216,
    0.019627973437309265,
    0.0184463057667017,
    0.017387889325618744,
    0.01652352139353752,
    0.015837954357266426,
    0.015249969437718391,
    0.014694337733089924,
    0.014155716635286808,
    0.013641266152262688,
    0.01315721683204174,
    0.012706574983894825
  ],
  "Training Time": 10.604241371154785,
  "Validate": [
    25.573448181152344,
    23.632476806640625,
    22.495994567871094,
    21.647323608398438,
    20.809444427490234,
    19.859251022338867,
    19.014585494995117,
    18.35222053527832,
    17.89796257019043,
    17.59720230102539,
    17.385923385620117,
    17.21497344970703,
    17.046817779541016,
    16.882286071777344,
    16.73427391052246,
    16.599943161010742,
    16.476314544677734,
    16.36771583557129,
    16.274206161499023,
    16.196020126342773,
    16.135480880737305,
    16.09101104736328,
    16.057096481323242,
    16.02600860595703,
    15.988635063171387
  ]
}