{
  "Train": [
    0.16526444256305695,
    0.14440976083278656,
    0.13286690413951874,
    0.12550537288188934,
    0.11998476833105087,
    0.11542021483182907,
    0.11139372736215591,
    0.10770398378372192,
    0.10420980304479599,
    0.10079775005578995,
    0.0974261611700058,
    0.0941212922334671,
    0.09097438305616379,
    0.08832371234893799,
    0.08623015135526657,
    0.08460318297147751,
    0.08338979631662369,
    0.08199276030063629,
    0.07864446938037872,
    0.07552750408649445,
    0.0883796364068985,
    0.07784571498632431,
    0.06777355819940567,
    0.09094781428575516,
    0.07324979454278946
  ],
  "Training Time": 18.37207317352295,
  "Validate": [
    0.7783561944961548,
    0.683448851108551,
    0.598720133304596,
    0.5174758434295654,
    0.4453566372394562,
    0.38501080870628357,
    0.334557443857193,
    0.29149627685546875,
    0.2541085183620453,
    0.22124157845973969,
    0.19241322576999664,
    0.16700924932956696,
    0.14431557059288025,
    0.1273537278175354,
    0.11675835400819778,
    0.11252313107252121,
    0.10787885636091232,
    0.11127983778715134,
    0.13076768815517426,
    0.14807413518428802,
    0.20935717225074768,
    0.24477797746658325,
    0.1690419316291809,
    0.1620856374502182,
    0.20752772688865662
  ]
}