{
  "Train": [
    1.1804418563842773,
    0.9810633659362793,
    0.9395240545272827,
    0.9185790419578552,
    0.9003148078918457,
    0.8825148344039917,
    0.8634118437767029,
    0.8401470184326172,
    0.8130488395690918,
    0.7799656987190247
  ],
  "Training Time": 7.309967756271362,
  "Validate": [
    1.5571247339248657,
    1.6296706199645996,
    1.6402915716171265,
    1.6682754755020142,
    1.6698681116104126,
    1.6171798706054688,
    1.4946823120117188,
    1.479009747505188,
    1.4913170337677002,
    1.533227562904358
  ]
}