{
  "Train": [
    0.5619280338287354,
    0.5379047393798828,
    0.45146021246910095,
    0.3753497302532196,
    0.43035221099853516,
    0.32855144143104553,
    0.2995155155658722,
    0.24534687399864197,
    0.24205709993839264,
    0.24733203649520874
  ],
  "Training Time": 9.369996070861816,
  "Validate": [
    NaN,
    NaN,
    NaN,
    NaN,
    NaN,
    NaN,
    NaN,
    NaN,
    NaN,
    NaN
  ]
}