{
  "Train": [
    0.8140993714332581,
    0.5589706897735596,
    0.4475109279155731,
    0.37291330099105835,
    0.32683271169662476,
    0.3028251826763153,
    0.28496256470680237,
    0.2715391218662262,
    0.25911277532577515,
    0.2480117380619049,
    0.23753401637077332,
    0.227578803896904,
    0.21807922422885895,
    0.20915332436561584,
    0.20090994238853455,
    0.19326862692832947,
    0.18607203662395477,
    0.17914773523807526,
    0.17226159572601318,
    0.16513553261756897,
    0.1576356291770935,
    0.15041925013065338,
    0.14505743980407715,
    0.14151190221309662,
    0.1387849748134613
  ],
  "Training Time": 15.529123306274414,
  "Validate": [
    7.219105243682861,
    5.928083896636963,
    5.075934886932373,
    4.869636058807373,
    4.964845657348633,
    5.057643890380859,
    5.134126663208008,
    5.196783542633057,
    5.25393533706665,
    5.298707962036133,
    5.329735279083252,
    5.343421936035156,
    5.33837890625,
    5.316839218139648,
    5.283204078674316,
    5.240576267242432,
    5.19203519821167,
    5.142011642456055,
    5.094816207885742,
    5.054062843322754,
    5.022045612335205,
    5.000389575958252,
    4.991479396820068,
    4.994083881378174,
    5.01377534866333
  ]
}