{
  "Train": [
    1.054949402809143,
    1.0526548624038696,
    1.0518561601638794,
    1.0512655973434448,
    1.0507795810699463,
    1.0503462553024292,
    1.049936294555664,
    1.0495284795761108,
    1.0491019487380981,
    1.0486323833465576
  ],
  "Training Time": 3.5980641841888428,
  "Validate": [
    7.351024627685547,
    7.34389591217041,
    7.344039440155029,
    7.347987651824951,
    7.354142665863037,
    7.361781120300293,
    7.370579719543457,
    7.380415916442871,
    7.39131498336792,
    7.403463363647461
  ]
}