{
  "Train": [
    1.11761474609375,
    1.1137017011642456,
    1.1121333837509155,
    1.1111875772476196,
    1.1105034351348877,
    1.1099276542663574,
    1.1093696355819702,
    1.1087535619735718,
    1.1079914569854736,
    1.1069519519805908
  ],
  "Training Time": 2.338758945465088,
  "Validate": [
    1.5123934745788574,
    1.4820369482040405,
    1.4641121625900269,
    1.4522861242294312,
    1.4437836408615112,
    1.4371532201766968,
    1.431566834449768,
    1.4265354871749878,
    1.4217842817306519,
    1.417210340499878
  ]
}