{
  "Train": [
    1.1878485679626465,
    1.1580561399459839,
    1.1495451927185059,
    1.140098214149475,
    1.1328275203704834,
    1.125542402267456,
    1.1176807880401611,
    1.1093443632125854,
    1.1003472805023193,
    1.0906707048416138,
    1.0802807807922363,
    1.0684113502502441,
    1.054321527481079,
    1.0379687547683716,
    1.0171538591384888,
    0.9898906350135803,
    0.9527267217636108,
    0.90395188331604,
    0.867150604724884,
    0.8085334300994873,
    0.8707991242408752,
    0.6638439297676086,
    0.8721006512641907,
    0.5944973230361938,
    0.6825841069221497,
    0.5143267512321472,
    0.581257700920105,
    0.4203735888004303,
    0.42370545864105225,
    0.3763638138771057,
    0.5480491518974304,
    0.3227381706237793,
    0.3255782723426819,
    0.297453910112381,
    0.2709543704986572,
    0.29341596364974976,
    0.2322693169116974,
    0.20922793447971344,
    0.1971462219953537,
    0.192493736743927,
    0.18972863256931305,
    0.19039127230644226,
    0.19233258068561554,
    0.19389395415782928,
    0.1868923455476761,
    0.1715184897184372,
    0.21939559280872345,
    0.39002397656440735,
    0.3403947055339813,
    0.2542758285999298,
    0.4423963129520416,
    0.2388472855091095,
    0.16470426321029663,
    0.14471909403800964,
    0.13881972432136536,
    0.13095711171627045,
    0.1250866800546646,
    0.12190806865692139,
    0.12260232865810394,
    0.11969753354787827,
    0.11788137257099152,
    0.11574802547693253,
    0.11978178471326828,
    0.09703991562128067,
    0.13359834253787994,
    0.1045641377568245,
    0.10369128733873367,
    0.09268534183502197,
    0.08917078375816345,
    0.09150927513837814,
    0.10369901359081268,
    0.16564933955669403,
    0.4110082983970642,
    0.7819129824638367,
    1.211586356163025,
    0.4350684583187103,
    0.2424965649843216,
    0.19056914746761322,
    0.16184376180171967,
    0.14697033166885376,
    0.13745646178722382,
    0.13155032694339752,
    0.12716057896614075,
    0.12281864136457443,
    0.11935093253850937,
    0.1155281811952591,
    0.11301209032535553,
    0.10968931764364243,
    0.1077490970492363,
    0.10769329220056534,
    0.10079769045114517,
    0.10404209047555923,
    0.09797695279121399,
    0.0900966003537178,
    0.0859401747584343,
    0.08591289818286896,
    0.07949329912662506,
    0.0751454085111618,
    0.07118543237447739,
    0.07586371898651123
  ],
  "Training Time": 75.3602557182312,
  "Validate": [
    1.9909412860870361,
    2.0025339126586914,
    2.0331461429595947,
    2.040961265563965,
    2.025390863418579,
    2.01004958152771,
    1.993578314781189,
    1.974748134613037,
    1.955935001373291,
    1.9386775493621826,
    1.9220114946365356,
    1.9038318395614624,
    1.8841907978057861,
    1.8627454042434692,
    1.8402199745178223,
    1.8202433586120605,
    1.8074595928192139,
    1.7966159582138062,
    1.7329177856445312,
    1.9255282878875732,
    1.8769640922546387,
    1.9630695581436157,
    1.9151771068572998,
    2.0331990718841553,
    2.0658748149871826,
    2.1058084964752197,
    2.0584166049957275,
    2.123199224472046,
    2.131883144378662,
    2.148905038833618,
    1.9710068702697754,
    1.989367961883545,
    1.9992190599441528,
    2.014200448989868,
    2.0206382274627686,
    2.151524782180786,
    2.0495407581329346,
    2.0698397159576416,
    2.0966858863830566,
    2.1163113117218018,
    2.138333320617676,
    2.143566131591797,
    2.1543288230895996,
    2.14267635345459,
    2.0974409580230713,
    2.171367883682251,
    2.117966413497925,
    2.0363388061523438,
    1.8554692268371582,
    2.2091715335845947,
    1.8122062683105469,
    1.953446865081787,
    1.943681240081787,
    1.9682272672653198,
    1.9952290058135986,
    1.9933425188064575,
    1.9891856908798218,
    2.013272762298584,
    2.0331709384918213,
    2.015554189682007,
    2.043646812438965,
    2.0481350421905518,
    2.0544416904449463,
    1.8878356218338013,
    1.9631099700927734,
    2.009218454360962,
    2.023681402206421,
    1.961866855621338,
    1.9670733213424683,
    1.999396562576294,
    1.8993244171142578,
    2.1408095359802246,
    1.8488036394119263,
    3.0579683780670166,
    2.27170467376709,
    2.1235296726226807,
    2.160214900970459,
    2.161329507827759,
    2.1468000411987305,
    2.140049695968628,
    2.126039505004883,
    2.104404926300049,
    2.072906255722046,
    2.0455214977264404,
    2.01387882232666,
    1.9917271137237549,
    1.962134599685669,
    1.9403412342071533,
    1.913224697113037,
    1.9095650911331177,
    1.8754879236221313,
    2.0310285091400146,
    1.9803718328475952,
    1.979417324066162,
    2.0263824462890625,
    2.053945779800415,
    2.049062490463257,
    2.068260431289673,
    2.1136691570281982,
    1.834886908531189
  ]
}