{
  "Train": [
    0.7439923882484436,
    0.7108913064002991,
    0.6952651739120483,
    0.6837721467018127,
    0.6746600270271301,
    0.667228639125824,
    0.6611513495445251,
    0.6557912230491638,
    0.6502367854118347,
    0.644018292427063
  ],
  "Training Time": 16.125016450881958,
  "Validate": [
    0.4203968942165375,
    0.43134766817092896,
    0.4400908350944519,
    0.4585466682910919,
    0.48801344633102417,
    0.5217916965484619,
    0.5466403961181641,
    0.5616112947463989,
    0.5723018050193787,
    0.5811336040496826
  ]
}