{
  "Train": [
    0.8808885216712952,
    0.8363140821456909,
    0.8160788416862488,
    0.8011137843132019,
    0.7875267267227173,
    0.7730863690376282,
    0.7573650479316711,
    0.7455628514289856,
    0.7286513447761536,
    0.714474081993103
  ],
  "Training Time": 20.05901265144348,
  "Validate": [
    NaN,
    NaN,
    NaN,
    NaN,
    NaN,
    NaN,
    NaN,
    NaN,
    NaN,
    NaN
  ]
}