{
  "Train": [
    1.1977872848510742,
    1.1624642610549927,
    1.1489994525909424,
    1.1415197849273682,
    1.1356117725372314,
    1.1293243169784546,
    1.122924566268921,
    1.1155550479888916,
    1.106932520866394,
    1.096186637878418,
    1.0832117795944214,
    1.066416621208191,
    1.0456198453903198,
    1.0180820226669312,
    0.9843501448631287,
    0.94657301902771,
    0.8911851048469543,
    0.9889053106307983,
    0.879531979560852,
    0.8018762469291687,
    0.9174010157585144,
    0.6684638261795044,
    0.9685986638069153,
    0.755225419998169,
    0.7260376214981079,
    0.5453646779060364,
    0.850051760673523,
    0.47603514790534973,
    0.7103497982025146,
    0.4657357633113861,
    0.45782768726348877,
    0.4431212544441223,
    0.381736695766449,
    0.4109933376312256,
    0.36452752351760864,
    0.44733312726020813,
    0.28663888573646545,
    0.46425050497055054,
    0.2748972177505493,
    0.31862321496009827,
    0.26635080575942993,
    0.2892053425312042,
    0.31997278332710266,
    0.2645397484302521,
    0.3362981975078583,
    0.2480095624923706,
    0.25505971908569336,
    0.22173886001110077,
    0.23026087880134583,
    0.22821831703186035,
    0.21577079594135284,
    0.21888644993305206,
    0.26196062564849854,
    0.23207207024097443,
    0.25663623213768005,
    0.21888881921768188,
    0.22596332430839539,
    0.26638495922088623,
    0.34352222084999084,
    0.21944060921669006,
    0.24792034924030304,
    0.2971694767475128,
    0.3143988251686096,
    0.2788410186767578,
    0.2571498453617096,
    0.21630629897117615,
    0.20008596777915955,
    0.16688263416290283,
    0.1721172034740448,
    0.1478913575410843,
    0.1414625197649002,
    0.16621172428131104,
    0.17242154479026794,
    0.13983410596847534,
    0.20095880329608917,
    0.16943785548210144,
    0.13825613260269165,
    0.12707096338272095,
    0.16823844611644745,
    0.18972210586071014,
    0.145766019821167,
    0.1311783641576767,
    0.13833332061767578,
    0.12277566641569138,
    0.12844784557819366,
    0.3280862271785736,
    0.27018287777900696,
    0.25719574093818665,
    0.17832717299461365,
    0.11008480191230774,
    0.10028982162475586,
    0.10026861727237701,
    0.0978550836443901,
    0.0944356769323349,
    0.09598574042320251,
    0.09393922984600067,
    0.09118340909481049,
    0.09838653355836868,
    0.09506101161241531,
    0.11059125512838364
  ],
  "Training Time": 93.48970794677734,
  "Validate": [
    1.9721286296844482,
    1.9901740550994873,
    2.018362283706665,
    2.021454095840454,
    2.0071229934692383,
    1.993916630744934,
    1.9752751588821411,
    1.9554229974746704,
    1.9307719469070435,
    1.903211236000061,
    1.8685314655303955,
    1.8260670900344849,
    1.7735881805419922,
    1.7194651365280151,
    1.6950602531433105,
    1.743005633354187,
    1.8901077508926392,
    1.7533568143844604,
    2.0098893642425537,
    2.221151113510132,
    2.0058114528656006,
    2.586667060852051,
    1.8431605100631714,
    2.2641074657440186,
    2.3954384326934814,
    2.8783118724823,
    2.105454444885254,
    2.924443006515503,
    2.340866804122925,
    2.613147735595703,
    2.793156623840332,
    2.64266300201416,
    2.6758482456207275,
    2.5048177242279053,
    2.7263917922973633,
    2.2629079818725586,
    2.537292718887329,
    2.2834835052490234,
    2.5338246822357178,
    2.318566083908081,
    2.562234401702881,
    2.245290994644165,
    2.527534246444702,
    2.559694766998291,
    2.313119649887085,
    2.6655945777893066,
    2.344578266143799,
    2.605679512023926,
    2.511058807373047,
    2.6914987564086914,
    2.7995851039886475,
    2.7273690700531006,
    2.9021151065826416,
    3.246127128601074,
    2.9544966220855713,
    3.0788047313690186,
    3.097322940826416,
    3.309027671813965,
    3.1095757484436035,
    3.032000780105591,
    3.4097740650177,
    3.6923117637634277,
    3.614154100418091,
    2.70623779296875,
    2.547842264175415,
    3.3126397132873535,
    3.158175468444824,
    3.4485137462615967,
    3.3553807735443115,
    3.2396676540374756,
    3.208444833755493,
    3.0464696884155273,
    2.978421926498413,
    2.8811745643615723,
    2.772585391998291,
    2.9784646034240723,
    2.936054229736328,
    3.0745248794555664,
    3.0095014572143555,
    3.2416412830352783,
    2.962003469467163,
    3.009202480316162,
    2.915911912918091,
    3.1254072189331055,
    3.3017942905426025,
    2.4328339099884033,
    3.383493661880493,
    2.55501651763916,
    3.1642754077911377,
    2.961118221282959,
    3.086873769760132,
    3.0582528114318848,
    3.0980262756347656,
    3.0691239833831787,
    3.0811874866485596,
    3.0609941482543945,
    3.0847761631011963,
    3.0968267917633057,
    3.057218074798584,
    2.9997923374176025
  ]
}