{
  "Train": [
    1.18289053440094,
    1.1660207509994507,
    1.163578987121582,
    1.158582091331482,
    1.154284119606018,
    1.1479363441467285,
    1.1420706510543823,
    1.1349283456802368,
    1.128864049911499,
    1.1212091445922852
  ],
  "Training Time": 7.905846118927002,
  "Validate": [
    1.9998040199279785,
    1.974633812904358,
    1.9861809015274048,
    1.993863582611084,
    2.0028491020202637,
    2.009605646133423,
    2.0160677433013916,
    2.020235061645508,
    2.0209343433380127,
    2.023574113845825
  ]
}