{
  "Train": [
    1.1037932634353638,
    1.0705296993255615,
    1.0319981575012207,
    1.0243479013442993,
    1.0123873949050903,
    0.9772160053253174,
    1.0192830562591553,
    0.9765821695327759,
    1.0180965662002563,
    0.9534239172935486
  ],
  "Training Time": 9.215129375457764,
  "Validate": [
    NaN,
    NaN,
    NaN,
    NaN,
    NaN,
    NaN,
    NaN,
    NaN,
    NaN,
    NaN
  ]
}