{
  "Train": [
    0.4706997871398926,
    0.13759325444698334,
    0.10170663893222809,
    0.09079667180776596,
    0.06773873418569565,
    0.04501219466328621,
    0.031190181151032448,
    0.028301702812314034,
    0.027169298380613327,
    0.025935040786862373,
    0.025151142850518227,
    0.024606993421912193,
    0.024146776646375656,
    0.023757822811603546,
    0.02341056801378727,
    0.02310105785727501,
    0.022835081443190575,
    0.022611506283283234,
    0.022430671378970146,
    0.022295169532299042,
    0.02221110090613365,
    0.022191016003489494,
    0.02225503697991371,
    0.02242569997906685,
    0.02269240841269493
  ],
  "Training Time": 10.421930074691772,
  "Validate": [
    1.6099655628204346,
    0.6508507132530212,
    0.5940758585929871,
    0.6322289109230042,
    1.0274428129196167,
    1.1301591396331787,
    1.2191767692565918,
    1.2205533981323242,
    1.2046914100646973,
    1.1901390552520752,
    1.1760163307189941,
    1.160254955291748,
    1.1446858644485474,
    1.1294007301330566,
    1.113931655883789,
    1.0982470512390137,
    1.0822832584381104,
    1.0660408735275269,
    1.0496890544891357,
    1.033517599105835,
    1.0178656578063965,
    1.0029672384262085,
    0.9887440204620361,
    0.9747427105903625,
    0.9606987237930298
  ]
}