{
  "Train": [
    0.08448385447263718,
    0.05201992020010948,
    0.04276273027062416,
    0.03887571394443512,
    0.034585703164339066,
    0.03182242065668106,
    0.029963741078972816,
    0.028937209397554398,
    0.02846425212919712,
    0.02819717489182949,
    0.02764790691435337,
    0.0270927045494318,
    0.026638764888048172,
    0.026134973391890526,
    0.025676362216472626,
    0.025145934894680977,
    0.024777961894869804,
    0.024426471441984177,
    0.023971037939190865,
    0.023748138919472694,
    0.023192372173070908,
    0.023041438311338425,
    0.022499551996588707,
    0.022471880540251732,
    0.02202913537621498
  ],
  "Training Time": 15.27986192703247,
  "Validate": [
    NaN,
    NaN,
    NaN,
    NaN,
    NaN,
    NaN,
    NaN,
    NaN,
    NaN,
    NaN,
    NaN,
    NaN,
    NaN,
    NaN,
    NaN,
    NaN,
    NaN,
    NaN,
    NaN,
    NaN,
    NaN,
    NaN,
    NaN,
    NaN,
    NaN
  ]
}