{
  "Train": [
    0.20262819528579712,
    0.10828863829374313,
    0.09347309172153473,
    0.08636539429426193,
    0.09080225229263306,
    0.08386413007974625,
    0.08438368886709213,
    0.07846850156784058,
    0.08237466216087341,
    0.07491347938776016,
    0.07971347123384476,
    0.07253813743591309,
    0.0771629735827446,
    0.0707775428891182,
    0.07520715147256851,
    0.06905439496040344,
    0.07354207336902618,
    0.06754092872142792,
    0.07199692726135254,
    0.06651538610458374,
    0.07026415318250656,
    0.06542617827653885,
    0.06854043900966644,
    0.06425510346889496,
    0.06712047755718231
  ],
  "Training Time": 16.178869485855103,
  "Validate": [
    NaN,
    NaN,
    NaN,
    NaN,
    NaN,
    NaN,
    NaN,
    NaN,
    NaN,
    NaN,
    NaN,
    NaN,
    NaN,
    NaN,
    NaN,
    NaN,
    NaN,
    NaN,
    NaN,
    NaN,
    NaN,
    NaN,
    NaN,
    NaN,
    NaN
  ]
}