{
  "Train": [
    0.29411959648132324,
    0.1388506442308426,
    0.11800574511289597,
    0.11129956692457199,
    0.1063951924443245,
    0.10376959294080734,
    0.10153172165155411,
    0.09919030964374542,
    0.09740252047777176,
    0.09596278518438339,
    0.0947553962469101,
    0.09367332607507706,
    0.09267942607402802,
    0.0916818231344223,
    0.09057842940092087,
    0.08940499275922775,
    0.08819051086902618,
    0.0868980884552002,
    0.08545000851154327,
    0.0837894082069397,
    0.08196831494569778,
    0.08005170524120331,
    0.07803638279438019,
    0.07581659406423569,
    0.07346350699663162
  ],
  "Training Time": 12.467130899429321,
  "Validate": [
    0.3565394878387451,
    0.41350558400154114,
    0.47562724351882935,
    0.5077185034751892,
    0.5515268445014954,
    0.5887142419815063,
    0.6305938959121704,
    0.6856091022491455,
    0.7393707036972046,
    0.7900069952011108,
    0.8391891717910767,
    0.8897964954376221,
    0.9407700896263123,
    0.987540066242218,
    1.0302201509475708,
    1.071008563041687,
    1.1089661121368408,
    1.1411559581756592,
    1.1662449836730957,
    1.1872414350509644,
    1.2080304622650146,
    1.232250690460205,
    1.2649012804031372,
    1.3126366138458252,
    1.3727587461471558
  ]
}