{
  "Train": [
    1.1028106212615967,
    1.0948809385299683,
    1.092063069343567,
    1.087518572807312,
    1.082937479019165,
    1.0784207582473755,
    1.0724451541900635,
    1.0637143850326538,
    1.0513074398040771,
    1.0344088077545166,
    1.0146703720092773,
    0.9918063282966614,
    0.9650561809539795,
    0.9334463477134705,
    0.9010635614395142,
    0.8744211196899414,
    0.8609785437583923,
    0.8817724585533142,
    0.847604513168335,
    0.8298243880271912,
    0.8193936347961426,
    0.8150976300239563,
    0.8117009997367859,
    0.8044288754463196,
    0.7932400703430176,
    0.7820385694503784,
    0.7728734612464905,
    0.767528772354126,
    0.7626636028289795,
    0.7523441910743713,
    0.7411198616027832,
    0.7296050190925598,
    0.7264606952667236,
    0.7261776328086853,
    0.7208281755447388,
    0.6844161152839661,
    0.7194563746452332,
    0.7155727744102478,
    0.637089729309082,
    0.6657122373580933,
    0.6203770637512207,
    0.6154624819755554,
    0.7049066424369812,
    0.6469175219535828,
    0.5857498049736023,
    0.5869393944740295,
    0.5726955533027649,
    0.5784522294998169,
    0.5533589124679565,
    0.554254412651062,
    0.5358332395553589,
    0.5332149863243103,
    0.5204600691795349,
    0.5077180862426758,
    0.5074077844619751,
    0.49015334248542786,
    0.4690856337547302,
    0.61849045753479,
    0.46186861395835876,
    0.4389092028141022,
    0.41956743597984314,
    0.408293753862381,
    0.39309242367744446,
    0.3687339127063751,
    0.3524537980556488,
    0.7167158126831055,
    0.3895551264286041,
    0.38527917861938477,
    0.36720433831214905,
    0.3424869775772095,
    0.3352131247520447,
    0.33381974697113037,
    0.3513079285621643,
    0.3039693236351013,
    0.28508955240249634,
    0.2666890621185303,
    0.30054518580436707,
    0.392503947019577,
    0.31688013672828674,
    0.2796328067779541,
    0.26934847235679626,
    0.23551692068576813,
    0.2226695567369461,
    0.22706031799316406,
    0.2728116512298584,
    0.22786644101142883,
    0.3028692603111267,
    0.23401999473571777,
    0.20389701426029205,
    0.3151586651802063,
    0.2083396166563034,
    0.17411012947559357,
    0.16212110221385956,
    0.18830762803554535,
    0.15223126113414764,
    0.15533795952796936,
    0.12179172039031982,
    0.15986137092113495,
    0.1471070498228073,
    0.20660635828971863
  ],
  "Training Time": 106.11718368530273,
  "Validate": [
    4.377864360809326,
    4.378974914550781,
    4.357444763183594,
    4.336678981781006,
    4.29514217376709,
    4.2642598152160645,
    4.24830961227417,
    4.261266708374023,
    4.297256946563721,
    4.331203937530518,
    4.3414201736450195,
    4.330316066741943,
    4.301252365112305,
    4.251574516296387,
    4.189991474151611,
    4.130834579467773,
    4.076308727264404,
    4.081135272979736,
    4.060877799987793,
    4.025611400604248,
    3.994980573654175,
    3.971602439880371,
    3.9506537914276123,
    3.9301092624664307,
    3.906705617904663,
    3.8806824684143066,
    3.856346845626831,
    3.8332481384277344,
    3.8109261989593506,
    3.7893636226654053,
    3.770059108734131,
    3.7470436096191406,
    3.7159202098846436,
    3.607632637023926,
    3.7157557010650635,
    3.744040012359619,
    3.800576686859131,
    3.7472708225250244,
    3.780564308166504,
    3.7609200477600098,
    3.7930145263671875,
    3.8778257369995117,
    3.9274561405181885,
    3.95571231842041,
    4.01558256149292,
    4.039055824279785,
    4.077651023864746,
    4.080988883972168,
    4.1013689041137695,
    4.088339328765869,
    4.091305255889893,
    4.0676798820495605,
    4.039262771606445,
    4.014786243438721,
    3.957113742828369,
    3.899529218673706,
    3.9516141414642334,
    3.826557159423828,
    3.8838884830474854,
    3.775935411453247,
    3.7382774353027344,
    3.683363199234009,
    3.60546875,
    3.58798885345459,
    3.4668807983398438,
    3.7132179737091064,
    3.824374198913574,
    4.019874572753906,
    4.137842655181885,
    4.022247314453125,
    3.708380699157715,
    4.190239429473877,
    3.7835745811462402,
    4.051421642303467,
    4.136597156524658,
    4.082444667816162,
    4.147615432739258,
    4.181938171386719,
    3.940885305404663,
    4.13408088684082,
    4.049651145935059,
    4.199111461639404,
    4.07359504699707,
    4.241555213928223,
    4.095492839813232,
    4.335958480834961,
    4.037308216094971,
    4.345895767211914,
    4.192438125610352,
    4.026821613311768,
    4.305435657501221,
    4.458736896514893,
    4.312112331390381,
    4.493443012237549,
    4.309915065765381,
    4.354452133178711,
    4.586788654327393,
    4.119511127471924,
    4.533145427703857,
    4.40402889251709
  ]
}