{
  "Train": [
    1.1239324808120728,
    1.1133946180343628,
    1.1106702089309692,
    1.1079802513122559,
    1.1016937494277954,
    1.097646951675415,
    1.0930049419403076,
    1.086710810661316,
    1.0816532373428345,
    1.0778961181640625
  ],
  "Training Time": 2.4186713695526123,
  "Validate": [
    1.4968907833099365,
    1.4547455310821533,
    1.433680772781372,
    1.4226328134536743,
    1.4131834506988525,
    1.4185534715652466,
    1.4266163110733032,
    1.4388567209243774,
    1.4493151903152466,
    1.446273922920227
  ]
}