{
  "Train": [
    0.9003482460975647,
    0.6591699719429016,
    0.6435500979423523,
    0.6240439414978027,
    0.5733610987663269,
    0.5629164576530457,
    0.46806788444519043,
    0.4564056694507599,
    0.43061429262161255,
    0.45836687088012695,
    0.45600298047065735,
    0.4430222511291504,
    0.4139673709869385,
    0.3725663721561432,
    0.36672303080558777,
    0.48940253257751465,
    0.4408605694770813,
    0.37796130776405334,
    0.37820515036582947,
    0.39737775921821594,
    0.476856529712677,
    0.4265521466732025,
    0.3633182644844055,
    0.34878620505332947,
    0.34762877225875854,
    0.33497682213783264,
    0.32574623823165894,
    0.32121792435646057,
    0.3089001476764679,
    0.31480932235717773,
    0.3476187288761139,
    0.34206193685531616,
    0.3134375512599945,
    0.3021802306175232,
    0.28463873267173767,
    0.270195335149765,
    0.2999012768268585,
    0.26503807306289673,
    0.27653056383132935,
    0.2514735758304596,
    0.269241064786911,
    0.28201234340667725,
    0.27768346667289734,
    0.24424009025096893,
    0.22709405422210693,
    0.23229528963565826,
    0.2336263209581375,
    0.22931919991970062,
    0.22614632546901703,
    0.24145640432834625,
    0.2180289775133133,
    0.29167550802230835,
    0.29536643624305725,
    0.24814000725746155,
    0.2162405401468277,
    0.20771634578704834,
    0.20895348489284515,
    0.19743703305721283,
    0.18559730052947998,
    0.1906307488679886,
    0.1871841847896576,
    0.18564467132091522,
    0.1829821765422821,
    0.2986345887184143,
    0.2263534963130951,
    0.21288704872131348,
    0.27888521552085876,
    0.22092267870903015,
    0.21723796427249908,
    0.2582947909832001,
    0.28007376194000244,
    0.31274765729904175,
    0.2993600070476532,
    0.25188323855400085,
    0.22444812953472137,
    0.23618464171886444,
    0.2100241482257843,
    0.23120976984500885,
    0.21705809235572815,
    0.15752013027668,
    0.15013308823108673,
    0.1382565051317215,
    0.15545380115509033,
    0.24435749650001526,
    0.24527601897716522,
    0.200433611869812,
    0.16679194569587708,
    0.14342425763607025,
    0.1471826583147049,
    0.12912064790725708,
    0.13461342453956604,
    0.1297052949666977,
    0.12067597359418869,
    0.1150171160697937,
    0.10492776334285736,
    0.13096438348293304,
    0.12062989920377731,
    0.14323103427886963,
    0.14534449577331543,
    0.31058982014656067
  ],
  "Training Time": 141.84085488319397,
  "Validate": [
    0.4122677147388458,
    0.4696114659309387,
    0.5069561004638672,
    0.44453275203704834,
    0.47053253650665283,
    0.5089806914329529,
    0.5675330758094788,
    0.5981031060218811,
    0.5449852347373962,
    0.5469905138015747,
    0.5038338303565979,
    0.5051862001419067,
    0.5243372917175293,
    0.5798589587211609,
    0.5241174101829529,
    0.4161280393600464,
    0.45026400685310364,
    0.4609066843986511,
    0.46325981616973877,
    0.42768457531929016,
    0.4457355737686157,
    0.4393655061721802,
    0.4280385971069336,
    0.4233033359050751,
    0.41399338841438293,
    0.4085082709789276,
    0.41795939207077026,
    0.4209250211715698,
    0.4266667366027832,
    0.4732705354690552,
    0.44186756014823914,
    0.47809818387031555,
    0.44690367579460144,
    0.4518830180168152,
    0.43497875332832336,
    0.44256651401519775,
    0.37951624393463135,
    0.43180081248283386,
    0.4045327305793762,
    0.397286981344223,
    0.41088399291038513,
    0.4242193102836609,
    0.44797420501708984,
    0.43327903747558594,
    0.43451088666915894,
    0.44961443543434143,
    0.45956528186798096,
    0.44726449251174927,
    0.4277034103870392,
    0.48513802886009216,
    0.4606529474258423,
    0.4085216224193573,
    0.4755321443080902,
    0.46697816252708435,
    0.4757485091686249,
    0.4693872332572937,
    0.4882017970085144,
    0.45523443818092346,
    0.4657008945941925,
    0.5031041502952576,
    0.4930749833583832,
    0.47193482518196106,
    0.5152347683906555,
    0.47804906964302063,
    0.38148295879364014,
    0.3502524197101593,
    0.4501257836818695,
    0.42660558223724365,
    0.4734174907207489,
    0.41689297556877136,
    0.6318938732147217,
    0.38282087445259094,
    0.42668744921684265,
    0.4275103509426117,
    0.3573094308376312,
    0.3750355839729309,
    0.3563416004180908,
    0.3548985719680786,
    0.36583617329597473,
    0.40078556537628174,
    0.4501058757305145,
    0.4268960952758789,
    0.43264520168304443,
    0.7141042351722717,
    0.5735759735107422,
    0.561368465423584,
    0.5802261829376221,
    0.5538650751113892,
    0.5286791324615479,
    0.5050008893013,
    0.509671688079834,
    0.5027687549591064,
    0.49496185779571533,
    0.4925103485584259,
    0.5157369375228882,
    0.5495717525482178,
    0.7379752993583679,
    0.4711701571941376,
    0.3298722505569458,
    0.7032372951507568
  ]
}