{
  "Train": [
    0.6446696519851685,
    0.5450814962387085,
    0.5014938712120056,
    0.5107054710388184,
    0.48782217502593994,
    0.4639674127101898,
    0.44094350934028625,
    0.42544490098953247,
    0.4101972281932831,
    0.3936407268047333
  ],
  "Training Time": 20.73818302154541,
  "Validate": [
    NaN,
    NaN,
    NaN,
    NaN,
    NaN,
    NaN,
    NaN,
    NaN,
    NaN,
    NaN
  ]
}