{
  "Train": [
    0.42906591296195984,
    0.12223037332296371,
    0.08398802578449249,
    0.07422332465648651,
    0.06721475720405579,
    0.06044315546751022,
    0.05030049383640289,
    0.041043732315301895,
    0.03342987596988678,
    0.03041134960949421,
    0.029665891081094742,
    0.029128389433026314,
    0.028544969856739044,
    0.027916831895709038,
    0.02731047011911869,
    0.026781443506479263,
    0.02634613588452339,
    0.026007043197751045,
    0.025758162140846252,
    0.025586241856217384,
    0.025472473353147507,
    0.025394808501005173,
    0.02533069998025894,
    0.025260115042328835,
    0.025167813524603844
  ],
  "Training Time": 11.149836301803589,
  "Validate": [
    1.327332615852356,
    0.6305304169654846,
    0.5526193976402283,
    0.5413668155670166,
    0.5435049533843994,
    0.5272232890129089,
    0.5142127871513367,
    0.5030310750007629,
    0.5029674172401428,
    0.4977692663669586,
    0.48836204409599304,
    0.48899123072624207,
    0.49532729387283325,
    0.5033207535743713,
    0.5120343565940857,
    0.5213895440101624,
    0.531256377696991,
    0.5414764285087585,
    0.5519095659255981,
    0.5624735355377197,
    0.5731644034385681,
    0.5840678811073303,
    0.5953364372253418,
    0.6071485280990601,
    0.6196609139442444
  ]
}