{
  "Train": [
    0.8723337054252625,
    0.8608901500701904,
    0.848789393901825,
    0.8374522924423218,
    0.8269016146659851,
    0.8172317147254944,
    0.8084152936935425,
    0.8003210425376892,
    0.7928082346916199,
    0.7857707142829895
  ],
  "Training Time": 2.8577115535736084,
  "Validate": [
    NaN,
    NaN,
    NaN,
    NaN,
    NaN,
    NaN,
    NaN,
    NaN,
    NaN,
    NaN
  ]
}