{
  "Train": [
    1.1013357639312744,
    1.091021180152893,
    1.085975170135498,
    1.0799520015716553,
    1.0712870359420776,
    1.058637022972107,
    1.0394983291625977,
    1.0091370344161987,
    0.9745871424674988,
    0.9375835061073303,
    0.9041604399681091,
    0.8651045560836792,
    0.8398628234863281,
    0.8109647631645203,
    0.8439152836799622,
    0.7961824536323547,
    0.7646191120147705,
    0.7223354578018188,
    0.7009332776069641,
    0.6696739792823792,
    0.6532261967658997,
    0.6366042494773865,
    0.6248156428337097,
    0.607627272605896,
    0.5900530219078064,
    0.5725604295730591,
    0.5610900521278381,
    0.547651469707489,
    0.5330555438995361,
    0.5695754885673523,
    0.613530695438385,
    0.4975379407405853,
    0.4577765464782715,
    0.44458869099617004,
    0.43343567848205566,
    0.41807466745376587,
    0.44138941168785095,
    0.4281960427761078,
    0.38639944791793823,
    0.37854814529418945,
    0.3745136559009552,
    0.3724377453327179,
    0.37121179699897766,
    0.37081676721572876,
    0.35064712166786194,
    0.32484251260757446,
    0.3043723702430725,
    0.2987631559371948,
    0.2778513431549072,
    0.2612374722957611,
    0.25682809948921204,
    0.2687244713306427,
    0.3175314962863922,
    0.4421311914920807,
    0.34924760460853577,
    0.2657310962677002,
    0.307900607585907,
    0.23674644529819489,
    0.24769164621829987,
    0.22012795507907867,
    0.21558815240859985,
    0.19227732717990875,
    0.18421916663646698,
    0.17516431212425232,
    0.16836237907409668,
    0.2392229437828064,
    0.3488721549510956,
    0.31403055787086487,
    0.18576598167419434,
    0.1956786811351776,
    0.16122812032699585,
    0.15448130667209625,
    0.15584973990917206,
    0.14184747636318207,
    0.13695405423641205,
    0.12854287028312683,
    0.13083761930465698,
    0.17542895674705505,
    0.20565158128738403,
    0.146179661154747,
    0.15193825960159302,
    0.11982418596744537,
    0.1327667087316513,
    0.16687263548374176,
    0.12622441351413727,
    0.1251760572195053,
    0.12436708062887192,
    0.1294548213481903,
    0.14185364544391632,
    0.14988015592098236,
    0.10088761150836945,
    0.08524071425199509,
    0.07777828723192215,
    0.08203749358654022,
    0.0982850044965744,
    0.10456138849258423,
    0.07274425029754639,
    0.06298869103193283,
    0.10317014902830124,
    0.10420674830675125
  ],
  "Training Time": 80.62282752990723,
  "Validate": [
    4.364099502563477,
    4.371741771697998,
    4.36362361907959,
    4.332954406738281,
    4.2613325119018555,
    4.158199787139893,
    4.066458225250244,
    4.003749847412109,
    3.966355085372925,
    3.972109794616699,
    3.951869249343872,
    3.860913038253784,
    3.834895133972168,
    3.821251153945923,
    3.778310537338257,
    3.884871482849121,
    3.9244253635406494,
    3.899639368057251,
    3.854738712310791,
    3.820046901702881,
    3.8256120681762695,
    3.832545518875122,
    3.858503580093384,
    3.8247358798980713,
    3.815467119216919,
    3.8389816284179688,
    3.8617470264434814,
    3.8692057132720947,
    3.900446891784668,
    4.035696029663086,
    3.8311431407928467,
    4.10712194442749,
    4.137893199920654,
    4.245560169219971,
    4.322396755218506,
    4.346437931060791,
    4.847731590270996,
    4.788766860961914,
    4.875136852264404,
    5.154269695281982,
    5.083181381225586,
    5.392963886260986,
    5.703094959259033,
    5.089812278747559,
    5.440071105957031,
    5.158100605010986,
    5.5185394287109375,
    5.2306437492370605,
    5.286680698394775,
    5.418492794036865,
    5.643782138824463,
    5.052392482757568,
    4.990057945251465,
    4.967328071594238,
    4.730685234069824,
    4.824094772338867,
    4.895902633666992,
    4.805995464324951,
    4.588682174682617,
    4.700565814971924,
    4.780203819274902,
    4.693075656890869,
    4.780176639556885,
    4.8005571365356445,
    4.734663009643555,
    5.786989212036133,
    4.66963529586792,
    4.346737384796143,
    5.627139091491699,
    4.626842975616455,
    4.71990966796875,
    4.802433967590332,
    4.873685359954834,
    4.874381065368652,
    4.920277118682861,
    4.853720188140869,
    4.742023468017578,
    5.089861869812012,
    4.468130588531494,
    4.340693473815918,
    4.674978256225586,
    4.520384788513184,
    5.019919395446777,
    4.865461826324463,
    4.86125373840332,
    4.88866662979126,
    4.886891841888428,
    4.719110012054443,
    4.781952381134033,
    4.745386600494385,
    4.642380714416504,
    4.836545944213867,
    4.961763858795166,
    4.837116241455078,
    4.623800754547119,
    4.868368625640869,
    5.244658946990967,
    5.207972526550293,
    5.228443622589111,
    6.063685894012451
  ]
}