{
  "Train": [
    0.8069407939910889,
    0.7693547010421753,
    0.740135908126831,
    0.7176494002342224,
    0.7008600234985352,
    0.6889335513114929,
    0.6809301376342773,
    0.6751722693443298,
    0.670688807964325,
    0.6669291853904724
  ],
  "Training Time": 2.4417941570281982,
  "Validate": [
    0.6954935193061829,
    0.7112259268760681,
    0.7263599634170532,
    0.7341290712356567,
    0.734711229801178,
    0.732093334197998,
    0.7282282710075378,
    0.7245959639549255,
    0.7217261791229248,
    0.7196584939956665
  ]
}