{
  "Train": [
    0.6987871527671814,
    0.708426296710968,
    0.7049003839492798,
    0.7028211951255798,
    0.700446367263794,
    0.6980153322219849,
    0.6955815553665161,
    0.6931689977645874,
    0.6907845735549927,
    0.6884594559669495
  ],
  "Training Time": 2.992199182510376,
  "Validate": [
    NaN,
    NaN,
    NaN,
    NaN,
    NaN,
    NaN,
    NaN,
    NaN,
    NaN,
    NaN
  ]
}