{
  "Train": [
    1.1015794277191162,
    0.9584339261054993,
    0.9290565252304077,
    0.9082842469215393,
    0.8976370692253113,
    0.8795021772384644,
    0.8648926615715027,
    0.8428968787193298,
    0.8156086206436157,
    0.7854810357093811
  ],
  "Training Time": 12.773653030395508,
  "Validate": [
    0.7236183285713196,
    0.7201218008995056,
    0.7665830254554749,
    0.8185939788818359,
    0.8636274933815002,
    0.9040771126747131,
    0.9587730169296265,
    1.035272240638733,
    1.147710919380188,
    1.2995730638504028
  ]
}