{
  "Train": [
    0.9047355651855469,
    0.41175058484077454,
    0.35150229930877686,
    0.32211196422576904,
    0.30198934674263,
    0.28586825728416443,
    0.27222463488578796,
    0.26095277070999146,
    0.25221124291419983,
    0.24470339715480804
  ],
  "Training Time": 8.319966077804565,
  "Validate": [
    35.3640022277832,
    38.879207611083984,
    37.71345138549805,
    37.0799446105957,
    36.671382904052734,
    36.35175704956055,
    36.088314056396484,
    35.884239196777344,
    35.73086929321289,
    35.62294006347656
  ]
}