{
  "Train": [
    0.12221018224954605,
    0.10586731880903244,
    0.10174448788166046,
    0.09855227917432785,
    0.0964444950222969,
    0.09469874203205109,
    0.09289034456014633,
    0.0916609987616539,
    0.08978551626205444,
    0.08803926408290863,
    0.08563045412302017,
    0.08472669124603271,
    0.08162533491849899,
    0.08011802285909653,
    0.0763683095574379,
    0.07250471413135529,
    0.07102293521165848,
    0.07294553518295288,
    0.07388057559728622,
    0.06136701628565788,
    0.07175839692354202,
    0.08321521431207657,
    0.07305717468261719,
    0.06405084580183029,
    0.0529964305460453
  ],
  "Training Time": 13.08759331703186,
  "Validate": [
    0.5965615510940552,
    0.4770818054676056,
    0.3749576807022095,
    0.3200942277908325,
    0.26895859837532043,
    0.23876014351844788,
    0.19811071455478668,
    0.19020943343639374,
    0.13738705217838287,
    0.13544559478759766,
    0.11845509707927704,
    0.10871536284685135,
    0.10188256949186325,
    0.09706176072359085,
    0.08662843704223633,
    0.08492393046617508,
    0.08221429586410522,
    0.08389832079410553,
    0.08253832161426544,
    0.07975193858146667,
    0.06419652700424194,
    0.06852123141288757,
    0.07050026208162308,
    0.06233551725745201,
    0.06801328808069229
  ]
}