{
  "Train": [
    1.1010169982910156,
    1.089887261390686,
    1.0860850811004639,
    1.0825203657150269,
    1.078452229499817,
    1.0742632150650024,
    1.0688246488571167,
    1.0568394660949707,
    1.0385875701904297,
    1.0152430534362793,
    0.9868941903114319,
    0.943338930606842,
    0.9206326007843018,
    0.9033651947975159,
    0.8969129920005798,
    0.8767968416213989,
    0.8703845143318176,
    0.8345188498497009,
    0.8265925645828247,
    0.8156557679176331,
    0.8224323987960815,
    0.843915581703186,
    0.9433293342590332,
    0.8258439302444458,
    0.763055682182312,
    0.7523656487464905,
    0.7428429126739502,
    0.73804771900177,
    0.7296327352523804,
    0.7249780893325806,
    0.7205221056938171,
    0.7152019739151001,
    0.7082498669624329,
    0.702264666557312,
    0.7156631946563721,
    0.7290160059928894,
    0.7281683087348938,
    0.6913152933120728,
    0.6853300929069519,
    0.6825208067893982,
    0.6748713850975037,
    0.6654702425003052,
    0.6633569002151489,
    0.6542769074440002,
    0.768441915512085,
    0.8570650815963745,
    0.770443320274353,
    0.7358541488647461,
    0.7304749488830566,
    0.7176527380943298,
    0.7012906670570374,
    0.6654942035675049,
    0.6399353742599487,
    0.6289376020431519,
    0.6220053434371948,
    0.6170930862426758,
    0.6076152324676514,
    0.607317328453064,
    0.5978211164474487,
    0.5885661244392395,
    0.6052765250205994,
    0.7059117555618286,
    0.6399155855178833,
    0.578362226486206,
    0.5791856050491333,
    0.5746413469314575,
    0.5702031850814819,
    0.5657080411911011,
    0.5606545209884644,
    0.5553196668624878,
    0.5497631430625916,
    0.5439265370368958,
    0.5378732681274414,
    0.5315227508544922,
    0.524773895740509,
    0.5176945924758911,
    0.5105000138282776,
    0.5082770586013794,
    0.5339027047157288,
    0.5984734892845154,
    0.53651362657547,
    0.5004403591156006,
    0.5015614032745361,
    0.4820193350315094,
    0.5023962259292603,
    0.49881598353385925,
    0.49178022146224976,
    0.4650889039039612,
    0.4931551516056061,
    0.48180967569351196,
    0.47392821311950684,
    0.5095021724700928,
    0.5034999847412109,
    0.4766696095466614,
    0.4524436891078949,
    0.45454949140548706,
    0.5254762172698975,
    0.4945807456970215,
    0.43173936009407043,
    0.420788437128067
  ],
  "Training Time": 108.57583689689636,
  "Validate": [
    4.378285884857178,
    4.379935264587402,
    4.37310791015625,
    4.360708236694336,
    4.331110000610352,
    4.292290210723877,
    4.2733964920043945,
    4.291691303253174,
    4.293642044067383,
    4.275999069213867,
    4.28154182434082,
    4.269786834716797,
    4.250672817230225,
    4.242893695831299,
    4.256178855895996,
    4.258966445922852,
    4.281006336212158,
    4.242563247680664,
    4.192560195922852,
    4.166030406951904,
    4.154812335968018,
    4.1387553215026855,
    4.195058822631836,
    4.136809349060059,
    4.1089768409729,
    4.100123882293701,
    4.089959144592285,
    4.0787353515625,
    4.071043491363525,
    4.071175575256348,
    4.0661540031433105,
    4.048339366912842,
    4.027820110321045,
    4.023694038391113,
    3.9976625442504883,
    4.019545078277588,
    3.9558706283569336,
    3.9260942935943604,
    3.896446943283081,
    3.8613295555114746,
    3.812805414199829,
    3.7772133350372314,
    3.7015700340270996,
    3.7393293380737305,
    3.836272954940796,
    4.5427961349487305,
    3.932379722595215,
    4.210713863372803,
    4.325658798217773,
    4.303402423858643,
    4.148003578186035,
    3.8040268421173096,
    3.8519537448883057,
    3.902590751647949,
    3.9358603954315186,
    3.9695587158203125,
    3.953115224838257,
    4.068919658660889,
    3.9789748191833496,
    4.125048637390137,
    4.283469200134277,
    3.5686278343200684,
    3.5603418350219727,
    3.6241135597229004,
    3.671034336090088,
    3.718435764312744,
    3.7405714988708496,
    3.7408945560455322,
    3.729783535003662,
    3.7052855491638184,
    3.665167808532715,
    3.6108553409576416,
    3.5454726219177246,
    3.4742300510406494,
    3.406137704849243,
    3.354217767715454,
    3.323486328125,
    3.2886743545532227,
    3.277651786804199,
    3.4181160926818848,
    3.3478829860687256,
    3.2658562660217285,
    3.2341489791870117,
    3.0713348388671875,
    3.2577695846557617,
    3.338953971862793,
    3.195081949234009,
    2.9207053184509277,
    3.115854501724243,
    3.1149230003356934,
    3.1683967113494873,
    2.949803352355957,
    2.8199498653411865,
    2.8781392574310303,
    2.9562828540802,
    2.9930593967437744,
    2.698431968688965,
    2.7773523330688477,
    2.9274306297302246,
    2.985673427581787
  ]
}