{
  "Train": [
    1.1011133193969727,
    1.0900851488113403,
    1.0835604667663574,
    1.0762194395065308,
    1.067533016204834,
    1.0563400983810425,
    1.0408728122711182,
    1.0193195343017578,
    0.9913325309753418,
    0.9586772322654724
  ],
  "Training Time": 5.842774391174316,
  "Validate": [
    4.383142471313477,
    4.386694431304932,
    4.3812713623046875,
    4.368295192718506,
    4.346667289733887,
    4.3140034675598145,
    4.275146007537842,
    4.249362945556641,
    4.267583847045898,
    4.345266342163086
  ]
}