{
  "Train": [
    1.2300974130630493,
    1.1446694135665894,
    1.1277624368667603,
    1.1115736961364746,
    1.089910864830017,
    1.058941125869751,
    1.0288571119308472,
    1.0032918453216553,
    0.9802840352058411,
    0.9583207368850708
  ],
  "Training Time": 5.109585285186768,
  "Validate": [
    1.5325241088867188,
    1.5421446561813354,
    1.666890025138855,
    1.9072343111038208,
    2.3240535259246826,
    2.9971513748168945,
    3.7939698696136475,
    4.4067511558532715,
    4.840334415435791,
    5.202565670013428
  ]
}