{
  "Train": [
    0.5339003205299377,
    0.16770686209201813,
    0.1299445629119873,
    0.09512467682361603,
    0.05695047602057457,
    0.04450608417391777,
    0.034961871802806854,
    0.03262757509946823,
    0.03147286921739578,
    0.03085368685424328,
    0.030443459749221802,
    0.030040636658668518,
    0.029657697305083275,
    0.029291847720742226,
    0.028913427144289017,
    0.02850097045302391,
    0.02803967334330082,
    0.02752050943672657,
    0.026944903656840324,
    0.026325378566980362,
    0.02569206804037094,
    0.02509445883333683,
    0.024599511176347733,
    0.02428220398724079,
    0.024220075458288193
  ],
  "Training Time": 15.762837171554565,
  "Validate": [
    1.9643492698669434,
    0.9485050439834595,
    0.8541717529296875,
    1.3684113025665283,
    2.03875470161438,
    1.865794062614441,
    1.746490478515625,
    1.7174007892608643,
    1.6736880540847778,
    1.6292433738708496,
    1.5931129455566406,
    1.5649055242538452,
    1.5424771308898926,
    1.5270495414733887,
    1.5178359746932983,
    1.515133023262024,
    1.5186736583709717,
    1.5286402702331543,
    1.5450323820114136,
    1.5677571296691895,
    1.5960694551467896,
    1.6283379793167114,
    1.6618953943252563,
    1.6935615539550781,
    1.721174955368042
  ]
}