{
  "Train": [
    0.28046169877052307,
    0.12886959314346313,
    0.07488550990819931,
    0.06526926904916763,
    0.0556320883333683,
    0.04809701442718506,
    0.05831807106733322,
    0.04062939062714577,
    0.041156161576509476,
    0.0463656522333622,
    0.03451310470700264,
    0.04296780750155449,
    0.039917949587106705,
    0.03237467631697655,
    0.03270036354660988,
    0.028398241847753525,
    0.02623276226222515,
    0.021628955379128456,
    0.017931316047906876,
    0.014291992411017418,
    0.01580200530588627,
    0.026331420987844467,
    0.011993706226348877,
    0.009171352721750736,
    0.01517920196056366
  ],
  "Training Time": 12.832959175109863,
  "Validate": [
    1.482078194618225,
    1.8702632188796997,
    1.8478668928146362,
    1.964229941368103,
    2.171294689178467,
    2.1086976528167725,
    2.1121432781219482,
    1.5970596075057983,
    1.6701546907424927,
    1.560890555381775,
    1.4281519651412964,
    1.520440697669983,
    1.39967679977417,
    1.4581085443496704,
    1.3518611192703247,
    1.3659387826919556,
    1.3689497709274292,
    1.3751908540725708,
    1.326971173286438,
    1.269448161125183,
    1.1813995838165283,
    1.3206502199172974,
    1.1718714237213135,
    1.0507473945617676,
    0.8717807531356812
  ]
}