{
  "Train": [
    0.4800088703632355,
    0.11194122582674026,
    0.04892858862876892,
    0.029688652604818344,
    0.025152970105409622,
    0.02268918976187706,
    0.020932253450155258,
    0.019288882613182068,
    0.01774711161851883,
    0.01649431698024273,
    0.015656935051083565,
    0.015135740861296654,
    0.014739100821316242,
    0.014391896314918995,
    0.014063592068850994,
    0.0137221310287714,
    0.013360006734728813,
    0.012984425760805607,
    0.01259987149387598,
    0.012200928293168545,
    0.011772660538554192,
    0.01129207108169794,
    0.010730075649917126,
    0.01005491055548191,
    0.009245355613529682
  ],
  "Training Time": 11.208531856536865,
  "Validate": [
    19.19110107421875,
    18.852516174316406,
    18.400981903076172,
    18.781909942626953,
    19.097219467163086,
    19.49727439880371,
    19.902204513549805,
    20.19414520263672,
    20.34968376159668,
    20.42361831665039,
    20.48434066772461,
    20.558809280395508,
    20.657331466674805,
    20.791526794433594,
    20.967618942260742,
    21.182722091674805,
    21.42848014831543,
    21.695419311523438,
    21.974031448364258,
    22.25469207763672,
    22.527830123901367,
    22.784486770629883,
    23.016965866088867,
    23.219655990600586,
    23.38972282409668
  ]
}