{
  "Train": [
    1.117767572402954,
    1.1027753353118896,
    1.0945558547973633,
    1.0873969793319702,
    1.0802769660949707,
    1.0728094577789307,
    1.0648391246795654,
    1.0562939643859863,
    1.0471237897872925,
    1.0372679233551025
  ],
  "Training Time": 3.350890636444092,
  "Validate": [
    4.269590377807617,
    4.297095775604248,
    4.31852388381958,
    4.334271430969238,
    4.344486713409424,
    4.349280834197998,
    4.348940849304199,
    4.344019889831543,
    4.335434913635254,
    4.324489116668701
  ]
}