{
  "Train": [
    0.7923948764801025,
    0.8009870648384094,
    0.7788657546043396,
    0.7659090757369995,
    0.752935528755188,
    0.7389423251152039,
    0.7243239879608154,
    0.7095666527748108,
    0.6940609812736511,
    0.679340660572052
  ],
  "Training Time": 3.129969835281372,
  "Validate": [
    NaN,
    NaN,
    NaN,
    NaN,
    NaN,
    NaN,
    NaN,
    NaN,
    NaN,
    NaN
  ]
}