{
  "Train": [
    0.9542244076728821,
    0.886246383190155,
    0.8527566194534302,
    0.8369722366333008,
    0.8264209032058716,
    0.8172338604927063,
    0.8082553148269653,
    0.7982632517814636,
    0.7850521802902222,
    0.771327555179596,
    0.7531251907348633,
    0.7463846206665039,
    0.7280443906784058,
    0.7345261573791504,
    0.7109953165054321,
    0.7193530797958374,
    0.7006090879440308,
    0.701231837272644,
    0.6932883858680725,
    0.7571595311164856,
    0.7405062913894653,
    0.724816620349884,
    0.6885069012641907,
    0.6906286478042603,
    0.6840763092041016,
    0.6777722239494324,
    0.6806840896606445,
    0.6670626997947693,
    0.6646915078163147,
    0.6773566007614136,
    0.6534020900726318,
    0.6464269161224365,
    0.6609983444213867,
    0.6111119985580444,
    0.626304566860199,
    0.5939441323280334,
    0.5960673093795776,
    0.5744771957397461,
    0.7172585725784302,
    0.6722564101219177,
    0.6779969334602356,
    0.6244646906852722,
    0.5669998526573181,
    0.5721538066864014,
    0.5745964050292969,
    0.5268396735191345,
    0.5381662249565125,
    0.6131355166435242,
    0.5762776136398315,
    0.5567852854728699,
    0.5043016076087952,
    0.46158814430236816,
    0.4529991149902344,
    0.43420714139938354,
    0.41991448402404785,
    0.414731502532959,
    0.41067537665367126,
    0.38270312547683716,
    0.43145546317100525,
    0.38759565353393555,
    0.3560473918914795,
    0.4788264334201813,
    0.5663899183273315,
    0.6017493009567261,
    0.5419433116912842,
    0.4948561191558838,
    0.4414997100830078,
    0.42803671956062317,
    0.40880075097084045,
    0.39784544706344604,
    0.38590770959854126,
    0.36544063687324524,
    0.35618871450424194,
    0.34788715839385986,
    0.33951711654663086,
    0.34957021474838257,
    0.3182074725627899,
    0.2943982779979706,
    0.2963270843029022,
    0.2780857980251312,
    0.2833750545978546,
    0.26397162675857544,
    0.25741004943847656,
    0.24502989649772644,
    0.23873187601566315,
    0.23155640065670013,
    0.22400790452957153,
    0.21654261648654938,
    0.20829792320728302,
    0.19914710521697998,
    0.18892143666744232,
    0.1795138716697693,
    0.17533722519874573,
    0.16703112423419952,
    0.16717077791690826,
    0.17209357023239136,
    0.16913267970085144,
    0.24477826058864594,
    0.26165178418159485,
    0.284150093793869
  ],
  "Training Time": 77.19215106964111,
  "Validate": [
    3.2803595066070557,
    3.132014513015747,
    3.02687668800354,
    2.9819939136505127,
    2.960219621658325,
    2.937744379043579,
    2.907869577407837,
    2.8680224418640137,
    2.82100772857666,
    2.845339059829712,
    2.8959591388702393,
    2.8443257808685303,
    2.8129427433013916,
    2.8320982456207275,
    2.805194139480591,
    2.737830877304077,
    2.678866147994995,
    2.7552855014801025,
    2.700645685195923,
    2.848766565322876,
    2.5684683322906494,
    2.5690197944641113,
    2.6098692417144775,
    2.5669562816619873,
    2.5335161685943604,
    2.569091558456421,
    2.499737024307251,
    2.464080810546875,
    2.476114511489868,
    2.6230897903442383,
    2.3600409030914307,
    2.37455153465271,
    2.37080454826355,
    2.621373176574707,
    2.601793050765991,
    2.5761377811431885,
    2.413707971572876,
    2.66310715675354,
    2.701406717300415,
    2.6061105728149414,
    2.713724374771118,
    2.585606575012207,
    2.8965280055999756,
    2.583414316177368,
    2.6275956630706787,
    2.4965732097625732,
    2.570505142211914,
    2.882411479949951,
    2.5569698810577393,
    2.5934064388275146,
    2.762967824935913,
    2.889634847640991,
    2.7060561180114746,
    2.7845380306243896,
    3.2022948265075684,
    2.660323143005371,
    2.883007049560547,
    3.5002896785736084,
    2.933814764022827,
    3.044691562652588,
    3.4041154384613037,
    2.75105881690979,
    2.9165000915527344,
    2.9999778270721436,
    2.8469841480255127,
    2.7473411560058594,
    2.7345848083496094,
    2.7420146465301514,
    2.7593064308166504,
    2.78498911857605,
    2.7637176513671875,
    2.751605749130249,
    2.7670907974243164,
    2.7771031856536865,
    2.8334429264068604,
    2.9969420433044434,
    2.8180816173553467,
    2.8291404247283936,
    2.832496404647827,
    2.850862503051758,
    2.845593214035034,
    2.9582102298736572,
    2.9140028953552246,
    2.9529078006744385,
    2.9657857418060303,
    2.9683923721313477,
    2.972026824951172,
    2.9608609676361084,
    2.937419891357422,
    2.8852288722991943,
    2.800488233566284,
    2.755747079849243,
    2.9469223022460938,
    2.997769355773926,
    2.837826728820801,
    2.8760294914245605,
    2.8420417308807373,
    3.037076473236084,
    3.313535213470459,
    3.451080560684204
  ]
}