{
  "Train": [
    1.1928342580795288,
    1.1692314147949219,
    1.1666367053985596,
    1.1643158197402954,
    1.1601091623306274,
    1.1542896032333374,
    1.1480530500411987,
    1.1423330307006836,
    1.1369658708572388,
    1.1313459873199463
  ],
  "Training Time": 7.9858033657073975,
  "Validate": [
    1.9976919889450073,
    1.9553313255310059,
    1.970368504524231,
    1.988449215888977,
    2.0125386714935303,
    2.043058395385742,
    2.0690102577209473,
    2.089106559753418,
    2.100804328918457,
    2.111171245574951
  ]
}