{
  "Train": [
    1.0753272771835327,
    1.0774928331375122,
    1.048986792564392,
    1.0514566898345947,
    0.9800444841384888,
    1.0120888948440552,
    0.9589994549751282,
    1.1971732378005981,
    1.001079797744751,
    0.9359179139137268
  ],
  "Training Time": 7.2061851024627686,
  "Validate": [
    0.6613923907279968,
    0.5838709473609924,
    0.5316740274429321,
    0.5266360640525818,
    0.4479270279407501,
    0.525088906288147,
    0.3849714398384094,
    0.612009584903717,
    0.5209195613861084,
    0.3912094235420227
  ]
}