{
  "Train": [
    1.0707221031188965,
    0.9007105231285095,
    0.8425794243812561,
    0.7901107668876648,
    0.7329583764076233,
    0.671757161617279,
    0.6113820672035217,
    0.5564221739768982,
    0.5118876099586487,
    0.47899603843688965
  ],
  "Training Time": 5.099968671798706,
  "Validate": [
    1.0089203119277954,
    1.0022655725479126,
    1.0693655014038086,
    1.1018410921096802,
    1.0861406326293945,
    1.0390881299972534,
    0.9804859161376953,
    0.9119274616241455,
    0.7962615489959717,
    0.6632376909255981
  ]
}