{
  "Train": [
    0.5532991290092468,
    0.35827192664146423,
    0.3244386315345764,
    0.3031275272369385,
    0.290173202753067,
    0.280743807554245,
    0.27293866872787476,
    0.2659670412540436,
    0.25952139496803284,
    0.2535645067691803
  ],
  "Training Time": 5.889967679977417,
  "Validate": [
    37.51802062988281,
    35.11688232421875,
    34.28310775756836,
    33.911075592041016,
    33.7551155090332,
    33.673404693603516,
    33.608821868896484,
    33.532413482666016,
    33.4254264831543,
    33.28083038330078
  ]
}