{
  "Train": [
    1.6499806642532349,
    1.2897037267684937,
    1.0888067483901978,
    0.9942812323570251,
    0.9522566199302673,
    0.9111431241035461,
    0.8574323654174805,
    0.8152511715888977,
    0.7888345718383789,
    0.7802074551582336,
    0.7272501587867737,
    0.7167220711708069,
    0.7151174545288086,
    0.7176824808120728,
    0.6809436678886414,
    0.6722193360328674,
    0.6654344201087952,
    0.6488320231437683,
    0.6531853675842285,
    0.6319504380226135,
    0.6171860694885254,
    0.6025698781013489,
    0.602723240852356,
    0.6255953907966614,
    0.6272945404052734,
    0.6186391115188599,
    0.5658631920814514,
    0.5650509595870972,
    0.6743143200874329,
    0.6007981300354004,
    0.5537515878677368,
    0.5930705666542053,
    0.5526939034461975,
    0.49384695291519165,
    0.49220433831214905,
    0.48476287722587585,
    0.45914095640182495,
    0.5329798460006714,
    0.473965585231781,
    0.44211965799331665,
    0.4280605912208557,
    0.41553640365600586,
    0.407022625207901,
    0.4024317264556885,
    0.37662872672080994,
    0.40880319476127625,
    0.5246411561965942,
    0.5644957423210144,
    0.4090365767478943,
    0.4075596034526825,
    0.41689935326576233,
    0.3311890661716461,
    0.3138100206851959,
    0.30799052119255066,
    0.3047906756401062,
    0.3598800301551819,
    0.3624996840953827,
    0.3694177567958832,
    0.281756728887558,
    0.26972106099128723,
    0.2955114543437958,
    0.3024306893348694,
    0.23861832916736603,
    0.22741317749023438,
    0.2178247720003128,
    0.21096859872341156,
    0.20412100851535797,
    0.19763605296611786,
    0.3152342438697815,
    0.2841915786266327,
    0.2494664490222931,
    0.28546854853630066,
    0.2446969747543335,
    0.22845597565174103,
    0.2220769077539444,
    0.17652331292629242,
    0.15741035342216492,
    0.15712952613830566,
    0.16034427285194397,
    0.15224047005176544,
    0.190616175532341,
    0.18567566573619843,
    0.15450546145439148,
    0.13851076364517212,
    0.11619013547897339,
    0.10884632170200348,
    0.11039716005325317,
    0.10672986507415771,
    0.14193479716777802,
    0.23244968056678772,
    0.5018352270126343,
    0.29994040727615356,
    0.3192148506641388,
    0.15493525564670563,
    0.1306532323360443,
    0.12134522199630737,
    0.11655067652463913,
    0.13600517809391022,
    0.1412450522184372,
    0.16353492438793182
  ],
  "Training Time": 95.57305550575256,
  "Validate": [
    1.646707534790039,
    2.3331286907196045,
    2.375288486480713,
    1.841546893119812,
    2.5594751834869385,
    2.3657872676849365,
    2.5189402103424072,
    2.5318946838378906,
    2.4467978477478027,
    2.8265764713287354,
    2.722374677658081,
    2.6018035411834717,
    2.6385867595672607,
    2.609795331954956,
    2.6790614128112793,
    2.8079564571380615,
    2.938168525695801,
    2.893294334411621,
    2.344207525253296,
    2.259265184402466,
    2.331881046295166,
    2.4949729442596436,
    2.668551445007324,
    2.7365856170654297,
    2.362236738204956,
    2.7472896575927734,
    2.9646875858306885,
    3.162771463394165,
    3.5471673011779785,
    2.9348108768463135,
    3.184917688369751,
    5.219620704650879,
    4.419800281524658,
    4.056613922119141,
    5.049992561340332,
    5.075717449188232,
    5.36569356918335,
    3.575225591659546,
    4.774114608764648,
    4.785049915313721,
    4.610302925109863,
    4.730905532836914,
    5.214619159698486,
    4.925737380981445,
    4.402669429779053,
    6.07908296585083,
    4.903288841247559,
    3.2300491333007812,
    3.6603498458862305,
    3.281289577484131,
    3.6288411617279053,
    3.9386298656463623,
    3.6551191806793213,
    3.8020975589752197,
    3.758434534072876,
    4.017147541046143,
    3.956977128982544,
    3.744887351989746,
    4.039823055267334,
    4.139556407928467,
    4.523588180541992,
    3.879298448562622,
    4.085489273071289,
    4.4076247215271,
    4.495989799499512,
    4.430487155914307,
    4.648509979248047,
    4.85853385925293,
    4.547998428344727,
    5.198410511016846,
    4.872398376464844,
    3.1503632068634033,
    4.532203197479248,
    4.852707386016846,
    4.829950332641602,
    4.725843906402588,
    4.371751308441162,
    4.428927898406982,
    4.915332317352295,
    5.4478535652160645,
    4.243990421295166,
    4.276580810546875,
    4.505771636962891,
    5.182428359985352,
    4.996127128601074,
    5.066795349121094,
    5.618314743041992,
    5.191455364227295,
    5.021143436431885,
    3.67379093170166,
    3.335202693939209,
    3.2767717838287354,
    3.126727819442749,
    3.038046360015869,
    3.167985677719116,
    3.6220502853393555,
    3.5670042037963867,
    3.2035062313079834,
    3.418890953063965,
    3.7974066734313965
  ]
}