{
  "Train": [
    1.0607733726501465,
    1.0529496669769287,
    1.0274364948272705,
    1.0207949876785278,
    0.9540923833847046,
    0.9612984657287598,
    0.9557722806930542,
    0.972262442111969,
    0.8931136131286621,
    0.8875755071640015
  ],
  "Training Time": 7.336129188537598,
  "Validate": [
    0.5944700241088867,
    0.5707430243492126,
    0.5859766602516174,
    0.49296295642852783,
    0.4642389416694641,
    0.3527891933917999,
    0.34840288758277893,
    0.23164965212345123,
    0.381670743227005,
    0.22073863446712494
  ]
}