{
  "Train": [
    1.0697859525680542,
    0.9543963670730591,
    0.8872541785240173,
    0.8509971499443054,
    0.8301802277565002,
    0.8098734617233276,
    0.7861328721046448,
    0.7516918182373047,
    0.7225310206413269,
    0.7171154618263245,
    0.6957979202270508,
    0.7044336795806885,
    0.6875067949295044,
    0.7037771940231323,
    0.6841250658035278,
    0.688319981098175,
    0.6745117902755737,
    0.6622242331504822,
    0.6631618142127991,
    0.6613128781318665,
    0.6566712856292725,
    0.6533418893814087,
    0.6506662964820862,
    0.6483487486839294,
    0.6465493440628052,
    0.6452602744102478,
    0.64417964220047,
    0.6429957747459412,
    0.6416398286819458,
    0.6401835680007935,
    0.6386337280273438,
    0.6367899775505066,
    0.6341221928596497,
    0.6296918392181396,
    0.6222941279411316,
    0.6120103001594543,
    0.6019152998924255,
    0.5931291580200195,
    0.5849270224571228,
    0.5745161771774292,
    0.5622462034225464,
    0.5544911623001099,
    0.5627044439315796,
    0.5464407801628113,
    0.5391019582748413,
    0.5444871783256531,
    0.5221814513206482,
    0.5136414170265198,
    0.559709370136261,
    0.5224818587303162,
    0.5042216181755066,
    0.49922066926956177,
    0.48623666167259216,
    0.47634443640708923,
    0.4781127870082855,
    0.4816940426826477,
    0.4870278835296631,
    0.47183501720428467,
    0.46995529532432556,
    0.4635312855243683,
    0.4670218527317047,
    0.46137702465057373,
    0.4589206576347351,
    0.46380704641342163,
    0.445210337638855,
    0.4334948658943176,
    0.4291532337665558,
    0.4223272502422333,
    0.41933801770210266,
    0.41194504499435425,
    0.40337321162223816,
    0.40424463152885437,
    0.3924734592437744,
    0.5636855959892273,
    0.5420743227005005,
    0.4136522114276886,
    0.40677744150161743,
    0.40080690383911133,
    0.5125551223754883,
    0.4505547881126404,
    0.39765432476997375,
    0.38081368803977966,
    0.39072391390800476,
    0.36885783076286316,
    0.38229790329933167,
    0.3989354372024536,
    0.3748524487018585,
    0.4201980531215668,
    0.6225207448005676,
    0.6141603589057922,
    0.553730309009552,
    0.5171737670898438,
    0.5032767653465271,
    0.48038652539253235,
    0.469980388879776,
    0.4600277543067932,
    0.452943354845047,
    0.44376808404922485,
    0.43238532543182373,
    0.49062448740005493
  ],
  "Training Time": 103.35945725440979,
  "Validate": [
    4.509725570678711,
    3.79305362701416,
    3.346946954727173,
    3.1131746768951416,
    3.0083718299865723,
    2.906038284301758,
    2.8026480674743652,
    2.7375800609588623,
    2.7547004222869873,
    2.8236989974975586,
    2.6660096645355225,
    2.7072715759277344,
    2.6533257961273193,
    2.6127054691314697,
    2.355426549911499,
    2.4771814346313477,
    2.3149468898773193,
    2.297926664352417,
    2.301791191101074,
    2.27207350730896,
    2.2507288455963135,
    2.236936092376709,
    2.227034568786621,
    2.2174363136291504,
    2.2069857120513916,
    2.196589231491089,
    2.187715530395508,
    2.180994749069214,
    2.176290273666382,
    2.1733274459838867,
    2.1720151901245117,
    2.172515392303467,
    2.175110340118408,
    2.180405616760254,
    2.19038987159729,
    2.200566053390503,
    2.1933698654174805,
    2.2168338298797607,
    2.2398157119750977,
    2.284001111984253,
    2.3783223628997803,
    2.779339551925659,
    2.378950357437134,
    2.3474490642547607,
    2.513723134994507,
    2.2213659286499023,
    2.551210641860962,
    2.591205358505249,
    2.1840758323669434,
    2.429327964782715,
    2.623504638671875,
    2.643826961517334,
    2.5684354305267334,
    2.7198264598846436,
    3.010218858718872,
    3.0003225803375244,
    2.618643283843994,
    2.9658355712890625,
    2.8210511207580566,
    3.069704294204712,
    2.9828836917877197,
    2.965867519378662,
    3.0168745517730713,
    2.688366174697876,
    3.1118383407592773,
    3.0711629390716553,
    2.9514670372009277,
    2.7847790718078613,
    2.8336658477783203,
    2.8026649951934814,
    2.854304790496826,
    3.256138801574707,
    3.220540761947632,
    3.2553765773773193,
    3.4916582107543945,
    3.020489454269409,
    2.758288621902466,
    3.040069818496704,
    3.093808650970459,
    3.276174783706665,
    3.3895914554595947,
    3.2435462474823,
    3.0081734657287598,
    2.971550703048706,
    2.954618215560913,
    2.9093575477600098,
    3.3820977210998535,
    2.915358543395996,
    3.6450045108795166,
    3.07291316986084,
    3.0789613723754883,
    3.0179970264434814,
    2.938899040222168,
    2.993881940841675,
    3.0249269008636475,
    3.0413625240325928,
    3.0567994117736816,
    3.0462026596069336,
    3.0363881587982178,
    2.9627983570098877
  ]
}