{
  "Train": [
    0.9736601710319519,
    0.8961740732192993,
    0.8573921918869019,
    0.8232563734054565,
    0.7987040877342224,
    0.7567697763442993,
    0.6729087233543396,
    0.6824572682380676,
    0.6578128337860107,
    0.5440099835395813
  ],
  "Training Time": 6.237672328948975,
  "Validate": [
    NaN,
    NaN,
    NaN,
    NaN,
    NaN,
    NaN,
    NaN,
    NaN,
    NaN,
    NaN
  ]
}