{
  "Train": [
    1.0441370010375977,
    1.0314292907714844,
    1.0029809474945068,
    0.9845646023750305,
    0.9634413719177246,
    0.9923197627067566,
    0.9153339266777039,
    0.9416412115097046,
    0.8733498454093933,
    0.894411027431488
  ],
  "Training Time": 4.8892951011657715,
  "Validate": [
    0.5972535610198975,
    0.5119336247444153,
    0.4519832730293274,
    0.4442821741104126,
    0.46700018644332886,
    0.4276413917541504,
    0.41834405064582825,
    0.4138655364513397,
    0.3733827471733093,
    0.3725070655345917
  ]
}