{
  "Train": [
    1.1013163328170776,
    1.0843498706817627,
    1.0759589672088623,
    1.0663710832595825,
    1.0534696578979492,
    1.0353620052337646,
    1.0126667022705078,
    0.9904556274414062,
    0.9696921110153198,
    0.9492251873016357,
    0.9287301898002625,
    0.8957643508911133,
    0.8650380373001099,
    0.8353015184402466,
    0.8152467012405396,
    0.7876403331756592,
    0.7686182260513306,
    0.7684294581413269,
    0.7386754155158997,
    0.7205771207809448,
    0.7006428837776184,
    0.6908772587776184,
    0.6743909120559692,
    0.6625797748565674,
    0.6468635201454163,
    0.6359085440635681,
    0.6300592422485352,
    0.6402446031570435,
    0.6354336738586426,
    0.5986027717590332,
    0.5981961488723755,
    0.5872582197189331,
    0.5593570470809937,
    0.5680874586105347,
    0.5432738065719604,
    0.5290073752403259,
    0.5217329263687134,
    0.5305245518684387,
    0.5142924785614014,
    0.5075536966323853,
    0.5053490400314331,
    0.4831088185310364,
    0.6719264984130859,
    0.48790979385375977,
    0.4448864161968231,
    0.43727678060531616,
    0.426583856344223,
    0.426196426153183,
    0.4375835955142975,
    0.4034474492073059,
    0.3983077108860016,
    0.417233407497406,
    0.3825738728046417,
    0.3710443079471588,
    0.33687281608581543,
    0.3338257968425751,
    0.31324249505996704,
    0.29575687646865845,
    0.2834486663341522,
    0.2712254524230957,
    0.26212039589881897,
    0.2449733018875122,
    0.24930457770824432,
    0.2492002546787262,
    0.24507805705070496,
    0.27096474170684814,
    0.30806463956832886,
    0.24355675280094147,
    0.2065459042787552,
    0.18298925459384918,
    0.1687845140695572,
    0.15967567265033722,
    0.15291957557201385,
    0.14533458650112152,
    0.13981162011623383,
    0.1334918737411499,
    0.12651464343070984,
    0.1283860206604004,
    0.15499480068683624,
    0.20949429273605347,
    0.14204701781272888,
    0.12181810289621353,
    0.12072141468524933,
    0.12130922079086304,
    0.1241445392370224,
    0.11079531162977219,
    0.10439211130142212,
    0.09527664631605148,
    0.091546930372715,
    0.08346361666917801,
    0.08485548198223114,
    0.07852692157030106,
    0.07329206168651581,
    0.06906431913375854,
    0.06323830038309097,
    0.05395205318927765,
    0.05164900794625282,
    0.05872593820095062,
    0.05622604116797447,
    0.06133940815925598
  ],
  "Training Time": 79.3030755519867,
  "Validate": [
    4.461613178253174,
    4.457188129425049,
    4.463327407836914,
    4.484726428985596,
    4.536888122558594,
    4.644530773162842,
    4.811100959777832,
    4.990756988525391,
    5.156615734100342,
    5.268424034118652,
    5.2612199783325195,
    5.3141703605651855,
    5.400755405426025,
    5.447789192199707,
    5.396326541900635,
    5.269602298736572,
    5.027048110961914,
    5.230778217315674,
    5.156787872314453,
    5.009841442108154,
    4.964619159698486,
    4.95368766784668,
    5.033814907073975,
    4.8989057540893555,
    5.1199564933776855,
    4.519619941711426,
    4.229701042175293,
    5.480261325836182,
    4.355194091796875,
    3.897320508956909,
    4.030937671661377,
    3.8864595890045166,
    4.176833629608154,
    4.327572822570801,
    4.038105487823486,
    4.029729843139648,
    4.489598751068115,
    3.886256217956543,
    3.683847665786743,
    3.6226768493652344,
    3.745544195175171,
    4.363508701324463,
    3.878807783126831,
    4.249016761779785,
    4.551177501678467,
    4.838898181915283,
    5.216653347015381,
    4.592058181762695,
    4.28560733795166,
    3.6839406490325928,
    3.7190256118774414,
    4.612781047821045,
    5.064543724060059,
    5.0787034034729,
    4.654783725738525,
    6.077303886413574,
    5.316553115844727,
    6.802040100097656,
    6.577355861663818,
    6.551876544952393,
    6.590041637420654,
    7.6875762939453125,
    7.480438232421875,
    7.606317520141602,
    7.815103530883789,
    7.91261100769043,
    7.749646186828613,
    8.109577178955078,
    8.871346473693848,
    8.859333038330078,
    8.998805046081543,
    9.025039672851562,
    9.01125717163086,
    9.103311538696289,
    9.276609420776367,
    9.395979881286621,
    9.48977279663086,
    9.30405330657959,
    8.848461151123047,
    9.589649200439453,
    9.768765449523926,
    9.925759315490723,
    9.72336196899414,
    9.68369197845459,
    9.470284461975098,
    9.418676376342773,
    9.115340232849121,
    8.915912628173828,
    8.386528968811035,
    8.419567108154297,
    7.495550155639648,
    7.422092914581299,
    7.490731716156006,
    7.528729438781738,
    7.545293807983398,
    7.803644180297852,
    8.25084114074707,
    8.483864784240723,
    8.593585968017578,
    7.4036359786987305
  ]
}