{
  "Train": [
    0.36337459087371826,
    0.353494256734848,
    0.3470040559768677,
    0.3420180380344391,
    0.3377542495727539,
    0.3338829278945923,
    0.3302651643753052,
    0.32682204246520996,
    0.3234996199607849,
    0.32025638222694397
  ],
  "Training Time": 9.9229154586792,
  "Validate": [
    NaN,
    NaN,
    NaN,
    NaN,
    NaN,
    NaN,
    NaN,
    NaN,
    NaN,
    NaN
  ]
}