{
  "Train": [
    0.5358601808547974,
    0.2698553204536438,
    0.24582424759864807,
    0.2381049394607544,
    0.23267178237438202,
    0.22807089984416962,
    0.22407950460910797,
    0.22058872878551483,
    0.21752670407295227,
    0.21482780575752258
  ],
  "Training Time": 8.921701908111572,
  "Validate": [
    31.00799560546875,
    31.273029327392578,
    30.810089111328125,
    30.592737197875977,
    30.467180252075195,
    30.355249404907227,
    30.2547607421875,
    30.163249969482422,
    30.0791072845459,
    30.000757217407227
  ]
}