{
  "Train": [
    1.0630872249603271,
    1.0510001182556152,
    1.0372902154922485,
    1.018356204032898,
    0.9986381530761719,
    1.0168462991714478,
    1.0406192541122437,
    0.9443682432174683,
    1.0007094144821167,
    0.9742757081985474
  ],
  "Training Time": 17.139065980911255,
  "Validate": [
    0.7170228958129883,
    0.6951450109481812,
    0.7039980292320251,
    0.6628624200820923,
    0.4980177879333496,
    0.4439973533153534,
    0.43673861026763916,
    0.40075981616973877,
    0.5126875042915344,
    0.25528430938720703
  ]
}