{
  "Train": [
    1.1927416324615479,
    1.1688218116760254,
    1.1647977828979492,
    1.1554075479507446,
    1.1495722532272339,
    1.1411064863204956,
    1.136928677558899,
    1.13095223903656,
    1.1328198909759521,
    1.1050286293029785
  ],
  "Training Time": 20.12704348564148,
  "Validate": [
    1.9669766426086426,
    1.970563530921936,
    2.007345199584961,
    2.045100212097168,
    2.034489154815674,
    2.051145553588867,
    2.0349061489105225,
    2.024303436279297,
    2.0149455070495605,
    2.05767822265625
  ]
}