{
  "Train": [
    0.7608054876327515,
    0.7240488529205322,
    0.7041136622428894,
    0.6782494783401489,
    0.6624881029129028,
    0.6489695310592651,
    0.6302513480186462,
    0.6191995143890381,
    0.6080242395401001,
    0.5932473540306091
  ],
  "Training Time": 6.716739892959595,
  "Validate": [
    NaN,
    NaN,
    NaN,
    NaN,
    NaN,
    NaN,
    NaN,
    NaN,
    NaN,
    NaN
  ]
}