{
  "Train": [
    1.1909661293029785,
    1.1688510179519653,
    1.163996696472168,
    1.155811071395874,
    1.150919795036316,
    1.1465696096420288,
    1.143249273300171,
    1.144553542137146,
    1.1314460039138794,
    1.1237457990646362,
    1.1154135465621948,
    1.1067837476730347,
    1.097130537033081,
    1.0899571180343628,
    1.0939311981201172,
    1.0772523880004883,
    1.0386850833892822,
    1.0486819744110107,
    1.0470473766326904,
    1.036171317100525,
    1.0266118049621582,
    1.0058358907699585,
    0.9955717325210571,
    0.9596691727638245,
    0.9385647177696228,
    0.9558575749397278,
    0.8505622744560242,
    1.0962715148925781,
    0.8339129686355591,
    0.694158136844635,
    0.7093387246131897,
    0.9104000926017761,
    0.5865828990936279,
    0.587288498878479,
    0.5357775688171387,
    0.577688455581665,
    0.45073553919792175,
    0.508053183555603,
    0.44978567957878113,
    0.4017484486103058,
    0.3756759464740753,
    0.33910778164863586,
    0.2935141324996948,
    0.2468075156211853,
    0.20899726450443268,
    0.19699154794216156,
    0.19121858477592468,
    0.19404594600200653,
    0.18839186429977417,
    0.1832665652036667,
    0.17194771766662598,
    0.16786988079547882,
    0.16140174865722656,
    0.16169746220111847,
    0.1616995632648468,
    0.19375193119049072,
    0.17581824958324432,
    0.27823618054389954,
    1.2298917770385742,
    0.42779794335365295,
    0.28752169013023376,
    0.18775731325149536,
    0.16080127656459808,
    0.15326428413391113,
    0.1457078456878662,
    0.1403750330209732,
    0.13563208281993866,
    0.1392921358346939,
    0.13804703950881958,
    0.13886208832263947,
    0.14188694953918457,
    0.1360348016023636,
    0.14194126427173615,
    0.1389482468366623,
    0.14381426572799683,
    0.13753928244113922,
    0.14075390994548798,
    0.13075432181358337,
    0.1444500833749771,
    0.12810172140598297,
    0.1368807703256607,
    0.11820938438177109,
    0.14846734702587128,
    0.13043999671936035,
    0.1387120932340622,
    0.1594364047050476,
    0.30019664764404297,
    0.18129345774650574,
    0.15630410611629486,
    0.14912685751914978,
    0.17308159172534943,
    0.14000670611858368,
    0.12944912910461426,
    0.14927802979946136,
    0.13859669864177704,
    0.1668415516614914,
    0.14962123334407806,
    0.13142897188663483,
    0.10334133356809616,
    0.10504984110593796
  ],
  "Training Time": 157.03136324882507,
  "Validate": [
    1.9599347114562988,
    1.9732577800750732,
    1.9985909461975098,
    2.0314695835113525,
    2.0245611667633057,
    2.048478126525879,
    2.0168588161468506,
    2.032687187194824,
    2.046600580215454,
    2.0507442951202393,
    2.0264158248901367,
    2.002601146697998,
    2.007068395614624,
    1.969839096069336,
    2.1377291679382324,
    2.111907720565796,
    2.1961252689361572,
    2.142141580581665,
    2.2097301483154297,
    2.2619752883911133,
    2.3289127349853516,
    2.380441427230835,
    2.4362127780914307,
    2.408127546310425,
    2.421426773071289,
    2.4122774600982666,
    2.3622663021087646,
    2.2177000045776367,
    2.504584312438965,
    2.579160451889038,
    2.4512715339660645,
    2.4597837924957275,
    2.578639030456543,
    2.612287759780884,
    2.600236415863037,
    2.6313626766204834,
    2.6763575077056885,
    2.6950883865356445,
    2.7314260005950928,
    2.7898545265197754,
    2.8583085536956787,
    2.9318954944610596,
    3.028919219970703,
    3.140906572341919,
    3.195815324783325,
    3.157256841659546,
    3.198794364929199,
    3.2169618606567383,
    3.228389024734497,
    3.2223660945892334,
    3.2961785793304443,
    3.419440269470215,
    3.570523977279663,
    3.6418657302856445,
    3.601468086242676,
    3.3127691745758057,
    3.389761209487915,
    3.111961603164673,
    1.972174882888794,
    2.1311533451080322,
    2.2447903156280518,
    2.371858835220337,
    2.403592109680176,
    2.5588057041168213,
    2.647773265838623,
    2.7917959690093994,
    2.912438154220581,
    2.917294502258301,
    3.1322782039642334,
    3.0028648376464844,
    3.2311851978302,
    3.180147647857666,
    3.262537956237793,
    3.275583028793335,
    3.3690314292907715,
    3.3185019493103027,
    3.4834768772125244,
    3.325227975845337,
    3.813314199447632,
    3.316277265548706,
    3.583151340484619,
    3.6467459201812744,
    3.813267707824707,
    3.4384820461273193,
    3.6411643028259277,
    3.094146728515625,
    2.831835985183716,
    3.0462236404418945,
    3.10463547706604,
    3.0346262454986572,
    3.4402735233306885,
    3.5920920372009277,
    2.9649124145507812,
    3.5210793018341064,
    3.3914544582366943,
    2.9887313842773438,
    3.4961016178131104,
    3.4369637966156006,
    3.286306619644165,
    3.6799774169921875
  ]
}