{
  "Train": [
    0.5535880327224731,
    0.4307875335216522,
    0.38721218705177307,
    0.35481879115104675,
    0.33234310150146484,
    0.31724125146865845,
    0.30700841546058655,
    0.2995242774486542,
    0.2934984862804413,
    0.28835517168045044
  ],
  "Training Time": 3.9378745555877686,
  "Validate": [
    53.345821380615234,
    53.14570236206055,
    52.47114181518555,
    51.41519546508789,
    50.2373046875,
    49.1016845703125,
    48.082706451416016,
    47.181396484375,
    46.37539291381836,
    45.64542007446289
  ]
}