{
  "Train": [
    0.2966073155403137,
    0.17636597156524658,
    0.1507759839296341,
    0.1275477409362793,
    0.11125896871089935,
    0.10072851181030273,
    0.09588679671287537,
    0.09433910995721817,
    0.08613359183073044,
    0.08187838643789291
  ],
  "Training Time": 3.1782760620117188,
  "Validate": [
    NaN,
    NaN,
    NaN,
    NaN,
    NaN,
    NaN,
    NaN,
    NaN,
    NaN,
    NaN
  ]
}