{
  "Train": [
    0.252062052488327,
    0.05204261094331741,
    0.03865626081824303,
    0.03454016149044037,
    0.03292364999651909,
    0.031019149348139763,
    0.0286695659160614,
    0.025993777438998222,
    0.023589162155985832,
    0.022266210988163948,
    0.021809548139572144,
    0.021615678444504738,
    0.02143266797065735,
    0.021176761016249657,
    0.020824182778596878,
    0.020398568361997604,
    0.019938524812459946,
    0.01945563778281212,
    0.01893545128405094,
    0.01838175393640995,
    0.017833299934864044,
    0.017327994108200073,
    0.016870561987161636,
    0.01644638366997242,
    0.016046425327658653
  ],
  "Training Time": 11.6631600856781,
  "Validate": [
    22.313413619995117,
    17.860397338867188,
    17.231107711791992,
    16.867095947265625,
    16.65730857849121,
    16.59280014038086,
    16.663461685180664,
    16.803749084472656,
    16.843198776245117,
    16.79149055480957,
    16.739484786987305,
    16.725608825683594,
    16.76119613647461,
    16.845441818237305,
    16.967435836791992,
    17.109375,
    17.25107192993164,
    17.376007080078125,
    17.475936889648438,
    17.551424026489258,
    17.607206344604492,
    17.648929595947266,
    17.67997932434082,
    17.701425552368164,
    17.714710235595703
  ]
}