{
  "Train": [
    0.10343459993600845,
    0.03892460837960243,
    0.019198782742023468,
    0.01276332326233387,
    0.009763766080141068,
    0.008413439616560936,
    0.007775795180350542,
    0.007364435587078333,
    0.007129726465791464,
    0.0070018344558775425,
    0.007057471666485071,
    0.007215349469333887,
    0.007375345565378666,
    0.007432245183736086,
    0.007383998017758131,
    0.007294284179806709,
    0.007201765663921833,
    0.007110993377864361,
    0.007044421508908272,
    0.0070382398553192616,
    0.00712981354445219,
    0.0073898183181881905,
    0.007841632701456547,
    0.008437054231762886,
    0.008714302442967892
  ],
  "Training Time": 17.10990285873413,
  "Validate": [
    NaN,
    NaN,
    NaN,
    NaN,
    NaN,
    NaN,
    NaN,
    NaN,
    NaN,
    NaN,
    NaN,
    NaN,
    NaN,
    NaN,
    NaN,
    NaN,
    NaN,
    NaN,
    NaN,
    NaN,
    NaN,
    NaN,
    NaN,
    NaN,
    NaN
  ]
}