{
  "Train": [
    0.3331165015697479,
    0.15448257327079773,
    0.09976111352443695,
    0.08543979376554489,
    0.07884735614061356,
    0.07222568988800049,
    0.06602724641561508,
    0.06025766581296921,
    0.06114203855395317,
    0.05303064361214638,
    0.04786407947540283,
    0.04301983863115311,
    0.03876858949661255,
    0.034573860466480255,
    0.03035738505423069,
    0.02797667309641838,
    0.028699036687612534,
    0.022794319316744804,
    0.022972537204623222,
    0.020416751503944397,
    0.019275516271591187,
    0.018403558060526848,
    0.017488880082964897,
    0.01678004488348961,
    0.016152458265423775
  ],
  "Training Time": 13.352192163467407,
  "Validate": [
    1.0026140213012695,
    1.379435658454895,
    1.3657950162887573,
    1.5756454467773438,
    1.582454800605774,
    1.5570685863494873,
    1.4044674634933472,
    1.405295491218567,
    0.7622074484825134,
    0.680447518825531,
    0.7393382787704468,
    0.7266879677772522,
    0.6842615604400635,
    0.6540820002555847,
    0.6180985569953918,
    0.5897076725959778,
    0.5839406251907349,
    0.5518784523010254,
    0.5047053098678589,
    0.5295639634132385,
    0.5255422592163086,
    0.5030748844146729,
    0.4891985058784485,
    0.47489669919013977,
    0.461630254983902
  ]
}