{
  "Train": [
    0.0783478319644928,
    0.03206699341535568,
    0.020286424085497856,
    0.013475345447659492,
    0.011192908510565758,
    0.009881948120892048,
    0.008876431733369827,
    0.008317514322698116,
    0.007930527441203594,
    0.007739585358649492,
    0.008089928887784481,
    0.00910100992769003,
    0.00943003036081791,
    0.008883525617420673,
    0.008692788891494274,
    0.017972517758607864,
    0.010535304434597492,
    0.007996601983904839,
    0.009012553840875626,
    0.006425322964787483,
    0.009492845274508,
    0.021451450884342194,
    0.02042544260621071,
    0.009643498808145523,
    0.006643308792263269
  ],
  "Training Time": 15.719735622406006,
  "Validate": [
    NaN,
    NaN,
    NaN,
    NaN,
    NaN,
    NaN,
    NaN,
    NaN,
    NaN,
    NaN,
    NaN,
    NaN,
    NaN,
    NaN,
    NaN,
    NaN,
    NaN,
    NaN,
    NaN,
    NaN,
    NaN,
    NaN,
    NaN,
    NaN,
    NaN
  ]
}