{
  "Train": [
    0.6494622230529785,
    0.10514369606971741,
    0.035962995141744614,
    0.03217897191643715,
    0.027814088389277458,
    0.02436910755932331,
    0.024783844128251076,
    0.021993858739733696,
    0.02198936603963375,
    0.019432634115219116,
    0.019377274438738823,
    0.017849978059530258,
    0.017206493765115738,
    0.016194233670830727,
    0.015468466095626354,
    0.014567133970558643,
    0.013536849059164524,
    0.012478196062147617,
    0.01134446356445551,
    0.009622953832149506,
    0.007505845744162798,
    0.006473672576248646,
    0.006367127411067486,
    0.006522547919303179,
    0.006425582338124514
  ],
  "Training Time": 10.84562349319458,
  "Validate": [
    17.130531311035156,
    16.816734313964844,
    15.537863731384277,
    16.761198043823242,
    15.373956680297852,
    15.659375190734863,
    16.345914840698242,
    15.7280855178833,
    15.854096412658691,
    16.22638702392578,
    16.22185707092285,
    16.39944839477539,
    16.478212356567383,
    16.672636032104492,
    16.871091842651367,
    17.142677307128906,
    17.47309684753418,
    17.818843841552734,
    18.172039031982422,
    18.572914123535156,
    18.940431594848633,
    19.17015266418457,
    19.286052703857422,
    19.288875579833984,
    19.202259063720703
  ]
}