{
  "Train": [
    0.35351791977882385,
    0.1187005490064621,
    0.08923093229532242,
    0.07491285353899002,
    0.06184279918670654,
    0.0498652420938015,
    0.04225995019078255,
    0.026536451652646065,
    0.021263260394334793,
    0.025438984856009483,
    0.01784963347017765,
    0.017513586208224297,
    0.013723858632147312,
    0.014101284556090832,
    0.015805168077349663,
    0.01352777611464262,
    0.011895458213984966,
    0.05296950414776802,
    0.01924249157309532,
    0.00920223630964756,
    0.007845661602914333,
    0.008152040652930737,
    0.008165000937879086,
    0.007886418141424656,
    0.007230609655380249
  ],
  "Training Time": 12.229784488677979,
  "Validate": [
    0.9123315215110779,
    0.4689658284187317,
    0.31517717242240906,
    0.5197702646255493,
    0.871388852596283,
    1.3624428510665894,
    1.7838859558105469,
    1.8351845741271973,
    1.9832805395126343,
    2.0404551029205322,
    2.069652795791626,
    2.1079206466674805,
    1.9294697046279907,
    1.97688627243042,
    2.007131338119507,
    1.77607262134552,
    1.792961835861206,
    2.0225841999053955,
    1.3733892440795898,
    1.405731439590454,
    1.4881205558776855,
    1.561869740486145,
    1.5574713945388794,
    1.5531628131866455,
    1.4960808753967285
  ]
}