{
  "Train": [
    1.180070161819458,
    1.1689074039459229,
    1.1700482368469238,
    1.15571129322052,
    1.158194661140442,
    1.1431562900543213,
    1.143393874168396,
    1.134802222251892,
    1.1313570737838745,
    1.1209503412246704
  ],
  "Training Time": 7.945822715759277,
  "Validate": [
    1.937373399734497,
    1.9415782690048218,
    1.9839744567871094,
    2.022923469543457,
    1.9899334907531738,
    2.0593512058258057,
    2.0300066471099854,
    2.062809944152832,
    2.0576188564300537,
    2.0824127197265625
  ]
}