{
  "Train": [
    1.0512865781784058,
    0.9916524291038513,
    0.9506126642227173,
    1.0122350454330444,
    0.925736129283905,
    0.8846930861473083,
    0.9863868951797485,
    1.0022807121276855,
    0.890788197517395,
    0.8806633949279785
  ],
  "Training Time": 7.186179876327515,
  "Validate": [
    0.6476213932037354,
    0.6076332330703735,
    0.5167442560195923,
    0.47843894362449646,
    0.5153340101242065,
    0.3783552944660187,
    0.3818354308605194,
    0.39946049451828003,
    0.4126752018928528,
    0.4028773009777069
  ]
}