{
  "Train": [
    0.8701449632644653,
    0.8271607756614685,
    0.8092727065086365,
    0.7941994667053223,
    0.779983401298523,
    0.7696853876113892,
    0.7553820610046387,
    0.735549807548523,
    0.7035346627235413,
    0.7491496205329895
  ],
  "Training Time": 19.941062927246094,
  "Validate": [
    NaN,
    NaN,
    NaN,
    NaN,
    NaN,
    NaN,
    NaN,
    NaN,
    NaN,
    NaN
  ]
}