{
  "Train": [
    0.9662588238716125,
    0.9048095345497131,
    0.8966526985168457,
    0.882218062877655,
    0.8695574998855591,
    0.860844075679779,
    0.8524457216262817,
    0.844876229763031,
    0.8379276990890503,
    0.8300143480300903
  ],
  "Training Time": 16.891507387161255,
  "Validate": [
    3.3242812156677246,
    3.1855928897857666,
    3.100499153137207,
    3.067312002182007,
    2.9927902221679688,
    2.9794137477874756,
    2.93349289894104,
    2.9013173580169678,
    2.855529546737671,
    2.8349525928497314
  ]
}