{
  "Train": [
    0.10935330390930176,
    0.02044593170285225,
    0.014860502444207668,
    0.01146499253809452,
    0.0089311758056283,
    0.008257743902504444,
    0.007160312496125698,
    0.01070175040513277,
    0.006761564873158932,
    0.005681279115378857,
    0.009317265823483467,
    0.005430222488939762,
    0.0044119395315647125,
    0.0073655894957482815,
    0.004728710278868675,
    0.011169357225298882,
    0.027580495923757553,
    0.0033625736832618713,
    0.006763524375855923,
    0.0037599417846649885,
    0.004555920604616404,
    0.0068431431427598,
    0.0037281860131770372,
    0.0034629730507731438,
    0.0035055484622716904
  ],
  "Training Time": 15.92142391204834,
  "Validate": [
    NaN,
    NaN,
    NaN,
    NaN,
    NaN,
    NaN,
    NaN,
    NaN,
    NaN,
    NaN,
    NaN,
    NaN,
    NaN,
    NaN,
    NaN,
    NaN,
    NaN,
    NaN,
    NaN,
    NaN,
    NaN,
    NaN,
    NaN,
    NaN,
    NaN
  ]
}