{
  "Train": [
    0.5924025774002075,
    0.33473485708236694,
    0.3083684742450714,
    0.29225215315818787,
    0.28010550141334534,
    0.27071449160575867,
    0.2629953622817993,
    0.25623637437820435,
    0.25010356307029724,
    0.2444438487291336
  ],
  "Training Time": 13.728692054748535,
  "Validate": [
    33.279197692871094,
    33.52090835571289,
    33.37629699707031,
    33.28415298461914,
    33.17988204956055,
    33.05081558227539,
    32.902530670166016,
    32.74087142944336,
    32.56940841674805,
    32.389957427978516
  ]
}