{
  "Train": [
    0.4239623546600342,
    0.36148032546043396,
    0.34071192145347595,
    0.3269232511520386,
    0.31393590569496155,
    0.3004221022129059,
    0.2862801253795624,
    0.27236950397491455,
    0.26020610332489014,
    0.24786724150180817
  ],
  "Training Time": 15.984134435653687,
  "Validate": [
    NaN,
    NaN,
    NaN,
    NaN,
    NaN,
    NaN,
    NaN,
    NaN,
    NaN,
    NaN
  ]
}