{
  "Train": [
    1.1241681575775146,
    0.9552706480026245,
    0.9749356508255005,
    0.9196813702583313,
    0.8866989016532898,
    0.8903523087501526,
    0.8633013367652893,
    0.9140232801437378,
    0.8382835984230042,
    0.8034949898719788
  ],
  "Training Time": 5.989154100418091,
  "Validate": [
    NaN,
    NaN,
    NaN,
    NaN,
    NaN,
    NaN,
    NaN,
    NaN,
    NaN,
    NaN
  ]
}