{
  "Train": [
    0.9752534627914429,
    0.8886064291000366,
    0.8613463044166565,
    0.844272792339325,
    0.8304475545883179,
    0.8167389035224915,
    0.8040348291397095,
    0.7940625548362732,
    0.7859917879104614,
    0.7791047096252441,
    0.7729662656784058,
    0.767223060131073,
    0.761606752872467,
    0.7557831406593323,
    0.749154806137085,
    0.7407406568527222,
    0.7298596501350403,
    0.7176346182823181,
    0.7054589986801147,
    0.698050856590271,
    0.6905115246772766,
    0.6842890381813049,
    0.6791752576828003,
    0.6750001907348633,
    0.6711445450782776,
    0.6671276092529297,
    0.6630710363388062,
    0.6591020822525024,
    0.655318021774292,
    0.6518136858940125,
    0.6486349105834961,
    0.6457868218421936,
    0.6432368159294128,
    0.6408856511116028,
    0.6385976672172546,
    0.6362601518630981,
    0.6338512897491455,
    0.6314399242401123,
    0.6290768980979919,
    0.626765251159668,
    0.6244882345199585,
    0.6222299933433533,
    0.6199794411659241,
    0.6177282929420471,
    0.6154666543006897,
    0.6131808161735535,
    0.6108515858650208,
    0.6084524989128113,
    0.6059538722038269,
    0.603334367275238,
    0.600590169429779,
    0.5977310538291931,
    0.5947492718696594,
    0.5915935635566711,
    0.5881785154342651,
    0.5843995213508606,
    0.5801340937614441,
    0.5752259492874146,
    0.5695090293884277,
    0.5629584789276123,
    0.5557622909545898,
    0.5477182269096375,
    0.5376402735710144,
    0.5244141221046448,
    0.510653555393219,
    0.5003359317779541,
    0.49344033002853394,
    0.4873228669166565,
    0.48119285702705383,
    0.4753786623477936,
    0.4699200391769409,
    0.4647422134876251,
    0.4598748981952667,
    0.4554296135902405,
    0.45137786865234375,
    0.44749099016189575,
    0.44357848167419434,
    0.439576655626297,
    0.4356943666934967,
    0.4326040744781494,
    0.4305651783943176,
    0.42857369780540466,
    0.42745545506477356,
    0.4309147000312805,
    0.4461788833141327,
    0.46682122349739075,
    0.47495535016059875,
    0.4132811725139618,
    0.4265535771846771,
    0.4564487636089325,
    0.40647923946380615,
    0.4063563346862793,
    0.4121668338775635,
    0.3821656405925751,
    0.39781174063682556,
    0.36126068234443665,
    0.3839052617549896,
    0.5389763116836548,
    0.41846132278442383,
    0.36924251914024353
  ],
  "Training Time": 76.90384292602539,
  "Validate": [
    3.8514978885650635,
    3.5090415477752686,
    3.3439009189605713,
    3.206634283065796,
    3.047189950942993,
    2.903531789779663,
    2.8275301456451416,
    2.7676098346710205,
    2.716967821121216,
    2.6725080013275146,
    2.6348915100097656,
    2.604489326477051,
    2.5809075832366943,
    2.5638396739959717,
    2.551969289779663,
    2.540909767150879,
    2.5315165519714355,
    2.540037155151367,
    2.510960817337036,
    2.487643003463745,
    2.446270227432251,
    2.4040448665618896,
    2.3633570671081543,
    2.326744318008423,
    2.2931346893310547,
    2.265535831451416,
    2.245335578918457,
    2.2316246032714844,
    2.223029375076294,
    2.217966318130493,
    2.2148663997650146,
    2.2121222019195557,
    2.20866322517395,
    2.205598831176758,
    2.2054598331451416,
    2.208872079849243,
    2.214291572570801,
    2.220360040664673,
    2.2267215251922607,
    2.2334272861480713,
    2.24049973487854,
    2.2478067874908447,
    2.255082845687866,
    2.262017250061035,
    2.2683217525482178,
    2.2737624645233154,
    2.2781617641448975,
    2.2813363075256348,
    2.28298282623291,
    2.2826201915740967,
    2.2797670364379883,
    2.274440288543701,
    2.267544746398926,
    2.260401964187622,
    2.2539498805999756,
    2.2488925457000732,
    2.2467358112335205,
    2.2515337467193604,
    2.2722833156585693,
    2.3200418949127197,
    2.388993263244629,
    2.4531185626983643,
    2.4940168857574463,
    2.478778123855591,
    2.399812936782837,
    2.338305711746216,
    2.3153247833251953,
    2.2991957664489746,
    2.2897167205810547,
    2.286313056945801,
    2.288271903991699,
    2.2957956790924072,
    2.309518814086914,
    2.3295907974243164,
    2.354990005493164,
    2.382491111755371,
    2.406320810317993,
    2.421597957611084,
    2.4355053901672363,
    2.4585022926330566,
    2.4675822257995605,
    2.476487874984741,
    2.495173454284668,
    2.5609374046325684,
    2.564638376235962,
    2.4321084022521973,
    2.3262267112731934,
    2.410569190979004,
    2.451986312866211,
    2.467953681945801,
    2.691420555114746,
    2.3570921421051025,
    2.3045358657836914,
    2.386685609817505,
    2.069960117340088,
    2.3327274322509766,
    3.1702120304107666,
    1.9674701690673828,
    1.871239423751831,
    2.2228081226348877
  ]
}