{
  "Train": [
    0.521725594997406,
    0.3323677182197571,
    0.3102315366268158,
    0.291192889213562,
    0.27887076139450073,
    0.26818951964378357,
    0.25894784927368164,
    0.2506048083305359,
    0.24300789833068848,
    0.23594117164611816
  ],
  "Training Time": 6.179963827133179,
  "Validate": [
    35.259037017822266,
    34.44209289550781,
    34.00810623168945,
    33.784549713134766,
    33.58989334106445,
    33.380245208740234,
    33.15843200683594,
    32.93661880493164,
    32.726985931396484,
    32.53376388549805
  ]
}