{
  "Train": [
    0.225185364484787,
    0.15953588485717773,
    0.12919464707374573,
    0.1174735501408577,
    0.10742494463920593,
    0.09984757751226425,
    0.09335694462060928,
    0.08719641715288162,
    0.08173924684524536,
    0.07694573700428009
  ],
  "Training Time": 6.739997148513794,
  "Validate": [
    NaN,
    NaN,
    NaN,
    NaN,
    NaN,
    NaN,
    NaN,
    NaN,
    NaN,
    NaN
  ]
}