{
  "Train": [
    1.0564409494400024,
    0.8551852107048035,
    0.6881546378135681,
    0.6363504528999329,
    0.5802597403526306,
    0.5393306612968445,
    0.5204312205314636,
    0.5063415765762329,
    0.49293360114097595,
    0.4794876277446747,
    0.4694969356060028,
    0.4689762592315674,
    0.45540285110473633,
    0.4785952568054199,
    0.4231235682964325,
    0.41119036078453064,
    0.40289464592933655,
    0.40223491191864014,
    0.40181756019592285,
    0.38077282905578613,
    0.4278780519962311,
    0.36249595880508423,
    0.3554427921772003,
    0.34503427147865295,
    0.3549264371395111,
    0.3424219787120819,
    0.33517470955848694,
    0.4063771963119507,
    0.5503242611885071,
    0.3945462107658386,
    0.3585564196109772,
    0.30867910385131836,
    0.30005061626434326,
    0.2961333990097046,
    0.2934522032737732,
    0.2915251553058624,
    0.28546491265296936,
    0.2789210081100464,
    0.271356999874115,
    0.2659403681755066,
    0.26386329531669617,
    0.26134708523750305,
    0.25360366702079773,
    0.2994058132171631,
    0.4813111126422882,
    0.3200981318950653,
    0.25366052985191345,
    0.23362964391708374,
    0.22893136739730835,
    0.22831836342811584,
    0.22056777775287628,
    0.2137787640094757,
    0.21897658705711365,
    0.23961760103702545,
    0.24009254574775696,
    0.2303333580493927,
    0.20772100985050201,
    0.2042599320411682,
    0.1932324767112732,
    0.18793661892414093,
    0.18372280895709991,
    0.1829650104045868,
    0.18692027032375336,
    0.18887145817279816,
    0.19334734976291656,
    0.17108120024204254,
    0.17974570393562317,
    0.18847575783729553,
    0.1706526279449463,
    0.2057267725467682,
    0.2885695695877075,
    0.24869519472122192,
    0.19062168896198273,
    0.16473032534122467,
    0.15528132021427155,
    0.13857220113277435,
    0.1455826312303543,
    0.14111562073230743,
    0.14562994241714478,
    0.14728258550167084,
    0.13140739500522614,
    0.1344643235206604,
    0.13260388374328613,
    0.13317462801933289,
    0.12936057150363922,
    0.15472210943698883,
    0.18284443020820618,
    0.34626463055610657,
    0.23823636770248413,
    0.155889630317688,
    0.1166047751903534,
    0.10714523494243622,
    0.10292308032512665,
    0.1020531877875328,
    0.09671705216169357,
    0.09674210846424103,
    0.09420747309923172,
    0.10092592239379883,
    0.09625823050737381,
    0.12025377154350281
  ],
  "Training Time": 117.65162825584412,
  "Validate": [
    NaN,
    NaN,
    NaN,
    NaN,
    NaN,
    NaN,
    NaN,
    NaN,
    NaN,
    NaN,
    NaN,
    NaN,
    NaN,
    NaN,
    NaN,
    NaN,
    NaN,
    NaN,
    NaN,
    NaN,
    NaN,
    NaN,
    NaN,
    NaN,
    NaN,
    NaN,
    NaN,
    NaN,
    NaN,
    NaN,
    NaN,
    NaN,
    NaN,
    NaN,
    NaN,
    NaN,
    NaN,
    NaN,
    NaN,
    NaN,
    NaN,
    NaN,
    NaN,
    NaN,
    NaN,
    NaN,
    NaN,
    NaN,
    NaN,
    NaN,
    NaN,
    NaN,
    NaN,
    NaN,
    NaN,
    NaN,
    NaN,
    NaN,
    NaN,
    NaN,
    NaN,
    NaN,
    NaN,
    NaN,
    NaN,
    NaN,
    NaN,
    NaN,
    NaN,
    NaN,
    NaN,
    NaN,
    NaN,
    NaN,
    NaN,
    NaN,
    NaN,
    NaN,
    NaN,
    NaN,
    NaN,
    NaN,
    NaN,
    NaN,
    NaN,
    NaN,
    NaN,
    NaN,
    NaN,
    NaN,
    NaN,
    NaN,
    NaN,
    NaN,
    NaN,
    NaN,
    NaN,
    NaN,
    NaN,
    NaN
  ]
}