{
  "Train": [
    0.9590820670127869,
    0.8776388168334961,
    0.8433489799499512,
    0.8267898559570312,
    0.8151573538780212,
    0.8055971264839172,
    0.7972739934921265,
    0.7898996472358704,
    0.7833825349807739,
    0.777635931968689,
    0.7725760340690613,
    0.7681095600128174,
    0.7640881538391113,
    0.7602663636207581,
    0.7562605142593384,
    0.7514023780822754,
    0.7442663908004761,
    0.731630265712738,
    0.7154062390327454,
    0.7014967799186707,
    0.6882325410842896,
    0.6917170882225037,
    0.6761109232902527,
    0.6632739901542664,
    0.6577615141868591,
    0.6505746841430664,
    0.6450119614601135,
    0.6412687301635742,
    0.6363298296928406,
    0.6350172162055969,
    0.6339398622512817,
    0.6285499930381775,
    0.6240735054016113,
    0.623672366142273,
    0.6174807548522949,
    0.6185519695281982,
    0.6118558645248413,
    0.6135555505752563,
    0.6079410314559937,
    0.6091147661209106,
    0.6066799163818359,
    0.6064906716346741,
    0.605279266834259,
    0.6040051579475403,
    0.6025207042694092,
    0.6012707352638245,
    0.6003798246383667,
    0.599164605140686,
    0.5975716710090637,
    0.5955674648284912,
    0.5933031439781189,
    0.5905927419662476,
    0.5862294435501099,
    0.581150472164154,
    0.5789983868598938,
    0.5765742063522339,
    0.5740376710891724,
    0.5714733004570007,
    0.5688565373420715,
    0.5661698579788208,
    0.5633864998817444,
    0.5604671835899353,
    0.557344377040863,
    0.5538765788078308,
    0.549630880355835,
    0.5431143641471863,
    0.5335491299629211,
    0.5251795053482056,
    0.5188077092170715,
    0.5145150423049927,
    0.5106099843978882,
    0.5073382258415222,
    0.4992547631263733,
    0.48928290605545044,
    0.4845993220806122,
    0.48556116223335266,
    0.4749072194099426,
    0.4692423343658447,
    0.46514207124710083,
    0.4571443796157837,
    0.4563519358634949,
    0.46315473318099976,
    0.45826810598373413,
    0.5013333559036255,
    0.5431323647499084,
    0.5571519732475281,
    0.4634914994239807,
    0.4593961536884308,
    0.43679651618003845,
    0.42346078157424927,
    0.4224618673324585,
    0.4507390558719635,
    0.4390721321105957,
    0.4098246395587921,
    0.41921547055244446,
    0.3970465362071991,
    0.4252907633781433,
    0.7001741528511047,
    0.848405122756958,
    0.5898087024688721
  ],
  "Training Time": 70.16171956062317,
  "Validate": [
    3.416710138320923,
    3.1489927768707275,
    2.9578123092651367,
    2.8491291999816895,
    2.7740938663482666,
    2.7102174758911133,
    2.650376558303833,
    2.592703104019165,
    2.53749942779541,
    2.4861676692962646,
    2.4405171871185303,
    2.4017624855041504,
    2.3698737621307373,
    2.343744993209839,
    2.321688175201416,
    2.301490545272827,
    2.2793753147125244,
    2.253368854522705,
    2.2427315711975098,
    2.190751791000366,
    2.1209824085235596,
    2.0471389293670654,
    1.9992412328720093,
    1.9585319757461548,
    1.927821397781372,
    1.9044674634933472,
    1.8932396173477173,
    1.8768868446350098,
    1.9003844261169434,
    1.8803690671920776,
    1.9259376525878906,
    1.8577656745910645,
    1.9449963569641113,
    1.8439712524414062,
    1.9654492139816284,
    1.8491085767745972,
    1.9842091798782349,
    1.8878463506698608,
    1.9889297485351562,
    1.9477450847625732,
    1.98899507522583,
    1.9916316270828247,
    2.0096232891082764,
    2.023688316345215,
    2.036163568496704,
    2.044031858444214,
    2.0472261905670166,
    2.0491983890533447,
    2.048158884048462,
    2.042750358581543,
    2.02732253074646,
    2.0006704330444336,
    2.0061733722686768,
    2.0547616481781006,
    2.0642590522766113,
    2.0873796939849854,
    2.115934371948242,
    2.1494030952453613,
    2.187695026397705,
    2.2309999465942383,
    2.2797815799713135,
    2.33471417427063,
    2.396594524383545,
    2.466205358505249,
    2.5440175533294678,
    2.631507158279419,
    2.728870391845703,
    2.8048036098480225,
    2.8779046535491943,
    2.948319911956787,
    3.0313239097595215,
    3.0623085498809814,
    3.09737229347229,
    3.1615843772888184,
    3.2106893062591553,
    3.145371437072754,
    3.1842331886291504,
    3.2554984092712402,
    3.251843214035034,
    3.267991542816162,
    3.2499382495880127,
    3.227517604827881,
    3.234250783920288,
    3.066471815109253,
    3.1830015182495117,
    3.1887543201446533,
    3.1158640384674072,
    3.209164619445801,
    3.4593427181243896,
    3.3966856002807617,
    3.368232011795044,
    3.259873151779175,
    3.2116501331329346,
    3.3729536533355713,
    3.559527635574341,
    3.6171393394470215,
    3.4711198806762695,
    4.7516188621521,
    3.8024637699127197,
    3.135979652404785
  ]
}