{
  "Train": [
    0.533416211605072,
    0.34451931715011597,
    0.3166758120059967,
    0.2979066073894501,
    0.2838717997074127,
    0.27224984765052795,
    0.2616824507713318,
    0.251691997051239,
    0.2435252070426941,
    0.23765423893928528
  ],
  "Training Time": 12.868849039077759,
  "Validate": [
    36.02275848388672,
    33.45359802246094,
    32.373531341552734,
    31.678083419799805,
    31.229936599731445,
    30.937347412109375,
    30.74125862121582,
    30.606752395629883,
    30.443035125732422,
    30.121320724487305
  ]
}