{
  "Train": [
    0.2293543815612793,
    0.19869761168956757,
    0.1816842406988144,
    0.16764716804027557,
    0.1546030193567276,
    0.14939509332180023,
    0.13884499669075012,
    0.15011411905288696,
    0.1379394829273224,
    0.14721576869487762
  ],
  "Training Time": 15.37091875076294,
  "Validate": [
    NaN,
    NaN,
    NaN,
    NaN,
    NaN,
    NaN,
    NaN,
    NaN,
    NaN,
    NaN
  ]
}