{
  "Train": [
    1.0160681009292603,
    0.815581202507019,
    0.7216911911964417,
    0.6238808035850525,
    0.5505486726760864,
    0.49803608655929565,
    0.4287662208080292,
    0.36326709389686584,
    0.3041035234928131,
    0.27095115184783936
  ],
  "Training Time": 11.961289167404175,
  "Validate": [
    0.639286994934082,
    0.6203668117523193,
    0.637839674949646,
    0.6977605223655701,
    0.7288259863853455,
    0.747831404209137,
    0.7802155017852783,
    0.8352224230766296,
    0.747426450252533,
    0.7176192998886108
  ]
}