{
  "Train": [
    1.1057915687561035,
    1.0890331268310547,
    1.0831552743911743,
    1.0758014917373657,
    1.0643552541732788,
    1.0492602586746216,
    1.030578374862671,
    0.9909036159515381,
    0.9610738754272461,
    0.9407966732978821,
    0.9228445291519165,
    0.9201119542121887,
    0.85552579164505,
    0.9544956684112549,
    0.8170779943466187,
    0.8248904347419739,
    0.8104072213172913,
    0.8217318654060364,
    0.7678043842315674,
    0.7633373737335205,
    0.7515541911125183,
    0.7205752730369568,
    0.697140634059906,
    0.6781824231147766,
    0.6460572481155396,
    0.6418551206588745,
    0.619016706943512,
    0.6145415306091309,
    0.5961848497390747,
    0.5599638223648071,
    0.5349814891815186,
    0.5376869440078735,
    0.5315433144569397,
    0.4951552450656891,
    0.5513462424278259,
    0.5402947068214417,
    0.4893893599510193,
    0.4368502199649811,
    0.4092787802219391,
    0.3965000808238983,
    0.4021311104297638,
    0.4195319414138794,
    0.3752218186855316,
    0.33036530017852783,
    0.3426317870616913,
    0.2973414957523346,
    0.31152233481407166,
    0.6669072508811951,
    0.5226244330406189,
    0.43983253836631775,
    0.3662979304790497,
    0.3324998617172241,
    0.266780823469162,
    0.20764701068401337,
    0.17627382278442383,
    0.2334442138671875,
    0.24354702234268188,
    0.18996132910251617,
    0.2158464789390564,
    0.2757076323032379,
    0.26676255464553833,
    0.15145406126976013,
    0.14618945121765137,
    0.13108736276626587,
    0.11288068443536758,
    0.13142843544483185,
    0.11891492456197739,
    0.1692020148038864,
    0.11628711223602295,
    0.08457979559898376,
    0.1284659206867218,
    0.10954397171735764,
    0.1206180602312088,
    0.09535501897335052,
    0.08275367319583893,
    0.12958745658397675,
    0.08376815915107727,
    0.0913991630077362,
    0.10666189342737198,
    0.11498205363750458,
    0.07437676936388016,
    0.04840397462248802,
    0.042743947356939316,
    0.037383902817964554,
    0.03673797845840454,
    0.035637859255075455,
    0.05412909388542175,
    0.0751587525010109,
    0.09849658608436584,
    0.13019903004169464,
    0.08638471364974976,
    0.03885335102677345,
    0.0364081896841526,
    0.033162422478199005,
    0.036015041172504425,
    0.04466906562447548,
    0.0337936095893383,
    0.018732458353042603,
    0.02062000334262848,
    0.02002672664821148
  ],
  "Training Time": 76.48712420463562,
  "Validate": [
    4.387757301330566,
    4.3839874267578125,
    4.362274646759033,
    4.322963237762451,
    4.25685453414917,
    4.22343635559082,
    4.247692584991455,
    4.184732437133789,
    4.1903228759765625,
    4.164429187774658,
    4.290318965911865,
    4.109829425811768,
    4.617188453674316,
    3.8700177669525146,
    4.233015537261963,
    4.144455909729004,
    4.198607921600342,
    3.9598031044006348,
    4.062763690948486,
    3.928973913192749,
    3.7608511447906494,
    3.7330827713012695,
    3.7444045543670654,
    3.8076698780059814,
    3.9041152000427246,
    4.005183696746826,
    4.239060878753662,
    4.397176742553711,
    4.261754989624023,
    4.557840347290039,
    4.6024169921875,
    4.23255729675293,
    4.575854778289795,
    5.142690181732178,
    4.023815155029297,
    4.604935646057129,
    4.645083427429199,
    4.432130336761475,
    4.55256462097168,
    4.227621555328369,
    3.95078182220459,
    4.725001811981201,
    4.2699689865112305,
    4.074685096740723,
    4.173061370849609,
    4.262218952178955,
    4.123759746551514,
    3.498494863510132,
    4.23371696472168,
    4.153412818908691,
    4.165226459503174,
    4.342767715454102,
    4.146873950958252,
    4.415101528167725,
    4.466779708862305,
    4.3599629402160645,
    4.636530876159668,
    4.209771633148193,
    5.031732559204102,
    4.561668395996094,
    3.770151376724243,
    3.9215688705444336,
    3.876242160797119,
    3.714627981185913,
    3.7964553833007812,
    3.7580161094665527,
    4.102049350738525,
    3.4633102416992188,
    3.783036231994629,
    3.5165152549743652,
    3.830519199371338,
    3.616105079650879,
    3.3144211769104004,
    3.525170087814331,
    3.4091436862945557,
    3.482975959777832,
    3.6123735904693604,
    3.435983180999756,
    3.5562095642089844,
    3.7708733081817627,
    3.746586561203003,
    3.827716588973999,
    3.7295844554901123,
    3.7163124084472656,
    3.75492787361145,
    3.699734687805176,
    3.785519599914551,
    3.8015573024749756,
    3.845834255218506,
    3.803879499435425,
    3.8199706077575684,
    3.7628495693206787,
    3.737781524658203,
    3.940387725830078,
    4.003170490264893,
    3.998599052429199,
    3.9142463207244873,
    3.930554151535034,
    3.8632547855377197,
    3.9654340744018555
  ]
}