{
  "Train": [
    1.1590063571929932,
    1.1453622579574585,
    1.1347500085830688,
    1.1239914894104004,
    1.1138122081756592,
    1.1045976877212524,
    1.0965380668640137,
    1.089835286140442,
    1.0835747718811035,
    1.0775339603424072
  ],
  "Training Time": 7.0469651222229,
  "Validate": [
    1.9191601276397705,
    1.9305386543273926,
    1.9534039497375488,
    1.9918869733810425,
    2.0205492973327637,
    2.0148677825927734,
    2.0011301040649414,
    1.9852818250656128,
    1.9686518907546997,
    1.9516113996505737
  ]
}