{
  "Train": [
    0.9990924000740051,
    0.9772299528121948,
    0.9615382552146912,
    0.9484270811080933,
    0.9366094470024109,
    0.9257141351699829,
    0.9152817726135254,
    0.9047556519508362,
    0.8932958841323853,
    0.8796021342277527
  ],
  "Training Time": 5.888481855392456,
  "Validate": [
    0.545867383480072,
    0.5189818143844604,
    0.4785388112068176,
    0.44491803646087646,
    0.41897374391555786,
    0.3983881175518036,
    0.38186752796173096,
    0.3689817190170288,
    0.3598792254924774,
    0.3555469512939453
  ]
}