{
  "Train": [
    1.1874568462371826,
    1.1710902452468872,
    1.1597363948822021,
    1.15713632106781,
    1.158054232597351,
    1.1513936519622803,
    1.1374356746673584,
    1.1381374597549438,
    1.126939058303833,
    1.131011962890625
  ],
  "Training Time": 19.335354566574097,
  "Validate": [
    1.939405918121338,
    2.001509189605713,
    2.034196615219116,
    2.0058724880218506,
    2.005906581878662,
    2.0267343521118164,
    2.0620274543762207,
    2.0093607902526855,
    2.019573211669922,
    2.002671957015991
  ]
}