{
  "Train": [
    1.0953290462493896,
    1.0071941614151,
    1.0583138465881348,
    1.124418020248413,
    1.1043901443481445,
    1.0961803197860718,
    1.0882929563522339,
    1.0785446166992188,
    1.0680501461029053,
    1.0511490106582642
  ],
  "Training Time": 24.25116205215454,
  "Validate": [
    NaN,
    NaN,
    NaN,
    NaN,
    NaN,
    NaN,
    NaN,
    NaN,
    NaN,
    NaN
  ]
}