{
  "Train": [
    1.0043973922729492,
    0.9596226811408997,
    0.9002761840820312,
    0.8708422780036926,
    0.8507720828056335,
    0.8345789909362793,
    0.8209921717643738,
    0.8097333908081055,
    0.8005300760269165,
    0.7926953434944153
  ],
  "Training Time": 17.635583877563477,
  "Validate": [
    3.92330002784729,
    3.6626999378204346,
    3.253249406814575,
    3.0152342319488525,
    2.893223285675049,
    2.7971079349517822,
    2.7067065238952637,
    2.6229379177093506,
    2.5559346675872803,
    2.5155832767486572
  ]
}