{
  "Train": [
    1.072275996208191,
    1.0160322189331055,
    0.9832663536071777,
    1.0012738704681396,
    0.9856210947036743,
    1.0099670886993408,
    1.0746201276779175,
    1.0499180555343628,
    1.0429450273513794,
    1.0353772640228271
  ],
  "Training Time": 9.406516075134277,
  "Validate": [
    NaN,
    NaN,
    NaN,
    NaN,
    NaN,
    NaN,
    NaN,
    NaN,
    NaN,
    NaN
  ]
}