{
  "Train": [
    0.5569676160812378,
    0.4809908866882324,
    0.45388084650039673,
    0.41801658272743225,
    0.3921455144882202,
    0.35869720578193665,
    0.34220483899116516,
    0.3133499324321747,
    0.3106153607368469,
    0.2739991247653961
  ],
  "Training Time": 6.1567137241363525,
  "Validate": [
    NaN,
    NaN,
    NaN,
    NaN,
    NaN,
    NaN,
    NaN,
    NaN,
    NaN,
    NaN
  ]
}