{
  "Train": [
    0.6026879549026489,
    0.4192351698875427,
    0.3259005844593048,
    0.30404531955718994,
    0.2883986234664917,
    0.27639371156692505,
    0.26538896560668945,
    0.25331857800483704,
    0.2422899305820465,
    0.22994263470172882
  ],
  "Training Time": 5.317131996154785,
  "Validate": [
    45.586666107177734,
    38.86219787597656,
    41.79648971557617,
    41.3005485534668,
    40.67771911621094,
    40.2071647644043,
    40.11003494262695,
    40.318359375,
    40.34457015991211,
    40.047603607177734
  ]
}