{
  "Train": [
    1.0777490139007568,
    0.9535357356071472,
    0.9131677746772766,
    0.8906887769699097,
    0.8742832541465759,
    0.855089008808136,
    0.8359988331794739,
    0.8152371644973755,
    0.7921484112739563,
    0.7653337121009827
  ],
  "Training Time": 4.807399034500122,
  "Validate": [
    0.8720852136611938,
    0.8364093899726868,
    0.8803110122680664,
    0.9409002065658569,
    0.9864528775215149,
    1.0333671569824219,
    1.0984748601913452,
    1.1892601251602173,
    1.2992056608200073,
    1.411996603012085
  ]
}