{
  "Train": [
    0.17958489060401917,
    0.1399700939655304,
    0.12683026492595673,
    0.12040812522172928,
    0.11556512862443924,
    0.11141850054264069,
    0.10769778490066528,
    0.10434495657682419,
    0.10140708088874817,
    0.09873642027378082,
    0.0962182953953743,
    0.09402309358119965,
    0.09236806631088257,
    0.09101158380508423,
    0.09928148239850998,
    0.08690080791711807,
    0.10099800676107407,
    0.0935300663113594,
    0.08465918153524399,
    0.07664266228675842,
    0.07467643916606903,
    0.06927001476287842,
    0.06833691149950027,
    0.06728686392307281,
    0.06503988057374954
  ],
  "Training Time": 23.391494035720825,
  "Validate": [
    NaN,
    NaN,
    NaN,
    NaN,
    NaN,
    NaN,
    NaN,
    NaN,
    NaN,
    NaN,
    NaN,
    NaN,
    NaN,
    NaN,
    NaN,
    NaN,
    NaN,
    NaN,
    NaN,
    NaN,
    NaN,
    NaN,
    NaN,
    NaN,
    NaN
  ]
}