{
  "Train": [
    1.0043973922729492,
    0.9596226811408997,
    0.9002761840820312,
    0.8708422780036926,
    0.8507720828056335,
    0.8345789909362793,
    0.8209921717643738,
    0.8097333908081055,
    0.8005300760269165,
    0.7926953434944153,
    0.7853280305862427,
    0.7773045301437378,
    0.7671950459480286,
    0.7542188763618469,
    0.7407535910606384,
    0.7291946411132812,
    0.7138767242431641,
    0.705801784992218,
    0.6992110013961792,
    0.7045643925666809,
    0.7034844756126404,
    0.6998505592346191,
    0.6889123320579529,
    0.677914559841156,
    0.6694726347923279,
    0.6625162959098816,
    0.6557806730270386,
    0.6489512324333191,
    0.6420302987098694,
    0.6349716782569885,
    0.6277735233306885,
    0.6205286979675293,
    0.6133832931518555,
    0.6065136194229126,
    0.600230872631073,
    0.595432698726654,
    0.5933060646057129,
    0.5910850763320923,
    0.5866923928260803,
    0.5823796391487122,
    0.5881146192550659,
    0.7030242681503296,
    0.6035865545272827,
    0.5823295712471008,
    0.6009480953216553,
    0.5602439045906067,
    0.5644534826278687,
    0.5664275884628296,
    0.5553132891654968,
    0.534185528755188,
    0.5159215927124023,
    0.5074462294578552,
    0.4990813434123993,
    0.4915052652359009,
    0.4972158670425415,
    0.4985758364200592,
    0.4878794848918915,
    0.48070085048675537,
    0.47753965854644775,
    0.47385483980178833,
    0.47034576535224915,
    0.46545296907424927,
    0.46160951256752014,
    0.4579734802246094,
    0.45409074425697327,
    0.44777411222457886,
    0.4406871795654297,
    0.4350850582122803,
    0.43215271830558777,
    0.42820319533348083,
    0.4211871922016144,
    0.41380852460861206,
    0.4083768427371979,
    0.4058617353439331,
    0.40354517102241516,
    0.390893816947937,
    0.4241422116756439,
    0.42236289381980896,
    0.5106036067008972,
    0.5151514410972595,
    0.486929714679718,
    0.40662524104118347,
    0.364346444606781,
    0.3686518967151642,
    0.36764252185821533,
    0.3758755326271057,
    0.3519551455974579,
    0.3567640483379364,
    0.3680758476257324,
    0.36950522661209106,
    0.39830705523490906,
    0.3460889756679535,
    0.36142438650131226,
    0.3139113783836365,
    0.3019612431526184,
    0.35088056325912476,
    0.4414174556732178,
    0.964189887046814,
    0.5676311254501343,
    0.608051061630249
  ],
  "Training Time": 106.60648584365845,
  "Validate": [
    3.92330002784729,
    3.6626999378204346,
    3.253249406814575,
    3.0152342319488525,
    2.893223285675049,
    2.7971079349517822,
    2.7067065238952637,
    2.6229379177093506,
    2.5559346675872803,
    2.5155832767486572,
    2.508212089538574,
    2.5397047996520996,
    2.6063101291656494,
    2.6817338466644287,
    2.7712271213531494,
    2.788391351699829,
    2.685180902481079,
    2.5715527534484863,
    2.389047145843506,
    2.266774892807007,
    2.248302936553955,
    2.291780710220337,
    2.3236396312713623,
    2.3339173793792725,
    2.3204782009124756,
    2.3060190677642822,
    2.2957098484039307,
    2.286222457885742,
    2.2765347957611084,
    2.2671027183532715,
    2.2578744888305664,
    2.2481491565704346,
    2.2367324829101562,
    2.2219650745391846,
    2.202299118041992,
    2.179901361465454,
    2.1670455932617188,
    2.1716432571411133,
    2.1898889541625977,
    2.2168028354644775,
    2.153623342514038,
    2.288247585296631,
    2.316669225692749,
    2.4177401065826416,
    2.519493341445923,
    2.4467546939849854,
    2.3086140155792236,
    2.3793554306030273,
    2.4933552742004395,
    2.878216505050659,
    2.9448206424713135,
    2.958811044692993,
    2.9404296875,
    2.968027353286743,
    3.0588903427124023,
    3.010780096054077,
    2.9507155418395996,
    2.9490151405334473,
    2.9659652709960938,
    2.934458017349243,
    2.9412038326263428,
    2.937478542327881,
    2.9657340049743652,
    2.9544005393981934,
    2.944460868835449,
    2.943662405014038,
    2.992478370666504,
    3.015834093093872,
    3.0279722213745117,
    3.011322021484375,
    3.0498931407928467,
    3.1294760704040527,
    3.284290075302124,
    3.3561675548553467,
    3.2353203296661377,
    3.377639055252075,
    3.748777151107788,
    4.333987712860107,
    3.018284559249878,
    2.7276113033294678,
    3.022473096847534,
    3.521247625350952,
    3.508828639984131,
    3.7142937183380127,
    3.573000192642212,
    3.496762752532959,
    3.4511404037475586,
    3.9098846912384033,
    3.0578293800354004,
    3.3748114109039307,
    3.5194931030273438,
    3.6561403274536133,
    2.8606667518615723,
    3.7450387477874756,
    3.6776421070098877,
    3.2802321910858154,
    3.7231767177581787,
    4.209855079650879,
    3.76926589012146,
    4.171206951141357
  ]
}