{
  "Train": [
    0.8338144421577454,
    0.8086534738540649,
    0.7911620140075684,
    0.774048388004303,
    0.7591513395309448,
    0.7405450344085693,
    0.7255055904388428,
    0.7087916135787964,
    0.6955136656761169,
    0.686923086643219
  ],
  "Training Time": 3.7481884956359863,
  "Validate": [
    0.7543962597846985,
    0.7753802537918091,
    0.783032238483429,
    0.7815575003623962,
    0.7705594897270203,
    0.7540247440338135,
    0.7411296367645264,
    0.7324439883232117,
    0.7257707715034485,
    0.7258762121200562
  ]
}