{
  "Train": [
    1.0404387712478638,
    1.027434229850769,
    0.8711580634117126,
    0.755742609500885,
    0.6942319869995117,
    0.6750154495239258,
    0.7574604153633118,
    0.7835707068443298,
    0.8418728113174438,
    0.6730906367301941,
    0.6941046118736267,
    0.6289086937904358,
    0.5353397727012634,
    0.5437051653862,
    0.5156694650650024,
    0.561183512210846,
    0.6413896679878235,
    0.5337758660316467,
    0.48532113432884216,
    0.4823351502418518,
    0.47347134351730347,
    0.4524226486682892,
    0.43945738673210144,
    0.4466487467288971,
    0.43689602613449097,
    0.40036991238594055,
    0.4010295867919922,
    0.4095527231693268,
    0.3935628831386566,
    0.3569502532482147,
    0.3520412743091583,
    0.34488773345947266,
    0.3447932302951813,
    0.3270166218280792,
    0.3202054500579834,
    0.3288401961326599,
    0.33959436416625977,
    0.31748226284980774,
    0.29705268144607544,
    0.2944546043872833,
    0.4211677610874176,
    0.4469640851020813,
    0.355194628238678,
    0.2751789093017578,
    0.23904304206371307,
    0.21462847292423248,
    0.19329926371574402,
    0.17960576713085175,
    0.1716836541891098,
    0.17057780921459198,
    0.1735641211271286,
    0.17414040863513947,
    0.1628599315881729,
    0.14304809272289276,
    0.12907399237155914,
    0.11738424748182297,
    0.11180748045444489,
    0.10919775813817978,
    0.09298547357320786,
    0.09613832086324692,
    0.08568517118692398,
    0.07490759342908859,
    0.13150951266288757,
    0.14174506068229675,
    0.08359445631504059,
    0.079344742000103,
    0.059054117649793625,
    0.05400174483656883,
    0.048064786940813065,
    0.045252542942762375,
    0.05008867755532265,
    0.04443461820483208,
    0.056530434638261795,
    0.04432513937354088,
    0.03711659461259842,
    0.03324361890554428,
    0.03159430995583534,
    0.030892448499798775,
    0.027467265725135803,
    0.03199402615427971,
    0.039430391043424606,
    0.03869447112083435,
    0.03900161758065224,
    0.42503222823143005,
    1.1611932516098022,
    0.894568920135498,
    0.781131386756897,
    0.7410998940467834,
    0.747316837310791,
    0.6682214140892029,
    0.6436792016029358,
    0.5823110938072205,
    0.28390374779701233,
    0.12583361566066742,
    0.0892474427819252,
    0.07290597259998322,
    0.061792466789484024,
    0.054096661508083344,
    0.047494612634181976,
    0.042360544204711914
  ],
  "Training Time": 51.17476844787598,
  "Validate": [
    1.3846385478973389,
    0.8344125151634216,
    0.6340723633766174,
    0.6427536010742188,
    0.6379282474517822,
    0.6113666892051697,
    0.6114669442176819,
    0.3871898949146271,
    0.42955172061920166,
    0.38002175092697144,
    0.5569266676902771,
    0.46604955196380615,
    0.5103927254676819,
    0.3971773087978363,
    0.46772444248199463,
    0.38558024168014526,
    0.41937434673309326,
    0.48328495025634766,
    0.4912314713001251,
    0.5179674029350281,
    0.5449314713478088,
    0.5500109195709229,
    0.5852115750312805,
    0.5776100754737854,
    0.5127080082893372,
    0.550344705581665,
    0.6035699844360352,
    0.5394383072853088,
    0.5460832118988037,
    0.6380674839019775,
    0.7184051871299744,
    0.863908588886261,
    0.7117295861244202,
    0.7654807567596436,
    0.7717643976211548,
    0.6672255992889404,
    0.7536147832870483,
    0.8665363192558289,
    1.1276367902755737,
    0.9790399670600891,
    0.6633851528167725,
    0.9403765201568604,
    0.710009753704071,
    0.6192742586135864,
    0.6639903783798218,
    0.673835039138794,
    0.6888793706893921,
    0.6909675598144531,
    0.6869773268699646,
    0.6561764478683472,
    0.6564440131187439,
    0.6608302593231201,
    0.659238874912262,
    0.682682454586029,
    0.6809362173080444,
    0.7705920934677124,
    0.7566713094711304,
    0.9037675261497498,
    0.6192371249198914,
    0.7254484295845032,
    0.6154203414916992,
    0.7907354831695557,
    0.5626693367958069,
    0.7400122284889221,
    0.709324836730957,
    0.44708478450775146,
    0.5585935711860657,
    0.6737440824508667,
    0.6709008812904358,
    0.41345101594924927,
    0.47450312972068787,
    0.5231549143791199,
    0.48946335911750793,
    0.44149476289749146,
    0.4739203155040741,
    0.46828365325927734,
    0.4356034994125366,
    0.40934085845947266,
    0.4217085540294647,
    0.38296958804130554,
    0.40230369567871094,
    0.42575809359550476,
    0.38439351320266724,
    0.35533881187438965,
    0.38926073908805847,
    0.4898562729358673,
    0.522141695022583,
    0.5842598080635071,
    0.5163536667823792,
    0.5748066306114197,
    0.6334974765777588,
    0.7612547278404236,
    0.7308270931243896,
    0.7072429060935974,
    0.672258734703064,
    0.6387546062469482,
    0.614579439163208,
    0.5976213812828064,
    0.5883017182350159,
    0.5778946280479431
  ]
}