{
  "Train": [
    1.271183967590332,
    1.2099478244781494,
    1.1579773426055908,
    1.1389224529266357,
    1.1217612028121948,
    1.0960108041763306,
    1.0865728855133057,
    1.0751631259918213,
    1.0284395217895508,
    1.1009771823883057
  ],
  "Training Time": 10.965904951095581,
  "Validate": [
    1.034071683883667,
    1.4197022914886475,
    1.4694174528121948,
    1.5181527137756348,
    1.6049926280975342,
    1.7887314558029175,
    2.067547082901001,
    2.2214510440826416,
    2.6271467208862305,
    2.2772839069366455
  ]
}