{
  "Train": [
    1.078211784362793,
    1.0377801656723022,
    1.0317407846450806,
    1.0230364799499512,
    1.0114061832427979,
    0.9955243468284607,
    0.976381778717041,
    0.957363486289978,
    0.9406757950782776,
    0.9254555702209473
  ],
  "Training Time": 12.226168155670166,
  "Validate": [
    NaN,
    NaN,
    NaN,
    NaN,
    NaN,
    NaN,
    NaN,
    NaN,
    NaN,
    NaN
  ]
}