{
  "Train": [
    0.33764052391052246,
    0.07737229019403458,
    0.062174007296562195,
    0.05434118211269379,
    0.0484471432864666,
    0.04392975941300392,
    0.040740542113780975,
    0.03860684484243393,
    0.03715486824512482,
    0.03606561943888664,
    0.03515579551458359,
    0.03434241563081741,
    0.03358693793416023,
    0.032871995121240616,
    0.03219597041606903,
    0.0315643809735775,
    0.030978545546531677,
    0.030433369800448418,
    0.02992062084376812,
    0.029430938884615898,
    0.028955183923244476,
    0.028486834838986397,
    0.028024354949593544,
    0.027573080733418465,
    0.0271453857421875
  ],
  "Training Time": 18.90485644340515,
  "Validate": [
    0.43039053678512573,
    0.2603898346424103,
    0.23698845505714417,
    0.23392313718795776,
    0.23584245145320892,
    0.2357368916273117,
    0.23351500928401947,
    0.2307843714952469,
    0.22844375669956207,
    0.22658675909042358,
    0.22497107088565826,
    0.22332416474819183,
    0.221467062830925,
    0.219312846660614,
    0.2168339192867279,
    0.21404992043972015,
    0.21103253960609436,
    0.2078888863325119,
    0.20473027229309082,
    0.20163752138614655,
    0.19864536821842194,
    0.19575048983097076,
    0.1929387003183365,
    0.19020770490169525,
    0.18757325410842896
  ]
}