{
  "Train": [
    1.0124409198760986,
    0.8162544369697571,
    0.6732140183448792,
    0.5800351500511169,
    0.5101485848426819,
    0.423911452293396,
    0.34613677859306335,
    0.30747494101524353,
    0.2843678593635559,
    0.2612212598323822,
    0.2493659257888794,
    0.2332126349210739,
    0.23475448787212372,
    0.24341629445552826,
    0.25138479471206665,
    0.25225013494491577,
    0.24902020394802094,
    0.24066653847694397,
    0.2313457876443863,
    0.22199974954128265,
    0.21330681443214417,
    0.20520596206188202,
    0.19752302765846252,
    0.19007514417171478,
    0.18270201981067657
  ],
  "Training Time": 16.46962594985962,
  "Validate": [
    0.3915737271308899,
    0.3559721112251282,
    0.4993903338909149,
    0.6354332566261292,
    0.6104636788368225,
    0.771934449672699,
    1.0644845962524414,
    1.225314974784851,
    1.2734965085983276,
    1.2206794023513794,
    1.0637863874435425,
    0.955269992351532,
    0.914333701133728,
    0.9195390939712524,
    0.9652271866798401,
    0.9838610291481018,
    0.9856340885162354,
    0.9572553634643555,
    0.9229001402854919,
    0.8840875029563904,
    0.8429431319236755,
    0.7996208667755127,
    0.7546373009681702,
    0.7092406749725342,
    0.6650423407554626
  ]
}