{
  "Train": [
    0.7995259761810303,
    0.7826942801475525,
    0.7698517441749573,
    0.7579787373542786,
    0.7456455826759338,
    0.7290862202644348,
    0.7057620286941528,
    0.6940597891807556,
    0.7027280926704407,
    0.6881635189056396
  ],
  "Training Time": 14.667590856552124,
  "Validate": [
    NaN,
    NaN,
    NaN,
    NaN,
    NaN,
    NaN,
    NaN,
    NaN,
    NaN,
    NaN
  ]
}