{
  "Train": [
    0.954643726348877,
    0.8869982957839966,
    0.8572180271148682,
    0.8448591232299805,
    0.8361964821815491,
    0.8297756910324097,
    0.8246741890907288,
    0.82037752866745,
    0.81656414270401,
    0.8130077123641968
  ],
  "Training Time": 12.420607089996338,
  "Validate": [
    3.3932456970214844,
    3.2507669925689697,
    3.0868470668792725,
    2.986945390701294,
    2.91306471824646,
    2.859752655029297,
    2.820415496826172,
    2.789752721786499,
    2.764047384262085,
    2.7407565116882324
  ]
}