{
  "Train": [
    1.0989052057266235,
    1.0889019966125488,
    1.084490418434143,
    1.0791010856628418,
    1.0718228816986084,
    1.046298861503601,
    1.0170859098434448,
    0.9946908354759216,
    0.9716087579727173,
    0.9543628096580505,
    0.9339140057563782,
    0.9158572554588318,
    0.89315265417099,
    0.8724505305290222,
    0.8512002825737,
    0.8302848935127258,
    0.8174859285354614,
    0.8812656998634338,
    0.8022102117538452,
    0.7902602553367615,
    0.7737744450569153,
    0.7543612718582153,
    0.8440970182418823,
    0.7814058661460876,
    0.7744553685188293,
    0.7300593852996826,
    0.7180731892585754,
    0.748479425907135,
    0.7218841314315796,
    0.7127702832221985,
    0.7076165676116943,
    0.7069387435913086,
    0.704879879951477,
    0.6986712217330933,
    0.6995105743408203,
    0.6929419040679932,
    0.6902952194213867,
    0.6919842958450317,
    0.7014504671096802,
    0.8927969336509705,
    0.8094778060913086,
    0.7697529196739197,
    0.7481083273887634,
    0.7974720001220703,
    0.7642608284950256,
    0.7258291840553284,
    0.7114171981811523,
    0.6992393136024475,
    0.6852838397026062,
    0.670059084892273,
    0.654335618019104,
    0.6371365785598755,
    0.6263373494148254,
    0.6197622418403625,
    0.61276775598526,
    0.6114950180053711,
    0.6128653287887573,
    0.6105847954750061,
    0.6069653034210205,
    0.6011142134666443,
    0.5938662886619568,
    0.5853779911994934,
    0.5776423811912537,
    0.5717505216598511,
    0.5672318339347839,
    0.5640415549278259,
    0.5622056722640991,
    0.5606652498245239,
    0.5536396503448486,
    0.5361729860305786,
    0.5372636914253235,
    0.5692471861839294,
    0.6088433265686035,
    0.5460405349731445,
    0.5550363659858704,
    0.5868673920631409,
    0.5354690551757812,
    0.5114635229110718,
    0.4892268478870392,
    0.47220414876937866,
    0.46979257464408875,
    0.45801064372062683,
    0.43141236901283264,
    0.45551592111587524,
    0.41450849175453186,
    0.4330102503299713,
    0.48372048139572144,
    0.6445052027702332,
    0.5704197883605957,
    0.5160041451454163,
    0.5086507201194763,
    0.44732484221458435,
    0.4256804585456848,
    0.41369354724884033,
    0.41458457708358765,
    0.37453460693359375,
    0.4143179953098297,
    0.37457334995269775,
    0.3457934558391571,
    0.3191632926464081
  ],
  "Training Time": 105.10873460769653,
  "Validate": [
    4.359563827514648,
    4.362943649291992,
    4.3506245613098145,
    4.322420120239258,
    4.323676586151123,
    4.313290119171143,
    4.325969219207764,
    4.331140518188477,
    4.327830791473389,
    4.335951328277588,
    4.3312835693359375,
    4.313251972198486,
    4.295056343078613,
    4.268409729003906,
    4.227786540985107,
    4.183150291442871,
    4.147974967956543,
    4.066649913787842,
    4.0490031242370605,
    4.005398273468018,
    4.1203718185424805,
    4.064489364624023,
    4.5799713134765625,
    3.9665985107421875,
    3.9427056312561035,
    3.980470895767212,
    3.9429931640625,
    3.934600830078125,
    3.9294545650482178,
    3.923208713531494,
    3.9139657020568848,
    3.903726100921631,
    3.9007070064544678,
    3.8918039798736572,
    3.8919878005981445,
    3.8912160396575928,
    3.8811728954315186,
    3.9005515575408936,
    3.843662977218628,
    5.064887046813965,
    4.896958827972412,
    4.280940532684326,
    3.9527151584625244,
    4.197177410125732,
    4.142519950866699,
    4.07222318649292,
    4.025197982788086,
    3.987928867340088,
    3.949599504470825,
    3.9136505126953125,
    3.8789069652557373,
    3.849841833114624,
    3.8456003665924072,
    3.859208583831787,
    3.8604536056518555,
    3.8719568252563477,
    3.8905189037323,
    3.902752161026001,
    3.913256883621216,
    3.91302490234375,
    3.904153347015381,
    3.892404079437256,
    3.884408712387085,
    3.8774893283843994,
    3.8685975074768066,
    3.8587212562561035,
    3.851536512374878,
    3.849656581878662,
    3.8276054859161377,
    3.8128273487091064,
    3.851318597793579,
    3.8268189430236816,
    3.489339590072632,
    3.4821572303771973,
    3.768018960952759,
    3.5341455936431885,
    3.8778395652770996,
    4.115650653839111,
    4.1754231452941895,
    4.092962265014648,
    4.154434680938721,
    4.2181243896484375,
    4.143836975097656,
    4.307899475097656,
    4.147401809692383,
    4.363357067108154,
    4.110103130340576,
    4.1259846687316895,
    4.371480941772461,
    4.1274518966674805,
    3.9337549209594727,
    3.8845503330230713,
    4.0096049308776855,
    3.841118812561035,
    4.073418617248535,
    3.8435285091400146,
    3.7846832275390625,
    3.6631240844726562,
    3.5759117603302,
    3.719902753829956
  ]
}