{
  "Train": [
    1.172770619392395,
    1.154787302017212,
    1.145826816558838,
    1.1360374689102173,
    1.1269946098327637,
    1.1185495853424072,
    1.11043381690979,
    1.1020913124084473,
    1.0932285785675049,
    1.0834633111953735,
    1.0721917152404785,
    1.0585564374923706,
    1.0415105819702148,
    1.020389437675476,
    0.9977249503135681,
    0.9769992232322693,
    0.9581970572471619,
    0.941898763179779,
    0.9222124814987183,
    0.9018067717552185,
    0.8829873204231262,
    0.8638767600059509,
    0.844546377658844,
    0.825076162815094,
    0.8011311888694763,
    0.7787255048751831,
    0.769201397895813,
    0.7815829515457153,
    0.7222757935523987,
    0.7126755714416504,
    0.6872179508209229,
    0.6731817126274109,
    0.6443098783493042,
    0.6200293302536011,
    0.5999379754066467,
    0.5894995331764221,
    0.5706405639648438,
    0.5720705389976501,
    0.6091999411582947,
    0.7249857783317566,
    0.6219354867935181,
    0.6100495457649231,
    0.5647068619728088,
    0.5138786435127258,
    0.4951857626438141,
    0.4802969992160797,
    0.46776360273361206,
    0.4562413692474365,
    0.4456492066383362,
    0.43541303277015686,
    0.4256061613559723,
    0.41549789905548096,
    0.40631547570228577,
    0.39708390831947327,
    0.383569598197937,
    0.37632250785827637,
    0.36535099148750305,
    0.3592155873775482,
    0.3543488681316376,
    0.3433574140071869,
    0.33807843923568726,
    0.3335226774215698,
    0.328508198261261,
    0.3159863352775574,
    0.3065604567527771,
    0.3039619028568268,
    0.29393690824508667,
    0.2854485809803009,
    0.2806036174297333,
    0.2697445750236511,
    0.27074941992759705,
    0.28241288661956787,
    0.29434242844581604,
    0.354999840259552,
    0.2667381465435028,
    0.2614569067955017,
    0.23102860152721405,
    0.2458258420228958,
    0.25141844153404236,
    0.20745167136192322,
    0.20062163472175598,
    0.19571354985237122,
    0.1923636645078659,
    0.19253359735012054,
    0.188932865858078,
    0.17534920573234558,
    0.18782640993595123,
    0.1743146926164627,
    0.17787979543209076,
    0.16134755313396454,
    0.15658149123191833,
    0.18493027985095978,
    0.15505576133728027,
    0.13687413930892944,
    0.12728825211524963,
    0.1221047192811966,
    0.12533897161483765,
    0.1433931589126587,
    0.40534326434135437,
    0.3105051517486572
  ],
  "Training Time": 75.97317242622375,
  "Validate": [
    1.9748417139053345,
    1.9993839263916016,
    2.030294418334961,
    2.0489866733551025,
    2.0525991916656494,
    2.047668218612671,
    2.0399293899536133,
    2.032444953918457,
    2.0274555683135986,
    2.027643918991089,
    2.0356671810150146,
    2.0534720420837402,
    2.082880973815918,
    2.124119520187378,
    2.1632819175720215,
    2.1891520023345947,
    2.206059455871582,
    2.2221834659576416,
    2.2362334728240967,
    2.2436559200286865,
    2.2443437576293945,
    2.235872268676758,
    2.21651029586792,
    2.1930880546569824,
    2.166133403778076,
    2.1644461154937744,
    2.1494710445404053,
    2.1156716346740723,
    2.064943313598633,
    2.1195619106292725,
    2.0636329650878906,
    2.0793092250823975,
    2.056480646133423,
    2.0656776428222656,
    2.063020706176758,
    2.054567813873291,
    2.0708117485046387,
    2.0502495765686035,
    2.1073877811431885,
    1.8382431268692017,
    1.9035351276397705,
    1.941117525100708,
    1.9914069175720215,
    2.0309181213378906,
    2.053778648376465,
    2.0657060146331787,
    2.071565866470337,
    2.074199914932251,
    2.0743024349212646,
    2.072340965270996,
    2.0689659118652344,
    2.06093430519104,
    2.0636019706726074,
    2.029052495956421,
    2.0434341430664062,
    2.036365270614624,
    2.0225939750671387,
    2.064631462097168,
    2.034963846206665,
    2.0696372985839844,
    2.0047059059143066,
    2.0748560428619385,
    2.035270929336548,
    1.994877576828003,
    2.0494158267974854,
    2.032442569732666,
    1.985616683959961,
    2.00451397895813,
    2.008052349090576,
    1.988406777381897,
    1.9981474876403809,
    1.9699558019638062,
    1.8778462409973145,
    1.971082329750061,
    1.9002418518066406,
    1.853855848312378,
    1.870820164680481,
    1.8451343774795532,
    1.9971141815185547,
    1.938339114189148,
    1.9626193046569824,
    1.933730959892273,
    1.9079726934432983,
    1.9608556032180786,
    2.0266664028167725,
    2.006162405014038,
    1.9851807355880737,
    2.0206797122955322,
    2.0374133586883545,
    2.0954864025115967,
    1.896501898765564,
    1.9230029582977295,
    2.004699230194092,
    1.9333382844924927,
    1.915574550628662,
    1.8869285583496094,
    1.9724434614181519,
    2.0286636352539062,
    1.7876449823379517,
    1.2539631128311157
  ]
}