{
  "Train": [
    0.7201898694038391,
    0.6784209609031677,
    0.6704055666923523,
    0.665927529335022,
    0.6574314832687378,
    0.6464051008224487,
    0.635648250579834,
    0.6241855025291443,
    0.6157431602478027,
    0.593953549861908
  ],
  "Training Time": 8.665001153945923,
  "Validate": [
    NaN,
    NaN,
    NaN,
    NaN,
    NaN,
    NaN,
    NaN,
    NaN,
    NaN,
    NaN
  ]
}