{
  "Train": [
    0.6871695518493652,
    0.657676100730896,
    0.6412409543991089,
    0.6307625770568848,
    0.6229363083839417,
    0.6155704855918884,
    0.6062681078910828,
    0.5987263321876526,
    0.5896347761154175,
    0.5759491324424744
  ],
  "Training Time": 7.241608381271362,
  "Validate": [
    0.3584907352924347,
    0.3605591058731079,
    0.3602520227432251,
    0.3584567606449127,
    0.3570796251296997,
    0.35493549704551697,
    0.35511839389801025,
    0.35795629024505615,
    0.37164875864982605,
    0.3768515884876251
  ]
}