{
  "Train": [
    0.7095022797584534,
    0.4141751229763031,
    0.3622148334980011,
    0.3395765423774719,
    0.3239034414291382,
    0.3112246096134186,
    0.3001704216003418,
    0.2898675799369812,
    0.2797471582889557,
    0.26952505111694336
  ],
  "Training Time": 17.7917423248291,
  "Validate": [
    42.78350830078125,
    38.476558685302734,
    38.13608169555664,
    37.46240997314453,
    36.958717346191406,
    36.544403076171875,
    36.20918273925781,
    35.97056579589844,
    35.844661712646484,
    35.84242630004883
  ]
}