{
  "Train": [
    1.1467878818511963,
    0.9381493330001831,
    0.8864813446998596,
    0.8486533164978027,
    0.8116574287414551,
    0.7697252035140991,
    0.7165899872779846,
    0.6525977253913879,
    0.5855021476745605,
    0.526395857334137
  ],
  "Training Time": 16.294344425201416,
  "Validate": [
    1.7601605653762817,
    1.733681559562683,
    1.8858904838562012,
    2.0152394771575928,
    2.1261751651763916,
    2.2621681690216064,
    2.4570653438568115,
    2.6707603931427,
    2.8224709033966064,
    2.8568384647369385
  ]
}