{
  "Train": [
    0.5849673748016357,
    0.1834583580493927,
    0.12439487874507904,
    0.09489548206329346,
    0.054066237062215805,
    0.0406731441617012,
    0.03902358561754227,
    0.03782721981406212,
    0.03664637356996536,
    0.0356055311858654,
    0.034722261130809784,
    0.033946409821510315,
    0.03322762995958328,
    0.032525110989809036,
    0.03181324154138565,
    0.0310750100761652,
    0.030297398567199707,
    0.029473010450601578,
    0.028607187792658806,
    0.027725253254175186,
    0.026866832748055458,
    0.026059933006763458,
    0.025325125083327293,
    0.024648325517773628,
    0.023731771856546402
  ],
  "Training Time": 15.59487771987915,
  "Validate": [
    2.8226664066314697,
    1.2062785625457764,
    1.3270721435546875,
    1.7838611602783203,
    2.3341615200042725,
    2.5076353549957275,
    2.4912526607513428,
    2.4436733722686768,
    2.396728277206421,
    2.3532540798187256,
    2.314678907394409,
    2.2812936305999756,
    2.252840757369995,
    2.2287330627441406,
    2.2084567546844482,
    2.1916661262512207,
    2.1782166957855225,
    2.168208122253418,
    2.162121057510376,
    2.160681962966919,
    2.1638355255126953,
    2.1692912578582764,
    2.173177480697632,
    2.175731897354126,
    2.1841280460357666
  ]
}