{
  "Train": [
    0.11939064413309097,
    0.06570734083652496,
    0.05257408693432808,
    0.045642171055078506,
    0.041319746524095535,
    0.03802625462412834,
    0.03537416085600853,
    0.0335247665643692,
    0.032016873359680176,
    0.030902476981282234,
    0.03008340485394001,
    0.029456831514835358,
    0.02889588102698326,
    0.028348080813884735,
    0.027793142944574356,
    0.02725500985980034,
    0.02675141952931881,
    0.02630976401269436,
    0.02593279257416725,
    0.025598689913749695,
    0.02523849345743656,
    0.024816839024424553,
    0.02440411038696766,
    0.02413148432970047,
    0.0239627156406641
  ],
  "Training Time": 22.78361463546753,
  "Validate": [
    NaN,
    NaN,
    NaN,
    NaN,
    NaN,
    NaN,
    NaN,
    NaN,
    NaN,
    NaN,
    NaN,
    NaN,
    NaN,
    NaN,
    NaN,
    NaN,
    NaN,
    NaN,
    NaN,
    NaN,
    NaN,
    NaN,
    NaN,
    NaN,
    NaN
  ]
}