{
  "Train": [
    0.14646044373512268,
    0.08357119560241699,
    0.07906580716371536,
    0.07504639774560928,
    0.06822778284549713,
    0.061251211911439896,
    0.05482012405991554,
    0.04877033457159996,
    0.04580150917172432,
    0.06061591953039169,
    0.05162472277879715,
    0.032407306134700775,
    0.03241385519504547,
    0.031567927449941635,
    0.028040528297424316,
    0.027781561017036438,
    0.04486522451043129,
    0.04681423306465149,
    0.03425674885511398,
    0.025777852162718773,
    0.022162670269608498,
    0.021390946581959724,
    0.020149877294898033,
    0.025486236438155174,
    0.02910466119647026
  ],
  "Training Time": 17.825900316238403,
  "Validate": [
    0.043921519070863724,
    0.04791831970214844,
    0.04841795191168785,
    0.045636165887117386,
    0.04361296817660332,
    0.04345288127660751,
    0.0443456806242466,
    0.04613082483410835,
    0.04613224416971207,
    0.047077156603336334,
    0.049379900097846985,
    0.04567784443497658,
    0.045180369168519974,
    0.046598780900239944,
    0.047191131860017776,
    0.04430067539215088,
    0.049319006502628326,
    0.049858853220939636,
    0.04491982236504555,
    0.04343008995056152,
    0.04488084092736244,
    0.044900618493556976,
    0.04747375473380089,
    0.04126915708184242,
    0.04662349075078964
  ]
}