{
  "Train": [
    0.629935622215271,
    0.19157947599887848,
    0.13675889372825623,
    0.12306654453277588,
    0.07281212508678436,
    0.054016225039958954,
    0.04497149586677551,
    0.03753787651658058,
    0.04085099324584007,
    0.03197689726948738,
    0.02955630235373974,
    0.027801433578133583,
    0.028641577810049057,
    0.030927510932087898,
    0.031683363020420074,
    0.026049112901091576,
    0.024964408949017525,
    0.0252816304564476,
    0.023860666900873184,
    0.02516520768404007,
    0.02331390045583248,
    0.025510543957352638,
    0.024283353239297867,
    0.023698432371020317,
    0.02140236832201481
  ],
  "Training Time": 16.38443422317505,
  "Validate": [
    2.701070547103882,
    0.9294843077659607,
    0.9409710168838501,
    1.1793678998947144,
    2.765098810195923,
    2.4223129749298096,
    2.304094076156616,
    2.382145404815674,
    2.228085994720459,
    2.1611831188201904,
    2.1470162868499756,
    2.102336883544922,
    2.025456666946411,
    1.9347351789474487,
    1.8284649848937988,
    1.8327006101608276,
    1.8115506172180176,
    1.7555136680603027,
    1.7725403308868408,
    1.7151532173156738,
    1.7487781047821045,
    1.6778193712234497,
    1.7436634302139282,
    1.6622391939163208,
    1.6533507108688354
  ]
}