{
  "Train": [
    0.25121814012527466,
    0.24270479381084442,
    0.22624927759170532,
    0.21531519293785095,
    0.20500271022319794,
    0.19509777426719666,
    0.1853836476802826,
    0.17615829408168793,
    0.16751530766487122,
    0.15941102802753448
  ],
  "Training Time": 2.958395481109619,
  "Validate": [
    NaN,
    NaN,
    NaN,
    NaN,
    NaN,
    NaN,
    NaN,
    NaN,
    NaN,
    NaN
  ]
}