{
  "Train": [
    1.0305914878845215,
    1.0319743156433105,
    1.030103325843811,
    1.0294796228408813,
    1.029116153717041,
    1.02886962890625,
    1.0287325382232666,
    1.0286588668823242,
    1.0285950899124146,
    1.0285792350769043
  ],
  "Training Time": 3.3599979877471924,
  "Validate": [
    0.42062634229660034,
    0.4174400568008423,
    0.41622769832611084,
    0.41582009196281433,
    0.41561415791511536,
    0.41561225056648254,
    0.41571056842803955,
    0.41578584909439087,
    0.4159511625766754,
    0.4159854054450989
  ]
}