{
  "Train": [
    0.27717167139053345,
    0.052597526460886,
    0.035222116857767105,
    0.014734351076185703,
    0.010776485316455364,
    0.010094168595969677,
    0.01405465416610241,
    0.04002600163221359,
    0.02289491333067417,
    0.010442044585943222,
    0.011130694299936295,
    0.009675935842096806,
    0.008150406181812286,
    0.007469313684850931,
    0.007718947716057301,
    0.007584565319120884,
    0.008609438315033913,
    0.009203829802572727,
    0.01885984279215336,
    0.017862502485513687,
    0.01475522480905056,
    0.00754477409645915,
    0.010178635828197002,
    0.006720856297761202,
    0.014067120850086212
  ],
  "Training Time": 23.29625654220581,
  "Validate": [
    NaN,
    NaN,
    NaN,
    NaN,
    NaN,
    NaN,
    NaN,
    NaN,
    NaN,
    NaN,
    NaN,
    NaN,
    NaN,
    NaN,
    NaN,
    NaN,
    NaN,
    NaN,
    NaN,
    NaN,
    NaN,
    NaN,
    NaN,
    NaN,
    NaN
  ]
}