{
  "Train": [
    0.34440821409225464,
    0.17104056477546692,
    0.09571174532175064,
    0.09151961654424667,
    0.0868910551071167,
    0.08297909796237946,
    0.08127545565366745,
    0.07736562937498093,
    0.07896047085523605,
    0.07006578147411346,
    0.07164221256971359,
    0.06779253482818604,
    0.062193721532821655,
    0.057046256959438324,
    0.049052219837903976,
    0.040720127522945404,
    0.041094351559877396,
    0.03511781245470047,
    0.04277918115258217,
    0.033373065292835236,
    0.030625158920884132,
    0.04463363438844681,
    0.029939178377389908,
    0.020332107320427895,
    0.021218186244368553
  ],
  "Training Time": 17.99935030937195,
  "Validate": [
    6.5751953125,
    7.4301910400390625,
    8.519211769104004,
    8.749207496643066,
    9.250167846679688,
    9.287921905517578,
    9.471094131469727,
    9.411534309387207,
    9.499619483947754,
    9.187941551208496,
    9.334786415100098,
    9.011502265930176,
    8.809195518493652,
    8.513155937194824,
    8.069381713867188,
    7.4960832595825195,
    7.1519246101379395,
    6.735015869140625,
    6.84443998336792,
    6.8073015213012695,
    6.38485860824585,
    6.477783679962158,
    5.832127094268799,
    5.881970405578613,
    6.060361862182617
  ]
}