{
  "Train": [
    0.8454638719558716,
    0.8831319808959961,
    0.7289933562278748,
    0.6813560724258423,
    0.6561938524246216,
    0.6356366276741028,
    0.6238357424736023,
    0.6263965964317322,
    0.6038068532943726,
    0.5940307378768921,
    0.5757375955581665,
    0.7244336009025574,
    0.7033135890960693,
    0.7055678963661194,
    0.6590511798858643,
    0.599341094493866,
    0.5762751698493958,
    0.5580617189407349,
    0.545904815196991,
    0.5376542210578918,
    0.5361243486404419,
    0.5282244086265564,
    0.5116183757781982,
    0.5123213529586792,
    0.5034736394882202,
    0.48824870586395264,
    0.4889298677444458,
    0.47805023193359375,
    0.5073358416557312,
    0.5575429797172546,
    0.45546695590019226,
    0.4630783200263977,
    0.4543972313404083,
    0.43380245566368103,
    0.45614635944366455,
    0.4376535713672638,
    0.4445532560348511,
    0.49641522765159607,
    0.39806678891181946,
    0.39835208654403687,
    0.3916817605495453,
    0.38911259174346924,
    0.38575780391693115,
    0.3808489441871643,
    0.41682782769203186,
    0.4582001268863678,
    0.4555361568927765,
    0.43242350220680237,
    0.38059404492378235,
    0.3984844386577606,
    0.36546000838279724,
    0.4414862394332886,
    0.35157322883605957,
    0.3387735188007355,
    0.3260921239852905,
    0.33271196484565735,
    0.3194936215877533,
    0.32905662059783936,
    0.31994277238845825,
    0.38378116488456726,
    0.38198983669281006,
    0.3531820774078369,
    0.3245109021663666,
    0.34086355566978455,
    0.30938073992729187,
    0.2996388077735901,
    0.2885591685771942,
    0.28473401069641113,
    0.4332868456840515,
    0.5556114315986633,
    0.41654300689697266,
    0.40769392251968384,
    0.36337795853614807,
    0.33333396911621094,
    0.32309532165527344,
    0.3072536885738373,
    0.2983604371547699,
    0.3143911063671112,
    0.3266778588294983,
    0.29947659373283386,
    0.31067711114883423,
    0.2858382761478424,
    0.27413249015808105,
    0.28136131167411804,
    0.3388225734233856,
    0.29427942633628845,
    0.25158417224884033,
    0.24464155733585358,
    0.23746435344219208,
    0.2322910726070404,
    0.2288184016942978,
    0.22727318108081818,
    0.2213863730430603,
    0.22075410187244415,
    0.214623361825943,
    0.2136807143688202,
    0.20953907072544098,
    0.20816706120967865,
    0.2047654092311859,
    0.25521740317344666
  ],
  "Training Time": 116.86254739761353,
  "Validate": [
    NaN,
    NaN,
    NaN,
    NaN,
    NaN,
    NaN,
    NaN,
    NaN,
    NaN,
    NaN,
    NaN,
    NaN,
    NaN,
    NaN,
    NaN,
    NaN,
    NaN,
    NaN,
    NaN,
    NaN,
    NaN,
    NaN,
    NaN,
    NaN,
    NaN,
    NaN,
    NaN,
    NaN,
    NaN,
    NaN,
    NaN,
    NaN,
    NaN,
    NaN,
    NaN,
    NaN,
    NaN,
    NaN,
    NaN,
    NaN,
    NaN,
    NaN,
    NaN,
    NaN,
    NaN,
    NaN,
    NaN,
    NaN,
    NaN,
    NaN,
    NaN,
    NaN,
    NaN,
    NaN,
    NaN,
    NaN,
    NaN,
    NaN,
    NaN,
    NaN,
    NaN,
    NaN,
    NaN,
    NaN,
    NaN,
    NaN,
    NaN,
    NaN,
    NaN,
    NaN,
    NaN,
    NaN,
    NaN,
    NaN,
    NaN,
    NaN,
    NaN,
    NaN,
    NaN,
    NaN,
    NaN,
    NaN,
    NaN,
    NaN,
    NaN,
    NaN,
    NaN,
    NaN,
    NaN,
    NaN,
    NaN,
    NaN,
    NaN,
    NaN,
    NaN,
    NaN,
    NaN,
    NaN,
    NaN,
    NaN
  ]
}