{
  "Train": [
    1.133800745010376,
    1.0069695711135864,
    0.9551203846931458,
    0.9383611679077148,
    0.9169737696647644,
    0.8943755030632019,
    0.8698417544364929,
    0.8426396250724792,
    0.808327853679657,
    0.7644492387771606
  ],
  "Training Time": 16.255098581314087,
  "Validate": [
    1.8828355073928833,
    1.6441839933395386,
    1.761731743812561,
    1.8345081806182861,
    1.9476033449172974,
    2.120349168777466,
    2.3114280700683594,
    2.524614095687866,
    2.8669354915618896,
    3.2792959213256836
  ]
}