{
  "Train": [
    0.6121366620063782,
    0.4703746438026428,
    0.397356778383255,
    0.352509081363678,
    0.3186223804950714,
    0.2921344041824341,
    0.2668151259422302,
    0.23838472366333008,
    0.21203546226024628,
    0.19884172081947327
  ],
  "Training Time": 20.419175386428833,
  "Validate": [
    NaN,
    NaN,
    NaN,
    NaN,
    NaN,
    NaN,
    NaN,
    NaN,
    NaN,
    NaN
  ]
}