{
  "Train": [
    0.6538234949111938,
    0.41468101739883423,
    0.3619861602783203,
    0.3373910188674927,
    0.3237888216972351,
    0.3108183443546295,
    0.29908275604248047,
    0.28867024183273315,
    0.2797498404979706,
    0.2725347876548767
  ],
  "Training Time": 17.610341787338257,
  "Validate": [
    44.401241302490234,
    42.42286682128906,
    42.14290237426758,
    41.77047348022461,
    41.5159912109375,
    41.34160232543945,
    41.25653076171875,
    41.34735870361328,
    41.43063735961914,
    41.42305374145508
  ]
}