{
  "Train": [
    1.0692052841186523,
    1.060862421989441,
    1.059186339378357,
    1.0582298040390015,
    1.0575333833694458,
    1.056967854499817,
    1.0565016269683838,
    1.0560872554779053,
    1.055742621421814,
    1.055388331413269
  ],
  "Training Time": 5.951004505157471,
  "Validate": [
    7.178585052490234,
    7.166159629821777,
    7.163482666015625,
    7.1645588874816895,
    7.167162895202637,
    7.1705522537231445,
    7.174396991729736,
    7.17882776260376,
    7.183709621429443,
    7.189627170562744
  ]
}