{
  "Train": [
    1.0672153234481812,
    1.0597037076950073,
    1.058698296546936,
    1.057753086090088,
    1.0571935176849365,
    1.0565624237060547,
    1.0561208724975586,
    1.0557162761688232,
    1.0550955533981323,
    1.0549935102462769
  ],
  "Training Time": 5.705756187438965,
  "Validate": [
    7.185192584991455,
    7.168778419494629,
    7.167286396026611,
    7.168990135192871,
    7.167466163635254,
    7.1691670417785645,
    7.171401023864746,
    7.171613693237305,
    7.1751389503479,
    7.1759796142578125
  ]
}