{
  "Train": [
    1.0290298461914062,
    1.0264506340026855,
    1.0257312059402466,
    1.0226845741271973,
    1.012407898902893,
    1.0008171796798706,
    0.9996891617774963,
    0.9887662529945374,
    0.9790926575660706,
    0.9698138236999512
  ],
  "Training Time": 4.20699667930603,
  "Validate": [
    NaN,
    NaN,
    NaN,
    NaN,
    NaN,
    NaN,
    NaN,
    NaN,
    NaN,
    NaN
  ]
}