{
  "Train": [
    1.1387995481491089,
    1.0165494680404663,
    1.0306249856948853,
    1.016100525856018,
    0.9968780875205994,
    0.9653702974319458,
    0.954187273979187,
    0.9140013456344604,
    0.9115294218063354,
    0.8764845728874207
  ],
  "Training Time": 9.025248050689697,
  "Validate": [
    NaN,
    NaN,
    NaN,
    NaN,
    NaN,
    NaN,
    NaN,
    NaN,
    NaN,
    NaN
  ]
}