{
  "Train": [
    1.1773428916931152,
    1.169775366783142,
    1.1657100915908813,
    1.1599210500717163,
    1.1505571603775024,
    1.1425762176513672,
    1.133597493171692,
    1.12421452999115,
    1.1123273372650146,
    1.0980533361434937
  ],
  "Training Time": 8.175703525543213,
  "Validate": [
    1.9400330781936646,
    1.9526041746139526,
    1.980448842048645,
    2.019165277481079,
    2.0595312118530273,
    2.0909972190856934,
    2.1236817836761475,
    2.1564323902130127,
    2.194411039352417,
    2.231595277786255
  ]
}