{
  "Train": [
    0.11769117414951324,
    0.06406434625387192,
    0.050047390162944794,
    0.041207510977983475,
    0.03439125791192055,
    0.02887040004134178,
    0.024563567712903023,
    0.02138352580368519,
    0.019077153876423836,
    0.017368629574775696,
    0.016059352084994316,
    0.015010235831141472,
    0.014119649305939674,
    0.013325517065823078,
    0.012604749761521816,
    0.011957966722548008,
    0.011390424333512783,
    0.01090213842689991,
    0.010487854480743408,
    0.010138562880456448,
    0.009843657724559307,
    0.009594346396625042,
    0.009388423524796963,
    0.009228992275893688,
    0.009099513292312622
  ],
  "Training Time": 13.211857557296753,
  "Validate": [
    NaN,
    NaN,
    NaN,
    NaN,
    NaN,
    NaN,
    NaN,
    NaN,
    NaN,
    NaN,
    NaN,
    NaN,
    NaN,
    NaN,
    NaN,
    NaN,
    NaN,
    NaN,
    NaN,
    NaN,
    NaN,
    NaN,
    NaN,
    NaN,
    NaN
  ]
}