{
  "Train": [
    0.6696842312812805,
    0.348093718290329,
    0.25817710161209106,
    0.17790710926055908,
    0.12253832817077637,
    0.09798768907785416,
    0.08783989399671555,
    0.08143603801727295,
    0.07610898464918137,
    0.07144292443990707,
    0.06751242280006409,
    0.06443022191524506,
    0.06199638172984123,
    0.05962592735886574,
    0.057051610201597214,
    0.055089809000492096,
    0.05313127860426903,
    0.05129240080714226,
    0.04891373589634895,
    0.04761509224772453,
    0.043825663626194,
    0.04060334712266922,
    0.04144037142395973,
    0.03545726090669632,
    0.03552946820855141
  ],
  "Training Time": 10.382004022598267,
  "Validate": [
    0.7816911935806274,
    0.9541240334510803,
    1.0577080249786377,
    1.1921252012252808,
    1.3111158609390259,
    1.375766634941101,
    1.3723994493484497,
    1.337547779083252,
    1.2956598997116089,
    1.2520076036453247,
    1.2057782411575317,
    1.1555793285369873,
    1.10550057888031,
    1.0681616067886353,
    1.0494107007980347,
    1.0311323404312134,
    1.0171328783035278,
    1.0045840740203857,
    0.9930419921875,
    0.987453043460846,
    0.9445091485977173,
    0.9370517730712891,
    1.0222954750061035,
    0.9504745006561279,
    1.0450698137283325
  ]
}