{
  "Train": [
    1.1513080596923828,
    0.6888783574104309,
    0.3429619371891022,
    0.18185946345329285,
    0.0922449454665184,
    0.04609587788581848,
    0.029360337182879448,
    0.02433728612959385,
    0.022589396685361862,
    0.021494615823030472,
    0.02050713449716568,
    0.019514642655849457,
    0.018503062427043915,
    0.017489062622189522,
    0.016492243856191635,
    0.015527505427598953,
    0.014605204574763775,
    0.013731298968195915,
    0.012906987220048904,
    0.01212927233427763,
    0.011393783614039421,
    0.010699237696826458,
    0.010049499571323395,
    0.009449038654565811,
    0.008893366903066635
  ],
  "Training Time": 9.016194581985474,
  "Validate": [
    16.021305084228516,
    20.163522720336914,
    24.1878719329834,
    26.202880859375,
    27.103086471557617,
    27.33648109436035,
    27.2237606048584,
    27.08183479309082,
    26.964977264404297,
    26.878355026245117,
    26.82037353515625,
    26.793212890625,
    26.80426025390625,
    26.86150360107422,
    26.96918296813965,
    27.127540588378906,
    27.33473014831543,
    27.58842658996582,
    27.886686325073242,
    28.22783088684082,
    28.609010696411133,
    29.023542404174805,
    29.459074020385742,
    29.89887046813965,
    30.326000213623047
  ]
}