{
  "Train": [
    0.09408175200223923,
    0.023679453879594803,
    0.016895605251193047,
    0.013945336453616619,
    0.012246769852936268,
    0.01102640014141798,
    0.010115355253219604,
    0.009425775147974491,
    0.008904973976314068,
    0.00852277409285307,
    0.008257175795733929,
    0.008087363094091415,
    0.007993089966475964,
    0.007959210313856602,
    0.007977738976478577,
    0.008040809072554111,
    0.008126888424158096,
    0.008191932924091816,
    0.008186817169189453,
    0.008093400858342648,
    0.007935021072626114,
    0.00775494147092104,
    0.0075884112156927586,
    0.007451741024851799,
    0.007347168400883675
  ],
  "Training Time": 15.784309387207031,
  "Validate": [
    NaN,
    NaN,
    NaN,
    NaN,
    NaN,
    NaN,
    NaN,
    NaN,
    NaN,
    NaN,
    NaN,
    NaN,
    NaN,
    NaN,
    NaN,
    NaN,
    NaN,
    NaN,
    NaN,
    NaN,
    NaN,
    NaN,
    NaN,
    NaN,
    NaN
  ]
}