{
  "Train": [
    0.18114937841892242,
    0.16436444222927094,
    0.15216343104839325,
    0.14363409578800201,
    0.13713426887989044,
    0.1318315714597702,
    0.127253457903862,
    0.12312132120132446,
    0.11928611993789673,
    0.11567693203687668,
    0.11226410418748856,
    0.10903950780630112,
    0.10600526630878448,
    0.1031646654009819,
    0.1005166694521904,
    0.0980544462800026,
    0.09576630592346191,
    0.09363856166601181,
    0.09165807068347931,
    0.08981487900018692,
    0.08810324221849442,
    0.08652085065841675,
    0.08506009727716446,
    0.08369354158639908,
    0.08237231522798538
  ],
  "Training Time": 12.353024959564209,
  "Validate": [
    0.7550214529037476,
    0.5843712091445923,
    0.48760586977005005,
    0.41749030351638794,
    0.3618817925453186,
    0.3157155215740204,
    0.2766933739185333,
    0.24372674524784088,
    0.21614117920398712,
    0.19332189857959747,
    0.17463812232017517,
    0.1594720035791397,
    0.1472851037979126,
    0.13767176866531372,
    0.13037404417991638,
    0.12525446712970734,
    0.12222906947135925,
    0.121198371052742,
    0.12198633700609207,
    0.1243094727396965,
    0.12780643999576569,
    0.13212770223617554,
    0.13703180849552155,
    0.14244398474693298,
    0.14845587313175201
  ]
}