{
  "Train": [
    0.8829774260520935,
    0.8144789338111877,
    0.8056530356407166,
    0.801327645778656,
    0.7984387278556824,
    0.7962419390678406,
    0.7944514751434326,
    0.792930543422699,
    0.7916014194488525,
    0.7904160022735596
  ],
  "Training Time": 3.912874937057495,
  "Validate": [
    2.5874552726745605,
    2.5041916370391846,
    2.477611780166626,
    2.4611048698425293,
    2.4492857456207275,
    2.4402899742126465,
    2.433192729949951,
    2.4274768829345703,
    2.422818660736084,
    2.4190030097961426
  ]
}