{
  "Train": [
    0.7198078036308289,
    0.7233386039733887,
    0.7195574641227722,
    0.7171453237533569,
    0.7150858044624329,
    0.7131974101066589,
    0.711401104927063,
    0.7095946073532104,
    0.7077191472053528,
    0.7057304978370667
  ],
  "Training Time": 3.0521936416625977,
  "Validate": [
    NaN,
    NaN,
    NaN,
    NaN,
    NaN,
    NaN,
    NaN,
    NaN,
    NaN,
    NaN
  ]
}