{
  "Train": [
    1.0133659839630127,
    0.9640636444091797,
    0.9061070680618286,
    0.8383154273033142,
    0.8881939649581909,
    0.8785580396652222,
    0.8351412415504456,
    0.8529156446456909,
    0.8350948095321655,
    0.7726054787635803
  ],
  "Training Time": 11.556288719177246,
  "Validate": [
    0.5570749044418335,
    0.5231624245643616,
    0.5460447072982788,
    0.4890139400959015,
    0.5210294127464294,
    0.43198344111442566,
    0.5629001259803772,
    0.47595587372779846,
    0.5912665724754333,
    0.5448177456855774
  ]
}