{
  "Train": [
    0.9938100576400757,
    0.8856969475746155,
    0.8347868323326111,
    0.8221266865730286,
    0.8022907376289368,
    0.7797836661338806,
    0.7508547306060791,
    0.7653347253799438,
    0.6937520503997803,
    0.7259941697120667
  ],
  "Training Time": 14.574420928955078,
  "Validate": [
    NaN,
    NaN,
    NaN,
    NaN,
    NaN,
    NaN,
    NaN,
    NaN,
    NaN,
    NaN
  ]
}