{
  "Train": [
    0.6631313562393188,
    0.5579901933670044,
    0.5012755990028381,
    0.47709545493125916,
    0.4615177512168884,
    0.4490806758403778,
    0.43809258937835693,
    0.42833322286605835,
    0.42177677154541016,
    0.4169578552246094
  ],
  "Training Time": 9.299962043762207,
  "Validate": [
    NaN,
    NaN,
    NaN,
    NaN,
    NaN,
    NaN,
    NaN,
    NaN,
    NaN,
    NaN
  ]
}