{
  "Train": [
    1.1573717594146729,
    0.9663973450660706,
    0.9312395453453064,
    0.9023134112358093,
    0.8762811422348022,
    0.849340558052063,
    0.8208796381950378,
    0.7930850982666016,
    0.7646703720092773,
    0.7359080910682678
  ],
  "Training Time": 7.199829578399658,
  "Validate": [
    1.4595452547073364,
    1.6466563940048218,
    1.8994370698928833,
    2.320429563522339,
    2.848489999771118,
    3.456555128097534,
    4.132673263549805,
    4.839430332183838,
    5.55705451965332,
    6.24342679977417
  ]
}