{
  "Train": [
    0.5756725072860718,
    0.5264050364494324,
    0.47575220465660095,
    0.42825397849082947,
    0.38701996207237244,
    0.3614978492259979,
    0.32647618651390076,
    0.29948359727859497,
    0.2734314501285553,
    0.260824054479599
  ],
  "Training Time": 9.439995765686035,
  "Validate": [
    NaN,
    NaN,
    NaN,
    NaN,
    NaN,
    NaN,
    NaN,
    NaN,
    NaN,
    NaN
  ]
}