{
  "Train": [
    0.6364569067955017,
    0.3909376859664917,
    0.34937524795532227,
    0.3268289268016815,
    0.31077197194099426,
    0.29392698407173157,
    0.27252981066703796,
    0.26134347915649414,
    0.26475217938423157,
    0.25155913829803467
  ],
  "Training Time": 8.169962167739868,
  "Validate": [
    40.89168930053711,
    38.793033599853516,
    37.86630630493164,
    37.36170959472656,
    37.20551681518555,
    37.1628303527832,
    37.586875915527344,
    37.67758560180664,
    37.25648880004883,
    37.1309700012207
  ]
}