{
  "Train": [
    0.1331663429737091,
    0.08420469611883163,
    0.06808484345674515,
    0.05898730456829071,
    0.05359063297510147,
    0.050317928194999695,
    0.04801834002137184,
    0.04618760943412781,
    0.04465067386627197,
    0.043313462287187576,
    0.042115505784749985,
    0.04101211577653885,
    0.03997411951422691,
    0.03897978365421295,
    0.038015369325876236,
    0.037072256207466125,
    0.03614798188209534,
    0.035247474908828735,
    0.03438011184334755,
    0.0335521474480629,
    0.032764215022325516,
    0.032014377415180206,
    0.031300220638513565,
    0.03061927855014801,
    0.029969457536935806
  ],
  "Training Time": 14.71074366569519,
  "Validate": [
    NaN,
    NaN,
    NaN,
    NaN,
    NaN,
    NaN,
    NaN,
    NaN,
    NaN,
    NaN,
    NaN,
    NaN,
    NaN,
    NaN,
    NaN,
    NaN,
    NaN,
    NaN,
    NaN,
    NaN,
    NaN,
    NaN,
    NaN,
    NaN,
    NaN
  ]
}