{
  "Train": [
    0.1772121638059616,
    0.10891667753458023,
    0.09376434236764908,
    0.08325938880443573,
    0.07476841658353806,
    0.0678303986787796,
    0.062210965901613235,
    0.05771636217832565,
    0.05415668711066246,
    0.05134197324514389,
    0.04909360408782959,
    0.04725693538784981,
    0.04570576176047325,
    0.04434359446167946,
    0.04310229420661926,
    0.041939470916986465,
    0.040837712585926056,
    0.03980061039328575,
    0.03883739188313484,
    0.037943460047245026,
    0.03710232302546501,
    0.03630009666085243,
    0.03552505373954773,
    0.034763600677251816,
    0.03400246053934097
  ],
  "Training Time": 11.6274094581604,
  "Validate": [
    0.0988178476691246,
    0.09438019245862961,
    0.08474373072385788,
    0.07559123635292053,
    0.06804239749908447,
    0.06217909976840019,
    0.057864751666784286,
    0.05490780994296074,
    0.05308035761117935,
    0.05212297663092613,
    0.051766131073236465,
    0.0517604798078537,
    0.05189620330929756,
    0.05201110616326332,
    0.052012037485837936,
    0.05189844220876694,
    0.051735714077949524,
    0.05158419907093048,
    0.051457926630973816,
    0.05135686695575714,
    0.05129671469330788,
    0.051292870193719864,
    0.05134814605116844,
    0.05145738273859024,
    0.05161247402429581
  ]
}