{
  "ACF": [
    1.0,
    0.01861316377104241,
    0.048729305584713625,
    0.056726336166724844,
    0.02290217293568449,
    0.12227046560678997,
    0.037806939273477086,
    0.015491267739073345,
    0.010364986703622977,
    0.021528974537084508,
    0.10928762445853957,
    -0.23857295070164253,
    0.03950252072078424,
    0.17506522756745152,
    -0.013062326122306466,
    0.08478299635339925,
    -0.010365122276719133,
    -0.06466030368446536,
    0.01715799844393057,
    -0.060283125606077646,
    0.0948391074738005,
    -0.22465032015817177,
    -0.06011844227471982,
    0.023582018995207576,
    -0.16630804332553525
  ],
  "PACF": [
    1.0,
    0.018723300834776403,
    0.0489760235037995,
    0.05610455686122559,
    0.019281811879570666,
    0.12057202893652798,
    0.03140617096306353,
    0.002290536740081282,
    -0.00594630985287562,
    0.013663952706773069,
    0.10041554285153513,
    -0.2760440164973209,
    0.04409270594596929,
    0.2199728963634877,
    -0.019146478889281674,
    0.05088426890069617,
    0.028112140959007412,
    -0.08706938970426942,
    -0.03583632827252474,
    -0.09332493966510524,
    0.12297392775724844,
    -0.2448127629077753,
    -0.1666470505429257,
    0.09615816074165505,
    -0.07343844726292233
  ],
  "Confidence": [
    0.1475106448282976,
    -0.15927535071065055,
    0.1475106448282976,
    -0.15927535071065055
  ]
}