{
  "ACF": [
    1.0,
    0.9735958582733208,
    0.9306272959941294,
    0.881515823606306,
    0.8254602346070485,
    0.7654186498694098,
    0.7015384221503002,
    0.632634980166129,
    0.5609674054121963,
    0.48553811987653445,
    0.40824576510071336,
    0.3347032214143194,
    0.28203133897663857,
    0.24066322149563726,
    0.2029472464569798,
    0.17038819151452078,
    0.1392205976548838,
    0.11018901038616816,
    0.0855513912284074,
    0.06363060600963175,
    0.04398259332726209,
    0.023279465985152372,
    0.00632780985074243,
    -0.015150572161797674,
    -0.04320154291756078
  ],
  "PACF": [
    1.0,
    0.9793567805116243,
    -0.4266613966843998,
    -0.016654329089594876,
    -0.17581801733512592,
    -0.021504215936337046,
    -0.11181905487000435,
    -0.11500342328278111,
    -0.04531778180138147,
    -0.13704236651382692,
    -0.02753015046073062,
    0.07321545835590033,
    0.5832963852589232,
    -0.17408837963761503,
    -0.035249825945748346,
    -0.08913790180557787,
    -0.1462453445889804,
    -0.03483547364312902,
    -0.11488441934892545,
    0.0010301808333956482,
    -0.2632591321158876,
    -0.22609613815812613,
    0.30884734156946436,
    0.11202247698753656,
    -0.07625876067240303
  ],
  "Confidence": [
    0.1475106448282976,
    -0.15927535071065055,
    0.1475106448282976,
    -0.15927535071065055
  ]
}