{
  "Train": [
    0.030990730971097946,
    0.02832941897213459,
    0.027581578120589256,
    0.026950359344482422,
    0.0262625552713871,
    0.02574233151972294,
    0.026395725086331367,
    0.024891316890716553,
    0.024041611701250076,
    0.024256691336631775,
    0.02389313094317913,
    0.02433486096560955,
    0.024119747802615166,
    0.024148717522621155,
    0.02225198782980442,
    0.02165367640554905,
    0.022802961990237236,
    0.02204623818397522,
    0.02219819836318493,
    0.021083511412143707,
    0.022420918568968773,
    0.021205535158514977,
    0.02226971834897995,
    0.021427644416689873,
    0.02103148214519024
  ],
  "Training Time": 454.99767780303955,
  "Validate": [
    NaN,
    NaN,
    NaN,
    NaN,
    NaN,
    NaN,
    NaN,
    NaN,
    NaN,
    NaN,
    NaN,
    NaN,
    NaN,
    NaN,
    NaN,
    NaN,
    NaN,
    NaN,
    NaN,
    NaN,
    NaN,
    NaN,
    NaN,
    NaN,
    NaN
  ]
}