{
  "Train": [
    1.120756983757019,
    1.1120331287384033,
    1.1105128526687622,
    1.1097886562347412,
    1.1091176271438599,
    1.108440637588501,
    1.107614517211914,
    1.1065495014190674,
    1.1050515174865723,
    1.1028283834457397
  ],
  "Training Time": 3.3376986980438232,
  "Validate": [
    1.3976439237594604,
    1.3815600872039795,
    1.3770862817764282,
    1.3787592649459839,
    1.3835935592651367,
    1.3897957801818848,
    1.3965423107147217,
    1.4040535688400269,
    1.4133261442184448,
    1.4246200323104858
  ]
}