{
  "Train": [
    1.072312355041504,
    1.0622316598892212,
    1.0602210760116577,
    1.0589553117752075,
    1.058087706565857,
    1.057344675064087,
    1.0567001104354858,
    1.055846929550171,
    1.0544625520706177,
    1.0518990755081177
  ],
  "Training Time": 5.523266792297363,
  "Validate": [
    7.176345348358154,
    7.166779518127441,
    7.167942523956299,
    7.172275543212891,
    7.177814483642578,
    7.185556888580322,
    7.195497035980225,
    7.209891319274902,
    7.230169296264648,
    7.258996486663818
  ]
}