{
  "Train": [
    0.13738679885864258,
    0.10957614332437515,
    0.09740841388702393,
    0.09407857060432434,
    0.09327858686447144,
    0.09707029908895493,
    0.09001811593770981,
    0.0901462510228157,
    0.08497114479541779,
    0.08395003527402878,
    0.07798437774181366,
    0.07961376756429672,
    0.07355491071939468,
    0.07987640798091888,
    0.07311394810676575,
    0.0702662393450737,
    0.06077570468187332,
    0.05987955257296562,
    0.07577366381883621,
    0.07888583838939667,
    0.0797617956995964,
    0.055458251386880875,
    0.06529550999403,
    0.05499023199081421,
    0.049533531069755554
  ],
  "Training Time": 17.148857355117798,
  "Validate": [
    NaN,
    NaN,
    NaN,
    NaN,
    NaN,
    NaN,
    NaN,
    NaN,
    NaN,
    NaN,
    NaN,
    NaN,
    NaN,
    NaN,
    NaN,
    NaN,
    NaN,
    NaN,
    NaN,
    NaN,
    NaN,
    NaN,
    NaN,
    NaN,
    NaN
  ]
}