{
  "Train": [
    0.7056611180305481,
    0.35641607642173767,
    0.2721504271030426,
    0.2597770392894745,
    0.24820110201835632,
    0.22504475712776184,
    0.22714747488498688,
    0.20135296881198883,
    0.20255054533481598,
    0.19422580301761627,
    0.18573342263698578,
    0.1869317591190338,
    0.17316533625125885,
    0.17436634004116058,
    0.16231557726860046,
    0.16450364887714386,
    0.15367057919502258,
    0.15698784589767456,
    0.14926458895206451,
    0.14835281670093536,
    0.1418171525001526,
    0.1380600482225418,
    0.133548766374588,
    0.1293237954378128,
    0.13062365353107452
  ],
  "Training Time": 11.756759405136108,
  "Validate": [
    0.3676082491874695,
    0.6085785031318665,
    0.7031736373901367,
    0.6328077912330627,
    0.5780251026153564,
    0.5654139518737793,
    0.5153682231903076,
    0.5179600715637207,
    0.47848379611968994,
    0.46247270703315735,
    0.4529648721218109,
    0.4147452414035797,
    0.4208076298236847,
    0.3771842122077942,
    0.3997865915298462,
    0.347942590713501,
    0.38493138551712036,
    0.3417714536190033,
    0.35596105456352234,
    0.3645131289958954,
    0.3664005994796753,
    0.38658618927001953,
    0.38240259885787964,
    0.39621609449386597,
    0.37146368622779846
  ]
}