{
  "Train": [
    0.12467612326145172,
    0.11142299324274063,
    0.10539454966783524,
    0.10147754848003387,
    0.09865061193704605,
    0.09629707038402557,
    0.09437726438045502,
    0.0925198569893837,
    0.1022883877158165,
    0.09591136127710342,
    0.08787668496370316,
    0.08541388809680939,
    0.08333230763673782,
    0.08133703470230103,
    0.07761947810649872,
    0.08362619578838348,
    0.09788668900728226,
    0.08229261636734009,
    0.09896939247846603,
    0.09290514141321182,
    0.08492014557123184,
    0.07941975444555283,
    0.07721178978681564,
    0.09202940762042999,
    0.10166013240814209
  ],
  "Training Time": 13.56289005279541,
  "Validate": [
    0.17144371569156647,
    0.13572145998477936,
    0.10418098419904709,
    0.08365409821271896,
    0.07736928015947342,
    0.06710847467184067,
    0.06794841587543488,
    0.056030675768852234,
    0.133620023727417,
    0.05523650348186493,
    0.05738718435168266,
    0.06001201644539833,
    0.06092660129070282,
    0.06198662146925926,
    0.07486312836408615,
    0.05614414066076279,
    0.05367669090628624,
    0.06096397712826729,
    0.08503662794828415,
    0.06010531261563301,
    0.06648328900337219,
    0.07174641638994217,
    0.07087528705596924,
    0.07592854648828506,
    0.054366663098335266
  ]
}