{
  "Train": [
    1.0972493886947632,
    1.0904054641723633,
    1.08747398853302,
    1.084337830543518,
    1.0807629823684692,
    1.0764133930206299,
    1.0709855556488037,
    1.0641814470291138,
    1.054747462272644,
    1.0400384664535522
  ],
  "Training Time": 8.312896013259888,
  "Validate": [
    4.380193710327148,
    4.387916564941406,
    4.389495372772217,
    4.3882222175598145,
    4.383853435516357,
    4.3735671043396,
    4.353387355804443,
    4.3211894035339355,
    4.280439376831055,
    4.246545314788818
  ]
}