{
  "Train": [
    0.4861268699169159,
    0.19566980004310608,
    0.11831050366163254,
    0.10859878361225128,
    0.09843286126852036,
    0.08837652206420898,
    0.07928396016359329,
    0.07180146127939224,
    0.06783914566040039,
    0.06290226429700851,
    0.05689600110054016,
    0.05098091810941696,
    0.04588766768574715,
    0.04233464598655701,
    0.04096689447760582,
    0.0412779375910759,
    0.03932112455368042,
    0.039811380207538605,
    0.03718027472496033,
    0.03898707032203674,
    0.034997958689928055,
    0.03888283297419548,
    0.03297198936343193,
    0.03824206441640854,
    0.03126004710793495
  ],
  "Training Time": 17.85941505432129,
  "Validate": [
    2.0879156589508057,
    3.047711133956909,
    3.2424025535583496,
    3.6571967601776123,
    3.950089931488037,
    4.270300388336182,
    4.764804840087891,
    5.297622203826904,
    5.624399185180664,
    5.8003740310668945,
    5.9270782470703125,
    6.015732288360596,
    6.075852870941162,
    6.097134590148926,
    6.034909248352051,
    5.922109603881836,
    5.900169372558594,
    5.7296061515808105,
    5.724721908569336,
    5.481380462646484,
    5.538609027862549,
    5.209020614624023,
    5.331941604614258,
    4.962555885314941,
    5.074418544769287
  ]
}