{
  "Train": [
    0.16208426654338837,
    0.06506501138210297,
    0.04365772008895874,
    0.03443237394094467,
    0.029004469513893127,
    0.024796294048428535,
    0.02043204940855503,
    0.016597799956798553,
    0.014732204377651215,
    0.014077390544116497,
    0.013735364191234112,
    0.013266192749142647,
    0.012747230939567089,
    0.012181814759969711,
    0.011697106994688511,
    0.011179572902619839,
    0.01086058933287859,
    0.010074376128613949,
    0.01071999128907919,
    0.021059393882751465,
    0.039774056524038315,
    0.027776623144745827,
    0.012503447942435741,
    0.008561162278056145,
    0.008136766031384468
  ],
  "Training Time": 22.856497287750244,
  "Validate": [
    NaN,
    NaN,
    NaN,
    NaN,
    NaN,
    NaN,
    NaN,
    NaN,
    NaN,
    NaN,
    NaN,
    NaN,
    NaN,
    NaN,
    NaN,
    NaN,
    NaN,
    NaN,
    NaN,
    NaN,
    NaN,
    NaN,
    NaN,
    NaN,
    NaN
  ]
}