{
  "Train": [
    1.0397509336471558,
    0.9973916411399841,
    0.9665150046348572,
    0.9400790929794312,
    0.9147536158561707,
    0.8923630118370056,
    0.8694525361061096,
    0.8496518731117249,
    0.8249626755714417,
    0.8117905259132385
  ],
  "Training Time": 5.05736231803894,
  "Validate": [
    0.3691522479057312,
    0.3495529890060425,
    0.3415507972240448,
    0.3370489776134491,
    0.33996352553367615,
    0.33772504329681396,
    0.30924609303474426,
    0.30155518651008606,
    0.2894285023212433,
    0.2791624069213867
  ]
}