{
  "Train": [
    1.175169587135315,
    1.1584208011627197,
    1.1483912467956543,
    1.138237476348877,
    1.1270020008087158,
    1.1153593063354492,
    1.1033737659454346,
    1.0908331871032715,
    1.077428936958313,
    1.0629743337631226,
    1.0473271608352661,
    1.0305161476135254,
    1.0130198001861572,
    0.9958334565162659,
    0.9797718524932861,
    0.9649385213851929,
    0.950919508934021,
    0.9376736283302307,
    0.9245657324790955,
    0.9129745364189148,
    0.8983286619186401,
    0.9066829085350037,
    0.9861783981323242,
    0.9178981184959412,
    0.8501760959625244,
    0.834443211555481,
    0.8086039423942566,
    0.7951350808143616,
    0.7635349035263062,
    0.7488030791282654,
    0.7073647379875183,
    0.6981818079948425,
    0.6512584686279297,
    0.6479517817497253,
    0.6033405065536499,
    0.6000490188598633,
    0.563306987285614,
    0.5544105172157288,
    0.5280267000198364,
    0.5135138034820557,
    0.49386268854141235,
    0.4777691066265106,
    0.46115976572036743,
    0.44567087292671204,
    0.4305281937122345,
    0.4158999025821686,
    0.40161094069480896,
    0.38762766122817993,
    0.37388595938682556,
    0.36035361886024475,
    0.34700238704681396,
    0.3337923586368561,
    0.32062971591949463,
    0.30733639001846313,
    0.29368701577186584,
    0.2795714735984802,
    0.2652277946472168,
    0.2513579726219177,
    0.23892368376255035,
    0.22872008383274078,
    0.22103099524974823,
    0.21545647084712982,
    0.21105346083641052,
    0.2069496512413025,
    0.20292089879512787,
    0.19922678172588348,
    0.1960703581571579,
    0.19330890476703644,
    0.19061745703220367,
    0.18807277083396912,
    0.1859438717365265,
    0.18475516140460968,
    0.18467380106449127,
    0.18341489136219025,
    0.1803465187549591,
    0.18480536341667175,
    0.21882832050323486,
    0.4292196035385132,
    1.7835043668746948,
    1.0671876668930054,
    0.5580325722694397,
    0.4435768127441406,
    0.3186400830745697,
    0.28914880752563477,
    0.27427011728286743,
    0.26140284538269043,
    0.24876613914966583,
    0.23683367669582367,
    0.2256009578704834,
    0.21557945013046265,
    0.20717662572860718,
    0.20047587156295776,
    0.19489853084087372,
    0.189275860786438,
    0.18245702981948853,
    0.17407867312431335,
    0.16482704877853394,
    0.1569855809211731,
    0.1514778435230255,
    0.1472269743680954
  ],
  "Training Time": 77.32859253883362,
  "Validate": [
    1.9602547883987427,
    1.9702755212783813,
    1.9841653108596802,
    1.9952117204666138,
    2.0049071311950684,
    2.0129659175872803,
    2.0192930698394775,
    2.0250349044799805,
    2.030466318130493,
    2.0357749462127686,
    2.0410871505737305,
    2.0456628799438477,
    2.047412157058716,
    2.0444231033325195,
    2.0384645462036133,
    2.032316207885742,
    2.028474807739258,
    2.0268661975860596,
    2.031614303588867,
    2.030756950378418,
    2.0662577152252197,
    2.0493667125701904,
    2.094825029373169,
    2.137998342514038,
    2.1581058502197266,
    2.2007768154144287,
    2.2202870845794678,
    2.257899761199951,
    2.2937872409820557,
    2.351527690887451,
    2.412680149078369,
    2.4896764755249023,
    2.5786008834838867,
    2.664064884185791,
    2.7750682830810547,
    2.870455503463745,
    2.9917867183685303,
    3.1001603603363037,
    3.2182533740997314,
    3.327024221420288,
    3.4317140579223633,
    3.529099464416504,
    3.6220595836639404,
    3.7131693363189697,
    3.805940866470337,
    3.903418779373169,
    4.0081586837768555,
    4.1219563484191895,
    4.245830059051514,
    4.379939556121826,
    4.523559093475342,
    4.675092697143555,
    4.83233642578125,
    4.993127822875977,
    5.1559929847717285,
    5.319486141204834,
    5.479658126831055,
    5.627764701843262,
    5.751409530639648,
    5.838563919067383,
    5.880456447601318,
    5.875377178192139,
    5.836131572723389,
    5.789215087890625,
    5.760285377502441,
    5.761031150817871,
    5.784217357635498,
    5.813551425933838,
    5.845709323883057,
    5.876218795776367,
    5.885725021362305,
    5.843019008636475,
    5.688905715942383,
    5.471893310546875,
    5.348654270172119,
    5.288462162017822,
    4.400754451751709,
    4.165545463562012,
    2.1326262950897217,
    1.9335341453552246,
    1.8991901874542236,
    2.056797981262207,
    2.153866767883301,
    2.3194024562835693,
    2.4923717975616455,
    2.682821273803711,
    2.8964719772338867,
    3.1403427124023438,
    3.4177236557006836,
    3.7259066104888916,
    4.052478313446045,
    4.377352714538574,
    4.6847004890441895,
    4.975803375244141,
    5.2497639656066895,
    5.520565509796143,
    5.813501834869385,
    6.104304313659668,
    6.343037128448486,
    6.523462295532227
  ]
}