{
  "Train": [
    0.742843508720398,
    0.7045336961746216,
    0.6818748116493225,
    0.6632388830184937,
    0.6453590393066406,
    0.6248809099197388,
    0.6069583296775818,
    0.5938806533813477,
    0.5837640762329102,
    0.5669430494308472
  ],
  "Training Time": 14.007619380950928,
  "Validate": [
    NaN,
    NaN,
    NaN,
    NaN,
    NaN,
    NaN,
    NaN,
    NaN,
    NaN,
    NaN
  ]
}