{
  "Train": [
    0.7481672167778015,
    0.7048255205154419,
    0.6832075715065002,
    0.663724958896637,
    0.6440315842628479,
    0.6234890818595886,
    0.6037446856498718,
    0.5830888748168945,
    0.5619884729385376,
    0.5415951609611511
  ],
  "Training Time": 11.487294673919678,
  "Validate": [
    0.4173217713832855,
    0.4040256440639496,
    0.3773249387741089,
    0.3773001730442047,
    0.37245333194732666,
    0.3659946620464325,
    0.36103084683418274,
    0.3582496643066406,
    0.3576486110687256,
    0.35282599925994873
  ]
}