{
  "Train": [
    0.9631510376930237,
    0.7902112007141113,
    0.6676102876663208,
    0.5732635855674744,
    0.5125910043716431,
    0.46923157572746277,
    0.4242110252380371,
    0.3937843441963196,
    0.3751819133758545,
    0.3564141094684601
  ],
  "Training Time": 5.179968357086182,
  "Validate": [
    0.643149197101593,
    0.6369442343711853,
    0.5865469574928284,
    0.5237856507301331,
    0.4779391586780548,
    0.41585272550582886,
    0.3976501524448395,
    0.3577062785625458,
    0.44810885190963745,
    0.47277212142944336
  ]
}