{
  "Train": [
    0.5518378019332886,
    0.3351063132286072,
    0.31109973788261414,
    0.29440999031066895,
    0.28191545605659485,
    0.27116087079048157,
    0.2613677978515625,
    0.2524011731147766,
    0.244065061211586,
    0.2363993376493454
  ],
  "Training Time": 6.079964876174927,
  "Validate": [
    31.910799026489258,
    32.36028289794922,
    32.109779357910156,
    31.982194900512695,
    32.00059509277344,
    31.94194984436035,
    31.891033172607422,
    31.787378311157227,
    31.672395706176758,
    31.53809356689453
  ]
}