{
  "Train": [
    0.25052809715270996,
    0.23171500861644745,
    0.2008073925971985,
    0.18188372254371643,
    0.1645885854959488,
    0.15170972049236298,
    0.1462508887052536,
    0.12731187045574188,
    0.11465516686439514,
    0.10942042618989944
  ],
  "Training Time": 6.6498448848724365,
  "Validate": [
    NaN,
    NaN,
    NaN,
    NaN,
    NaN,
    NaN,
    NaN,
    NaN,
    NaN,
    NaN
  ]
}