{
  "Train": [
    0.9971710443496704,
    1.0292279720306396,
    1.002849817276001,
    0.9474785923957825,
    0.9130085706710815,
    0.8603189587593079,
    0.826580822467804,
    0.8050915598869324,
    0.8118339776992798,
    0.7852818965911865,
    0.7691417932510376,
    0.7987220883369446,
    0.7034516334533691,
    0.9596266150474548,
    0.748223066329956,
    0.685701847076416,
    0.6731231808662415,
    0.7109639644622803,
    0.6540988683700562,
    0.624688982963562,
    0.6125295162200928,
    0.5768987536430359,
    0.5413671135902405,
    0.5012650489807129,
    0.4690150022506714,
    0.4422532320022583,
    0.42038536071777344,
    0.3989114761352539,
    0.4053714871406555,
    0.6482097506523132,
    0.5412657856941223,
    0.44222044944763184,
    0.38435447216033936,
    0.3624265491962433,
    0.33141782879829407,
    0.3178250193595886,
    0.29133057594299316,
    0.26054883003234863,
    0.3877083659172058,
    0.9227809309959412,
    0.6948031783103943,
    0.4989999830722809,
    0.41973182559013367,
    0.36779871582984924,
    0.3205847442150116,
    0.2810926139354706,
    0.30071476101875305,
    0.2917591631412506,
    0.25099048018455505,
    0.21565844118595123,
    0.23780129849910736,
    0.21275070309638977,
    0.27387356758117676,
    0.21631470322608948,
    0.17960835993289948,
    0.1727004200220108,
    0.14340008795261383,
    0.12496428191661835,
    0.11031217128038406,
    0.10910820960998535,
    0.11104373633861542,
    0.12012457102537155,
    0.2545384466648102,
    0.18196462094783783,
    0.1064639762043953,
    0.09363314509391785,
    0.21663007140159607,
    0.12863221764564514,
    0.09298130869865417,
    0.11065217852592468,
    0.1073753610253334,
    0.08002382516860962,
    0.07604221999645233,
    0.07208146154880524,
    0.09189209342002869,
    0.07660370320081711,
    0.09795692563056946,
    0.1157139390707016,
    0.07241146266460419,
    0.07275498658418655,
    0.061926644295454025,
    0.06137372553348541,
    0.07504350692033768,
    0.1278548687696457,
    0.12006121128797531,
    0.11369103193283081,
    0.12994453310966492,
    0.10092529654502869,
    0.05892295017838478,
    0.06077294051647186,
    0.0458250530064106,
    0.05056093633174896,
    0.041033629328012466,
    0.03865964338183403,
    0.046405576169490814,
    0.04824839532375336,
    0.07086814939975739,
    0.10589198023080826,
    0.12730850279331207,
    0.06883774697780609
  ],
  "Training Time": 175.18496465682983,
  "Validate": [
    NaN,
    NaN,
    NaN,
    NaN,
    NaN,
    NaN,
    NaN,
    NaN,
    NaN,
    NaN,
    NaN,
    NaN,
    NaN,
    NaN,
    NaN,
    NaN,
    NaN,
    NaN,
    NaN,
    NaN,
    NaN,
    NaN,
    NaN,
    NaN,
    NaN,
    NaN,
    NaN,
    NaN,
    NaN,
    NaN,
    NaN,
    NaN,
    NaN,
    NaN,
    NaN,
    NaN,
    NaN,
    NaN,
    NaN,
    NaN,
    NaN,
    NaN,
    NaN,
    NaN,
    NaN,
    NaN,
    NaN,
    NaN,
    NaN,
    NaN,
    NaN,
    NaN,
    NaN,
    NaN,
    NaN,
    NaN,
    NaN,
    NaN,
    NaN,
    NaN,
    NaN,
    NaN,
    NaN,
    NaN,
    NaN,
    NaN,
    NaN,
    NaN,
    NaN,
    NaN,
    NaN,
    NaN,
    NaN,
    NaN,
    NaN,
    NaN,
    NaN,
    NaN,
    NaN,
    NaN,
    NaN,
    NaN,
    NaN,
    NaN,
    NaN,
    NaN,
    NaN,
    NaN,
    NaN,
    NaN,
    NaN,
    NaN,
    NaN,
    NaN,
    NaN,
    NaN,
    NaN,
    NaN,
    NaN,
    NaN
  ]
}