{
  "Train": [
    1.3943138122558594,
    1.1897590160369873,
    1.1623741388320923,
    1.1455574035644531,
    1.1298738718032837,
    1.122895359992981,
    1.1035057306289673,
    1.0930449962615967,
    1.067967414855957,
    1.057045340538025,
    1.039306402206421,
    1.022889494895935,
    1.002224326133728,
    0.9846257567405701,
    0.9706845283508301,
    0.9440575838088989,
    0.9548431038856506,
    0.9418252110481262,
    0.911262035369873,
    0.9062977433204651,
    0.8776322603225708,
    0.8484926223754883,
    1.1015135049819946,
    1.048636555671692,
    0.9582123160362244,
    0.9319480061531067,
    0.900262176990509,
    0.869644284248352,
    0.8375176191329956,
    0.8129363656044006,
    0.7984163165092468,
    0.7863941788673401,
    0.8073933720588684,
    0.7535437345504761,
    0.7563413381576538,
    0.7726864218711853,
    0.7564482092857361,
    0.7443487048149109,
    0.713726818561554,
    0.7006945013999939,
    0.6795477271080017,
    0.6473231315612793,
    0.6463197469711304,
    0.6848875284194946,
    0.6737093925476074,
    0.6960497498512268,
    0.7052426934242249,
    0.7026978135108948,
    0.6326413750648499,
    0.71983402967453,
    0.6227141618728638,
    0.5950146317481995,
    0.5738450288772583,
    0.5606285333633423,
    0.6065450310707092,
    0.7725995779037476,
    0.6362653374671936,
    0.6045626401901245,
    0.6869202256202698,
    0.6814231276512146,
    0.6343566179275513,
    0.6502524018287659,
    0.5579717755317688,
    0.5651918649673462,
    0.5695487260818481,
    0.5901286005973816,
    0.54377681016922,
    0.5065904855728149,
    0.4637763202190399,
    0.4939066767692566,
    0.4433061182498932,
    0.43580326437950134,
    0.4820716083049774,
    0.44952160120010376,
    0.41591352224349976,
    0.6924037933349609,
    0.7494357824325562,
    0.585735023021698,
    0.5226719379425049,
    0.5564069747924805,
    0.4233143627643585,
    0.3970775306224823,
    0.37210533022880554,
    0.36003875732421875,
    0.38425371050834656,
    0.3782294690608978,
    0.39705392718315125,
    0.334244966506958,
    0.3056905269622803,
    0.30223092436790466,
    0.28225675225257874,
    0.26455432176589966,
    0.2543657124042511,
    0.32606181502342224,
    0.5715366005897522,
    0.5161591172218323,
    0.43248555064201355,
    0.32352572679519653,
    0.29303258657455444,
    0.2682068645954132
  ],
  "Training Time": 137.30323100090027,
  "Validate": [
    1.595218539237976,
    1.5303877592086792,
    1.5097465515136719,
    1.5074409246444702,
    1.4986745119094849,
    1.510056972503662,
    1.5041224956512451,
    1.5043529272079468,
    1.4678363800048828,
    1.4221745729446411,
    1.4278143644332886,
    1.4692389965057373,
    1.3659335374832153,
    1.388139247894287,
    1.2639186382293701,
    1.4682506322860718,
    1.2529116868972778,
    1.521194338798523,
    1.3569072484970093,
    1.1400574445724487,
    1.1015411615371704,
    0.7831611037254333,
    1.108910083770752,
    1.3121355772018433,
    2.015187978744507,
    2.2932140827178955,
    2.431485176086426,
    2.52744722366333,
    2.560312032699585,
    2.6129021644592285,
    2.633643865585327,
    2.670259952545166,
    2.6669492721557617,
    2.529811143875122,
    2.5794432163238525,
    2.630405902862549,
    2.2277448177337646,
    2.382659673690796,
    2.1467580795288086,
    2.4376814365386963,
    2.4750688076019287,
    2.4994945526123047,
    2.3570220470428467,
    2.832026481628418,
    2.580976963043213,
    1.9606900215148926,
    1.0684552192687988,
    1.3429243564605713,
    1.762709140777588,
    1.7716631889343262,
    1.8018845319747925,
    2.1058337688446045,
    2.2627832889556885,
    2.256467580795288,
    2.214186668395996,
    1.1652823686599731,
    2.6467041969299316,
    3.1301636695861816,
    0.7641286253929138,
    2.702054262161255,
    1.9987891912460327,
    2.1402816772460938,
    2.3289690017700195,
    2.6394689083099365,
    2.762484073638916,
    2.5236001014709473,
    2.515005588531494,
    2.6777050495147705,
    3.0628297328948975,
    3.075648546218872,
    3.27972412109375,
    3.4155921936035156,
    3.463409662246704,
    3.5418283939361572,
    4.014340877532959,
    4.071632385253906,
    2.7746901512145996,
    3.290245771408081,
    3.152198076248169,
    3.834080696105957,
    3.876370429992676,
    4.374516010284424,
    4.50044059753418,
    4.048807621002197,
    4.959897994995117,
    4.906972408294678,
    4.555919170379639,
    4.379672050476074,
    4.088770389556885,
    3.8861746788024902,
    3.7387285232543945,
    3.644145965576172,
    3.3609228134155273,
    4.698001384735107,
    5.616037368774414,
    2.613344430923462,
    2.92317271232605,
    3.0417792797088623,
    3.177137851715088,
    3.1368637084960938
  ]
}