{
  "Train": [
    0.9657703042030334,
    0.9345533847808838,
    0.9134873151779175,
    0.8948999047279358,
    0.8775163888931274,
    0.8610935807228088,
    0.8464645743370056,
    0.8334144353866577,
    0.8205661177635193,
    0.8078162670135498
  ],
  "Training Time": 2.4196267127990723,
  "Validate": [
    0.33429571986198425,
    0.33687737584114075,
    0.3402828872203827,
    0.34912940859794617,
    0.3610214293003082,
    0.37373772263526917,
    0.38541242480278015,
    0.39669448137283325,
    0.409831166267395,
    0.4241822361946106
  ]
}