{
  "Train": [
    0.8072945475578308,
    0.7934492826461792,
    0.7766101360321045,
    0.7616602182388306,
    0.7489197254180908,
    0.7381336688995361,
    0.7281751036643982,
    0.7180761694908142,
    0.7076658606529236,
    0.6970633268356323
  ],
  "Training Time": 2.8695693016052246,
  "Validate": [
    NaN,
    NaN,
    NaN,
    NaN,
    NaN,
    NaN,
    NaN,
    NaN,
    NaN,
    NaN
  ]
}