{
  "Train": [
    0.8126190900802612,
    0.7839085459709167,
    0.7664917707443237,
    0.7516169548034668,
    0.740788459777832,
    0.7367663383483887,
    0.7338740229606628,
    0.7187550067901611,
    0.6991553902626038,
    0.6819636225700378
  ],
  "Training Time": 2.88956880569458,
  "Validate": [
    NaN,
    NaN,
    NaN,
    NaN,
    NaN,
    NaN,
    NaN,
    NaN,
    NaN,
    NaN
  ]
}