{
  "Train": [
    0.15676704049110413,
    0.1377476155757904,
    0.1388964205980301,
    0.1374625712633133,
    0.13436368107795715,
    0.13406524062156677,
    0.12994232773780823,
    0.12909187376499176,
    0.12683644890785217,
    0.12703563272953033,
    0.12426333874464035,
    0.12193953990936279,
    0.12006770074367523,
    0.11731325834989548,
    0.11400948464870453,
    0.11087493598461151,
    0.10991198569536209,
    0.11101741343736649,
    0.1094217374920845,
    0.11144225299358368,
    0.10793957859277725,
    0.10462076216936111,
    0.10643530637025833,
    0.10368259251117706,
    0.10443924367427826
  ],
  "Training Time": 22.86205768585205,
  "Validate": [
    0.321975439786911,
    0.3075759708881378,
    0.2958642542362213,
    0.31355032324790955,
    0.36345160007476807,
    0.3578530550003052,
    0.4228735864162445,
    0.46678465604782104,
    0.49574604630470276,
    0.4492543935775757,
    0.546638011932373,
    0.584514856338501,
    0.642076313495636,
    0.6990092992782593,
    0.728929877281189,
    0.750648558139801,
    0.7092877626419067,
    0.6996656060218811,
    0.7752217650413513,
    0.7842759490013123,
    0.816720187664032,
    0.8924606442451477,
    0.8425458669662476,
    0.8817318081855774,
    0.8672033548355103
  ]
}