{
  "Train": [
    0.7929210066795349,
    0.7495909333229065,
    0.7295325994491577,
    0.7153792381286621,
    0.7031732797622681,
    0.6846919059753418,
    0.6613485217094421,
    0.6483968496322632,
    0.6313021183013916,
    0.6047457456588745
  ],
  "Training Time": 14.56372356414795,
  "Validate": [
    NaN,
    NaN,
    NaN,
    NaN,
    NaN,
    NaN,
    NaN,
    NaN,
    NaN,
    NaN
  ]
}