{
  "Train": [
    0.7754374742507935,
    0.7698550224304199,
    0.7644627690315247,
    0.758858323097229,
    0.7529227137565613,
    0.746719241142273,
    0.7404587268829346,
    0.7344210743904114,
    0.7288492918014526,
    0.723879873752594
  ],
  "Training Time": 2.852095603942871,
  "Validate": [
    NaN,
    NaN,
    NaN,
    NaN,
    NaN,
    NaN,
    NaN,
    NaN,
    NaN,
    NaN
  ]
}