{
  "Train": [
    1.0372079610824585,
    0.8807559013366699,
    0.8408454060554504,
    0.8044519424438477,
    0.7680539488792419,
    0.7293102145195007,
    0.6871432065963745,
    0.6399451494216919,
    0.5882441401481628,
    0.537601113319397
  ],
  "Training Time": 5.160006523132324,
  "Validate": [
    0.8890342116355896,
    0.9152054190635681,
    0.9914148449897766,
    1.1364425420761108,
    1.3175419569015503,
    1.5108006000518799,
    1.7363255023956299,
    2.0456559658050537,
    2.490504264831543,
    3.0633742809295654
  ]
}