{
  "Train": [
    0.7215474247932434,
    0.593051552772522,
    0.500409722328186,
    0.4277666509151459,
    0.3662583529949188,
    0.30723491311073303,
    0.2925676107406616,
    0.2935791015625,
    0.21863409876823425,
    0.2152552306652069
  ],
  "Training Time": 2.59844970703125,
  "Validate": [
    1.1706428527832031,
    0.7496901154518127,
    0.530281662940979,
    0.4802777171134949,
    0.5954312682151794,
    0.4556621015071869,
    0.2285071462392807,
    0.2650994062423706,
    0.39931729435920715,
    0.2876622676849365
  ]
}