{
  "Train": [
    0.632935106754303,
    0.4610086679458618,
    0.4149828851222992,
    0.37873467803001404,
    0.35110437870025635,
    0.33163538575172424,
    0.31839001178741455,
    0.30890169739723206,
    0.3015413284301758,
    0.2955698072910309
  ],
  "Training Time": 4.397655248641968,
  "Validate": [
    55.1710319519043,
    54.64698791503906,
    53.95451354980469,
    53.07327651977539,
    52.03364944458008,
    50.90983963012695,
    49.83317184448242,
    48.8580322265625,
    47.99213409423828,
    47.231178283691406
  ]
}