{
  "Train": [
    0.15999272465705872,
    0.10798006504774094,
    0.09975870698690414,
    0.08640596270561218,
    0.08204453438520432,
    0.08064393699169159,
    0.07313192635774612,
    0.06902967393398285,
    0.06863147020339966,
    0.06634949892759323,
    0.06516342610120773,
    0.06362096965312958,
    0.0620829313993454,
    0.06031978875398636,
    0.058540377765893936,
    0.05691293254494667,
    0.055824410170316696,
    0.05513312667608261,
    0.05470975115895271,
    0.05715416371822357,
    0.05085938423871994,
    0.0496353805065155,
    0.04552314430475235,
    0.04224466532468796,
    0.04179433360695839
  ],
  "Training Time": 17.00632071495056,
  "Validate": [
    NaN,
    NaN,
    NaN,
    NaN,
    NaN,
    NaN,
    NaN,
    NaN,
    NaN,
    NaN,
    NaN,
    NaN,
    NaN,
    NaN,
    NaN,
    NaN,
    NaN,
    NaN,
    NaN,
    NaN,
    NaN,
    NaN,
    NaN,
    NaN,
    NaN
  ]
}