{
  "Train": [
    0.20784883201122284,
    0.12362028658390045,
    0.11339639127254486,
    0.10633425414562225,
    0.10098723322153091,
    0.09665846079587936,
    0.09303437918424606,
    0.08994490653276443,
    0.08739178627729416,
    0.08537828177213669,
    0.08679913729429245,
    0.08259519189596176,
    0.08297982066869736,
    0.07907109707593918,
    0.07763739675283432,
    0.07518284022808075,
    0.07334593683481216,
    0.06877940893173218,
    0.06641311943531036,
    0.06393984705209732,
    0.06127714738249779,
    0.059219423681497574,
    0.05758880823850632,
    0.05532326549291611,
    0.05607069283723831
  ],
  "Training Time": 13.266483545303345,
  "Validate": [
    0.25187090039253235,
    0.33612120151519775,
    0.4080992043018341,
    0.4802725911140442,
    0.5539526343345642,
    0.6270449161529541,
    0.6995995044708252,
    0.772865891456604,
    0.8470491170883179,
    0.9319509267807007,
    0.9144212603569031,
    1.0391863584518433,
    0.9960322976112366,
    1.067946195602417,
    1.0562560558319092,
    1.046077847480774,
    1.035483479499817,
    1.117505669593811,
    1.1885905265808105,
    1.2207449674606323,
    1.2745773792266846,
    1.309930443763733,
    1.3382757902145386,
    1.3158196210861206,
    1.2682719230651855
  ]
}