{
  "Train": [
    0.5344288945198059,
    0.16000334918498993,
    0.12401670962572098,
    0.11250021308660507,
    0.09151531755924225,
    0.05260986089706421,
    0.04115031659603119,
    0.035995010286569595,
    0.03358577564358711,
    0.031950343400239944,
    0.03077860362827778,
    0.03018282912671566,
    0.03064028173685074,
    0.032192833721637726,
    0.033722393214702606,
    0.03372564539313316,
    0.029891053214669228,
    0.02557363174855709,
    0.03340861573815346,
    0.0278623104095459,
    0.022423960268497467,
    0.02210216410458088,
    0.022452495992183685,
    0.022302838042378426,
    0.022077858448028564
  ],
  "Training Time": 15.731457948684692,
  "Validate": [
    2.20287823677063,
    1.033644199371338,
    1.1306240558624268,
    1.3180452585220337,
    1.7102237939834595,
    2.0674474239349365,
    2.155930519104004,
    2.0401480197906494,
    1.9839593172073364,
    1.9616671800613403,
    1.9652855396270752,
    1.9749277830123901,
    1.9759495258331299,
    1.9691073894500732,
    1.9844703674316406,
    2.067737340927124,
    2.222543478012085,
    2.0404818058013916,
    1.822748064994812,
    2.033806085586548,
    1.9714561700820923,
    1.933509111404419,
    1.8993289470672607,
    1.874695897102356,
    1.855058193206787
  ]
}