{
  "Train": [
    0.1564069539308548,
    0.09067607671022415,
    0.09300718456506729,
    0.08114273846149445,
    0.06793369352817535,
    0.0603882297873497,
    0.054778408259153366,
    0.04995647445321083,
    0.04564332216978073,
    0.04167472943663597,
    0.0383392870426178,
    0.03665982931852341,
    0.032382622361183167,
    0.03217623382806778,
    0.0328342579305172,
    0.029768167063593864,
    0.027861028909683228,
    0.02963230386376381,
    0.026060735806822777,
    0.025539904832839966,
    0.025602739304304123,
    0.024054646492004395,
    0.022565031424164772,
    0.025798648595809937,
    0.021220738068223
  ],
  "Training Time": 18.126052141189575,
  "Validate": [
    0.0791851058602333,
    0.08376190066337585,
    0.06615445762872696,
    0.06301161646842957,
    0.06389535963535309,
    0.06403269618749619,
    0.0636322945356369,
    0.062474895268678665,
    0.06074371561408043,
    0.058293212205171585,
    0.05374046787619591,
    0.04973594844341278,
    0.04791012778878212,
    0.04517032206058502,
    0.04543963074684143,
    0.04277029260993004,
    0.043133679777383804,
    0.0428306870162487,
    0.04330892860889435,
    0.04215327650308609,
    0.04376319795846939,
    0.04398676007986069,
    0.0451459176838398,
    0.04862547293305397,
    0.04951080307364464
  ]
}