{
  "Train": [
    0.7822734117507935,
    0.7372334003448486,
    0.7132964730262756,
    0.6957404017448425,
    0.6825065016746521,
    0.6735287308692932,
    0.666715681552887,
    0.6600537896156311,
    0.6535265445709229,
    0.6470423936843872
  ],
  "Training Time": 14.052852392196655,
  "Validate": [
    NaN,
    NaN,
    NaN,
    NaN,
    NaN,
    NaN,
    NaN,
    NaN,
    NaN,
    NaN
  ]
}