{
  "Train": [
    0.7328472137451172,
    0.7127832770347595,
    0.7010878324508667,
    0.6905449628829956,
    0.6804360151290894,
    0.669832170009613,
    0.6579826474189758,
    0.643912672996521,
    0.6265549063682556,
    0.6025594472885132
  ],
  "Training Time": 10.896809101104736,
  "Validate": [
    0.4140003025531769,
    0.42975080013275146,
    0.43284013867378235,
    0.43265584111213684,
    0.43235519528388977,
    0.43220317363739014,
    0.4317987263202667,
    0.4329259693622589,
    0.4447256326675415,
    0.4771614372730255
  ]
}