{
  "Train": [
    0.9270451664924622,
    0.8920446634292603,
    0.8545974493026733,
    0.8430720567703247,
    0.8355697393417358,
    0.8283735513687134,
    0.821596086025238,
    0.8140524625778198,
    0.8051247596740723,
    0.7949492931365967
  ],
  "Training Time": 11.721288442611694,
  "Validate": [
    3.268129825592041,
    3.188278913497925,
    3.012216329574585,
    2.9400832653045654,
    2.896552801132202,
    2.850233554840088,
    2.796529531478882,
    2.72678279876709,
    2.6310322284698486,
    2.5086936950683594
  ]
}