{
  "Train": [
    0.709169864654541,
    0.714379608631134,
    0.7106114029884338,
    0.7080402970314026,
    0.7058436274528503,
    0.7036402225494385,
    0.7015342712402344,
    0.6994574666023254,
    0.6973909735679626,
    0.6953017711639404
  ],
  "Training Time": 3.019829750061035,
  "Validate": [
    NaN,
    NaN,
    NaN,
    NaN,
    NaN,
    NaN,
    NaN,
    NaN,
    NaN,
    NaN
  ]
}