{
  "Train": [
    0.5941637754440308,
    0.30189236998558044,
    0.2732475697994232,
    0.2562866806983948,
    0.24373973906040192,
    0.23402942717075348,
    0.22620593011379242,
    0.21966160833835602,
    0.2140233963727951,
    0.20906902849674225
  ],
  "Training Time": 2.778517246246338,
  "Validate": [
    31.60834312438965,
    31.07465171813965,
    30.66126251220703,
    30.310346603393555,
    29.9898681640625,
    29.6870059967041,
    29.394092559814453,
    29.10687255859375,
    28.824024200439453,
    28.546112060546875
  ]
}