{
  "Train": [
    0.25854015350341797,
    0.23890797793865204,
    0.21730871498584747,
    0.20316393673419952,
    0.1915016770362854,
    0.18714562058448792,
    0.19969497621059418,
    0.18222449719905853,
    0.16699741780757904,
    0.15669140219688416
  ],
  "Training Time": 3.058321475982666,
  "Validate": [
    NaN,
    NaN,
    NaN,
    NaN,
    NaN,
    NaN,
    NaN,
    NaN,
    NaN,
    NaN
  ]
}