{
  "Train": [
    1.1639058589935303,
    1.1514194011688232,
    1.1425647735595703,
    1.1346975564956665,
    1.1281808614730835,
    1.1234616041183472,
    1.1198800802230835,
    1.116884469985962,
    1.1141916513442993,
    1.1116290092468262,
    1.1090766191482544,
    1.106433629989624,
    1.1035988330841064,
    1.1004538536071777,
    1.0968401432037354,
    1.0925148725509644,
    1.0870147943496704,
    1.0791066884994507,
    1.0641498565673828,
    1.033631443977356,
    1.0255213975906372,
    1.012174129486084,
    0.9811996221542358,
    0.9642148017883301,
    0.945518970489502,
    0.9523440599441528,
    0.9554761052131653,
    0.9575229287147522,
    0.914291262626648,
    0.9367225766181946,
    0.8849777579307556,
    0.9047972559928894,
    0.8720248341560364,
    0.8878619074821472,
    0.85451340675354,
    0.8678286671638489,
    0.8364381790161133,
    0.8429293632507324,
    0.8167009949684143,
    0.8093141317367554,
    0.7926350831985474,
    0.7707499861717224,
    0.7612501978874207,
    0.7731596231460571,
    0.7559038996696472,
    0.7224225997924805,
    0.7686520218849182,
    0.9541645646095276,
    0.7262591123580933,
    0.7432016730308533,
    0.8759846687316895,
    0.7441167831420898,
    0.6771395206451416,
    0.6738762855529785,
    0.675286054611206,
    0.6727604866027832,
    0.7485412359237671,
    0.6954001188278198,
    0.5542080998420715,
    0.604922354221344,
    0.5977334976196289,
    0.5043424367904663,
    0.5362323522567749,
    0.5102083086967468,
    0.6202633380889893,
    0.48056739568710327,
    0.46627432107925415,
    0.48622551560401917,
    0.4507024586200714,
    0.48317933082580566,
    0.4889247715473175,
    0.531542956829071,
    0.4930936396121979,
    1.0226294994354248,
    0.6244197487831116,
    0.6056846976280212,
    0.6106288433074951,
    1.1553152799606323,
    0.9468545913696289,
    0.9070425033569336,
    0.8776333332061768,
    0.8509353995323181,
    0.824708104133606,
    0.7984116673469543,
    0.7735234498977661,
    0.7495518326759338,
    0.7252201437950134,
    0.7009729146957397,
    0.6777734160423279,
    0.6557570695877075,
    0.6344959139823914,
    0.6140708327293396,
    0.5944702625274658,
    0.575596809387207,
    0.5573866367340088,
    0.5396637320518494,
    0.5222784876823425,
    0.5051495432853699,
    0.488292932510376,
    0.4717840552330017
  ],
  "Training Time": 69.95034122467041,
  "Validate": [
    1.958018183708191,
    1.9888945817947388,
    2.0371572971343994,
    2.0799176692962646,
    2.098055124282837,
    2.106140375137329,
    2.109720468521118,
    2.110799551010132,
    2.110335350036621,
    2.1087567806243896,
    2.1062135696411133,
    2.1026625633239746,
    2.0979092121124268,
    2.0916481018066406,
    2.083580732345581,
    2.0736780166625977,
    2.0626351833343506,
    2.0527946949005127,
    2.052191972732544,
    2.0491745471954346,
    2.0561742782592773,
    2.093815326690674,
    2.110555410385132,
    2.1159605979919434,
    2.1392822265625,
    2.093306541442871,
    2.1717374324798584,
    2.1078851222991943,
    2.1771466732025146,
    2.148019552230835,
    2.183124542236328,
    2.15969181060791,
    2.1776163578033447,
    2.1507914066314697,
    2.160922050476074,
    2.1369287967681885,
    2.140624761581421,
    2.1196157932281494,
    2.119762420654297,
    2.1034770011901855,
    2.1023995876312256,
    2.0929007530212402,
    2.100908041000366,
    2.0916593074798584,
    2.0919301509857178,
    2.0887997150421143,
    2.149444103240967,
    2.110639810562134,
    2.0753822326660156,
    2.160494804382324,
    2.1789944171905518,
    2.117814302444458,
    2.0902581214904785,
    2.093533754348755,
    2.108046770095825,
    2.118680715560913,
    2.139084815979004,
    2.0975146293640137,
    2.1275296211242676,
    2.137815475463867,
    2.119401693344116,
    2.1697633266448975,
    2.1529929637908936,
    2.2118871212005615,
    2.141343832015991,
    2.2169463634490967,
    2.2399978637695312,
    2.2172863483428955,
    2.215667724609375,
    2.2056283950805664,
    2.2244417667388916,
    2.194308280944824,
    2.391812324523926,
    2.6264472007751465,
    2.5585367679595947,
    2.652740955352783,
    2.6055636405944824,
    2.654301404953003,
    2.634474992752075,
    2.633236885070801,
    2.640090227127075,
    2.6497366428375244,
    2.6551458835601807,
    2.648818016052246,
    2.626476764678955,
    2.5936174392700195,
    2.5533487796783447,
    2.5102009773254395,
    2.468867301940918,
    2.434410810470581,
    2.407134771347046,
    2.386552572250366,
    2.3728182315826416,
    2.3641512393951416,
    2.3594818115234375,
    2.357616662979126,
    2.357978582382202,
    2.35964035987854,
    2.362212896347046,
    2.3649845123291016
  ]
}