{
  "Train": [
    1.1785714626312256,
    1.1460952758789062,
    1.1425031423568726,
    1.1325640678405762,
    1.125428318977356,
    1.1207681894302368,
    1.1133129596710205,
    1.1086064577102661,
    1.1247254610061646,
    1.0881644487380981
  ],
  "Training Time": 7.115943193435669,
  "Validate": [
    0.785163938999176,
    0.8469928503036499,
    0.9419216513633728,
    0.9739404320716858,
    0.98410964012146,
    1.0117368698120117,
    1.0577689409255981,
    1.129991888999939,
    1.0961085557937622,
    1.1295403242111206
  ]
}