{
  "Train": [
    1.0979479551315308,
    1.0880018472671509,
    1.0820358991622925,
    1.0756224393844604,
    1.0686455965042114,
    1.0587226152420044,
    1.0435168743133545,
    1.0244908332824707,
    1.0029218196868896,
    0.978531002998352
  ],
  "Training Time": 8.021244049072266,
  "Validate": [
    4.372565746307373,
    4.3650360107421875,
    4.340559959411621,
    4.297998428344727,
    4.254939556121826,
    4.2379560470581055,
    4.253642559051514,
    4.283100605010986,
    4.314716815948486,
    4.346144199371338
  ]
}