{
  "Train": [
    0.9908329248428345,
    0.925006628036499,
    0.9046624302864075,
    0.8876086473464966,
    0.8714794516563416,
    0.8545572757720947,
    0.8358345031738281,
    0.8156213164329529,
    0.7951327562332153,
    0.7755294442176819
  ],
  "Training Time": 6.420741081237793,
  "Validate": [
    NaN,
    NaN,
    NaN,
    NaN,
    NaN,
    NaN,
    NaN,
    NaN,
    NaN,
    NaN
  ]
}