{
  "Train": [
    1.2380174398422241,
    1.1352509260177612,
    1.1156615018844604,
    1.098089337348938,
    1.079717993736267,
    1.0605815649032593,
    1.0402462482452393,
    1.0177407264709473,
    0.9932902455329895,
    0.9683125615119934
  ],
  "Training Time": 5.036556243896484,
  "Validate": [
    1.15980863571167,
    1.2014930248260498,
    1.27918541431427,
    1.4107247591018677,
    1.6041474342346191,
    1.8408771753311157,
    2.0834264755249023,
    2.3040499687194824,
    2.512669563293457,
    2.7257273197174072
  ]
}