{
  "Train": [
    0.7998171448707581,
    0.7883990406990051,
    0.7787704467773438,
    0.7698967456817627,
    0.7614203691482544,
    0.7536826729774475,
    0.7467719912528992,
    0.7405146956443787,
    0.7346789240837097,
    0.729090690612793
  ],
  "Training Time": 2.4718151092529297,
  "Validate": [
    0.6837495565414429,
    0.6906125545501709,
    0.6974179744720459,
    0.7036517858505249,
    0.709150493144989,
    0.7135523557662964,
    0.7166663408279419,
    0.7185727953910828,
    0.7194812297821045,
    0.7196178436279297
  ]
}