{
  "Train": [
    0.895016610622406,
    0.8322187066078186,
    0.8045844435691833,
    0.7975865006446838,
    0.7941998839378357,
    0.7920235991477966,
    0.7904925346374512,
    0.7893417477607727,
    0.7884316444396973,
    0.7876827120780945
  ],
  "Training Time": 3.702721118927002,
  "Validate": [
    3.297210454940796,
    2.845874547958374,
    2.671170234680176,
    2.6369757652282715,
    2.6248221397399902,
    2.6173837184906006,
    2.6118578910827637,
    2.6074163913726807,
    2.603672742843628,
    2.6004068851470947
  ]
}