{
  "Train": [
    0.2932557165622711,
    0.10914762318134308,
    0.09086453914642334,
    0.0792674645781517,
    0.07097510993480682,
    0.06492852419614792,
    0.05957918241620064,
    0.05487686023116112,
    0.05086652189493179,
    0.046933479607105255,
    0.04363948479294777,
    0.03998667001724243,
    0.03753003105521202,
    0.03498874977231026,
    0.03291010111570358,
    0.030334321781992912,
    0.028012389317154884,
    0.026392478495836258,
    0.023650722578167915,
    0.017958635464310646,
    0.015996592119336128,
    0.014825048856437206,
    0.014271579682826996,
    0.013598529621958733,
    0.013450556434690952
  ],
  "Training Time": 12.872395992279053,
  "Validate": [
    0.9360136389732361,
    0.7076380252838135,
    0.8796804547309875,
    0.7888463735580444,
    0.7081592082977295,
    0.5928084254264832,
    0.5445958971977234,
    0.4422406852245331,
    0.41069185733795166,
    0.3182062804698944,
    0.33102789521217346,
    0.2665450870990753,
    0.28312191367149353,
    0.24499034881591797,
    0.22712889313697815,
    0.2401769757270813,
    0.15306462347507477,
    0.19091151654720306,
    0.16499078273773193,
    0.1513330489397049,
    0.19534216821193695,
    0.1733558475971222,
    0.14377057552337646,
    0.13327665627002716,
    0.1234959289431572
  ]
}