{
  "Train": [
    1.717559576034546,
    1.1818122863769531,
    1.1239228248596191,
    1.097435712814331,
    1.078606367111206,
    1.0626509189605713,
    1.0431722402572632,
    1.023501992225647,
    1.0078591108322144,
    0.991756021976471,
    0.9779816269874573,
    0.9679039120674133,
    0.9662746787071228,
    0.9490939974784851,
    0.9239307045936584,
    0.9134355783462524,
    0.9023515582084656,
    0.9178546667098999,
    0.9028348326683044,
    0.8284847140312195,
    0.8477529287338257,
    0.8073437809944153,
    0.7855997681617737,
    0.7719264030456543,
    0.7852206230163574,
    0.7217444777488708,
    0.6730374097824097,
    0.6741220355033875,
    0.8164728879928589,
    0.9118449091911316,
    0.6049135327339172,
    0.5873891115188599,
    0.5022674202919006,
    0.5120759606361389,
    0.47673019766807556,
    0.4489844739437103,
    0.404132217168808,
    0.37246039509773254,
    0.3471531569957733,
    0.31915736198425293,
    0.30316853523254395,
    0.2927863299846649,
    0.30129486322402954,
    0.28005850315093994,
    0.2536695897579193,
    0.2438415288925171,
    0.26315543055534363,
    0.21076180040836334,
    0.19058386981487274,
    0.18711252510547638,
    0.18045571446418762,
    0.18867425620555878,
    0.183646097779274,
    0.21386151015758514,
    0.17985306680202484,
    0.16819345951080322,
    0.15760104358196259,
    0.13952776789665222,
    0.13713213801383972,
    0.15969322621822357,
    0.1688975840806961,
    0.13979101181030273,
    0.15854491293430328,
    0.1432451456785202,
    0.11418930441141129,
    0.13515320420265198,
    0.12531700730323792,
    0.11956100165843964,
    0.17681114375591278,
    0.22928595542907715,
    0.47282251715660095,
    0.5311883687973022,
    0.5645579099655151,
    0.2811991274356842,
    0.16746599972248077,
    0.12066926062107086,
    0.11008376628160477,
    0.10257910192012787,
    0.09872264415025711,
    0.09380706399679184,
    0.09031747281551361,
    0.08793517202138901,
    0.08604194223880768,
    0.08434604853391647,
    0.08275960385799408,
    0.08104755729436874,
    0.07934743911027908,
    0.0780942365527153,
    0.07733841240406036,
    0.07711955159902573,
    0.07641231268644333,
    0.07700923830270767,
    0.08755673468112946,
    0.09184085577726364,
    0.11621095985174179,
    0.10911296308040619,
    0.0811188817024231,
    0.07434886693954468,
    0.06666462123394012,
    0.07269816845655441
  ],
  "Training Time": 61.687968015670776,
  "Validate": [
    2.5210537910461426,
    2.07185959815979,
    1.988234281539917,
    2.060281991958618,
    2.221416711807251,
    2.3955252170562744,
    2.593095064163208,
    2.789834499359131,
    2.9790947437286377,
    3.114940881729126,
    3.1834702491760254,
    3.148111581802368,
    3.109693765640259,
    3.1756417751312256,
    3.2229928970336914,
    3.06376051902771,
    2.9874379634857178,
    3.151930093765259,
    2.721069574356079,
    2.106245279312134,
    2.4748103618621826,
    1.907953143119812,
    2.019541025161743,
    2.4915552139282227,
    2.7309560775756836,
    2.2608988285064697,
    3.5784189701080322,
    1.4763766527175903,
    1.217736005783081,
    3.0197601318359375,
    2.9281928539276123,
    2.4953601360321045,
    2.9051148891448975,
    3.0354080200195312,
    3.117877721786499,
    3.126077890396118,
    3.056992530822754,
    2.933643102645874,
    2.8504655361175537,
    2.9017183780670166,
    3.2327921390533447,
    3.4601876735687256,
    3.7301931381225586,
    3.967247724533081,
    2.87587571144104,
    2.75447416305542,
    4.827632427215576,
    3.558192491531372,
    4.442751884460449,
    3.60683536529541,
    4.301868915557861,
    3.5709517002105713,
    4.147091865539551,
    5.23704195022583,
    4.551514148712158,
    4.547245502471924,
    4.562188625335693,
    4.211990833282471,
    4.800305366516113,
    3.854217529296875,
    4.73859977722168,
    6.028953552246094,
    4.568363189697266,
    4.460781574249268,
    5.290225505828857,
    4.161647319793701,
    4.789106845855713,
    4.8683695793151855,
    5.402946949005127,
    4.425213813781738,
    2.241886854171753,
    2.0497217178344727,
    4.693688869476318,
    4.326111793518066,
    4.749536514282227,
    4.742010116577148,
    4.804260730743408,
    4.881422996520996,
    4.836111068725586,
    4.873462200164795,
    4.914893627166748,
    4.951319694519043,
    4.973362445831299,
    4.983384132385254,
    4.993621826171875,
    5.015323162078857,
    5.04633903503418,
    5.053059101104736,
    4.996781826019287,
    4.9193196296691895,
    4.942402362823486,
    5.247097492218018,
    5.259707927703857,
    4.0088043212890625,
    4.933202743530273,
    5.281474590301514,
    4.592127323150635,
    4.6630730628967285,
    5.662768840789795,
    5.854060173034668
  ]
}