{
  "Train": [
    0.6958015561103821,
    0.4886625111103058,
    0.4558987319469452,
    0.42799022793769836,
    0.4016730785369873,
    0.3773925304412842,
    0.35646113753318787,
    0.33870193362236023,
    0.3233563005924225,
    0.3110029697418213
  ],
  "Training Time": 3.6080775260925293,
  "Validate": [
    52.894378662109375,
    53.054832458496094,
    53.04032897949219,
    52.895084381103516,
    52.614009857177734,
    52.2224006652832,
    51.71040344238281,
    51.072628021240234,
    50.37184143066406,
    49.6785888671875
  ]
}