{
  "Train": [
    0.27383309602737427,
    0.24701131880283356,
    0.2228364199399948,
    0.2033059149980545,
    0.1883828043937683,
    0.17599929869174957,
    0.1652274876832962,
    0.15545378625392914,
    0.14644259214401245,
    0.1381000429391861
  ],
  "Training Time": 2.878413677215576,
  "Validate": [
    NaN,
    NaN,
    NaN,
    NaN,
    NaN,
    NaN,
    NaN,
    NaN,
    NaN,
    NaN
  ]
}