{
  "Train": [
    0.7779864072799683,
    0.670943558216095,
    0.5899713039398193,
    0.5239460468292236,
    0.47249889373779297,
    0.43063870072364807,
    0.3930470049381256,
    0.35916653275489807,
    0.32964810729026794,
    0.3032877743244171
  ],
  "Training Time": 2.438664674758911,
  "Validate": [
    1.2281067371368408,
    0.7863116264343262,
    0.6063793897628784,
    0.49003177881240845,
    0.4180484712123871,
    0.3689842224121094,
    0.31966492533683777,
    0.27865898609161377,
    0.24416084587574005,
    0.21951904892921448
  ]
}