{
  "Train": [
    0.9575602412223816,
    0.751940906047821,
    0.659055769443512,
    0.5882561802864075,
    0.5224910378456116,
    0.47019076347351074,
    0.4218800365924835,
    0.38201841711997986,
    0.36692333221435547,
    0.27709659934043884
  ],
  "Training Time": 12.608242273330688,
  "Validate": [
    1.014883041381836,
    1.0328621864318848,
    1.0108736753463745,
    0.9470147490501404,
    0.8983665704727173,
    0.8851043581962585,
    0.9669193029403687,
    0.9897317290306091,
    1.2642340660095215,
    0.6819645762443542
  ]
}