{
  "Train": [
    0.20824673771858215,
    0.18369467556476593,
    0.14725670218467712,
    0.11995776742696762,
    0.11317867040634155,
    0.09960734099149704,
    0.09014357626438141,
    0.08556158095598221,
    0.07837312668561935,
    0.07362164556980133
  ],
  "Training Time": 16.2402822971344,
  "Validate": [
    NaN,
    NaN,
    NaN,
    NaN,
    NaN,
    NaN,
    NaN,
    NaN,
    NaN,
    NaN
  ]
}