{
  "Train": [
    0.432209849357605,
    0.30392107367515564,
    0.28638356924057007,
    0.2706792950630188,
    0.2582571506500244,
    0.24714264273643494,
    0.23728404939174652,
    0.22885067760944366,
    0.2215530425310135,
    0.2136303335428238
  ],
  "Training Time": 13.531151294708252,
  "Validate": [
    33.49946594238281,
    32.85049819946289,
    32.48186111450195,
    32.117733001708984,
    31.70903205871582,
    31.29430389404297,
    30.89734649658203,
    30.552507400512695,
    30.2921085357666,
    30.158018112182617
  ]
}