{
  "Train": [
    1.069881558418274,
    1.062648892402649,
    1.078981637954712,
    1.0184926986694336,
    0.9918035268783569,
    0.9853911399841309,
    0.9369332194328308,
    1.1630706787109375,
    1.13382887840271,
    1.0864347219467163
  ],
  "Training Time": 15.855363130569458,
  "Validate": [
    0.7003821730613708,
    0.6430277228355408,
    0.5809915661811829,
    0.5706215500831604,
    0.6540682911872864,
    0.665375292301178,
    0.5294808745384216,
    0.43876516819000244,
    0.3631790280342102,
    0.35874059796333313
  ]
}