{
  "Train": [
    0.9001330137252808,
    0.5674627423286438,
    0.44086167216300964,
    0.3881053328514099,
    0.35813650488853455,
    0.3375470042228699,
    0.32167625427246094,
    0.3084808588027954,
    0.2967839241027832,
    0.2860468327999115,
    0.27594226598739624,
    0.2662864327430725,
    0.25699731707572937,
    0.2479994148015976,
    0.23919299244880676,
    0.2304648607969284,
    0.22171631455421448,
    0.21289364993572235,
    0.20402009785175323,
    0.19521187245845795,
    0.18666446208953857,
    0.17860525846481323,
    0.17123709619045258,
    0.16470485925674438,
    0.15908586978912354
  ],
  "Training Time": 15.669464588165283,
  "Validate": [
    7.5039753913879395,
    4.839179039001465,
    4.58311128616333,
    4.814085006713867,
    5.0185394287109375,
    5.210240840911865,
    5.3946356773376465,
    5.570905685424805,
    5.7368083000183105,
    5.891289234161377,
    6.032548904418945,
    6.157763957977295,
    6.263456344604492,
    6.346168041229248,
    6.4031662940979,
    6.432858467102051,
    6.435028076171875,
    6.411163806915283,
    6.364751815795898,
    6.3010663986206055,
    6.226254463195801,
    6.145800590515137,
    6.062768459320068,
    5.976903915405273,
    5.8855695724487305
  ]
}