{
  "Train": [
    0.16269265115261078,
    0.12612974643707275,
    0.11646660417318344,
    0.10093041509389877,
    0.09753412008285522,
    0.09455282241106033,
    0.09289081394672394,
    0.0925302654504776,
    0.09226223826408386,
    0.0922311544418335,
    0.09221033751964569,
    0.09210017323493958,
    0.09184864908456802,
    0.09148165583610535,
    0.09103185683488846,
    0.09052082896232605,
    0.08992552012205124,
    0.08928458392620087,
    0.08863316476345062,
    0.08792469650506973,
    0.08718378841876984,
    0.0864383652806282,
    0.08570313453674316,
    0.08497493714094162,
    0.08424266427755356
  ],
  "Training Time": 22.807271480560303,
  "Validate": [
    NaN,
    NaN,
    NaN,
    NaN,
    NaN,
    NaN,
    NaN,
    NaN,
    NaN,
    NaN,
    NaN,
    NaN,
    NaN,
    NaN,
    NaN,
    NaN,
    NaN,
    NaN,
    NaN,
    NaN,
    NaN,
    NaN,
    NaN,
    NaN,
    NaN
  ]
}