{
  "Train": [
    1.0004421472549438,
    0.9276356101036072,
    0.8815682530403137,
    0.8567338585853577,
    0.8405169248580933,
    0.8257532119750977,
    0.807272732257843,
    0.7776533961296082,
    0.7599626779556274,
    0.7503313422203064
  ],
  "Training Time": 17.11558246612549,
  "Validate": [
    3.825026512145996,
    3.417344570159912,
    3.1918160915374756,
    3.076178550720215,
    3.0253753662109375,
    2.992502450942993,
    2.9719955921173096,
    3.0063881874084473,
    2.9630508422851562,
    2.9176931381225586
  ]
}