{
  "Train": [
    0.8511689305305481,
    0.8019806742668152,
    0.7939879298210144,
    0.7609602808952332,
    0.7522068023681641,
    0.7417658567428589,
    0.7343837022781372,
    0.7266240119934082,
    0.7240867018699646,
    0.6813625693321228
  ],
  "Training Time": 19.61655855178833,
  "Validate": [
    NaN,
    NaN,
    NaN,
    NaN,
    NaN,
    NaN,
    NaN,
    NaN,
    NaN,
    NaN
  ]
}