{
  "Train": [
    0.8728733062744141,
    0.7885716557502747,
    0.7409229278564453,
    0.6927657723426819,
    0.6425107717514038,
    0.5917608141899109,
    0.5447081923484802,
    0.4975634217262268,
    0.43965548276901245,
    0.4224681556224823
  ],
  "Training Time": 6.488706588745117,
  "Validate": [
    0.26260116696357727,
    0.3240622878074646,
    0.3525582551956177,
    0.3696458041667938,
    0.3738088607788086,
    0.3761911392211914,
    0.43219777941703796,
    0.46702349185943604,
    0.3674160838127136,
    0.4359443485736847
  ]
}