{
  "Train": [
    0.28517210483551025,
    0.2576759159564972,
    0.22991906106472015,
    0.2058972716331482,
    0.1844949871301651,
    0.1654762476682663,
    0.15469206869602203,
    0.15251588821411133,
    0.14484401047229767,
    0.15316545963287354
  ],
  "Training Time": 8.766599178314209,
  "Validate": [
    NaN,
    NaN,
    NaN,
    NaN,
    NaN,
    NaN,
    NaN,
    NaN,
    NaN,
    NaN
  ]
}