{
  "Train": [
    1.0578150749206543,
    1.0358606576919556,
    1.0164731740951538,
    1.0105873346328735,
    1.009853720664978,
    0.925388753414154,
    1.0727108716964722,
    0.9736512899398804,
    0.8737089037895203,
    0.8484947085380554
  ],
  "Training Time": 7.176228761672974,
  "Validate": [
    0.6645692586898804,
    0.6295959949493408,
    0.6721065044403076,
    0.8012874722480774,
    0.5603011846542358,
    0.5865837931632996,
    0.6156114935874939,
    0.5396298766136169,
    0.4834332764148712,
    0.44080811738967896
  ]
}