{
  "Train": [
    1.0333969593048096,
    1.0365400314331055,
    1.032094120979309,
    1.0303080081939697,
    1.029893159866333,
    1.0297014713287354,
    1.0294678211212158,
    1.0289889574050903,
    1.028041124343872,
    1.0254486799240112
  ],
  "Training Time": 3.399967670440674,
  "Validate": [
    0.4243569076061249,
    0.41336923837661743,
    0.4136194586753845,
    0.4137748181819916,
    0.4140414893627167,
    0.4140070974826813,
    0.4140794575214386,
    0.4129210114479065,
    0.410873681306839,
    0.4010258615016937
  ]
}