{
  "Train": [
    1.0054885149002075,
    0.9894606471061707,
    0.9733445644378662,
    0.9614513516426086,
    0.9511849880218506,
    0.9413676261901855,
    0.9311540126800537,
    0.9198299646377563,
    0.9065914750099182,
    0.8901552557945251
  ],
  "Training Time": 4.199970245361328,
  "Validate": [
    NaN,
    NaN,
    NaN,
    NaN,
    NaN,
    NaN,
    NaN,
    NaN,
    NaN,
    NaN
  ]
}