{
  "Train": [
    1.0551515817642212,
    1.0186604261398315,
    1.0028538703918457,
    0.9922300577163696,
    0.9831545352935791,
    0.9719927310943604,
    0.9589709043502808,
    0.9438580274581909,
    0.928621768951416,
    0.9219273328781128
  ],
  "Training Time": 13.70898962020874,
  "Validate": [
    NaN,
    NaN,
    NaN,
    NaN,
    NaN,
    NaN,
    NaN,
    NaN,
    NaN,
    NaN
  ]
}