{
  "Train": [
    0.96707683801651,
    0.9024226069450378,
    0.8521961569786072,
    0.8397008180618286,
    0.8300212025642395,
    0.8221563696861267,
    0.8153036832809448,
    0.8086958527565002,
    0.8021484613418579,
    0.7954094409942627
  ],
  "Training Time": 12.531923770904541,
  "Validate": [
    3.221388339996338,
    3.223480224609375,
    2.942230224609375,
    2.8476266860961914,
    2.7899978160858154,
    2.7408227920532227,
    2.689634084701538,
    2.629387855529785,
    2.5486390590667725,
    2.4487342834472656
  ]
}