{
  "Train": [
    1.1611183881759644,
    1.1460686922073364,
    1.1450427770614624,
    1.1444145441055298,
    1.143892526626587,
    1.1434011459350586,
    1.1429193019866943,
    1.1424357891082764,
    1.1419435739517212,
    1.1414347887039185
  ],
  "Training Time": 15.860911846160889,
  "Validate": [
    1.1013695001602173,
    1.1084284782409668,
    1.1116809844970703,
    1.11375093460083,
    1.1154202222824097,
    1.1169296503067017,
    1.1183604001998901,
    1.1196943521499634,
    1.1209007501602173,
    1.1220893859863281
  ]
}