{
  "Train": [
    1.0514476299285889,
    1.0579626560211182,
    1.0477250814437866,
    1.0411126613616943,
    1.0298551321029663,
    1.0151252746582031,
    1.0044842958450317,
    0.9952250719070435,
    0.9854921102523804,
    0.9803729057312012
  ],
  "Training Time": 20.182988166809082,
  "Validate": [
    NaN,
    NaN,
    NaN,
    NaN,
    NaN,
    NaN,
    NaN,
    NaN,
    NaN,
    NaN
  ]
}