{
  "Train": [
    0.8397697806358337,
    0.7424143552780151,
    0.544578492641449,
    0.5123438239097595,
    0.4924435615539551,
    0.477647066116333,
    0.46585139632225037,
    0.4563862085342407,
    0.448379784822464,
    0.44129499793052673,
    0.4349934160709381,
    0.4293864369392395,
    0.4243503212928772,
    0.41993653774261475,
    0.416428804397583,
    0.41365718841552734,
    0.41051411628723145,
    0.40655526518821716,
    0.40177056193351746,
    0.39725223183631897,
    0.3983098268508911,
    0.41045427322387695,
    0.42325258255004883,
    0.39732590317726135,
    0.3829624354839325,
    0.3753754496574402,
    0.37480002641677856,
    0.3667961657047272,
    0.3719096779823303,
    0.35242801904678345,
    0.4012609124183655,
    0.40668943524360657,
    0.3451056480407715,
    0.33746665716171265,
    0.33316245675086975,
    0.3214985430240631,
    0.3256101906299591,
    0.3160141408443451,
    0.3142213225364685,
    0.3363195061683655,
    0.32684090733528137,
    0.44683927297592163,
    0.2991579473018646,
    0.26566773653030396,
    0.25231462717056274,
    0.611720860004425,
    0.7462743520736694,
    0.5732643008232117,
    0.5507304668426514,
    0.514347493648529,
    0.4601219892501831,
    0.4426954984664917,
    0.4180212616920471,
    0.39973825216293335,
    0.3930109739303589,
    0.387544184923172,
    0.3924367427825928,
    0.38010430335998535,
    0.3765208423137665,
    0.37039968371391296,
    0.3621423840522766,
    0.3511657118797302,
    0.34079429507255554,
    0.3257775902748108,
    0.31483194231987,
    0.3053721785545349,
    0.3112441599369049,
    0.3000089228153229,
    0.3108460307121277,
    0.2926863431930542,
    0.28064292669296265,
    0.2996799945831299,
    0.27629607915878296,
    0.27383729815483093,
    0.2638649046421051,
    0.27331531047821045,
    0.2762172222137451,
    0.2577719986438751,
    0.27466827630996704,
    0.25024107098579407,
    0.3066125512123108,
    0.2626294791698456,
    0.2420186549425125,
    0.24273793399333954,
    0.23825488984584808,
    0.24953928589820862,
    0.24057817459106445,
    0.2295762449502945,
    0.21851113438606262,
    0.21493415534496307,
    0.20949801802635193,
    0.20553983747959137,
    0.20649242401123047,
    0.23948557674884796,
    0.47911107540130615,
    0.9937029480934143,
    0.557285726070404,
    0.4072117507457733,
    0.32022082805633545,
    0.2755090296268463
  ],
  "Training Time": 116.97735905647278,
  "Validate": [
    NaN,
    NaN,
    NaN,
    NaN,
    NaN,
    NaN,
    NaN,
    NaN,
    NaN,
    NaN,
    NaN,
    NaN,
    NaN,
    NaN,
    NaN,
    NaN,
    NaN,
    NaN,
    NaN,
    NaN,
    NaN,
    NaN,
    NaN,
    NaN,
    NaN,
    NaN,
    NaN,
    NaN,
    NaN,
    NaN,
    NaN,
    NaN,
    NaN,
    NaN,
    NaN,
    NaN,
    NaN,
    NaN,
    NaN,
    NaN,
    NaN,
    NaN,
    NaN,
    NaN,
    NaN,
    NaN,
    NaN,
    NaN,
    NaN,
    NaN,
    NaN,
    NaN,
    NaN,
    NaN,
    NaN,
    NaN,
    NaN,
    NaN,
    NaN,
    NaN,
    NaN,
    NaN,
    NaN,
    NaN,
    NaN,
    NaN,
    NaN,
    NaN,
    NaN,
    NaN,
    NaN,
    NaN,
    NaN,
    NaN,
    NaN,
    NaN,
    NaN,
    NaN,
    NaN,
    NaN,
    NaN,
    NaN,
    NaN,
    NaN,
    NaN,
    NaN,
    NaN,
    NaN,
    NaN,
    NaN,
    NaN,
    NaN,
    NaN,
    NaN,
    NaN,
    NaN,
    NaN,
    NaN,
    NaN,
    NaN
  ]
}