{
  "Train": [
    1.0856573581695557,
    1.0483075380325317,
    0.9389956593513489,
    0.885662853717804,
    0.8401287794113159,
    0.8258867859840393,
    0.7983590364456177,
    0.7948221564292908,
    0.8647018671035767,
    0.8114911913871765,
    0.7635155916213989,
    0.7268977761268616,
    0.695397675037384,
    0.6794414520263672,
    0.7169064283370972,
    0.6997745633125305,
    0.6488611102104187,
    0.644785463809967,
    0.6070613861083984,
    0.5574750304222107,
    0.5813546776771545,
    0.5427539944648743,
    0.5200542211532593,
    0.5513320565223694,
    0.507733941078186,
    0.5336830019950867,
    0.4439076781272888,
    0.4367099702358246,
    0.41820526123046875,
    0.49428388476371765,
    0.4308633804321289,
    0.4086618721485138,
    0.6450548768043518,
    0.7167993783950806,
    0.5835526585578918,
    0.44473356008529663,
    0.4265654683113098,
    0.39799878001213074,
    0.37737587094306946,
    0.3914456367492676,
    0.4313492476940155,
    0.3588632643222809,
    0.3458947241306305,
    0.3714545667171478,
    0.3391546905040741,
    0.31983914971351624,
    0.3164207935333252,
    0.32433047890663147,
    0.3587374985218048,
    0.4415564239025116,
    0.2960210144519806,
    0.2996359169483185,
    0.3298206925392151,
    0.377250999212265,
    0.27166488766670227,
    0.30191320180892944,
    0.3386200964450836,
    0.3252886235713959,
    0.2724786102771759,
    0.2721734344959259,
    0.2546238899230957,
    0.263841837644577,
    0.28231072425842285,
    0.22664131224155426,
    0.22604818642139435,
    0.23566128313541412,
    0.24475009739398956,
    0.20843492448329926,
    0.21417877078056335,
    0.2222074717283249,
    0.20829491317272186,
    0.21273601055145264,
    0.19350162148475647,
    0.19764281809329987,
    0.1888813078403473,
    0.18689800798892975,
    0.2120714634656906,
    0.2747034728527069,
    0.5323615670204163,
    0.38976263999938965,
    0.19180415570735931,
    0.17302559316158295,
    0.16477875411510468,
    0.1623138189315796,
    0.1607646942138672,
    0.15929217636585236,
    0.15802082419395447,
    0.1568928062915802,
    0.15592172741889954,
    0.15486039221286774,
    0.1522071361541748,
    0.15457400679588318,
    0.1576681286096573,
    0.1499447077512741,
    0.15271683037281036,
    0.1484469175338745,
    0.14571158587932587,
    0.14166845381259918,
    0.14213888347148895,
    0.1456657201051712
  ],
  "Training Time": 89.49248671531677,
  "Validate": [
    0.44849956035614014,
    0.3960517644882202,
    0.3309262990951538,
    0.31606948375701904,
    0.3097996413707733,
    0.3167479336261749,
    0.32315024733543396,
    0.34487274289131165,
    0.29653260111808777,
    0.2834218442440033,
    0.29325345158576965,
    0.3104970157146454,
    0.3281502425670624,
    0.3396022617816925,
    0.35360196232795715,
    0.39484360814094543,
    0.35150012373924255,
    0.35355082154273987,
    0.34506455063819885,
    0.3454349637031555,
    0.35856711864471436,
    0.35421162843704224,
    0.37533673644065857,
    0.4117801785469055,
    0.4286324679851532,
    0.4549205005168915,
    0.45054009556770325,
    0.42463770508766174,
    0.41863158345222473,
    0.42036229372024536,
    0.41613462567329407,
    0.3807247281074524,
    0.4030661880970001,
    0.4026748538017273,
    0.4136848449707031,
    0.3839454650878906,
    0.35513126850128174,
    0.3609740436077118,
    0.3364797532558441,
    0.3296569883823395,
    0.3109477460384369,
    0.3210422396659851,
    0.33294612169265747,
    0.3351505398750305,
    0.3396969139575958,
    0.3670402765274048,
    0.38367918133735657,
    0.38880789279937744,
    0.3921946585178375,
    0.3982504904270172,
    0.4130946397781372,
    0.4265555143356323,
    0.4416826367378235,
    0.4701769948005676,
    0.47322332859039307,
    0.4814617931842804,
    0.49505698680877686,
    0.48432397842407227,
    0.497031033039093,
    0.5044613480567932,
    0.5157802700996399,
    0.5183117389678955,
    0.515953540802002,
    0.5096837878227234,
    0.5160077810287476,
    0.5058581829071045,
    0.5030296444892883,
    0.5051122307777405,
    0.5070276856422424,
    0.4947736859321594,
    0.47950121760368347,
    0.48228132724761963,
    0.48567286133766174,
    0.4725263714790344,
    0.4549502432346344,
    0.48498058319091797,
    0.4702416658401489,
    0.4139014482498169,
    0.3862757980823517,
    0.3957790434360504,
    0.3945815861225128,
    0.3878406584262848,
    0.4043355882167816,
    0.4139915704727173,
    0.4181118905544281,
    0.4200126528739929,
    0.42066195607185364,
    0.4206562936306,
    0.42023906111717224,
    0.4196319580078125,
    0.4203804135322571,
    0.4233506917953491,
    0.4062865078449249,
    0.41733837127685547,
    0.4161869287490845,
    0.4084957242012024,
    0.40735194087028503,
    0.40552738308906555,
    0.4063512682914734,
    0.4037964642047882
  ]
}