{
  "Train": [
    0.8889309763908386,
    0.8510521054267883,
    0.8384097218513489,
    0.8308033347129822,
    0.8261435627937317,
    0.8222554326057434,
    0.8193385004997253,
    0.8167619109153748,
    0.8145394921302795,
    0.8125433325767517
  ],
  "Training Time": 4.28653359413147,
  "Validate": [
    2.5995240211486816,
    2.5174431800842285,
    2.4889657497406006,
    2.4551639556884766,
    2.4258549213409424,
    2.388855457305908,
    2.363168716430664,
    2.3328306674957275,
    2.3136649131774902,
    2.2950708866119385
  ]
}