{
  "Train": [
    0.13538606464862823,
    0.1117091253399849,
    0.09850085526704788,
    0.0966288149356842,
    0.09047895669937134,
    0.09347043186426163,
    0.08689794689416885,
    0.0884375274181366,
    0.09024611115455627,
    0.0880611464381218,
    0.08330760896205902,
    0.0826752632856369,
    0.07504505664110184,
    0.08008424937725067,
    0.07167082279920578,
    0.07558897137641907,
    0.07108893245458603,
    0.07659750431776047,
    0.07004609704017639,
    0.06922835856676102,
    0.0660218670964241,
    0.07279322296380997,
    0.06551694124937057,
    0.06686144322156906,
    0.0640186294913292
  ],
  "Training Time": 15.252832412719727,
  "Validate": [
    NaN,
    NaN,
    NaN,
    NaN,
    NaN,
    NaN,
    NaN,
    NaN,
    NaN,
    NaN,
    NaN,
    NaN,
    NaN,
    NaN,
    NaN,
    NaN,
    NaN,
    NaN,
    NaN,
    NaN,
    NaN,
    NaN,
    NaN,
    NaN,
    NaN
  ]
}