{
  "Train": [
    0.231581911444664,
    0.13658128678798676,
    0.12482332438230515,
    0.09633906930685043,
    0.09454090893268585,
    0.09256113320589066,
    0.09078320115804672,
    0.08902335166931152,
    0.08776569366455078,
    0.08687416464090347,
    0.08614257723093033,
    0.08549530804157257,
    0.08490104973316193,
    0.08433230966329575,
    0.08377110958099365,
    0.08321109414100647,
    0.08265349268913269,
    0.08210227638483047,
    0.08156128972768784,
    0.08103304356336594,
    0.08051811158657074,
    0.08001308888196945,
    0.07950391620397568,
    0.07896817475557327,
    0.07842021435499191
  ],
  "Training Time": 22.957189798355103,
  "Validate": [
    NaN,
    NaN,
    NaN,
    NaN,
    NaN,
    NaN,
    NaN,
    NaN,
    NaN,
    NaN,
    NaN,
    NaN,
    NaN,
    NaN,
    NaN,
    NaN,
    NaN,
    NaN,
    NaN,
    NaN,
    NaN,
    NaN,
    NaN,
    NaN,
    NaN
  ]
}