{
  "Train": [
    0.37307626008987427,
    0.16503845155239105,
    0.13976030051708221,
    0.1294807344675064,
    0.12289335578680038,
    0.11780339479446411,
    0.11354659497737885,
    0.10963369160890579,
    0.10583483427762985,
    0.10215470939874649,
    0.09876582771539688,
    0.09578651934862137,
    0.09319691359996796,
    0.09102029353380203,
    0.08931977301836014,
    0.08789221197366714,
    0.08640049397945404,
    0.08485398441553116,
    0.08325755596160889,
    0.08157161623239517,
    0.07999677956104279,
    0.07865887880325317,
    0.07755044847726822,
    0.07652288675308228,
    0.0754438191652298
  ],
  "Training Time": 18.02788805961609,
  "Validate": [
    0.5065017938613892,
    0.6380313634872437,
    0.7124892473220825,
    0.7471052408218384,
    0.7768200039863586,
    0.8135767579078674,
    0.856802761554718,
    0.9039663672447205,
    0.9527347087860107,
    1.0003347396850586,
    1.0441999435424805,
    1.0833590030670166,
    1.1199718713760376,
    1.1620681285858154,
    1.214016318321228,
    1.2610129117965698,
    1.3064383268356323,
    1.3664969205856323,
    1.4141631126403809,
    1.4743586778640747,
    1.5365703105926514,
    1.6081703901290894,
    1.6809635162353516,
    1.7322907447814941,
    1.7636736631393433
  ]
}