{
  "Train": [
    1.1281059980392456,
    1.09218168258667,
    1.0736740827560425,
    1.0509241819381714,
    1.024903416633606,
    0.9959821701049805,
    0.9501743912696838,
    0.896895170211792,
    0.859849214553833,
    0.8526951670646667
  ],
  "Training Time": 3.4583756923675537,
  "Validate": [
    4.3647966384887695,
    4.3628315925598145,
    4.304226875305176,
    4.278489589691162,
    4.36990213394165,
    4.30177640914917,
    4.264516353607178,
    4.0090765953063965,
    3.7603166103363037,
    3.662961006164551
  ]
}