{
  "Train": [
    0.5094095468521118,
    0.14756746590137482,
    0.09055390954017639,
    0.07320045679807663,
    0.05802205204963684,
    0.04325111582875252,
    0.03343670070171356,
    0.028792962431907654,
    0.026380611583590508,
    0.02516215853393078,
    0.02425585687160492,
    0.023475417867302895,
    0.022912045940756798,
    0.02248169481754303,
    0.022140022367239,
    0.021867917850613594,
    0.021650822833180428,
    0.021479301154613495,
    0.021344756707549095,
    0.02123655192553997,
    0.021144846454262733,
    0.021068735048174858,
    0.021020498126745224,
    0.02101999893784523,
    0.021084968000650406
  ],
  "Training Time": 11.05806589126587,
  "Validate": [
    1.820391058921814,
    0.6728984117507935,
    0.5374580025672913,
    0.547592043876648,
    0.6292635202407837,
    0.7876678109169006,
    0.8823619484901428,
    0.8475300073623657,
    0.8049888014793396,
    0.7816182971000671,
    0.7684634923934937,
    0.7596617341041565,
    0.7544498443603516,
    0.7514945864677429,
    0.7496137022972107,
    0.7480900287628174,
    0.7462713718414307,
    0.7436185479164124,
    0.7398557662963867,
    0.7351319789886475,
    0.7299253344535828,
    0.7245286107063293,
    0.7186789512634277,
    0.7117956876754761,
    0.7035700082778931
  ]
}