{
  "Train": [
    0.07072653621435165,
    0.042908117175102234,
    0.03359181433916092,
    0.029873589053750038,
    0.027969129383563995,
    0.026872824877500534,
    0.02598251961171627,
    0.02538073994219303,
    0.024923190474510193,
    0.024529743939638138,
    0.024184882640838623,
    0.023863179609179497,
    0.023559456691145897,
    0.0232735276222229,
    0.023004114627838135,
    0.022748906165361404,
    0.022502457723021507,
    0.022257715463638306,
    0.022010186687111855,
    0.021759646013379097,
    0.021507248282432556,
    0.021252386271953583,
    0.020992111414670944,
    0.020722301676869392,
    0.020439017564058304
  ],
  "Training Time": 16.166160106658936,
  "Validate": [
    NaN,
    NaN,
    NaN,
    NaN,
    NaN,
    NaN,
    NaN,
    NaN,
    NaN,
    NaN,
    NaN,
    NaN,
    NaN,
    NaN,
    NaN,
    NaN,
    NaN,
    NaN,
    NaN,
    NaN,
    NaN,
    NaN,
    NaN,
    NaN,
    NaN
  ]
}