{
  "Train": [
    0.4102422893047333,
    0.2368161380290985,
    0.19879810512065887,
    0.1724918633699417,
    0.1558564305305481,
    0.14345651865005493,
    0.13379356265068054,
    0.12579648196697235,
    0.11958200484514236,
    0.11513476073741913,
    0.11044327169656754,
    0.10746082663536072,
    0.10383443534374237,
    0.104349285364151,
    0.10262365639209747,
    0.09929484128952026,
    0.09912727773189545,
    0.09593606740236282,
    0.09615179151296616,
    0.093703992664814,
    0.09352937340736389,
    0.09422134608030319,
    0.08849209547042847,
    0.08636937290430069,
    0.08424019813537598
  ],
  "Training Time": 22.80873203277588,
  "Validate": [
    NaN,
    NaN,
    NaN,
    NaN,
    NaN,
    NaN,
    NaN,
    NaN,
    NaN,
    NaN,
    NaN,
    NaN,
    NaN,
    NaN,
    NaN,
    NaN,
    NaN,
    NaN,
    NaN,
    NaN,
    NaN,
    NaN,
    NaN,
    NaN,
    NaN
  ]
}