{
  "Train": [
    0.30969104170799255,
    0.21563243865966797,
    0.18095983564853668,
    0.16509127616882324,
    0.15563036501407623,
    0.14701271057128906,
    0.13925263285636902,
    0.13211935758590698,
    0.12542210519313812,
    0.11904923617839813,
    0.11298009008169174,
    0.10724569112062454,
    0.10187339037656784,
    0.09684080630540848,
    0.09204385429620743,
    0.0874188169836998,
    0.08313833922147751,
    0.07944391667842865,
    0.07631351798772812,
    0.07361508160829544,
    0.07130397856235504,
    0.06942630559206009,
    0.06806864589452744,
    0.06725505739450455,
    0.06684377789497375
  ],
  "Training Time": 17.76350498199463,
  "Validate": [
    2.788301706314087,
    2.65513014793396,
    2.739800214767456,
    2.835392713546753,
    2.8888566493988037,
    2.9368650913238525,
    2.986725091934204,
    3.035115957260132,
    3.0759224891662598,
    3.104311943054199,
    3.1172027587890625,
    3.113266944885254,
    3.093186140060425,
    3.0600662231445312,
    3.021381378173828,
    2.988123893737793,
    2.965664863586426,
    2.9509286880493164,
    2.937652826309204,
    2.920865535736084,
    2.8982527256011963,
    2.869795560836792,
    2.8364250659942627,
    2.7989487648010254,
    2.7579851150512695
  ]
}