{
  "Train": [
    1.0748378038406372,
    1.0666805505752563,
    1.0610084533691406,
    0.9995776414871216,
    1.017400860786438,
    0.94951993227005,
    0.9987303018569946,
    1.004558801651001,
    0.9952036142349243,
    0.893069326877594
  ],
  "Training Time": 15.607245445251465,
  "Validate": [
    0.6300143599510193,
    0.5389533638954163,
    0.4735020399093628,
    0.47322767972946167,
    0.5387917160987854,
    0.34633108973503113,
    0.45828941464424133,
    0.42954400181770325,
    0.4905676543712616,
    0.32064011693000793
  ]
}