{
  "Train": [
    1.1921769380569458,
    1.1688886880874634,
    1.1648703813552856,
    1.1609004735946655,
    1.155374526977539,
    1.1498781442642212,
    1.144722819328308,
    1.1400902271270752,
    1.1354775428771973,
    1.1305592060089111
  ],
  "Training Time": 17.204009294509888,
  "Validate": [
    1.9979733228683472,
    1.987647533416748,
    2.017287254333496,
    2.038071632385254,
    2.064696788787842,
    2.084691047668457,
    2.0977818965911865,
    2.1022493839263916,
    2.1032509803771973,
    2.101935625076294
  ]
}