{
  "Train": [
    0.7305571436882019,
    0.6993654370307922,
    0.6888599991798401,
    0.6812611818313599,
    0.6743746995925903,
    0.6674870252609253,
    0.6603354811668396,
    0.6528124213218689,
    0.644973874092102,
    0.6370385885238647
  ],
  "Training Time": 11.450838804244995,
  "Validate": [
    0.41908562183380127,
    0.40688368678092957,
    0.40390682220458984,
    0.4033319652080536,
    0.40316399931907654,
    0.40288618206977844,
    0.4024170935153961,
    0.40188148617744446,
    0.4013902544975281,
    0.40085914731025696
  ]
}