{
  "Train": [
    0.8048850893974304,
    0.7754449844360352,
    0.7583585381507874,
    0.7445341944694519,
    0.7361621856689453,
    0.7208814024925232,
    0.7165810465812683,
    0.6987672448158264,
    0.682433009147644,
    0.6640070080757141
  ],
  "Training Time": 14.237341403961182,
  "Validate": [
    NaN,
    NaN,
    NaN,
    NaN,
    NaN,
    NaN,
    NaN,
    NaN,
    NaN,
    NaN
  ]
}