{
  "Train": [
    1.0407403707504272,
    0.8831507563591003,
    0.8399398922920227,
    0.8213633298873901,
    0.8096267580986023,
    0.7997740507125854,
    0.7904413342475891,
    0.7812159657478333,
    0.7718169093132019,
    0.7620007991790771
  ],
  "Training Time": 12.29368805885315,
  "Validate": [
    3.4953620433807373,
    3.161299228668213,
    2.9452004432678223,
    2.8089945316314697,
    2.7160749435424805,
    2.640716314315796,
    2.576853036880493,
    2.5232362747192383,
    2.489631414413452,
    2.4789891242980957
  ]
}