{
  "Train": [
    1.122421145439148,
    1.1139006614685059,
    1.1119855642318726,
    1.1099824905395508,
    1.1046679019927979,
    1.0989763736724854,
    1.0934488773345947,
    1.088646650314331,
    1.0854331254959106,
    1.0828768014907837
  ],
  "Training Time": 3.397134304046631,
  "Validate": [
    1.4218099117279053,
    1.394116759300232,
    1.3916780948638916,
    1.4046568870544434,
    1.4222877025604248,
    1.422454833984375,
    1.4279109239578247,
    1.4264755249023438,
    1.4234734773635864,
    1.4186009168624878
  ]
}