{
  "Train": [
    0.25715401768684387,
    0.1444796472787857,
    0.09580321609973907,
    0.08497997373342514,
    0.08010144531726837,
    0.0731576457619667,
    0.06890763342380524,
    0.06724166125059128,
    0.05797463282942772,
    0.058364808559417725,
    0.05251217633485794,
    0.04901713877916336,
    0.043654512614011765,
    0.038238584995269775,
    0.03370121866464615,
    0.028808457776904106,
    0.025133991613984108,
    0.023855816572904587,
    0.021675419062376022,
    0.0200253427028656,
    0.0224834643304348,
    0.01813804917037487,
    0.02997562661767006,
    0.026314690709114075,
    0.012301565147936344
  ],
  "Training Time": 11.564229488372803,
  "Validate": [
    0.6350474953651428,
    1.1656807661056519,
    1.4948989152908325,
    1.8464598655700684,
    2.0504064559936523,
    2.30159330368042,
    2.142949342727661,
    2.25290846824646,
    2.5761358737945557,
    2.7449584007263184,
    2.780625104904175,
    2.8366193771362305,
    2.7428436279296875,
    2.79695987701416,
    2.746845006942749,
    2.9150660037994385,
    2.8605666160583496,
    2.8134140968322754,
    2.7555606365203857,
    2.687528133392334,
    2.6231603622436523,
    2.615952730178833,
    2.41424298286438,
    1.872036337852478,
    2.050640821456909
  ]
}