{
  "Train": [
    1.23930823802948,
    0.9717284440994263,
    0.9405102729797363,
    0.9202530980110168,
    0.9009949564933777,
    0.8839578032493591,
    0.8653357625007629,
    0.8422175049781799,
    0.8071708679199219,
    0.7679764628410339
  ],
  "Training Time": 7.149965047836304,
  "Validate": [
    1.6735374927520752,
    1.6192935705184937,
    1.6496829986572266,
    1.7077972888946533,
    1.7868828773498535,
    1.868825078010559,
    1.9552531242370605,
    2.0428049564361572,
    2.0517663955688477,
    2.645583152770996
  ]
}