{
  "Train": [
    0.10922437906265259,
    0.06372544169425964,
    0.050286371260881424,
    0.04249492660164833,
    0.03843778371810913,
    0.03582168370485306,
    0.03406595066189766,
    0.032812848687171936,
    0.03185168653726578,
    0.0310598723590374,
    0.03037199191749096,
    0.029753129929304123,
    0.029184255748987198,
    0.028656162321567535,
    0.028165102005004883,
    0.02770967036485672,
    0.02728904038667679,
    0.026902029290795326,
    0.026547010987997055,
    0.026221690699458122,
    0.0259234718978405,
    0.025649601593613625,
    0.02539738267660141,
    0.02516433224081993,
    0.02494821697473526
  ],
  "Training Time": 15.81331205368042,
  "Validate": [
    NaN,
    NaN,
    NaN,
    NaN,
    NaN,
    NaN,
    NaN,
    NaN,
    NaN,
    NaN,
    NaN,
    NaN,
    NaN,
    NaN,
    NaN,
    NaN,
    NaN,
    NaN,
    NaN,
    NaN,
    NaN,
    NaN,
    NaN,
    NaN,
    NaN
  ]
}