{
  "Train": [
    0.9395725131034851,
    0.8428393006324768,
    0.8123518228530884,
    0.788444995880127,
    0.7663345336914062,
    0.7444036602973938,
    0.7217878699302673,
    0.6980738043785095,
    0.673693060874939,
    0.6502542495727539
  ],
  "Training Time": 2.338590145111084,
  "Validate": [
    0.1584964245557785,
    0.21558333933353424,
    0.27647635340690613,
    0.3377832770347595,
    0.40475282073020935,
    0.48469582200050354,
    0.5869875550270081,
    0.7205829620361328,
    0.8848668932914734,
    1.0613631010055542
  ]
}