{
  "Train": [
    0.4510994553565979,
    0.42975082993507385,
    0.41148877143859863,
    0.3982751667499542,
    0.38717105984687805,
    0.37725818157196045,
    0.36812105774879456,
    0.359550416469574,
    0.3514144718647003,
    0.343648761510849
  ],
  "Training Time": 2.838456869125366,
  "Validate": [
    NaN,
    NaN,
    NaN,
    NaN,
    NaN,
    NaN,
    NaN,
    NaN,
    NaN,
    NaN
  ]
}