{
  "Train": [
    1.3135885000228882,
    0.7904000878334045,
    0.717162013053894,
    0.6352680921554565,
    0.6747413277626038,
    0.5865309834480286,
    0.6157929301261902,
    0.5961905717849731,
    0.5296081304550171,
    0.507766604423523,
    0.49526292085647583,
    0.48161780834198,
    0.47669360041618347,
    0.46173977851867676,
    0.5360875725746155,
    0.6902153491973877,
    0.6892104148864746,
    0.6840601563453674,
    0.6853839159011841,
    0.5499971508979797,
    0.5197747945785522,
    0.5060427188873291,
    0.49794256687164307,
    0.49157729744911194,
    0.4856753945350647,
    0.47998568415641785,
    0.4746176302433014,
    0.46983960270881653,
    0.46566042304039,
    0.4614972174167633,
    0.457257479429245,
    0.4528782367706299,
    0.4482785165309906,
    0.44348394870758057,
    0.43743547797203064,
    0.43094122409820557,
    0.4203698933124542,
    0.41409751772880554,
    0.41179385781288147,
    0.40658748149871826,
    0.40418365597724915,
    0.40048733353614807,
    0.402363121509552,
    0.39098605513572693,
    0.38965195417404175,
    0.4224763512611389,
    0.4206741154193878,
    0.398773729801178,
    0.3819519281387329,
    0.3766830861568451,
    0.3734627366065979,
    0.36861395835876465,
    0.4225066602230072,
    0.3820020258426666,
    0.48667484521865845,
    0.7486162185668945,
    0.6517061591148376,
    0.5488826632499695,
    0.6030873656272888,
    0.38106223940849304,
    0.358246386051178,
    0.35066521167755127,
    0.3452971577644348,
    0.34123092889785767,
    0.33788877725601196,
    0.3351043164730072,
    0.3326757848262787,
    0.33040815591812134,
    0.32837238907814026,
    0.3262302577495575,
    0.32436954975128174,
    0.32240694761276245,
    0.3202667832374573,
    0.3190278708934784,
    0.3175995349884033,
    0.31612056493759155,
    0.31376129388809204,
    0.31157544255256653,
    0.3071179986000061,
    0.3049728572368622,
    0.30313438177108765,
    0.30002260208129883,
    0.30063095688819885,
    0.29622209072113037,
    0.29498618841171265,
    0.29815027117729187,
    0.2930402457714081,
    0.282711923122406,
    0.9159643054008484,
    0.6269670128822327,
    0.5469328165054321,
    0.4631630778312683,
    0.44347575306892395,
    0.4268878400325775,
    0.4135378301143646,
    0.4027654230594635,
    0.39360761642456055,
    0.3852175772190094,
    0.3772490918636322,
    0.36956602334976196
  ],
  "Training Time": 71.80740404129028,
  "Validate": [
    NaN,
    NaN,
    NaN,
    NaN,
    NaN,
    NaN,
    NaN,
    NaN,
    NaN,
    NaN,
    NaN,
    NaN,
    NaN,
    NaN,
    NaN,
    NaN,
    NaN,
    NaN,
    NaN,
    NaN,
    NaN,
    NaN,
    NaN,
    NaN,
    NaN,
    NaN,
    NaN,
    NaN,
    NaN,
    NaN,
    NaN,
    NaN,
    NaN,
    NaN,
    NaN,
    NaN,
    NaN,
    NaN,
    NaN,
    NaN,
    NaN,
    NaN,
    NaN,
    NaN,
    NaN,
    NaN,
    NaN,
    NaN,
    NaN,
    NaN,
    NaN,
    NaN,
    NaN,
    NaN,
    NaN,
    NaN,
    NaN,
    NaN,
    NaN,
    NaN,
    NaN,
    NaN,
    NaN,
    NaN,
    NaN,
    NaN,
    NaN,
    NaN,
    NaN,
    NaN,
    NaN,
    NaN,
    NaN,
    NaN,
    NaN,
    NaN,
    NaN,
    NaN,
    NaN,
    NaN,
    NaN,
    NaN,
    NaN,
    NaN,
    NaN,
    NaN,
    NaN,
    NaN,
    NaN,
    NaN,
    NaN,
    NaN,
    NaN,
    NaN,
    NaN,
    NaN,
    NaN,
    NaN,
    NaN,
    NaN
  ]
}