{
  "Train": [
    1.754196286201477,
    1.3537721633911133,
    1.231913447380066,
    1.1381157636642456,
    1.0882166624069214,
    1.0495567321777344,
    1.0174599885940552,
    0.9888743162155151,
    0.9615864157676697,
    0.9368037581443787,
    0.9011833071708679,
    0.885805606842041,
    0.8674656748771667,
    0.850326418876648,
    0.8187848329544067,
    0.806361973285675,
    0.7960839867591858,
    0.7873957753181458,
    0.7735947370529175,
    0.7656527757644653,
    0.7574159502983093,
    0.7366727590560913,
    0.7277913689613342,
    0.8317163586616516,
    0.7242191433906555,
    0.697435200214386,
    0.6846209168434143,
    0.6810522675514221,
    0.6668081879615784,
    0.6600318551063538,
    0.6488369107246399,
    0.6463220715522766,
    0.6166602969169617,
    0.6294966340065002,
    0.732148289680481,
    0.6002249121665955,
    0.6028498411178589,
    0.5953563451766968,
    0.6021009087562561,
    0.6272846460342407,
    0.6049022078514099,
    0.5732646584510803,
    0.578702449798584,
    0.5536736249923706,
    0.5649928450584412,
    0.5345569849014282,
    0.5518789887428284,
    0.5113845467567444,
    0.5154854655265808,
    0.49356046319007874,
    0.4960930049419403,
    0.4720557630062103,
    0.4714280068874359,
    0.4522188603878021,
    0.45132341980934143,
    0.4326527416706085,
    0.42870572209358215,
    0.4136575758457184,
    0.4086059033870697,
    0.39536115527153015,
    0.39249804615974426,
    0.3781288266181946,
    0.3824157118797302,
    0.3537861704826355,
    0.35090428590774536,
    0.32774654030799866,
    0.3055683970451355,
    0.30486053228378296,
    0.327513724565506,
    0.31891584396362305,
    0.5139554142951965,
    0.5502723455429077,
    0.41478875279426575,
    0.3603714406490326,
    0.31241682171821594,
    0.2963986396789551,
    0.2889729142189026,
    0.27770355343818665,
    0.2651797831058502,
    0.27494457364082336,
    0.28058984875679016,
    0.25426849722862244,
    0.24913927912712097,
    0.4493148922920227,
    0.7885417938232422,
    0.6389660835266113,
    0.4363883137702942,
    0.2786092162132263,
    0.25572630763053894,
    0.21659190952777863,
    0.20740115642547607,
    0.2001798301935196,
    0.19625282287597656,
    0.19221019744873047,
    0.1881890445947647,
    0.18397484719753265,
    0.17968495190143585,
    0.17541465163230896,
    0.1713056117296219,
    0.1673005372285843
  ],
  "Training Time": 59.45404887199402,
  "Validate": [
    3.467454671859741,
    2.5193068981170654,
    2.6956803798675537,
    2.7592828273773193,
    2.8155035972595215,
    2.845184803009033,
    2.8068788051605225,
    2.7409658432006836,
    2.6327786445617676,
    2.5726723670959473,
    2.5555639266967773,
    2.4941601753234863,
    2.4631752967834473,
    2.411682367324829,
    2.3910703659057617,
    2.731956958770752,
    2.751397132873535,
    2.839327335357666,
    2.9888534545898438,
    3.067552328109741,
    3.319307565689087,
    3.2775309085845947,
    2.7446181774139404,
    4.400890350341797,
    2.276317596435547,
    2.51761531829834,
    2.7685537338256836,
    2.7963674068450928,
    2.881437301635742,
    2.967634677886963,
    2.9788217544555664,
    3.129014492034912,
    2.9327573776245117,
    2.944938898086548,
    4.9551286697387695,
    2.6393840312957764,
    3.980271100997925,
    4.054833889007568,
    4.225371360778809,
    6.34307861328125,
    4.1920857429504395,
    5.29050350189209,
    4.472477436065674,
    5.667784214019775,
    4.6335062980651855,
    5.665421962738037,
    4.469082355499268,
    3.760594129562378,
    4.898843288421631,
    3.673438787460327,
    4.952396869659424,
    3.767345428466797,
    5.082507610321045,
    3.847886562347412,
    5.198727130889893,
    4.023985862731934,
    5.290815353393555,
    4.100766658782959,
    5.407079219818115,
    4.100186347961426,
    5.576719284057617,
    4.389309406280518,
    5.747897624969482,
    4.612484455108643,
    4.453195571899414,
    4.426087379455566,
    4.432565689086914,
    4.326920032501221,
    6.365058422088623,
    6.985395431518555,
    3.758233070373535,
    5.804981231689453,
    5.105071544647217,
    4.99174165725708,
    5.088832378387451,
    5.071395397186279,
    5.272663116455078,
    5.3079609870910645,
    5.252470970153809,
    6.889050006866455,
    5.752437114715576,
    7.59079122543335,
    8.90677547454834,
    6.256411552429199,
    5.074728012084961,
    5.553430557250977,
    6.300036430358887,
    6.874096870422363,
    6.529314994812012,
    7.018876552581787,
    7.267196178436279,
    7.367863178253174,
    7.582632064819336,
    7.7588043212890625,
    7.958755970001221,
    8.159932136535645,
    8.367719650268555,
    8.573253631591797,
    8.770146369934082,
    8.95536994934082
  ]
}