{
  "Train": [
    1.0932140350341797,
    1.086591362953186,
    1.0817350149154663,
    1.0770920515060425,
    1.0726308822631836,
    1.068243145942688,
    1.0636577606201172,
    1.0585737228393555,
    1.0526427030563354,
    1.0453860759735107,
    1.0361380577087402,
    1.0241563320159912,
    1.0093146562576294,
    0.9933785796165466,
    0.9788563251495361,
    0.9654272794723511,
    0.9521386623382568,
    0.9386764168739319,
    0.9245718717575073,
    0.9091873168945312,
    0.8914908170700073,
    0.8696467876434326,
    0.8412895202636719,
    0.8095606565475464,
    0.7849225401878357,
    0.7674989104270935,
    0.7533965110778809,
    0.741654098033905,
    0.7313533425331116,
    0.7219011187553406,
    0.7130155563354492,
    0.704591691493988,
    0.6965087056159973,
    0.6885904669761658,
    0.6806595325469971,
    0.6725830435752869,
    0.6642909646034241,
    0.6557790040969849,
    0.6471263766288757,
    0.6385418176651001,
    0.6303645968437195,
    0.6228868961334229,
    0.6161309480667114,
    0.6098805069923401,
    0.6038888096809387,
    0.5980099439620972,
    0.592187762260437,
    0.5863959789276123,
    0.5806103944778442,
    0.5748080015182495,
    0.5689725875854492,
    0.5630933046340942,
    0.5571617484092712,
    0.5511661171913147,
    0.545089066028595,
    0.5389114618301392,
    0.5326281189918518,
    0.5262652039527893,
    0.5198961496353149,
    0.513625979423523,
    0.5075321197509766,
    0.5015490651130676,
    0.49512243270874023,
    0.48688843846321106,
    0.4754016101360321,
    0.46641242504119873,
    0.4617290496826172,
    0.48424047231674194,
    0.45535337924957275,
    0.45064643025398254,
    0.44498953223228455,
    0.4381692409515381,
    0.4316110908985138,
    0.42538294196128845,
    0.42027077078819275,
    0.4160243272781372,
    0.4110569953918457,
    0.4073580205440521,
    0.4016142785549164,
    0.3984871208667755,
    0.36984628438949585,
    0.361910343170166,
    0.34673017263412476,
    0.34397560358047485,
    0.35481077432632446,
    0.3361821174621582,
    0.4382331669330597,
    0.3891686797142029,
    0.3270607888698578,
    0.3194907307624817,
    0.3173956871032715,
    0.312309592962265,
    0.3069940209388733,
    0.3000343441963196,
    0.29479604959487915,
    0.2904794216156006,
    0.28504806756973267,
    0.2801758646965027,
    0.27471649646759033,
    0.2693725824356079
  ],
  "Training Time": 47.387452602386475,
  "Validate": [
    4.336155891418457,
    4.341607570648193,
    4.342939376831055,
    4.340652942657471,
    4.335627555847168,
    4.328550338745117,
    4.319472789764404,
    4.308196067810059,
    4.295165538787842,
    4.283034801483154,
    4.27885627746582,
    4.292666912078857,
    4.326613426208496,
    4.37016487121582,
    4.417201519012451,
    4.472173690795898,
    4.534866809844971,
    4.602047920227051,
    4.670956134796143,
    4.737961292266846,
    4.798178672790527,
    4.845811367034912,
    4.879364967346191,
    4.933781147003174,
    5.0121378898620605,
    5.073945045471191,
    5.116994857788086,
    5.147712230682373,
    5.176584243774414,
    5.209868431091309,
    5.246135234832764,
    5.280567169189453,
    5.308637619018555,
    5.327142715454102,
    5.334563732147217,
    5.331176280975342,
    5.318941116333008,
    5.3013014793396,
    5.28269624710083,
    5.267730236053467,
    5.259574890136719,
    5.257823467254639,
    5.259019374847412,
    5.260037422180176,
    5.25977897644043,
    5.2584404945373535,
    5.256598472595215,
    5.254850387573242,
    5.253692626953125,
    5.253428936004639,
    5.2541279792785645,
    5.255631446838379,
    5.257662773132324,
    5.259963512420654,
    5.262387275695801,
    5.26492166519165,
    5.26763916015625,
    5.270544528961182,
    5.273194789886475,
    5.274148464202881,
    5.271471977233887,
    5.266927242279053,
    5.268064975738525,
    5.2786784172058105,
    5.291616439819336,
    5.302822589874268,
    5.086781978607178,
    5.183135509490967,
    5.279918193817139,
    5.348350524902344,
    5.387701511383057,
    5.408124923706055,
    5.421854019165039,
    5.4296183586120605,
    5.435581684112549,
    5.434643268585205,
    5.43568229675293,
    5.4118428230285645,
    5.410339832305908,
    5.380290508270264,
    5.386731147766113,
    5.379465103149414,
    5.4313578605651855,
    5.515796661376953,
    5.572258472442627,
    5.650485515594482,
    5.491069316864014,
    5.592850208282471,
    5.613462924957275,
    5.669611930847168,
    5.7187275886535645,
    5.762823104858398,
    5.813494682312012,
    5.871786117553711,
    5.933216571807861,
    5.995272636413574,
    6.0595479011535645,
    6.12255859375,
    6.184820652008057,
    6.247437000274658
  ]
}