{
  "Train": [
    1.3713260889053345,
    1.1809005737304688,
    1.1515501737594604,
    1.046042561531067,
    0.9849898219108582,
    0.9296450018882751,
    0.9397406578063965,
    0.9135575890541077,
    0.8665586113929749,
    0.8616738319396973,
    0.8237593770027161,
    0.8001505732536316,
    0.8184687495231628,
    0.8030802011489868,
    0.8046985864639282,
    0.7922506928443909,
    0.7819960713386536,
    0.7530813217163086,
    0.7247233986854553,
    0.7627543210983276,
    0.7135968208312988,
    0.733967125415802,
    0.7641258239746094,
    0.7172535061836243,
    0.6570447683334351,
    0.6600061655044556,
    0.6585936546325684,
    0.6370934247970581,
    0.6155493855476379,
    0.5961684584617615,
    0.5706530809402466,
    0.5538458824157715,
    0.527954638004303,
    0.5269380211830139,
    0.5147482752799988,
    0.5071195960044861,
    0.47591906785964966,
    0.5911269187927246,
    0.5004026889801025,
    0.4917457103729248,
    0.45361366868019104,
    0.4670025706291199,
    0.42635321617126465,
    0.4127657413482666,
    0.4242124557495117,
    0.5708642601966858,
    0.4323330819606781,
    0.47633740305900574,
    0.4564097821712494,
    0.3832891285419464,
    0.34683123230934143,
    0.33520033955574036,
    0.32742032408714294,
    0.31523817777633667,
    0.3053205609321594,
    0.295311838388443,
    0.28596261143684387,
    0.27685415744781494,
    0.26784318685531616,
    0.2617889642715454,
    0.2636425197124481,
    0.2531115412712097,
    0.3448195457458496,
    0.2949684262275696,
    0.28049716353416443,
    0.416914701461792,
    0.4316621720790863,
    0.3475625514984131,
    0.5522993206977844,
    0.3925558924674988,
    0.26566794514656067,
    0.22105585038661957,
    0.2105097472667694,
    0.19248490035533905,
    0.1843060702085495,
    0.17799519002437592,
    0.1729186624288559,
    0.1672997623682022,
    0.16201932728290558,
    0.16002784669399261,
    0.23570649325847626,
    0.19110894203186035,
    0.1643369346857071,
    0.16009534895420074,
    0.14604929089546204,
    0.14313723146915436,
    0.17022348940372467,
    0.23710563778877258,
    0.1551380157470703,
    0.15874509513378143,
    0.14649643003940582,
    0.13930590450763702,
    0.144036665558815,
    0.1268962025642395,
    0.18097858130931854,
    0.2514292895793915,
    0.17949838936328888,
    0.13277730345726013,
    0.12321560084819794,
    0.14004765450954437
  ],
  "Training Time": 96.69098854064941,
  "Validate": [
    1.1089024543762207,
    1.9309000968933105,
    2.1801652908325195,
    2.3141796588897705,
    2.5997445583343506,
    2.704449415206909,
    2.846741199493408,
    2.5240707397460938,
    2.5731093883514404,
    2.6013052463531494,
    2.5469865798950195,
    2.2251851558685303,
    1.9699318408966064,
    1.923649549484253,
    1.9493862390518188,
    2.1310465335845947,
    2.361013174057007,
    2.2120378017425537,
    2.1605823040008545,
    2.2069826126098633,
    1.7749980688095093,
    2.4690840244293213,
    2.2100181579589844,
    2.2012667655944824,
    2.14135479927063,
    2.230142593383789,
    2.2637441158294678,
    2.375091791152954,
    2.4333574771881104,
    2.504469871520996,
    2.525526285171509,
    2.5351884365081787,
    2.5680696964263916,
    2.6561689376831055,
    2.573086738586426,
    2.6585402488708496,
    2.654360771179199,
    2.596111536026001,
    2.897871971130371,
    2.9414560794830322,
    2.8783323764801025,
    2.8745977878570557,
    2.936526298522949,
    2.830416440963745,
    2.94441819190979,
    2.8287174701690674,
    2.897550582885742,
    2.9627861976623535,
    3.0527822971343994,
    3.1768686771392822,
    3.160749912261963,
    3.1172003746032715,
    3.0801315307617188,
    3.117645025253296,
    3.120687246322632,
    3.1961731910705566,
    3.17417049407959,
    3.301677703857422,
    3.199038028717041,
    3.3649187088012695,
    3.4271275997161865,
    3.4266226291656494,
    3.2027127742767334,
    3.4103195667266846,
    3.4404959678649902,
    3.461555242538452,
    3.7445123195648193,
    3.577780246734619,
    2.6510417461395264,
    3.3130874633789062,
    3.5335707664489746,
    3.4275095462799072,
    3.509699821472168,
    3.5132944583892822,
    3.529890537261963,
    3.562910318374634,
    3.6022720336914062,
    3.6292197704315186,
    3.654719352722168,
    3.726837396621704,
    3.419790744781494,
    3.5380470752716064,
    3.4544458389282227,
    3.6659812927246094,
    3.6946070194244385,
    3.59622859954834,
    3.593017339706421,
    3.890342950820923,
    3.463459014892578,
    3.494919776916504,
    3.587496757507324,
    3.5751700401306152,
    3.485727071762085,
    3.6619293689727783,
    3.4447593688964844,
    3.4992406368255615,
    3.4786453247070312,
    3.5239524841308594,
    3.4783294200897217,
    3.711137533187866
  ]
}