{
  "Train": [
    1.0935933589935303,
    1.084462285041809,
    1.0806255340576172,
    1.0769819021224976,
    1.072762370109558,
    1.0673105716705322,
    1.0599052906036377,
    1.0503895282745361,
    1.0390961170196533,
    1.0237998962402344,
    1.0003918409347534,
    0.9572915434837341,
    0.8955297470092773,
    0.8574007749557495,
    0.8499854803085327,
    0.8471841216087341,
    0.8229116797447205,
    0.8115136623382568,
    0.7965426445007324,
    0.7928866147994995,
    0.7812286019325256,
    0.7732045650482178,
    0.7709304094314575,
    0.7610019445419312,
    0.7926642298698425,
    0.7810476422309875,
    0.7009420394897461,
    0.6945199966430664,
    0.7036770582199097,
    0.686293363571167,
    0.6743863821029663,
    0.6693124175071716,
    0.6870869398117065,
    0.6870527863502502,
    0.6694457530975342,
    0.6659708619117737,
    0.8200342059135437,
    0.6422924995422363,
    0.6320633888244629,
    0.625606894493103,
    0.6203895807266235,
    0.6156584620475769,
    0.6111184358596802,
    0.6066402792930603,
    0.6021845936775208,
    0.5977576971054077,
    0.5933787226676941,
    0.5891500115394592,
    0.5849531888961792,
    0.5802177786827087,
    0.5745786428451538,
    0.5701327919960022,
    0.5650837421417236,
    0.5627597570419312,
    0.5635486841201782,
    0.5678847432136536,
    0.776003360748291,
    0.5945495367050171,
    0.5738337635993958,
    0.5367797017097473,
    0.523959219455719,
    0.5080164670944214,
    0.5008311867713928,
    0.4943792521953583,
    0.4877411723136902,
    0.48079535365104675,
    0.474295049905777,
    0.46904075145721436,
    0.4649902284145355,
    0.4611467123031616,
    0.4568520486354828,
    0.45226117968559265,
    0.4460003077983856,
    0.43623048067092896,
    0.4254857003688812,
    0.4147081971168518,
    0.40461257100105286,
    0.4019745886325836,
    0.4358540177345276,
    0.39147230982780457,
    0.3906134366989136,
    0.37461987137794495,
    0.37126797437667847,
    0.3749193549156189,
    0.37285417318344116,
    0.3497341573238373,
    0.33510980010032654,
    0.3374439477920532,
    0.3152512013912201,
    0.3132639229297638,
    0.2906099259853363,
    0.2881985902786255,
    0.27087268233299255,
    0.2563275098800659,
    0.25218528509140015,
    0.23840104043483734,
    0.24618172645568848,
    0.2749558091163635,
    0.2950979769229889,
    0.27181482315063477
  ],
  "Training Time": 73.92455172538757,
  "Validate": [
    4.39752197265625,
    4.395350933074951,
    4.387047290802002,
    4.37263298034668,
    4.348690509796143,
    4.308459758758545,
    4.24560022354126,
    4.1748762130737305,
    4.129373550415039,
    4.1129279136657715,
    4.182919025421143,
    4.166347026824951,
    4.155898571014404,
    4.1480393409729,
    4.155459403991699,
    4.133443832397461,
    4.13108491897583,
    4.119472980499268,
    4.101709365844727,
    4.102720260620117,
    4.090134620666504,
    4.097257614135742,
    4.117173194885254,
    4.133364677429199,
    4.159843444824219,
    4.185410022735596,
    4.1680588722229,
    4.178561687469482,
    4.225178241729736,
    4.210102558135986,
    4.217776775360107,
    4.156585693359375,
    4.097964763641357,
    4.0224528312683105,
    4.07901668548584,
    4.088254928588867,
    4.013147354125977,
    3.958153486251831,
    3.975954532623291,
    3.98201060295105,
    3.974881172180176,
    3.957590341567993,
    3.935452461242676,
    3.912461280822754,
    3.890145778656006,
    3.8678853511810303,
    3.8445684909820557,
    3.8197226524353027,
    3.7939252853393555,
    3.7709619998931885,
    3.757028818130493,
    3.7358040809631348,
    3.721153974533081,
    3.6842262744903564,
    3.6641671657562256,
    3.655611991882324,
    3.807569980621338,
    3.666659355163574,
    3.669640302658081,
    3.737531900405884,
    3.596463203430176,
    3.649393320083618,
    3.6622514724731445,
    3.675800323486328,
    3.681809186935425,
    3.6821420192718506,
    3.6764273643493652,
    3.665872812271118,
    3.6539106369018555,
    3.6464157104492188,
    3.6460869312286377,
    3.649210214614868,
    3.656425714492798,
    3.674245595932007,
    3.706092596054077,
    3.7471182346343994,
    3.792309045791626,
    3.8726820945739746,
    3.754732608795166,
    3.8272643089294434,
    3.737006425857544,
    3.760089159011841,
    3.7790491580963135,
    3.7242002487182617,
    3.8397324085235596,
    3.7882471084594727,
    3.997039794921875,
    3.8464906215667725,
    4.0494818687438965,
    4.051022529602051,
    4.340334892272949,
    4.301835060119629,
    4.544296741485596,
    5.028956413269043,
    5.178618431091309,
    5.448915958404541,
    6.712418079376221,
    5.987668037414551,
    7.604866027832031,
    7.062566757202148
  ]
}