{
  "Train": [
    0.72394198179245,
    0.6806058883666992,
    0.6604713201522827,
    0.643909752368927,
    0.627972424030304,
    0.6119011044502258,
    0.5957567095756531,
    0.5796721577644348,
    0.5637344121932983,
    0.5481926202774048
  ],
  "Training Time": 5.069185972213745,
  "Validate": [
    0.44134682416915894,
    0.44197580218315125,
    0.4428052604198456,
    0.4435197710990906,
    0.44548434019088745,
    0.44806692004203796,
    0.45007553696632385,
    0.44992274045944214,
    0.44581830501556396,
    0.4374484121799469
  ]
}