{
  "Train": [
    0.7836146950721741,
    0.7553194761276245,
    0.7308221459388733,
    0.7134770154953003,
    0.7011958956718445,
    0.6927096843719482,
    0.6859718561172485,
    0.6801530718803406,
    0.6750450730323792,
    0.6703718900680542
  ],
  "Training Time": 2.529855489730835,
  "Validate": [
    0.6940044164657593,
    0.7033176422119141,
    0.7107653617858887,
    0.7168889045715332,
    0.7211789488792419,
    0.723593533039093,
    0.7254318594932556,
    0.7275627255439758,
    0.7303445935249329,
    0.7338467240333557
  ]
}