{
  "Train": [
    0.7106044888496399,
    0.7117558717727661,
    0.7096349000930786,
    0.7072655558586121,
    0.7052595019340515,
    0.7032231092453003,
    0.701130211353302,
    0.6988107562065125,
    0.6963081359863281,
    0.6935222148895264
  ],
  "Training Time": 3.0298266410827637,
  "Validate": [
    NaN,
    NaN,
    NaN,
    NaN,
    NaN,
    NaN,
    NaN,
    NaN,
    NaN,
    NaN
  ]
}