{
  "Train": [
    1.0421888828277588,
    0.8597256541252136,
    0.8006240725517273,
    0.7497059106826782,
    0.7034540176391602,
    0.6627093553543091,
    0.6252211928367615,
    0.5889270901679993,
    0.5594199895858765,
    0.5111721754074097
  ],
  "Training Time": 12.415585994720459,
  "Validate": [
    1.218781590461731,
    1.2228777408599854,
    1.2437565326690674,
    1.2736759185791016,
    1.3108693361282349,
    1.3440982103347778,
    1.382132649421692,
    1.432284951210022,
    1.3715888261795044,
    2.113656997680664
  ]
}