{
  "Train": [
    0.8941028118133545,
    0.8620875477790833,
    0.8458316326141357,
    0.837601900100708,
    0.8319790959358215,
    0.8275883793830872,
    0.8237393498420715,
    0.8201676607131958,
    0.8166794180870056,
    0.81301349401474
  ],
  "Training Time": 5.9521942138671875,
  "Validate": [
    2.8480656147003174,
    2.953908681869507,
    2.8936173915863037,
    2.8658030033111572,
    2.839519739151001,
    2.818936347961426,
    2.797844886779785,
    2.776327133178711,
    2.7521188259124756,
    2.7235710620880127
  ]
}