{
  "Train": [
    0.7432770729064941,
    0.7097586393356323,
    0.6938429474830627,
    0.6832680106163025,
    0.6752866506576538,
    0.6677207350730896,
    0.6601418256759644,
    0.6519858837127686,
    0.6427330374717712,
    0.6320634484291077
  ],
  "Training Time": 6.54295539855957,
  "Validate": [
    NaN,
    NaN,
    NaN,
    NaN,
    NaN,
    NaN,
    NaN,
    NaN,
    NaN,
    NaN
  ]
}