{
  "Train": [
    0.9553624987602234,
    0.7851930260658264,
    0.7133904695510864,
    0.6564797163009644,
    0.6263235807418823,
    0.5901550650596619,
    0.5617694854736328,
    0.5260880589485168,
    0.5267654061317444,
    0.5215097069740295,
    0.5654399394989014,
    0.49705326557159424,
    0.45877525210380554,
    0.44960731267929077,
    0.4319344758987427,
    0.42213502526283264,
    0.41300609707832336,
    0.40515437722206116,
    0.3980247974395752,
    0.3901717960834503,
    0.3829358220100403,
    0.37781602144241333,
    0.375977098941803,
    0.36135467886924744,
    0.35120218992233276,
    0.380367249250412,
    0.5502028465270996,
    0.43134889006614685,
    0.37163636088371277,
    0.36395230889320374,
    0.33757197856903076,
    0.3351990580558777,
    0.3244834244251251,
    0.30959588289260864,
    0.3077177107334137,
    0.2962491810321808,
    0.29829490184783936,
    0.28825706243515015,
    0.28681015968322754,
    0.2786535620689392,
    0.336073637008667,
    0.27591416239738464,
    0.27286359667778015,
    0.26763200759887695,
    0.24911820888519287,
    0.24755214154720306,
    0.24219092726707458,
    0.23490139842033386,
    0.2362557202577591,
    0.2394813597202301,
    0.2542458772659302,
    0.40257155895233154,
    0.5111557841300964,
    0.30188506841659546,
    0.23822423815727234,
    0.22141574323177338,
    0.2911289632320404,
    0.2637248933315277,
    0.20711427927017212,
    0.21369369328022003,
    0.2000143975019455,
    0.20486365258693695,
    0.2035185992717743,
    0.2001062035560608,
    0.21146118640899658,
    0.2013295441865921,
    0.2694394290447235,
    0.6129361987113953,
    0.5828020572662354,
    0.5040793418884277,
    0.4635967016220093,
    0.4313603639602661,
    0.41784027218818665,
    0.39148595929145813,
    0.3762742877006531,
    0.3645873963832855,
    0.35744017362594604,
    0.34345564246177673,
    0.3335341215133667,
    0.35777848958969116,
    0.35087859630584717,
    0.317111998796463,
    0.30223768949508667,
    0.29153287410736084,
    0.2873845398426056,
    0.2861993610858917,
    0.2765965461730957,
    0.40386420488357544,
    0.314646452665329,
    0.32454976439476013,
    0.2900122404098511,
    0.2388971447944641,
    0.22188811004161835,
    0.21448291838169098,
    0.20474573969841003,
    0.2113557904958725,
    0.21184523403644562,
    0.19479230046272278,
    0.1984666883945465,
    0.2018086463212967
  ],
  "Training Time": 126.8475227355957,
  "Validate": [
    NaN,
    NaN,
    NaN,
    NaN,
    NaN,
    NaN,
    NaN,
    NaN,
    NaN,
    NaN,
    NaN,
    NaN,
    NaN,
    NaN,
    NaN,
    NaN,
    NaN,
    NaN,
    NaN,
    NaN,
    NaN,
    NaN,
    NaN,
    NaN,
    NaN,
    NaN,
    NaN,
    NaN,
    NaN,
    NaN,
    NaN,
    NaN,
    NaN,
    NaN,
    NaN,
    NaN,
    NaN,
    NaN,
    NaN,
    NaN,
    NaN,
    NaN,
    NaN,
    NaN,
    NaN,
    NaN,
    NaN,
    NaN,
    NaN,
    NaN,
    NaN,
    NaN,
    NaN,
    NaN,
    NaN,
    NaN,
    NaN,
    NaN,
    NaN,
    NaN,
    NaN,
    NaN,
    NaN,
    NaN,
    NaN,
    NaN,
    NaN,
    NaN,
    NaN,
    NaN,
    NaN,
    NaN,
    NaN,
    NaN,
    NaN,
    NaN,
    NaN,
    NaN,
    NaN,
    NaN,
    NaN,
    NaN,
    NaN,
    NaN,
    NaN,
    NaN,
    NaN,
    NaN,
    NaN,
    NaN,
    NaN,
    NaN,
    NaN,
    NaN,
    NaN,
    NaN,
    NaN,
    NaN,
    NaN,
    NaN
  ]
}