{
  "Train": [
    0.10723435133695602,
    0.10236533731222153,
    0.09899996966123581,
    0.09684481471776962,
    0.09533201903104782,
    0.09419478476047516,
    0.09328563511371613,
    0.0925225168466568,
    0.09185891598463058,
    0.0912664383649826,
    0.09072567522525787,
    0.09022179991006851,
    0.0897425189614296,
    0.08927693217992783,
    0.08881527185440063,
    0.08834821730852127,
    0.087867371737957,
    0.0873650461435318,
    0.08683542162179947,
    0.08627583831548691,
    0.08568970113992691,
    0.08508814871311188,
    0.08448813110589981,
    0.08390338718891144,
    0.08333829790353775
  ],
  "Training Time": 7.070303440093994,
  "Validate": [
    0.20381899178028107,
    0.15785235166549683,
    0.13083615899085999,
    0.11327080428600311,
    0.10095973312854767,
    0.09181468933820724,
    0.08473902195692062,
    0.07911855727434158,
    0.07458051294088364,
    0.07087915390729904,
    0.06784000247716904,
    0.06533265858888626,
    0.06325642764568329,
    0.06153194606304169,
    0.06009689345955849,
    0.05890229716897011,
    0.057910624891519547,
    0.05709433928132057,
    0.05643480643630028,
    0.055920328944921494,
    0.055542245507240295,
    0.055284418165683746,
    0.05511515215039253,
    0.054998453706502914,
    0.054913923144340515
  ]
}