{
  "Train": [
    0.1168995276093483,
    0.10702422261238098,
    0.10313336551189423,
    0.10087116062641144,
    0.09939977526664734,
    0.09808389097452164,
    0.09695015102624893,
    0.09589637815952301,
    0.09488344192504883,
    0.09388824552297592,
    0.09289053082466125,
    0.09187838435173035,
    0.09084939956665039,
    0.08980594575405121,
    0.08875608444213867,
    0.08770769834518433,
    0.08666975051164627,
    0.08564818650484085,
    0.08465181291103363,
    0.08368639647960663,
    0.08275804668664932,
    0.0818653404712677,
    0.08100707083940506,
    0.0801752433180809,
    0.07936983555555344
  ],
  "Training Time": 8.840343475341797,
  "Validate": [
    NaN,
    NaN,
    NaN,
    NaN,
    NaN,
    NaN,
    NaN,
    NaN,
    NaN,
    NaN,
    NaN,
    NaN,
    NaN,
    NaN,
    NaN,
    NaN,
    NaN,
    NaN,
    NaN,
    NaN,
    NaN,
    NaN,
    NaN,
    NaN,
    NaN
  ]
}