{
  "Train": [
    0.8300203680992126,
    0.8130367994308472,
    0.803888201713562,
    0.7976161241531372,
    0.7916284799575806,
    0.7848461270332336,
    0.7763975858688354,
    0.7654698491096497,
    0.7519075274467468,
    0.7374516129493713
  ],
  "Training Time": 3.332448720932007,
  "Validate": [
    0.7314814329147339,
    0.7523566484451294,
    0.7638620138168335,
    0.7690826654434204,
    0.7704063057899475,
    0.7694941163063049,
    0.7670517563819885,
    0.7627454400062561,
    0.7563666105270386,
    0.7488347291946411
  ]
}