{
  "Train": [
    0.7527710795402527,
    0.7436727285385132,
    0.7385185956954956,
    0.7346319556236267,
    0.7315846085548401,
    0.7290337681770325,
    0.7266416549682617,
    0.7241423726081848,
    0.7213841080665588,
    0.7183220386505127
  ],
  "Training Time": 4.0824360847473145,
  "Validate": [
    NaN,
    NaN,
    NaN,
    NaN,
    NaN,
    NaN,
    NaN,
    NaN,
    NaN,
    NaN
  ]
}