{
  "Train": [
    1.0360451936721802,
    1.0332343578338623,
    1.0310888290405273,
    1.0288023948669434,
    1.0263944864273071,
    1.0238564014434814,
    1.021178960800171,
    1.0183508396148682,
    1.015364408493042,
    1.0122143030166626
  ],
  "Training Time": 2.210970878601074,
  "Validate": [
    3.0415422916412354,
    3.0292646884918213,
    3.0162971019744873,
    3.002953052520752,
    2.9893319606781006,
    2.9754838943481445,
    2.9614453315734863,
    2.947260618209839,
    2.932981252670288,
    2.918671131134033
  ]
}