{
  "Train": [
    0.1427619606256485,
    0.12189597636461258,
    0.11296916007995605,
    0.10888372361660004,
    0.10581181943416595,
    0.10325508564710617,
    0.10108266770839691,
    0.09926579147577286,
    0.09771731495857239,
    0.09634653478860855,
    0.09511133283376694,
    0.09399408102035522,
    0.09295132756233215,
    0.09191986173391342,
    0.0908772274851799,
    0.08988265693187714,
    0.08886398375034332,
    0.0878526121377945,
    0.08659456670284271,
    0.08574876189231873,
    0.08462367951869965,
    0.0850101113319397,
    0.08232271671295166,
    0.08791794627904892,
    0.0899706706404686
  ],
  "Training Time": 15.930794954299927,
  "Validate": [
    NaN,
    NaN,
    NaN,
    NaN,
    NaN,
    NaN,
    NaN,
    NaN,
    NaN,
    NaN,
    NaN,
    NaN,
    NaN,
    NaN,
    NaN,
    NaN,
    NaN,
    NaN,
    NaN,
    NaN,
    NaN,
    NaN,
    NaN,
    NaN,
    NaN
  ]
}