{
  "Train": [
    0.8467092514038086,
    0.422404021024704,
    0.34932199120521545,
    0.3022322654724121,
    0.2670776844024658,
    0.24523583054542542,
    0.23102687299251556,
    0.22427153587341309,
    0.2196803241968155,
    0.21525096893310547,
    0.21175973117351532,
    0.20118702948093414,
    0.2006184160709381,
    0.1919792741537094,
    0.19021855294704437,
    0.18422259390354156,
    0.18126057088375092,
    0.17770402133464813,
    0.17272108793258667,
    0.17253915965557098,
    0.16457533836364746,
    0.16812720894813538,
    0.15800434350967407,
    0.161559596657753,
    0.1517174392938614
  ],
  "Training Time": 11.073360204696655,
  "Validate": [
    0.35170978307724,
    0.48044148087501526,
    0.575951337814331,
    0.6082346439361572,
    0.6719517111778259,
    0.666592538356781,
    0.6842203736305237,
    0.7000513076782227,
    0.673197329044342,
    0.6847538352012634,
    0.6677524447441101,
    0.668499231338501,
    0.6453311443328857,
    0.6418828368186951,
    0.6154373288154602,
    0.612533688545227,
    0.5858993530273438,
    0.5829583406448364,
    0.5567382574081421,
    0.5561977624893188,
    0.5287826657295227,
    0.5331422686576843,
    0.506110668182373,
    0.5069546103477478,
    0.4862464666366577
  ]
}