{
  "Train": [
    0.17172151803970337,
    0.11997567862272263,
    0.09782290458679199,
    0.09685018658638,
    0.09988396614789963,
    0.09398645907640457,
    0.08939962834119797,
    0.08600948005914688,
    0.08423956483602524,
    0.08291859179735184,
    0.08230508118867874,
    0.08099637180566788,
    0.08160264790058136,
    0.08033697307109833,
    0.08035974949598312,
    0.07839690893888474,
    0.07812237739562988,
    0.07578776776790619,
    0.07692702859640121,
    0.07481406629085541,
    0.07523180544376373,
    0.07303515821695328,
    0.07394454628229141,
    0.07146628201007843,
    0.07246022671461105
  ],
  "Training Time": 16.278589963912964,
  "Validate": [
    NaN,
    NaN,
    NaN,
    NaN,
    NaN,
    NaN,
    NaN,
    NaN,
    NaN,
    NaN,
    NaN,
    NaN,
    NaN,
    NaN,
    NaN,
    NaN,
    NaN,
    NaN,
    NaN,
    NaN,
    NaN,
    NaN,
    NaN,
    NaN,
    NaN
  ]
}