{
  "Train": [
    0.6005081534385681,
    0.37751641869544983,
    0.31510046124458313,
    0.2855793535709381,
    0.2666822075843811,
    0.2533627450466156,
    0.24304413795471191,
    0.2343801110982895,
    0.2266288846731186,
    0.21935027837753296,
    0.21226879954338074,
    0.20521259307861328,
    0.1980907917022705,
    0.1908934861421585,
    0.18369998037815094,
    0.17667078971862793,
    0.16999873518943787,
    0.16384060680866241,
    0.15829208493232727,
    0.15340502560138702,
    0.14919312298297882,
    0.14562354981899261,
    0.14261862635612488,
    0.14007346332073212,
    0.1378796100616455
  ],
  "Training Time": 11.260284423828125,
  "Validate": [
    4.508517742156982,
    4.07078742980957,
    4.323014259338379,
    4.589514255523682,
    4.781821250915527,
    4.922992706298828,
    5.021811008453369,
    5.0841193199157715,
    5.115802764892578,
    5.122786998748779,
    5.110616683959961,
    5.084452152252197,
    5.049413681030273,
    5.010879039764404,
    4.974282264709473,
    4.944034099578857,
    4.922023296356201,
    4.907063007354736,
    4.896172046661377,
    4.8868207931518555,
    4.878296375274658,
    4.871522903442383,
    4.867948055267334,
    4.868440628051758,
    4.872835159301758
  ]
}