{
  "Train": [
    0.07627901434898376,
    0.037061676383018494,
    0.03165566176176071,
    0.028720542788505554,
    0.026475442573428154,
    0.024513449519872665,
    0.022708166390657425,
    0.02100537158548832,
    0.01938529871404171,
    0.01787974312901497,
    0.01656961999833584,
    0.015488913282752037,
    0.014586832374334335,
    0.01379240583628416,
    0.013064448721706867,
    0.012389643117785454,
    0.01175055094063282,
    0.011112029664218426,
    0.010437254793941975,
    0.009730634279549122,
    0.009127126075327396,
    0.00870731845498085,
    0.008352077566087246,
    0.008300315588712692,
    0.01145712286233902
  ],
  "Training Time": 7.270302772521973,
  "Validate": [
    NaN,
    NaN,
    NaN,
    NaN,
    NaN,
    NaN,
    NaN,
    NaN,
    NaN,
    NaN,
    NaN,
    NaN,
    NaN,
    NaN,
    NaN,
    NaN,
    NaN,
    NaN,
    NaN,
    NaN,
    NaN,
    NaN,
    NaN,
    NaN,
    NaN
  ]
}