{
  "Train": [
    0.45082300901412964,
    0.1706831455230713,
    0.11830044537782669,
    0.10624440014362335,
    0.09128687530755997,
    0.08231524378061295,
    0.0736539214849472,
    0.06469067931175232,
    0.059707172214984894,
    0.06103745102882385,
    0.05409451574087143,
    0.06234345585107803,
    0.043512482196092606,
    0.06488732993602753,
    0.040362950414419174,
    0.04988615959882736,
    0.044212665408849716,
    0.03973695635795593,
    0.03832008317112923,
    0.03764425590634346,
    0.03725898638367653,
    0.03670313581824303,
    0.035779912024736404,
    0.03566134348511696,
    0.04161304607987404
  ],
  "Training Time": 18.074504613876343,
  "Validate": [
    2.9330523014068604,
    4.488073348999023,
    4.7899885177612305,
    5.5232110023498535,
    6.3501386642456055,
    7.0962018966674805,
    7.474223613739014,
    7.4459333419799805,
    7.204543590545654,
    7.24015998840332,
    7.1331071853637695,
    7.546218395233154,
    7.332783222198486,
    7.633691310882568,
    7.421729564666748,
    7.231271743774414,
    7.260372638702393,
    7.305639743804932,
    7.3037943840026855,
    7.272066116333008,
    7.225172519683838,
    7.1943583488464355,
    7.186517715454102,
    7.133416652679443,
    6.731212139129639
  ]
}