{
  "Train": [
    1.1986477375030518,
    1.1711156368255615,
    1.166245698928833,
    1.1623117923736572,
    1.1551703214645386,
    1.1503745317459106,
    1.1460421085357666,
    1.142349362373352,
    1.138611912727356,
    1.1347819566726685,
    1.1296488046646118,
    1.123909592628479,
    1.1168824434280396,
    1.1100969314575195,
    1.1053392887115479,
    1.1007497310638428,
    1.0920995473861694,
    1.077193021774292,
    1.0702495574951172,
    1.0712674856185913,
    1.1086499691009521,
    1.0805917978286743,
    1.073577642440796,
    1.0647900104522705,
    1.0584102869033813,
    1.0521122217178345,
    1.0559526681900024,
    1.0621649026870728,
    1.150153398513794,
    1.0217900276184082,
    1.0110846757888794,
    0.9923861622810364,
    0.9786495566368103,
    0.966002345085144,
    0.9874693155288696,
    0.8812077045440674,
    1.1580007076263428,
    0.8881641030311584,
    0.8335847854614258,
    1.0072944164276123,
    0.813585102558136,
    0.8412332534790039,
    0.8231135606765747,
    0.8364068269729614,
    0.7741121053695679,
    0.8238219022750854,
    0.7474943995475769,
    0.86513352394104,
    1.1089391708374023,
    0.7815666198730469,
    0.637162983417511,
    0.8361050486564636,
    0.9290300011634827,
    0.723931610584259,
    0.5659503936767578,
    0.5433645248413086,
    0.5807000994682312,
    0.5552762150764465,
    0.5187720060348511,
    0.42114707827568054,
    0.4101456105709076,
    0.997862696647644,
    0.862370491027832,
    0.49429482221603394,
    0.3946024477481842,
    0.33028843998908997,
    0.31178948283195496,
    0.2929105758666992,
    0.2839568555355072,
    0.2763703167438507,
    0.2717524766921997,
    0.26713064312934875,
    0.26443976163864136,
    0.2610101103782654,
    0.2598356008529663,
    0.2568279206752777,
    0.25777167081832886,
    0.2544479966163635,
    0.2619670331478119,
    0.2633787989616394,
    0.2764405906200409,
    0.38541626930236816,
    1.3418996334075928,
    1.1959612369537354,
    1.157945990562439,
    1.1354612112045288,
    1.088085412979126,
    1.0841856002807617,
    1.0392496585845947,
    1.073987364768982,
    0.9916857481002808,
    0.9774067997932434,
    0.989363431930542,
    1.0601719617843628,
    0.9586384296417236,
    0.8312313556671143,
    0.7675310969352722,
    1.1959137916564941,
    0.9334723353385925,
    0.945719301700592
  ],
  "Training Time": 147.2476499080658,
  "Validate": [
    1.9646573066711426,
    1.9533390998840332,
    1.9813857078552246,
    2.001518487930298,
    2.035513162612915,
    2.035465717315674,
    2.0435409545898438,
    2.0421671867370605,
    2.0402636528015137,
    2.0384724140167236,
    2.0432252883911133,
    2.0490076541900635,
    2.071706533432007,
    2.1095688343048096,
    2.143552303314209,
    2.162862777709961,
    2.184438943862915,
    2.2254464626312256,
    2.265021562576294,
    2.288559913635254,
    2.192664861679077,
    2.22784423828125,
    2.236673593521118,
    2.241039514541626,
    2.240405797958374,
    2.237198829650879,
    2.230074644088745,
    2.2481679916381836,
    2.1262102127075195,
    2.2517218589782715,
    2.2985246181488037,
    2.312436103820801,
    2.306260108947754,
    2.2563235759735107,
    2.2277050018310547,
    2.238294839859009,
    2.145113945007324,
    2.260134696960449,
    2.2646257877349854,
    2.1560628414154053,
    2.2016196250915527,
    2.1682288646698,
    2.1941213607788086,
    2.136368751525879,
    2.186103582382202,
    2.1856918334960938,
    2.176701545715332,
    2.9293878078460693,
    2.3326408863067627,
    2.4663445949554443,
    2.2959394454956055,
    2.1452739238739014,
    2.2637598514556885,
    2.0966498851776123,
    2.1966373920440674,
    2.1494970321655273,
    2.1068100929260254,
    2.0611159801483154,
    2.051467180252075,
    2.059798002243042,
    2.107271432876587,
    2.121004819869995,
    2.1093738079071045,
    2.223558187484741,
    2.2150964736938477,
    2.2048470973968506,
    2.1952695846557617,
    2.1925313472747803,
    2.2014687061309814,
    2.2169015407562256,
    2.234693765640259,
    2.2529513835906982,
    2.273189067840576,
    2.2898457050323486,
    2.310546636581421,
    2.320779800415039,
    2.344542980194092,
    2.3406660556793213,
    2.3689181804656982,
    2.3551828861236572,
    2.38895320892334,
    5.982834339141846,
    1.9719395637512207,
    1.930222988128662,
    1.9338539838790894,
    1.9071415662765503,
    1.9013466835021973,
    1.8756351470947266,
    1.9044787883758545,
    1.9134846925735474,
    1.915044903755188,
    1.9674819707870483,
    2.0485799312591553,
    1.9281083345413208,
    2.012875556945801,
    2.1578545570373535,
    2.2306764125823975,
    1.9021925926208496,
    2.0028414726257324,
    2.1059751510620117
  ]
}