{
  "Train": [
    1.1768641471862793,
    1.0523327589035034,
    1.0439106225967407,
    1.0166562795639038,
    1.0018750429153442,
    0.9815521240234375,
    0.9639930129051208,
    0.9440228939056396,
    0.9301029443740845,
    0.881564199924469
  ],
  "Training Time": 9.57491683959961,
  "Validate": [
    NaN,
    NaN,
    NaN,
    NaN,
    NaN,
    NaN,
    NaN,
    NaN,
    NaN,
    NaN
  ]
}