{
  "Train": [
    0.6958565711975098,
    0.4344356656074524,
    0.37923070788383484,
    0.35297539830207825,
    0.33605942130088806,
    0.3229057192802429,
    0.3122057318687439,
    0.3026111125946045,
    0.2936442792415619,
    0.2848953604698181
  ],
  "Training Time": 8.089965343475342,
  "Validate": [
    45.12134552001953,
    41.2761344909668,
    40.430091857910156,
    39.523780822753906,
    38.93354797363281,
    38.540348052978516,
    38.22715759277344,
    37.95368957519531,
    37.718929290771484,
    37.56073760986328
  ]
}