{
  "Train": [
    0.8845314383506775,
    0.8250417709350586,
    0.8170357346534729,
    0.8115546703338623,
    0.8080764412879944,
    0.8050210475921631,
    0.8029363751411438,
    0.8009324073791504,
    0.7993714213371277,
    0.7975510954856873
  ],
  "Training Time": 3.9497451782226562,
  "Validate": [
    2.4975178241729736,
    2.4428913593292236,
    2.4129388332366943,
    2.3803610801696777,
    2.354990243911743,
    2.3309595584869385,
    2.3107986450195312,
    2.294729232788086,
    2.2777791023254395,
    2.2703857421875
  ]
}