{
  "Train": [
    0.5204344391822815,
    0.16378261148929596,
    0.09410343319177628,
    0.0815638080239296,
    0.07197559624910355,
    0.0640251561999321,
    0.0569705106317997,
    0.049983393400907516,
    0.0425637923181057,
    0.034791357815265656,
    0.029731115326285362,
    0.027811378240585327,
    0.02704620733857155,
    0.02651115506887436,
    0.025892086327075958,
    0.025374798104166985,
    0.024936340749263763,
    0.02455875650048256,
    0.024225251749157906,
    0.023922337219119072,
    0.023639343678951263,
    0.023368297144770622,
    0.02310347929596901,
    0.02284117601811886,
    0.022579362615942955
  ],
  "Training Time": 11.649224519729614,
  "Validate": [
    2.1474504470825195,
    0.8321132659912109,
    0.6185600757598877,
    0.561468243598938,
    0.520294725894928,
    0.49148207902908325,
    0.4706505835056305,
    0.45733946561813354,
    0.45727017521858215,
    0.4761686325073242,
    0.4892318546772003,
    0.5005248188972473,
    0.516467809677124,
    0.5269443988800049,
    0.5349490642547607,
    0.5432726144790649,
    0.5519737601280212,
    0.5609886050224304,
    0.5702529549598694,
    0.5797322392463684,
    0.5894083976745605,
    0.5992860794067383,
    0.60940021276474,
    0.619816243648529,
    0.6306279301643372
  ]
}