{
  "Train": [
    0.062488771975040436,
    0.044535279273986816,
    0.03981393575668335,
    0.036218661814928055,
    0.03361791744828224,
    0.031495917588472366,
    0.029745908454060555,
    0.028324531391263008,
    0.027189020067453384,
    0.02628849260509014,
    0.025569191202521324,
    0.02498180791735649,
    0.024484382942318916,
    0.024042317643761635,
    0.02362929843366146,
    0.023228952661156654,
    0.022834766656160355,
    0.022447505965828896,
    0.02207135781645775,
    0.021710870787501335,
    0.02136947587132454,
    0.02104906551539898,
    0.02075033448636532,
    0.020473161712288857,
    0.02021719701588154
  ],
  "Training Time": 12.54615306854248,
  "Validate": [
    0.07363074272871017,
    0.07109847664833069,
    0.06979907304048538,
    0.06296256184577942,
    0.05517852306365967,
    0.04821286350488663,
    0.04301583394408226,
    0.03954261168837547,
    0.0373503640294075,
    0.036015793681144714,
    0.03524048253893852,
    0.03482893109321594,
    0.03465401008725166,
    0.03463330119848251,
    0.034714389592409134,
    0.03486477956175804,
    0.03506459295749664,
    0.03530120477080345,
    0.03556542098522186,
    0.03584938123822212,
    0.03614587336778641,
    0.036448292434215546,
    0.03675094246864319,
    0.03704940527677536,
    0.0373404361307621
  ]
}