{
  "Train": [
    0.0686674416065216,
    0.0496860109269619,
    0.04385364428162575,
    0.03960186988115311,
    0.03674425557255745,
    0.03475680574774742,
    0.03329061344265938,
    0.03214714676141739,
    0.03121889755129814,
    0.03044036589562893,
    0.02976047247648239,
    0.029150113463401794,
    0.028615154325962067,
    0.02816247008740902,
    0.02777138538658619,
    0.027419133111834526,
    0.02709408849477768,
    0.02679176814854145,
    0.026509908959269524,
    0.026244184002280235,
    0.02598799765110016,
    0.025736596435308456,
    0.02548951283097267,
    0.025247685611248016,
    0.025007793679833412
  ],
  "Training Time": 16.042496919631958,
  "Validate": [
    NaN,
    NaN,
    NaN,
    NaN,
    NaN,
    NaN,
    NaN,
    NaN,
    NaN,
    NaN,
    NaN,
    NaN,
    NaN,
    NaN,
    NaN,
    NaN,
    NaN,
    NaN,
    NaN,
    NaN,
    NaN,
    NaN,
    NaN,
    NaN,
    NaN
  ]
}