{
  "Train": [
    0.7714489698410034,
    0.780434787273407,
    0.6318215727806091,
    0.5974123477935791,
    0.527639627456665,
    0.48689520359039307,
    0.45703473687171936,
    0.4355003833770752,
    0.42330440878868103,
    0.4056420624256134
  ],
  "Training Time": 14.128103494644165,
  "Validate": [
    NaN,
    NaN,
    NaN,
    NaN,
    NaN,
    NaN,
    NaN,
    NaN,
    NaN,
    NaN
  ]
}