{
  "Train": [
    0.1090426966547966,
    0.06845572590827942,
    0.05736858397722244,
    0.05132506787776947,
    0.045383889228105545,
    0.042056065052747726,
    0.03973795473575592,
    0.037816643714904785,
    0.03628212586045265,
    0.03497349098324776,
    0.03388245031237602,
    0.03294142708182335,
    0.032138124108314514,
    0.03145758435130119,
    0.030893884599208832,
    0.030413128435611725,
    0.02997846156358719,
    0.029537061229348183,
    0.029004964977502823,
    0.02832244522869587,
    0.027602029964327812,
    0.026997383683919907,
    0.026495426893234253,
    0.026025913655757904,
    0.02554316632449627
  ],
  "Training Time": 14.843844413757324,
  "Validate": [
    NaN,
    NaN,
    NaN,
    NaN,
    NaN,
    NaN,
    NaN,
    NaN,
    NaN,
    NaN,
    NaN,
    NaN,
    NaN,
    NaN,
    NaN,
    NaN,
    NaN,
    NaN,
    NaN,
    NaN,
    NaN,
    NaN,
    NaN,
    NaN,
    NaN
  ]
}