{
  "Train": [
    0.5592974424362183,
    0.20910565555095673,
    0.10285497456789017,
    0.09605459868907928,
    0.08780570328235626,
    0.08299513161182404,
    0.07677417993545532,
    0.06715532392263412,
    0.051842279732227325,
    0.03757357969880104,
    0.03017163835465908,
    0.027864746749401093,
    0.026730408892035484,
    0.02604566514492035,
    0.025630248710513115,
    0.025341877713799477,
    0.025121554732322693,
    0.02494092658162117,
    0.02478822134435177,
    0.02465890534222126,
    0.024553941562771797,
    0.024478400126099586,
    0.024440722540020943,
    0.024452179670333862,
    0.024524454027414322
  ],
  "Training Time": 10.074352741241455,
  "Validate": [
    3.4999136924743652,
    0.9890285134315491,
    0.950178861618042,
    0.9404748678207397,
    0.9068055748939514,
    0.9028124213218689,
    0.9033753871917725,
    1.000393033027649,
    1.3840008974075317,
    1.501488447189331,
    1.5604983568191528,
    1.5640352964401245,
    1.5550884008407593,
    1.5345975160598755,
    1.5084342956542969,
    1.4800163507461548,
    1.449975848197937,
    1.4188954830169678,
    1.3870755434036255,
    1.3547285795211792,
    1.3220175504684448,
    1.289060115814209,
    1.2559309005737305,
    1.2226450443267822,
    1.189162015914917
  ]
}