{
  "Train": [
    1.1014819145202637,
    1.0897945165634155,
    1.0854640007019043,
    1.0815411806106567,
    1.0767213106155396,
    1.0708706378936768,
    1.063522458076477,
    1.053242564201355,
    1.037729024887085,
    1.0127015113830566,
    0.9713580012321472,
    0.9250245690345764,
    0.9101607203483582,
    0.8724618554115295,
    0.893675684928894,
    0.8445463180541992,
    0.8152186870574951,
    0.7961130738258362,
    0.7598442435264587,
    0.7815338373184204,
    0.824590265750885,
    0.7752183079719543,
    0.6921759247779846,
    0.6802712082862854,
    0.6809830069541931,
    0.7071037888526917,
    0.677055835723877,
    0.6821819543838501,
    0.658698320388794,
    0.6428457498550415,
    0.626327633857727,
    0.601922333240509,
    0.580189049243927,
    0.5693742036819458,
    0.5477026700973511,
    0.5458769798278809,
    0.5179649591445923,
    0.546737790107727,
    0.493429571390152,
    0.531653642654419,
    0.44622689485549927,
    0.4835202991962433,
    0.4103843569755554,
    0.4034971594810486,
    0.4086751341819763,
    0.5067965984344482,
    0.5212530493736267,
    0.37623998522758484,
    0.3071182370185852,
    0.3259667754173279,
    0.28790518641471863,
    0.3162801265716553,
    0.31819942593574524,
    0.2931629717350006,
    0.2514376640319824,
    0.23525413870811462,
    0.26716887950897217,
    0.2476280927658081,
    0.40238767862319946,
    0.24562178552150726,
    0.1932225525379181,
    0.17458389699459076,
    0.15794730186462402,
    0.15663890540599823,
    0.19236430525779724,
    0.19322043657302856,
    0.15088395774364471,
    0.15608161687850952,
    0.157639741897583,
    0.1806337833404541,
    0.3276723325252533,
    0.2849297523498535,
    0.16988138854503632,
    0.19950175285339355,
    0.15743112564086914,
    0.09092135727405548,
    0.09709763526916504,
    0.07681916654109955,
    0.07520834356546402,
    0.066410593688488,
    0.05157846212387085,
    0.06269806623458862,
    0.06099235266447067,
    0.07794960588216782,
    0.07872700691223145,
    0.09073122590780258,
    0.0936352014541626,
    0.06575039029121399,
    0.054991237819194794,
    0.07879398763179779,
    0.043221428990364075,
    0.03766661882400513,
    0.020485086366534233,
    0.02773117646574974,
    0.019158683717250824,
    0.039462268352508545,
    0.059144437313079834,
    0.050997067242860794,
    0.05647893622517586,
    0.13611288368701935
  ],
  "Training Time": 110.01917672157288,
  "Validate": [
    4.348326683044434,
    4.332778453826904,
    4.300926208496094,
    4.262263774871826,
    4.2272515296936035,
    4.1997175216674805,
    4.181947708129883,
    4.179861068725586,
    4.218077182769775,
    4.393208980560303,
    4.662708282470703,
    4.208880424499512,
    4.272141456604004,
    4.239309310913086,
    4.198797225952148,
    4.145270347595215,
    4.075198173522949,
    3.962725877761841,
    3.9792282581329346,
    4.088397026062012,
    3.8777267932891846,
    4.329763412475586,
    4.438625335693359,
    4.476916313171387,
    4.634979248046875,
    4.761650085449219,
    4.915030479431152,
    4.958336353302002,
    5.102863788604736,
    4.990920543670654,
    4.936187267303467,
    4.896688461303711,
    4.969771862030029,
    4.982850551605225,
    5.0453362464904785,
    4.984777450561523,
    4.980722427368164,
    4.9865403175354,
    4.905982494354248,
    5.0633320808410645,
    5.159507751464844,
    5.189091205596924,
    5.088150501251221,
    5.239331245422363,
    4.666147232055664,
    4.841982841491699,
    4.914719581604004,
    5.147783279418945,
    5.850042343139648,
    5.40958833694458,
    5.736820697784424,
    6.6061553955078125,
    5.955272197723389,
    5.621671676635742,
    5.642609119415283,
    5.5243730545043945,
    5.823867321014404,
    5.112342357635498,
    5.630026817321777,
    5.483703136444092,
    5.578680515289307,
    5.403689861297607,
    5.879008769989014,
    5.479154586791992,
    5.31602668762207,
    5.873014450073242,
    5.878375053405762,
    5.8027777671813965,
    6.408621311187744,
    5.701651573181152,
    5.9349894523620605,
    6.558976650238037,
    6.680739879608154,
    6.681457996368408,
    6.25868034362793,
    6.132519245147705,
    5.876380920410156,
    6.079524040222168,
    6.026330471038818,
    6.073034763336182,
    6.342954635620117,
    6.320567607879639,
    6.718204975128174,
    5.841046333312988,
    6.3344035148620605,
    6.887305736541748,
    6.200026035308838,
    5.457762241363525,
    5.601196765899658,
    5.682834148406982,
    5.883993148803711,
    6.048663139343262,
    5.842702865600586,
    5.643823146820068,
    5.885430812835693,
    6.445098876953125,
    5.811783313751221,
    5.8767242431640625,
    6.124108791351318,
    5.7871503829956055
  ]
}