{
  "Train": [
    0.6352195739746094,
    0.5436426997184753,
    0.4935929477214813,
    0.458787739276886,
    0.4267004132270813,
    0.39682793617248535,
    0.3673943281173706,
    0.33780962228775024,
    0.3068486750125885,
    0.27632468938827515
  ],
  "Training Time": 1.779022455215454,
  "Validate": [
    0.4982874393463135,
    0.38106486201286316,
    0.3815828263759613,
    0.41031578183174133,
    0.4100993275642395,
    0.3825724720954895,
    0.3522057831287384,
    0.32299119234085083,
    0.30676060914993286,
    0.29141977429389954
  ]
}