{
  "Train": [
    0.42434582114219666,
    0.32119691371917725,
    0.30265772342681885,
    0.29290875792503357,
    0.2872069776058197,
    0.2835061252117157,
    0.28089138865470886,
    0.27891218662261963,
    0.27732548117637634,
    0.27599093317985535
  ],
  "Training Time": 2.6485533714294434,
  "Validate": [
    49.210819244384766,
    48.4224739074707,
    47.654136657714844,
    46.8888053894043,
    46.25092315673828,
    45.75362777709961,
    45.37630081176758,
    45.08873748779297,
    44.86376953125,
    44.68193435668945
  ]
}