{
  "Train": [
    1.0308736562728882,
    1.0330365896224976,
    1.0332750082015991,
    1.0313942432403564,
    1.0307044982910156,
    1.0297735929489136,
    1.029700517654419,
    1.0295816659927368,
    1.0293864011764526,
    1.0292147397994995
  ],
  "Training Time": 3.369997501373291,
  "Validate": [
    0.42021870613098145,
    0.41917839646339417,
    0.4127177894115448,
    0.41318994760513306,
    0.4129004180431366,
    0.4132264256477356,
    0.41351553797721863,
    0.41368141770362854,
    0.4138911962509155,
    0.41411545872688293
  ]
}