{
  "Train": [
    1.1057915687561035,
    1.0890331268310547,
    1.0831552743911743,
    1.0758014917373657,
    1.0643552541732788,
    1.0492602586746216,
    1.030578374862671,
    0.9909036159515381,
    0.9610738754272461,
    0.9407966732978821
  ],
  "Training Time": 12.786510944366455,
  "Validate": [
    4.387757301330566,
    4.3839874267578125,
    4.362274646759033,
    4.322963237762451,
    4.25685453414917,
    4.22343635559082,
    4.247692584991455,
    4.184732437133789,
    4.1903228759765625,
    4.164429187774658
  ]
}