{
  "Train": [
    1.0213302373886108,
    1.0249607563018799,
    0.9854819774627686,
    0.9640817642211914,
    0.9456846714019775,
    0.931342363357544,
    0.9154474139213562,
    0.9037657380104065,
    0.8778157830238342,
    0.8599135875701904
  ],
  "Training Time": 14.868223190307617,
  "Validate": [
    NaN,
    NaN,
    NaN,
    NaN,
    NaN,
    NaN,
    NaN,
    NaN,
    NaN,
    NaN
  ]
}