{
  "Train": [
    0.9752534627914429,
    0.8886064291000366,
    0.8613463044166565,
    0.844272792339325,
    0.8304475545883179,
    0.8167389035224915,
    0.8040348291397095,
    0.7940625548362732,
    0.7859917879104614,
    0.7791047096252441
  ],
  "Training Time": 12.863070964813232,
  "Validate": [
    3.8514978885650635,
    3.5090415477752686,
    3.3439009189605713,
    3.206634283065796,
    3.047189950942993,
    2.903531789779663,
    2.8275301456451416,
    2.7676098346710205,
    2.716967821121216,
    2.6725080013275146
  ]
}