{
  "Train": [
    0.8152282238006592,
    0.813007116317749,
    0.8015257120132446,
    0.7916621565818787,
    0.7822399139404297,
    0.772749662399292,
    0.7629457116127014,
    0.7528738379478455,
    0.7423478960990906,
    0.730901300907135
  ],
  "Training Time": 13.349663734436035,
  "Validate": [
    NaN,
    NaN,
    NaN,
    NaN,
    NaN,
    NaN,
    NaN,
    NaN,
    NaN,
    NaN
  ]
}