{
  "Train": [
    0.7449683547019958,
    0.7228391766548157,
    0.7112706899642944,
    0.7031416296958923,
    0.6973149180412292,
    0.6902785897254944,
    0.6834705471992493,
    0.6771777868270874,
    0.671063244342804,
    0.6650194525718689
  ],
  "Training Time": 11.675392150878906,
  "Validate": [
    0.40116074681282043,
    0.4259076416492462,
    0.44039496779441833,
    0.4438927471637726,
    0.43958863615989685,
    0.4354461431503296,
    0.43214038014411926,
    0.42949846386909485,
    0.42752981185913086,
    0.42611199617385864
  ]
}