{
  "Train": [
    1.0014114379882812,
    0.9928025007247925,
    0.9891858696937561,
    0.9867191910743713,
    0.9848378896713257,
    0.9830688834190369,
    0.9812273383140564,
    0.9791845083236694,
    0.976817786693573,
    0.9739850759506226
  ],
  "Training Time": 2.808481454849243,
  "Validate": [
    NaN,
    NaN,
    NaN,
    NaN,
    NaN,
    NaN,
    NaN,
    NaN,
    NaN,
    NaN
  ]
}