{
  "Train": [
    0.5398951172828674,
    0.2878197729587555,
    0.22347307205200195,
    0.1792631894350052,
    0.1486838161945343,
    0.13111631572246552,
    0.12144831568002701,
    0.11559353023767471,
    0.11167819797992706,
    0.10869590938091278,
    0.10615106672048569,
    0.10382731258869171,
    0.10163422673940659,
    0.09953297674655914,
    0.097504623234272,
    0.09554070979356766,
    0.093639075756073,
    0.09179955720901489,
    0.09001936763525009,
    0.08829257637262344,
    0.08661460876464844,
    0.08498235791921616,
    0.08337797224521637,
    0.08173353970050812,
    0.08014257252216339
  ],
  "Training Time": 17.353721380233765,
  "Validate": [
    1.1466480493545532,
    1.125152826309204,
    1.0680843591690063,
    1.0300695896148682,
    1.0538731813430786,
    1.0945130586624146,
    1.1209845542907715,
    1.1370526552200317,
    1.1479750871658325,
    1.1528247594833374,
    1.1522223949432373,
    1.147908329963684,
    1.1418507099151611,
    1.1356819868087769,
    1.1306458711624146,
    1.127695918083191,
    1.127541422843933,
    1.1306335926055908,
    1.1371283531188965,
    1.1469022035598755,
    1.1596695184707642,
    1.175208568572998,
    1.1936936378479004,
    1.2151774168014526,
    1.2370176315307617
  ]
}