{
  "Train": [
    0.9556259512901306,
    0.6068238019943237,
    0.4905445873737335,
    0.39954519271850586,
    0.33599430322647095,
    0.29704034328460693,
    0.2770548462867737,
    0.26289838552474976,
    0.25106123089790344,
    0.24020354449748993,
    0.2300291806459427,
    0.22057892382144928,
    0.21401947736740112,
    0.20864897966384888,
    0.19712916016578674,
    0.18655426800251007,
    0.1835077404975891,
    0.17489071190357208,
    0.17688339948654175,
    0.1655348241329193,
    0.17075718939304352,
    0.16033132374286652,
    0.16833828389644623,
    0.15650378167629242,
    0.15175782144069672
  ],
  "Training Time": 15.451414823532104,
  "Validate": [
    8.673568725585938,
    8.799704551696777,
    8.306354522705078,
    8.112069129943848,
    8.088326454162598,
    8.107616424560547,
    8.090394020080566,
    8.012325286865234,
    7.905476093292236,
    7.786521911621094,
    7.667421340942383,
    7.557498455047607,
    7.457548141479492,
    7.38701057434082,
    7.343270778656006,
    7.283999443054199,
    7.228883266448975,
    7.191838264465332,
    7.154565334320068,
    7.1364946365356445,
    7.099356174468994,
    7.109440326690674,
    7.054353713989258,
    7.128564357757568,
    7.029716968536377
  ]
}