{
  "Train": [
    1.0701903104782104,
    1.011346459388733,
    0.9850282073020935,
    0.9666579961776733,
    0.9495694637298584,
    0.9305518269538879,
    0.9092279672622681,
    0.8864085674285889,
    0.8634403347969055,
    0.8399812579154968
  ],
  "Training Time": 12.919121503829956,
  "Validate": [
    NaN,
    NaN,
    NaN,
    NaN,
    NaN,
    NaN,
    NaN,
    NaN,
    NaN,
    NaN
  ]
}