{
  "Train": [
    0.9720096588134766,
    0.8912760019302368,
    0.8315973877906799,
    0.9369884729385376,
    0.8865238428115845,
    0.8163155317306519,
    0.776123046875,
    0.7566298842430115,
    0.9040700197219849,
    0.7097994685173035
  ],
  "Training Time": 11.939516305923462,
  "Validate": [
    0.4744696319103241,
    0.7021783590316772,
    0.6689504384994507,
    1.0659269094467163,
    0.39752674102783203,
    0.4217517673969269,
    0.6150222420692444,
    0.46897774934768677,
    0.6418775916099548,
    0.674843430519104
  ]
}