{
  "Train": [
    0.9597996473312378,
    0.8633497953414917,
    0.7417364120483398,
    0.6882762908935547,
    0.6693462133407593,
    0.6667224168777466,
    0.6250552535057068,
    0.5862988233566284,
    0.5336081981658936,
    0.616561770439148
  ],
  "Training Time": 14.504209280014038,
  "Validate": [
    NaN,
    NaN,
    NaN,
    NaN,
    NaN,
    NaN,
    NaN,
    NaN,
    NaN,
    NaN
  ]
}