{
  "Train": [
    1.1720527410507202,
    1.1527369022369385,
    1.1414350271224976,
    1.1321206092834473,
    1.1237075328826904,
    1.114885926246643,
    1.1046282052993774,
    1.091078758239746,
    1.072479486465454,
    1.0485858917236328
  ],
  "Training Time": 11.997140169143677,
  "Validate": [
    2.0248308181762695,
    2.0559186935424805,
    2.0638763904571533,
    2.0615804195404053,
    2.0568032264709473,
    2.0485785007476807,
    2.0379433631896973,
    2.023087501525879,
    2.0104968547821045,
    2.013981342315674
  ]
}