{
  "Train": [
    0.752093493938446,
    0.7458323240280151,
    0.7401304244995117,
    0.7349310517311096,
    0.7299659848213196,
    0.7250593900680542,
    0.7200945019721985,
    0.7150222659111023,
    0.7098810076713562,
    0.7047882676124573
  ],
  "Training Time": 1.5511114597320557,
  "Validate": [
    0.6645746827125549,
    0.6673038005828857,
    0.669564962387085,
    0.6714774370193481,
    0.6731242537498474,
    0.6745649576187134,
    0.6758514642715454,
    0.6770398616790771,
    0.6781955361366272,
    0.6793885231018066
  ]
}