{
  "Train": [
    1.1970676183700562,
    0.6992809176445007,
    0.4235171377658844,
    0.37213680148124695,
    0.35039594769477844,
    0.33234190940856934,
    0.3162221312522888,
    0.30231449007987976,
    0.2908483147621155,
    0.28101128339767456
  ],
  "Training Time": 5.297173023223877,
  "Validate": [
    31.795198440551758,
    33.90861511230469,
    35.5923957824707,
    35.701053619384766,
    35.373172760009766,
    34.925758361816406,
    34.49301528930664,
    34.151920318603516,
    33.912086486816406,
    33.747982025146484
  ]
}