{
  "Train": [
    1.0792604684829712,
    0.9227551221847534,
    0.8914246559143066,
    0.8664525747299194,
    0.8430280089378357,
    0.8189862966537476,
    0.7930785417556763,
    0.7653794288635254,
    0.7377693057060242,
    0.713113009929657
  ],
  "Training Time": 4.687498569488525,
  "Validate": [
    0.5957034826278687,
    0.7583622336387634,
    0.9075769782066345,
    1.098366141319275,
    1.3540962934494019,
    1.6796875,
    2.0546300411224365,
    2.4458913803100586,
    2.8483850955963135,
    3.2824811935424805
  ]
}