{
  "Train": [
    1.0460443496704102,
    0.8887509703636169,
    0.8466913104057312,
    0.8031834959983826,
    0.7533455491065979,
    0.6974194645881653,
    0.6387593150138855,
    0.5802006125450134,
    0.5247259736061096,
    0.4699929356575012
  ],
  "Training Time": 11.30823278427124,
  "Validate": [
    0.6637786626815796,
    0.7148343324661255,
    0.7652891278266907,
    0.8134386539459229,
    0.8570845127105713,
    0.8978025913238525,
    0.9195616245269775,
    0.9090494513511658,
    0.878587543964386,
    0.8579596877098083
  ]
}