{
  "Train": [
    0.9134237766265869,
    0.8389026522636414,
    0.8267791271209717,
    0.8210716247558594,
    0.8173761367797852,
    0.8145787715911865,
    0.8122805953025818,
    0.8103072047233582,
    0.8085539937019348,
    0.8069784045219421
  ],
  "Training Time": 5.498976230621338,
  "Validate": [
    2.786813974380493,
    2.673794984817505,
    2.623173952102661,
    2.595425844192505,
    2.576681613922119,
    2.5629115104675293,
    2.55224871635437,
    2.5434470176696777,
    2.536206007003784,
    2.529869556427002
  ]
}