{
  "Train": [
    0.8310911655426025,
    0.8091107606887817,
    0.7921587228775024,
    0.7767938375473022,
    0.7592599391937256,
    0.7404084205627441,
    0.7247600555419922,
    0.7133030295372009,
    0.7035055160522461,
    0.6952797174453735
  ],
  "Training Time": 3.4306061267852783,
  "Validate": [
    0.7357987761497498,
    0.7528896927833557,
    0.7631508111953735,
    0.766740620136261,
    0.7638288736343384,
    0.7566944360733032,
    0.7467150688171387,
    0.7378252148628235,
    0.7327751517295837,
    0.7305055856704712
  ]
}