{
  "Train": [
    0.7609776258468628,
    0.7325748205184937,
    0.7234722971916199,
    0.7132437825202942,
    0.7041672468185425,
    0.695010244846344,
    0.6852459907531738,
    0.6771987676620483,
    0.6690794229507446,
    0.6567503213882446
  ],
  "Training Time": 6.667485475540161,
  "Validate": [
    NaN,
    NaN,
    NaN,
    NaN,
    NaN,
    NaN,
    NaN,
    NaN,
    NaN,
    NaN
  ]
}