{
  "Train": [
    0.756636917591095,
    0.7368277907371521,
    0.7252587080001831,
    0.7106837630271912,
    0.691058337688446,
    0.6732412576675415,
    0.6546904444694519,
    0.63969886302948,
    0.6250110864639282,
    0.6109364628791809
  ],
  "Training Time": 5.261139869689941,
  "Validate": [
    0.3554973900318146,
    0.3586137592792511,
    0.3571716845035553,
    0.35593920946121216,
    0.35483497381210327,
    0.3581402003765106,
    0.357544481754303,
    0.3621022403240204,
    0.37474432587623596,
    0.3964008390903473
  ]
}