{
  "Train": [
    0.8011038899421692,
    0.7655915021896362,
    0.7285457849502563,
    0.7059323787689209,
    0.6873705387115479,
    0.687932550907135,
    0.7210779190063477,
    0.7081829309463501,
    0.7211546897888184,
    0.6905143857002258
  ],
  "Training Time": 6.519400358200073,
  "Validate": [
    NaN,
    NaN,
    NaN,
    NaN,
    NaN,
    NaN,
    NaN,
    NaN,
    NaN,
    NaN
  ]
}