{
  "Train": [
    0.9911024570465088,
    0.8701855540275574,
    0.8408219814300537,
    0.8265605568885803,
    0.8185450434684753,
    0.8112397193908691,
    0.8043555021286011,
    0.7973743081092834,
    0.7902449369430542,
    0.7831460237503052
  ],
  "Training Time": 5.819180727005005,
  "Validate": [
    3.3842506408691406,
    3.128714084625244,
    3.047074794769287,
    2.969209909439087,
    2.9074461460113525,
    2.842022657394409,
    2.790640354156494,
    2.747136354446411,
    2.700427770614624,
    2.64003849029541
  ]
}