{
  "Train": [
    1.266656756401062,
    1.1387447118759155,
    1.1224051713943481,
    1.1062132120132446,
    1.0875064134597778,
    1.0675370693206787,
    1.0485695600509644,
    1.0290870666503906,
    1.0072791576385498,
    0.9842864274978638
  ],
  "Training Time": 5.140388250350952,
  "Validate": [
    1.826816439628601,
    2.0780534744262695,
    2.497840166091919,
    3.1434202194213867,
    4.077090263366699,
    5.2639384269714355,
    6.374651908874512,
    7.304410934448242,
    8.200522422790527,
    9.074469566345215
  ]
}