{
  "Train": [
    1.1044450998306274,
    1.089446783065796,
    1.0836185216903687,
    1.076099157333374,
    1.0649404525756836,
    1.0479573011398315,
    1.0245357751846313,
    0.9934718012809753,
    0.9559799432754517,
    0.9149038791656494
  ],
  "Training Time": 5.850706100463867,
  "Validate": [
    4.37303352355957,
    4.3637375831604,
    4.336867809295654,
    4.2810139656066895,
    4.189387798309326,
    4.112215518951416,
    4.108462810516357,
    4.137066841125488,
    4.171148777008057,
    4.190484523773193
  ]
}