{
  "Train": [
    1.0954406261444092,
    0.9984806180000305,
    0.9636645317077637,
    0.9379719495773315,
    0.9103525280952454,
    0.8879092335700989,
    0.8695877194404602,
    0.8550386428833008,
    0.8338165879249573,
    0.8300797343254089
  ],
  "Training Time": 6.554754257202148,
  "Validate": [
    NaN,
    NaN,
    NaN,
    NaN,
    NaN,
    NaN,
    NaN,
    NaN,
    NaN,
    NaN
  ]
}