{
  "Train": [
    0.3082979619503021,
    0.13280221819877625,
    0.10393068939447403,
    0.09441299736499786,
    0.08739572018384933,
    0.08134083449840546,
    0.07554175704717636,
    0.06970325857400894,
    0.0636482983827591,
    0.05726739764213562,
    0.05067874863743782,
    0.04470342770218849,
    0.04094042256474495,
    0.03890141844749451,
    0.03683674708008766,
    0.03524504601955414,
    0.03376046195626259,
    0.032414812594652176,
    0.031152907758951187,
    0.029946360737085342,
    0.028799116611480713,
    0.027703577652573586,
    0.026662057265639305,
    0.025673534721136093,
    0.02473701536655426
  ],
  "Training Time": 12.40770697593689,
  "Validate": [
    1.567297101020813,
    1.666333794593811,
    1.9808166027069092,
    2.217451333999634,
    2.408958911895752,
    2.586925745010376,
    2.762876033782959,
    2.9428937435150146,
    3.130918264389038,
    3.328894853591919,
    3.536853075027466,
    3.7494313716888428,
    3.942093849182129,
    4.0728302001953125,
    4.146641254425049,
    4.198009490966797,
    4.222865581512451,
    4.23040771484375,
    4.221811294555664,
    4.200618267059326,
    4.169238090515137,
    4.129983901977539,
    4.084668159484863,
    4.034656047821045,
    3.980830430984497
  ]
}