{
  "Train": [
    0.6275155544281006,
    0.08065777271986008,
    0.04183610901236534,
    0.03607914224267006,
    0.03274204581975937,
    0.030538106337189674,
    0.028928939253091812,
    0.027871187776327133,
    0.027227209880948067,
    0.026780810207128525,
    0.026428446173667908,
    0.026157965883612633,
    0.025984104722738266,
    0.025933828204870224,
    0.025958329439163208,
    0.025660399347543716,
    0.024774648249149323,
    0.023879341781139374,
    0.02320844866335392,
    0.02262197434902191,
    0.022045381367206573,
    0.021472321823239326,
    0.020903736352920532,
    0.02034034952521324,
    0.01978374645113945
  ],
  "Training Time": 11.003839254379272,
  "Validate": [
    17.797527313232422,
    16.417051315307617,
    16.18934440612793,
    16.279470443725586,
    16.304710388183594,
    16.267223358154297,
    16.20384979248047,
    16.133150100708008,
    16.065555572509766,
    16.01034164428711,
    15.971780776977539,
    15.950250625610352,
    15.9451322555542,
    15.952059745788574,
    15.955491065979004,
    15.947928428649902,
    15.9407377243042,
    15.928071022033691,
    15.905740737915039,
    15.877462387084961,
    15.844371795654297,
    15.805739402770996,
    15.760941505432129,
    15.70984172821045,
    15.652935028076172
  ]
}