{
  "Train": [
    1.0625040531158447,
    1.0571039915084839,
    1.055202841758728,
    1.0537956953048706,
    1.0526612997055054,
    1.0516828298568726,
    1.050794243812561,
    1.0499516725540161,
    1.0491204261779785,
    1.0482686758041382
  ],
  "Training Time": 3.708033323287964,
  "Validate": [
    7.4556355476379395,
    7.460686683654785,
    7.4778361320495605,
    7.498408794403076,
    7.519901275634766,
    7.541478633880615,
    7.56290864944458,
    7.5842132568359375,
    7.605523109436035,
    7.627039432525635
  ]
}