{
  "Train": [
    1.0398038625717163,
    0.8416922688484192,
    0.7768383622169495,
    0.7142134308815002,
    0.6503990888595581,
    0.589923083782196,
    0.537571370601654,
    0.4892764091491699,
    0.44264206290245056,
    0.40515846014022827
  ],
  "Training Time": 11.784164905548096,
  "Validate": [
    1.0191912651062012,
    0.9668412804603577,
    0.9881194829940796,
    1.0329378843307495,
    1.172025203704834,
    1.5244520902633667,
    2.228789806365967,
    2.9042787551879883,
    2.862359046936035,
    2.0264360904693604
  ]
}