{
  "Train": [
    0.3163505494594574,
    0.26699185371398926,
    0.23482933640480042,
    0.2148294746875763,
    0.19962631165981293,
    0.1864667385816574,
    0.17367036640644073,
    0.16097459197044373,
    0.1484871804714203,
    0.1367044746875763
  ],
  "Training Time": 14.731969833374023,
  "Validate": [
    NaN,
    NaN,
    NaN,
    NaN,
    NaN,
    NaN,
    NaN,
    NaN,
    NaN,
    NaN
  ]
}