{
  "Train": [
    1.0642426013946533,
    1.0590081214904785,
    1.0562447309494019,
    1.0549052953720093,
    1.0538572072982788,
    1.0531367063522339,
    1.052664041519165,
    1.052007794380188,
    1.0516561269760132,
    1.0511869192123413
  ],
  "Training Time": 5.5400002002716064,
  "Validate": [
    3.160604476928711,
    3.148317337036133,
    3.1442902088165283,
    3.1403932571411133,
    3.139465570449829,
    3.1383919715881348,
    3.136383056640625,
    3.136396646499634,
    3.1342315673828125,
    3.135164976119995
  ]
}