{
  "Train": [
    1.0328537225723267,
    1.0351734161376953,
    1.0327268838882446,
    1.0320005416870117,
    1.0303542613983154,
    1.0300244092941284,
    1.0299259424209595,
    1.029803991317749,
    1.0297490358352661,
    1.0296965837478638
  ],
  "Training Time": 3.4600064754486084,
  "Validate": [
    0.42817190289497375,
    0.4125133454799652,
    0.4114665985107422,
    0.41136959195137024,
    0.4119272530078888,
    0.4125607907772064,
    0.4130101799964905,
    0.4134097695350647,
    0.4137275218963623,
    0.41406503319740295
  ]
}