{
  "Train": [
    1.1031349897384644,
    1.090503454208374,
    1.085471272468567,
    1.0799987316131592,
    1.0726637840270996,
    1.0608749389648438,
    1.0419255495071411,
    1.0164518356323242,
    0.9903726577758789,
    0.9669817686080933,
    0.9445776343345642,
    0.9225752353668213,
    0.9009566903114319,
    0.8799722194671631,
    0.8599452376365662,
    0.8409904837608337,
    0.8228430151939392,
    0.805040717124939,
    0.7873381972312927,
    0.7699686288833618,
    0.7535167336463928,
    0.738377571105957,
    0.7240021824836731,
    0.7101912498474121,
    0.6969518661499023,
    0.6842584013938904,
    0.6723719239234924,
    0.6608702540397644,
    0.6497677564620972,
    0.6392499804496765,
    0.6291826963424683,
    0.6193745732307434,
    0.6097010374069214,
    0.6001154780387878,
    0.5906321406364441,
    0.5813106298446655,
    0.5722341537475586,
    0.5634822845458984,
    0.5551062822341919,
    0.5471058487892151,
    0.5394222140312195,
    0.5319515466690063,
    0.5245704650878906,
    0.5171668529510498,
    0.5096606016159058,
    0.5020065903663635,
    0.49418699741363525,
    0.48619934916496277,
    0.47804635763168335,
    0.46972814202308655,
    0.4612400233745575,
    0.45256906747817993,
    0.443697452545166,
    0.43460145592689514,
    0.42525556683540344,
    0.4156329929828644,
    0.405707985162735,
    0.3954579830169678,
    0.3848670721054077,
    0.3739316165447235,
    0.36266645789146423,
    0.3511168658733368,
    0.33935678005218506,
    0.3275222182273865,
    0.31567636132240295,
    0.30464544892311096,
    0.29893648624420166,
    0.4036065340042114,
    0.41335755586624146,
    0.2929777503013611,
    0.27976247668266296,
    0.26979100704193115,
    0.2600858509540558,
    0.2508625388145447,
    0.24237316846847534,
    0.23470820486545563,
    0.2283916026353836,
    0.22422091662883759,
    0.22246654331684113,
    0.22063048183918,
    0.2151802033185959,
    0.20696881413459778,
    0.19888131320476532,
    0.19244109094142914,
    0.1875312775373459,
    0.1834886372089386,
    0.17974817752838135,
    0.17614403367042542,
    0.1729324609041214,
    0.17050249874591827,
    0.16885460913181305,
    0.1671534776687622,
    0.1642502397298813,
    0.15971295535564423,
    0.15350447595119476,
    0.14512945711612701,
    0.13705509901046753,
    0.1304219514131546,
    0.12360107153654099,
    0.11725685000419617
  ],
  "Training Time": 78.43222308158875,
  "Validate": [
    4.383546352386475,
    4.389774799346924,
    4.387010097503662,
    4.381015300750732,
    4.3732380867004395,
    4.3705644607543945,
    4.38055419921875,
    4.4177937507629395,
    4.499041557312012,
    4.594342231750488,
    4.672340393066406,
    4.73341703414917,
    4.78666877746582,
    4.842917442321777,
    4.912946701049805,
    5.004332542419434,
    5.117129802703857,
    5.241626739501953,
    5.365696430206299,
    5.491710186004639,
    5.644712448120117,
    5.863280773162842,
    6.164821147918701,
    6.511091709136963,
    6.840965747833252,
    7.085309028625488,
    7.2028656005859375,
    7.227241039276123,
    7.206923961639404,
    7.167322158813477,
    7.118868827819824,
    7.065936088562012,
    7.011096000671387,
    6.956747055053711,
    6.9055399894714355,
    6.860195636749268,
    6.823165416717529,
    6.796277046203613,
    6.780531406402588,
    6.775976181030273,
    6.781745433807373,
    6.796123027801514,
    6.816775321960449,
    6.841061592102051,
    6.866360664367676,
    6.8903584480285645,
    6.9112548828125,
    6.927882671356201,
    6.939723491668701,
    6.946905612945557,
    6.9500932693481445,
    6.9503984451293945,
    6.949260234832764,
    6.948354721069336,
    6.949557781219482,
    6.954900741577148,
    6.966516017913818,
    6.986598491668701,
    7.017257213592529,
    7.060351371765137,
    7.117141246795654,
    7.1879801750183105,
    7.271694660186768,
    7.366075038909912,
    7.463259696960449,
    7.5778889656066895,
    7.286973476409912,
    7.113644123077393,
    6.524563312530518,
    6.922164440155029,
    7.252587795257568,
    7.535150527954102,
    7.7714314460754395,
    7.997436046600342,
    8.226228713989258,
    8.45897102355957,
    8.693522453308105,
    8.921810150146484,
    9.132760047912598,
    9.349291801452637,
    9.60506820678711,
    9.901754379272461,
    10.207660675048828,
    10.483777046203613,
    10.700563430786133,
    10.843758583068848,
    10.918370246887207,
    10.937397003173828,
    10.902534484863281,
    10.792547225952148,
    10.574723243713379,
    10.23793888092041,
    9.809002876281738,
    9.326247215270996,
    8.851983070373535,
    8.521797180175781,
    8.332286834716797,
    8.179984092712402,
    8.075946807861328,
    7.991777420043945
  ]
}