{
  "Train": [
    1.0170406103134155,
    0.9615663886070251,
    0.9121949076652527,
    0.8725142478942871,
    0.8512142300605774,
    0.8485456109046936,
    0.8103657364845276,
    0.7577010989189148,
    0.8194390535354614,
    0.823658287525177
  ],
  "Training Time": 5.085820198059082,
  "Validate": [
    0.7725574970245361,
    0.6588854193687439,
    0.663607656955719,
    0.7165473699569702,
    0.5364679098129272,
    0.4940349757671356,
    0.5317984223365784,
    0.43957215547561646,
    0.488120436668396,
    0.4185718297958374
  ]
}