{
  "Train": [
    0.32498258352279663,
    0.25046172738075256,
    0.22249723970890045,
    0.20553527772426605,
    0.19359585642814636,
    0.18404357135295868,
    0.174813374876976,
    0.16694574058055878,
    0.1596875935792923,
    0.15296673774719238
  ],
  "Training Time": 3.109525442123413,
  "Validate": [
    NaN,
    NaN,
    NaN,
    NaN,
    NaN,
    NaN,
    NaN,
    NaN,
    NaN,
    NaN
  ]
}