{
  "Train": [
    1.0919913053512573,
    1.0652199983596802,
    1.06240975856781,
    1.0607638359069824,
    1.059397578239441,
    1.0585201978683472,
    1.058174729347229,
    1.057543158531189,
    1.056823968887329,
    1.0566940307617188
  ],
  "Training Time": 4.282387733459473,
  "Validate": [
    7.15870475769043,
    7.168167591094971,
    7.17801570892334,
    7.187490940093994,
    7.197909355163574,
    7.204119682312012,
    7.210541248321533,
    7.2207350730896,
    7.231682777404785,
    7.236695766448975
  ]
}