{
  "Train": [
    1.1219662427902222,
    1.1219977140426636,
    1.1134529113769531,
    1.1116183996200562,
    1.11095130443573,
    1.1107804775238037,
    1.110655426979065,
    1.110589623451233,
    1.1104878187179565,
    1.1104836463928223
  ],
  "Training Time": 2.6996002197265625,
  "Validate": [
    1.4280034303665161,
    1.4180686473846436,
    1.4030431509017944,
    1.3940883874893188,
    1.3892771005630493,
    1.3858169317245483,
    1.3848282098770142,
    1.383324384689331,
    1.383792519569397,
    1.3826627731323242
  ]
}