{
  "Train": [
    0.7572988867759705,
    0.24376030266284943,
    0.13017699122428894,
    0.11041714251041412,
    0.08717463910579681,
    0.0603301115334034,
    0.045423343777656555,
    0.04226825758814812,
    0.04045472666621208,
    0.03712332621216774,
    0.03529176488518715,
    0.033930230885744095,
    0.032769158482551575,
    0.031832244247198105,
    0.03101664036512375,
    0.030274931341409683,
    0.02957693673670292,
    0.028901157900691032,
    0.028237905353307724,
    0.027582522481679916,
    0.02693433314561844,
    0.026295283809304237,
    0.025669636204838753,
    0.02506449446082115,
    0.024490343406796455
  ],
  "Training Time": 15.670408964157104,
  "Validate": [
    3.8271265029907227,
    1.038206934928894,
    1.0848731994628906,
    1.412002444267273,
    1.6322379112243652,
    1.8919044733047485,
    2.0531165599823,
    2.0694332122802734,
    2.024980306625366,
    1.9662407636642456,
    1.9011565446853638,
    1.8453506231307983,
    1.7966110706329346,
    1.7548121213912964,
    1.7192127704620361,
    1.688628077507019,
    1.6621413230895996,
    1.638999104499817,
    1.6186922788619995,
    1.6009190082550049,
    1.5855331420898438,
    1.5725071430206299,
    1.5618892908096313,
    1.553719401359558,
    1.5479209423065186
  ]
}