{
  "Train": [
    0.14084677398204803,
    0.0814235731959343,
    0.0664733499288559,
    0.05455949902534485,
    0.046615052968263626,
    0.04187772423028946,
    0.03893249109387398,
    0.036706000566482544,
    0.03492032364010811,
    0.033678341656923294,
    0.03303982689976692,
    0.0327146016061306,
    0.032060153782367706,
    0.030796576291322708,
    0.029256969690322876,
    0.02952246367931366,
    0.030607106164097786,
    0.02896253392100334,
    0.02630774863064289,
    0.02649594657123089,
    0.02420746348798275,
    0.024647099897265434,
    0.023362724110484123,
    0.024397848173975945,
    0.023138059303164482
  ],
  "Training Time": 17.88032627105713,
  "Validate": [
    0.05961562320590019,
    0.0563846081495285,
    0.05232537165284157,
    0.048714425414800644,
    0.047014571726322174,
    0.04606422409415245,
    0.045326996594667435,
    0.044860683381557465,
    0.0446341373026371,
    0.04435717687010765,
    0.043908193707466125,
    0.04344090446829796,
    0.04311725124716759,
    0.04303653538227081,
    0.04342549666762352,
    0.04279083386063576,
    0.04305761680006981,
    0.04302573204040527,
    0.04433470964431763,
    0.04400252178311348,
    0.044803548604249954,
    0.04436611384153366,
    0.044759880751371384,
    0.04538613185286522,
    0.045545898377895355
  ]
}