{
  "Train": [
    0.9300856590270996,
    0.8869724869728088,
    0.8516085743904114,
    0.8290281295776367,
    0.8111024498939514,
    0.7925434112548828,
    0.7793525457382202,
    0.7612323760986328,
    0.7521445155143738,
    0.7347337603569031
  ],
  "Training Time": 2.559931516647339,
  "Validate": [
    0.3621111512184143,
    0.400726318359375,
    0.46701934933662415,
    0.5110880732536316,
    0.5424244999885559,
    0.559969425201416,
    0.5745577216148376,
    0.5738093256950378,
    0.5719437003135681,
    0.5563958287239075
  ]
}