{
  "Train": [
    0.732185959815979,
    0.7322202920913696,
    0.7193083167076111,
    0.7116847634315491,
    0.7029945850372314,
    0.6896390914916992,
    0.6764402389526367,
    0.6654195785522461,
    0.650550127029419,
    0.6368375420570374
  ],
  "Training Time": 3.1595308780670166,
  "Validate": [
    NaN,
    NaN,
    NaN,
    NaN,
    NaN,
    NaN,
    NaN,
    NaN,
    NaN,
    NaN
  ]
}