{
  "Train": [
    1.0580512285232544,
    1.0522856712341309,
    1.0452765226364136,
    1.0374747514724731,
    1.0284698009490967,
    1.0147488117218018,
    0.9915763139724731,
    0.9602135419845581,
    0.9044334292411804,
    0.9847754836082458
  ],
  "Training Time": 10.128002405166626,
  "Validate": [
    0.6517518758773804,
    0.5804722905158997,
    0.5127488970756531,
    0.4709170162677765,
    0.43548429012298584,
    0.3992692828178406,
    0.35843658447265625,
    0.3480001389980316,
    0.3469100594520569,
    0.3202384114265442
  ]
}