{
  "Train": [
    0.6898022294044495,
    0.3837563395500183,
    0.3508348762989044,
    0.331807404756546,
    0.31549882888793945,
    0.3014839291572571,
    0.2902267277240753,
    0.2814778685569763,
    0.274218887090683,
    0.26746436953544617
  ],
  "Training Time": 13.072778224945068,
  "Validate": [
    42.519248962402344,
    37.15566635131836,
    36.73039245605469,
    36.31186294555664,
    36.18395233154297,
    36.22622299194336,
    36.32219696044922,
    36.42343521118164,
    36.528133392333984,
    36.63858413696289
  ]
}