{
  "Train": [
    0.3225978910923004,
    0.2824094891548157,
    0.2714157998561859,
    0.21099041402339935,
    0.18667005002498627,
    0.16870467364788055,
    0.15046411752700806,
    0.13855695724487305,
    0.13138066232204437,
    0.12216442823410034
  ],
  "Training Time": 6.60647177696228,
  "Validate": [
    NaN,
    NaN,
    NaN,
    NaN,
    NaN,
    NaN,
    NaN,
    NaN,
    NaN,
    NaN
  ]
}