{
  "Train": [
    0.37748849391937256,
    0.36033934354782104,
    0.351361483335495,
    0.3433290123939514,
    0.3363071382045746,
    0.33012551069259644,
    0.32453662157058716,
    0.3192150592803955,
    0.3141312897205353,
    0.30925559997558594
  ],
  "Training Time": 3.7379584312438965,
  "Validate": [
    NaN,
    NaN,
    NaN,
    NaN,
    NaN,
    NaN,
    NaN,
    NaN,
    NaN,
    NaN
  ]
}