{
  "Train": [
    0.6316218972206116,
    0.41740259528160095,
    0.4059566259384155,
    0.3893074095249176,
    0.37112709879875183,
    0.3545949161052704,
    0.3359835743904114,
    0.3208828568458557,
    0.3012102544307709,
    0.2982070744037628
  ],
  "Training Time": 15.242963552474976,
  "Validate": [
    NaN,
    NaN,
    NaN,
    NaN,
    NaN,
    NaN,
    NaN,
    NaN,
    NaN,
    NaN
  ]
}