{
  "Train": [
    0.9059444069862366,
    0.8641389012336731,
    0.8401190638542175,
    0.8192593455314636,
    0.8022388219833374,
    0.7862308621406555,
    0.767128050327301,
    0.7460329532623291,
    0.7326844334602356,
    0.7253513336181641
  ],
  "Training Time": 20.167580127716064,
  "Validate": [
    NaN,
    NaN,
    NaN,
    NaN,
    NaN,
    NaN,
    NaN,
    NaN,
    NaN,
    NaN
  ]
}