{
  "Train": [
    0.926863968372345,
    0.8880520462989807,
    0.8704380989074707,
    0.8624533414840698,
    0.8533738255500793,
    0.8464018702507019,
    0.8379757404327393,
    0.8340803980827332,
    0.8302589058876038,
    0.8262707591056824,
    0.8236222863197327,
    0.819036602973938,
    0.8192619681358337,
    0.8148709535598755,
    0.8150176405906677,
    0.7990596294403076,
    0.7955605387687683,
    0.7699346542358398,
    0.7687905430793762,
    0.7516354322433472,
    0.7424664497375488,
    0.7303623557090759,
    0.7221720814704895,
    0.7139672636985779,
    0.7072042226791382,
    0.7010250687599182,
    0.694793164730072,
    0.6885820627212524,
    0.681604266166687,
    0.6733372807502747,
    0.6630198359489441,
    0.6504675149917603,
    0.6399944424629211,
    0.6449689865112305,
    0.6954087018966675,
    0.6341627836227417,
    0.606370747089386,
    0.5874053239822388,
    0.7219997048377991,
    0.6243482828140259,
    0.5716307163238525,
    0.5307610630989075,
    0.5186575651168823,
    0.46671271324157715,
    0.437267929315567,
    0.43821030855178833,
    0.43907609581947327,
    0.37330955266952515,
    0.36752840876579285,
    0.3647788465023041,
    0.3305644989013672,
    0.31492143869400024,
    0.3000459372997284,
    0.2831004858016968,
    0.32867273688316345,
    0.3827885389328003,
    0.7124691605567932,
    0.5887212157249451,
    0.3731864094734192,
    0.30997759103775024,
    0.3471427857875824,
    0.2905636727809906,
    0.24684493243694305,
    0.23894302546977997,
    0.23435352742671967,
    0.21990343928337097,
    0.2211727499961853,
    0.21097514033317566,
    0.19969303905963898,
    0.19954268634319305,
    0.19733339548110962,
    0.1834462434053421,
    0.1552116870880127,
    0.1874435693025589,
    0.16817961633205414,
    0.1559598296880722,
    0.1370842605829239,
    0.13795140385627747,
    0.15617674589157104,
    0.15038065612316132,
    0.14127901196479797,
    0.1351832002401352,
    0.11517789959907532,
    0.12591496109962463,
    0.1255570650100708,
    0.13859118521213531,
    0.14812228083610535,
    0.1387554407119751,
    0.13108840584754944,
    0.09603793919086456,
    0.09316679835319519,
    0.0818791538476944,
    0.09122134745121002,
    0.10270107537508011,
    0.09193795919418335,
    0.07864954322576523,
    0.07982780784368515,
    0.0901937410235405,
    0.07840213179588318,
    0.08523210138082504
  ],
  "Training Time": 76.90675973892212,
  "Validate": [
    2.916687250137329,
    3.070871114730835,
    2.951981544494629,
    2.941474199295044,
    2.911327362060547,
    2.8855631351470947,
    2.8441030979156494,
    2.833571434020996,
    2.8139500617980957,
    2.8187904357910156,
    2.795567512512207,
    2.9080235958099365,
    2.792158603668213,
    3.0301363468170166,
    2.8148860931396484,
    2.7336974143981934,
    2.8133366107940674,
    2.684368848800659,
    2.8216490745544434,
    2.645501136779785,
    2.791808843612671,
    2.659602165222168,
    2.7481470108032227,
    2.686441659927368,
    2.7058897018432617,
    2.6834263801574707,
    2.6730000972747803,
    2.6558706760406494,
    2.6367757320404053,
    2.6160950660705566,
    2.607884645462036,
    2.621428966522217,
    2.704951047897339,
    2.930279493331909,
    2.6296796798706055,
    2.6982483863830566,
    2.6017022132873535,
    2.801363229751587,
    2.639864921569824,
    2.746753454208374,
    2.9249753952026367,
    3.1167006492614746,
    3.256007194519043,
    3.0444345474243164,
    2.8989930152893066,
    2.950026512145996,
    3.1509337425231934,
    2.8730077743530273,
    2.969003200531006,
    3.1460630893707275,
    2.978414297103882,
    3.13332462310791,
    3.3082497119903564,
    3.3969156742095947,
    3.079688310623169,
    2.6476526260375977,
    3.3776400089263916,
    3.18002986907959,
    3.2489354610443115,
    3.682750940322876,
    3.6712937355041504,
    3.5603110790252686,
    3.7103185653686523,
    3.778104305267334,
    3.5382843017578125,
    3.6546294689178467,
    4.196866989135742,
    4.244352340698242,
    3.796322822570801,
    4.030744552612305,
    4.245680332183838,
    4.297276020050049,
    3.9376604557037354,
    4.072517395019531,
    3.970571756362915,
    4.11102819442749,
    4.13881778717041,
    3.9065468311309814,
    4.238365650177002,
    3.8375864028930664,
    4.44358491897583,
    4.57064962387085,
    4.285484313964844,
    3.973212957382202,
    4.211874008178711,
    4.034282207489014,
    4.2902960777282715,
    4.8406758308410645,
    4.843520164489746,
    4.695755481719971,
    4.286976337432861,
    4.453397750854492,
    4.5145134925842285,
    4.211642742156982,
    4.481306552886963,
    4.474623203277588,
    4.421905994415283,
    4.347678184509277,
    4.520517826080322,
    4.145185470581055
  ]
}