{
  "Train": [
    0.8069571256637573,
    0.7863590717315674,
    0.7523849606513977,
    0.7327606678009033,
    0.7179055213928223,
    0.711406409740448,
    0.7049380540847778,
    0.7011342644691467,
    0.6973094940185547,
    0.6943063735961914
  ],
  "Training Time": 2.5878918170928955,
  "Validate": [
    0.6990628242492676,
    0.6978697776794434,
    0.7007301449775696,
    0.6996283531188965,
    0.7015408277511597,
    0.7005894780158997,
    0.7017155885696411,
    0.7022593021392822,
    0.7035082578659058,
    0.7049049139022827
  ]
}