{
  "Train": [
    0.7250073552131653,
    0.7282548546791077,
    0.7307173013687134,
    0.7304936051368713,
    0.7309292554855347,
    0.7306087017059326,
    0.7301949262619019,
    0.7301211953163147,
    0.7298116683959961,
    0.7292397022247314
  ],
  "Training Time": 3.1176650524139404,
  "Validate": [
    NaN,
    NaN,
    NaN,
    NaN,
    NaN,
    NaN,
    NaN,
    NaN,
    NaN,
    NaN
  ]
}