{
  "Train": [
    0.8750285506248474,
    0.840146005153656,
    0.829641580581665,
    0.8252355456352234,
    0.8207709193229675,
    0.8161851763725281,
    0.8136950135231018,
    0.810067355632782,
    0.8073046207427979,
    0.8055033087730408
  ],
  "Training Time": 4.365452289581299,
  "Validate": [
    2.4972307682037354,
    2.4393389225006104,
    2.396148681640625,
    2.3688254356384277,
    2.3434388637542725,
    2.322256088256836,
    2.3113629817962646,
    2.301436424255371,
    2.2935357093811035,
    2.2852115631103516
  ]
}