{
  "Train": [
    0.8025627136230469,
    0.7842068672180176,
    0.7413792610168457,
    0.7251637578010559,
    0.7072227597236633,
    0.6980630159378052,
    0.6879033446311951,
    0.6797078251838684,
    0.6734310388565063,
    0.6677880883216858
  ],
  "Training Time": 2.766347885131836,
  "Validate": [
    0.7079075574874878,
    0.7181700468063354,
    0.727157711982727,
    0.7306660413742065,
    0.7311611175537109,
    0.7395792603492737,
    0.7418918013572693,
    0.7477284669876099,
    0.7528946399688721,
    0.7573978304862976
  ]
}