{
  "Train": [
    0.13982820510864258,
    0.05195007100701332,
    0.03368580713868141,
    0.023999789729714394,
    0.01815642975270748,
    0.014663882553577423,
    0.012510759755969048,
    0.0111068245023489,
    0.010168112814426422,
    0.009552341885864735,
    0.009153483435511589,
    0.008826332166790962,
    0.008448094129562378,
    0.008036530576646328,
    0.0076897721737623215,
    0.007441329769790173,
    0.007260945625603199,
    0.0071181124076247215,
    0.007000192534178495,
    0.006904094945639372,
    0.006828974932432175,
    0.006773720495402813,
    0.006736688315868378,
    0.00671611912548542,
    0.006710756104439497
  ],
  "Training Time": 13.14047360420227,
  "Validate": [
    NaN,
    NaN,
    NaN,
    NaN,
    NaN,
    NaN,
    NaN,
    NaN,
    NaN,
    NaN,
    NaN,
    NaN,
    NaN,
    NaN,
    NaN,
    NaN,
    NaN,
    NaN,
    NaN,
    NaN,
    NaN,
    NaN,
    NaN,
    NaN,
    NaN
  ]
}