{
  "Train": [
    0.6325727701187134,
    0.28887003660202026,
    0.1525862216949463,
    0.09816931188106537,
    0.08313339203596115,
    0.0720553919672966,
    0.06308183073997498,
    0.055744558572769165,
    0.049661971628665924,
    0.04452698305249214,
    0.04018887132406235,
    0.03663744777441025,
    0.03383442014455795,
    0.031678248196840286,
    0.030054761096835136,
    0.028822604566812515,
    0.027815982699394226,
    0.02694626711308956,
    0.026177924126386642,
    0.025433918461203575,
    0.024618012830615044,
    0.02368047460913658,
    0.02267512120306492,
    0.021695610135793686,
    0.020799538120627403
  ],
  "Training Time": 10.35526156425476,
  "Validate": [
    2.168816566467285,
    2.0606789588928223,
    1.8558552265167236,
    1.686780571937561,
    1.6767444610595703,
    1.7229766845703125,
    1.785912275314331,
    1.836997628211975,
    1.8574905395507812,
    1.8543397188186646,
    1.84868323802948,
    1.853274941444397,
    1.8640154600143433,
    1.8753573894500732,
    1.886115312576294,
    1.8992705345153809,
    1.913015365600586,
    1.9207099676132202,
    1.9190311431884766,
    1.906762957572937,
    1.8829452991485596,
    1.848650336265564,
    1.8082236051559448,
    1.7649420499801636,
    1.7185065746307373
  ]
}