{
  "Train": [
    0.659514307975769,
    0.25974026322364807,
    0.09750613570213318,
    0.03170015290379524,
    0.022608071565628052,
    0.020831137895584106,
    0.019406957551836967,
    0.017970779910683632,
    0.016596322879195213,
    0.015480680391192436,
    0.014639558270573616,
    0.013917935080826283,
    0.013256117701530457,
    0.012661218643188477,
    0.01213851384818554,
    0.011684330180287361,
    0.011285323649644852,
    0.010922576300799847,
    0.010578506626188755,
    0.010240522213280201,
    0.009900441393256187,
    0.00955110415816307,
    0.009182804264128208,
    0.008780260570347309,
    0.008323484100401402
  ],
  "Training Time": 9.221508264541626,
  "Validate": [
    18.19099235534668,
    24.357555389404297,
    26.806446075439453,
    26.450519561767578,
    26.4600772857666,
    26.546159744262695,
    26.65440559387207,
    26.879976272583008,
    27.282543182373047,
    27.800067901611328,
    28.297266006469727,
    28.722211837768555,
    29.089643478393555,
    29.418060302734375,
    29.71759033203125,
    29.995012283325195,
    30.256986618041992,
    30.510526657104492,
    30.762096405029297,
    31.016328811645508,
    31.275449752807617,
    31.539472579956055,
    31.807435989379883,
    32.07896423339844,
    32.35479736328125
  ]
}