{
  "Train": [
    1.0287176370620728,
    1.0198390483856201,
    1.0119646787643433,
    1.0046886205673218,
    0.9976833462715149,
    0.9908300638198853,
    0.984078049659729,
    0.9774033427238464,
    0.9707964658737183,
    0.9642547369003296
  ],
  "Training Time": 2.3396365642547607,
  "Validate": [
    0.4763436019420624,
    0.4493211507797241,
    0.43063056468963623,
    0.4168490469455719,
    0.40636470913887024,
    0.3982546925544739,
    0.3919316530227661,
    0.3869929015636444,
    0.3831428289413452,
    0.3801513910293579
  ]
}