{
  "Train": [
    0.9620012044906616,
    0.9470977783203125,
    0.9407601356506348,
    0.9313372373580933,
    0.9231641292572021,
    0.9148489832878113,
    0.9066681265830994,
    0.898589015007019,
    0.890631377696991,
    0.8828012347221375
  ],
  "Training Time": 2.8895492553710938,
  "Validate": [
    NaN,
    NaN,
    NaN,
    NaN,
    NaN,
    NaN,
    NaN,
    NaN,
    NaN,
    NaN
  ]
}