{
  "Train": [
    0.8490718007087708,
    0.6751391291618347,
    0.630129337310791,
    0.6081835031509399,
    0.5910743474960327,
    0.5759814381599426,
    0.5619094967842102,
    0.5490460395812988,
    0.5381526947021484,
    0.5295369625091553,
    0.521659255027771,
    0.513440728187561,
    0.5030136704444885,
    0.4895768463611603,
    0.4766879379749298,
    0.46436771750450134,
    0.45251649618148804,
    0.44608959555625916,
    0.4376752972602844,
    0.4294092655181885,
    0.42432159185409546,
    0.4166407585144043,
    0.4044474959373474,
    0.3947129547595978,
    0.3755149245262146,
    0.38345661759376526,
    0.37223291397094727,
    0.38412684202194214,
    0.3861692249774933,
    0.3500822186470032,
    0.33891788125038147,
    0.32607555389404297,
    0.31686538457870483,
    0.31305694580078125,
    0.32305529713630676,
    0.3173196315765381,
    0.31446346640586853,
    0.308606892824173,
    0.3132750988006592,
    0.3140891492366791,
    0.47167089581489563,
    0.4593570828437805,
    0.3770013153553009,
    0.33943668007850647,
    0.31915950775146484,
    0.3040196895599365,
    0.2972683906555176,
    0.28838247060775757,
    0.2791154086589813,
    0.278107225894928,
    0.2710353434085846,
    0.39397701621055603,
    0.29278960824012756,
    0.2644624710083008,
    0.29893210530281067,
    0.2758566737174988,
    0.2713596224784851,
    0.247883602976799,
    0.23297514021396637,
    0.23524025082588196,
    0.24397508800029755,
    0.24313953518867493,
    0.2547300457954407,
    0.2422027736902237,
    0.40049606561660767,
    0.39172500371932983,
    0.251211017370224,
    0.2704111933708191,
    0.2806234359741211,
    0.2380535751581192,
    0.21211041510105133,
    0.21793513000011444,
    0.20998279750347137,
    0.19982671737670898,
    0.20040664076805115,
    0.19824133813381195,
    0.1921054571866989,
    0.19981679320335388,
    0.19044043123722076,
    0.19829867780208588,
    0.1994389444589615,
    0.20618455111980438,
    0.18977396190166473,
    0.193854421377182,
    0.19760505855083466,
    0.20453491806983948,
    0.2014189064502716,
    0.19399213790893555,
    0.1830977201461792,
    0.18086333572864532,
    0.1778556853532791,
    0.17698846757411957,
    0.1738835871219635,
    0.17900867760181427,
    0.2164200097322464,
    0.18962351977825165,
    0.2540983557701111,
    0.27897801995277405,
    0.1809135526418686,
    0.16637445986270905
  ],
  "Training Time": 140.0274715423584,
  "Validate": [
    0.4328281283378601,
    0.45838460326194763,
    0.47902700304985046,
    0.49575215578079224,
    0.5094077587127686,
    0.522585928440094,
    0.5379518270492554,
    0.5563194751739502,
    0.5790446400642395,
    0.6045940518379211,
    0.6327171921730042,
    0.6632168292999268,
    0.6944048404693604,
    0.7284201979637146,
    0.7578957080841064,
    0.761711061000824,
    0.7466045618057251,
    0.773780107498169,
    0.797551155090332,
    0.8003076910972595,
    0.7767429351806641,
    0.6898090839385986,
    0.6562029123306274,
    0.7165522575378418,
    0.640514612197876,
    0.6674985289573669,
    0.6188620924949646,
    0.5985679030418396,
    0.5911121368408203,
    0.616436779499054,
    0.6382210850715637,
    0.6439569592475891,
    0.6639453172683716,
    0.6669396758079529,
    0.6416422724723816,
    0.6252362728118896,
    0.6549176573753357,
    0.6277911067008972,
    0.6349813938140869,
    0.6709777116775513,
    0.6875134110450745,
    0.8424872756004333,
    0.7460363507270813,
    0.7885124683380127,
    0.730522096157074,
    0.6956877112388611,
    0.6918342113494873,
    0.6921412944793701,
    0.7125219702720642,
    0.7434377074241638,
    0.7350128293037415,
    0.6402382254600525,
    0.7891638278961182,
    0.8454963564872742,
    0.8469612002372742,
    0.9190780520439148,
    0.8846514225006104,
    0.9618209600448608,
    0.8974136710166931,
    0.9287569522857666,
    0.9469712972640991,
    0.8416833281517029,
    0.8048436641693115,
    0.8468641042709351,
    0.7041202783584595,
    1.1806590557098389,
    0.8500369787216187,
    0.8901453614234924,
    0.626126229763031,
    0.7285071015357971,
    0.8055976629257202,
    0.8450185656547546,
    0.8610799908638,
    0.8533544540405273,
    0.8670980930328369,
    0.8679056763648987,
    0.8307880163192749,
    0.8526928424835205,
    0.849663496017456,
    0.8136285543441772,
    0.7728777527809143,
    0.8389425873756409,
    0.8330144286155701,
    0.8128421306610107,
    0.7939865589141846,
    0.8261132836341858,
    0.869240403175354,
    0.8163754940032959,
    0.8829048275947571,
    0.9044069051742554,
    0.8934144377708435,
    0.8868973255157471,
    0.8752666711807251,
    0.9155609011650085,
    0.7173992991447449,
    0.8399272561073303,
    0.8036748766899109,
    0.618097722530365,
    0.7560091018676758,
    0.8130964636802673
  ]
}