{
  "Train": [
    1.1992336511611938,
    1.1655774116516113,
    1.154090404510498,
    1.1430176496505737,
    1.1361913681030273,
    1.1303014755249023,
    1.1245757341384888,
    1.118773102760315,
    1.1127382516860962,
    1.1063021421432495
  ],
  "Training Time": 5.837000131607056,
  "Validate": [
    1.9595913887023926,
    1.9800362586975098,
    2.025581121444702,
    2.0558021068573,
    2.057206153869629,
    2.0587656497955322,
    2.0607962608337402,
    2.063298463821411,
    2.066593647003174,
    2.0713298320770264
  ]
}