{
  "Train": [
    1.0589102506637573,
    0.9652145504951477,
    0.9311013221740723,
    0.9101243615150452,
    0.8874073624610901,
    0.8560147285461426,
    0.8259884119033813,
    0.8161665201187134,
    0.7910920977592468,
    0.7654810547828674
  ],
  "Training Time": 8.565305709838867,
  "Validate": [
    NaN,
    NaN,
    NaN,
    NaN,
    NaN,
    NaN,
    NaN,
    NaN,
    NaN,
    NaN
  ]
}