{
  "Train": [
    0.7225691080093384,
    0.7099888920783997,
    0.6985856294631958,
    0.6851597428321838,
    0.6672502160072327,
    0.6430892944335938,
    0.6167847514152527,
    0.5983476638793945,
    0.5760526061058044,
    0.5630268454551697
  ],
  "Training Time": 4.759437561035156,
  "Validate": [
    0.40881526470184326,
    0.42297372221946716,
    0.42370110750198364,
    0.42050063610076904,
    0.42560750246047974,
    0.4965754747390747,
    0.5687472820281982,
    0.5757993459701538,
    0.5570805668830872,
    0.5388875603675842
  ]
}