{
  "Train": [
    0.7480084300041199,
    0.7180533409118652,
    0.6997519731521606,
    0.6914300322532654,
    0.6855839490890503,
    0.681471586227417,
    0.678045928478241,
    0.6751551032066345,
    0.6724817156791687,
    0.6700423359870911
  ],
  "Training Time": 1.8213095664978027,
  "Validate": [
    0.6762669682502747,
    0.6819790601730347,
    0.690284013748169,
    0.697670042514801,
    0.7047047019004822,
    0.7097699642181396,
    0.7145854234695435,
    0.7184402942657471,
    0.7223868370056152,
    0.725838840007782
  ]
}