{
  "Train": [
    0.7043110728263855,
    0.7177866697311401,
    0.7126748561859131,
    0.7110837697982788,
    0.7093690037727356,
    0.7075337767601013,
    0.7054910659790039,
    0.7031760811805725,
    0.7005277276039124,
    0.6975058317184448
  ],
  "Training Time": 2.1315367221832275,
  "Validate": [
    NaN,
    NaN,
    NaN,
    NaN,
    NaN,
    NaN,
    NaN,
    NaN,
    NaN,
    NaN
  ]
}