{
  "Train": [
    1.1841623783111572,
    1.1634336709976196,
    1.1598186492919922,
    1.1529927253723145,
    1.1499958038330078,
    1.144252896308899,
    1.1412980556488037,
    1.1360043287277222,
    1.129420518875122,
    1.1246668100357056,
    1.107301950454712,
    1.1154195070266724,
    1.087664246559143,
    1.0892711877822876,
    1.0737512111663818,
    1.0605542659759521,
    1.0519731044769287,
    1.04251229763031,
    1.0311444997787476,
    1.0197393894195557,
    1.0116552114486694,
    0.997738778591156,
    1.0304251909255981,
    1.0064589977264404,
    0.9481611251831055,
    1.0062752962112427,
    0.9573420882225037,
    0.9085367918014526,
    0.885134756565094,
    0.8839560151100159,
    0.8414883613586426,
    0.8388674855232239,
    0.82470703125,
    0.7668951153755188,
    1.1021775007247925,
    0.882889449596405,
    0.8788065910339355,
    0.8957968354225159,
    0.7242690920829773,
    0.73200523853302,
    0.7654901146888733,
    0.699478268623352,
    0.7802770137786865,
    0.6610326766967773,
    0.6777371168136597,
    0.6689857244491577,
    0.660027801990509,
    0.6771857142448425,
    0.6524491310119629,
    0.6157846450805664,
    0.5553183555603027,
    0.5506505966186523,
    0.5420512557029724,
    0.5217031240463257,
    0.5201045870780945,
    0.5029636025428772,
    0.4961182475090027,
    0.4848213195800781,
    0.4752042591571808,
    0.4681113362312317,
    0.46333396434783936,
    0.45008400082588196,
    0.42945513129234314,
    0.4084991216659546,
    0.37935933470726013,
    0.3544929027557373,
    0.33338144421577454,
    0.30636316537857056,
    0.2740360498428345,
    0.2493596225976944,
    0.2228316217660904,
    0.1948464959859848,
    0.17459404468536377,
    0.17428162693977356,
    0.17124545574188232,
    0.1740969568490982,
    0.17131462693214417,
    0.1667875498533249,
    0.16215257346630096,
    0.17058731615543365,
    0.17332486808300018,
    0.20734642446041107,
    0.187819242477417,
    0.2009764313697815,
    0.2605847716331482,
    1.4798457622528076,
    1.1883572340011597,
    1.1511503458023071,
    1.1270387172698975,
    1.1045026779174805,
    1.0824754238128662,
    1.0613433122634888,
    1.0406501293182373,
    1.0176165103912354,
    0.9816746711730957,
    0.9293838143348694,
    0.8410996794700623,
    0.5545133948326111,
    1.2748439311981201,
    1.1933586597442627
  ],
  "Training Time": 158.99348735809326,
  "Validate": [
    2.0146310329437256,
    2.016303062438965,
    2.001401901245117,
    2.0507612228393555,
    2.021265983581543,
    2.061306953430176,
    2.0314149856567383,
    2.0568809509277344,
    2.0415353775024414,
    2.0483450889587402,
    2.0702428817749023,
    2.044837474822998,
    2.098384380340576,
    2.1759045124053955,
    2.270603656768799,
    2.32661509513855,
    2.3662359714508057,
    2.402594566345215,
    2.4312024116516113,
    2.4448935985565186,
    2.4388227462768555,
    2.4504315853118896,
    2.401902914047241,
    2.4487993717193604,
    2.482654333114624,
    2.359168767929077,
    2.4219532012939453,
    2.4701497554779053,
    2.4429566860198975,
    2.4187378883361816,
    2.4167611598968506,
    2.375756025314331,
    2.3277816772460938,
    2.3572261333465576,
    2.163865804672241,
    2.3252949714660645,
    2.3291516304016113,
    2.2909445762634277,
    2.39376163482666,
    2.410362482070923,
    2.368797540664673,
    2.410637140274048,
    2.3478384017944336,
    2.408613920211792,
    2.4310567378997803,
    2.399958372116089,
    2.4390909671783447,
    2.3872971534729004,
    2.4050092697143555,
    2.440049171447754,
    2.4405860900878906,
    2.4320905208587646,
    2.4339635372161865,
    2.429672956466675,
    2.41983699798584,
    2.426701545715332,
    2.400418996810913,
    2.425877332687378,
    2.368922233581543,
    2.4290037155151367,
    2.3282761573791504,
    2.402367115020752,
    2.3066840171813965,
    2.3599348068237305,
    2.3192689418792725,
    2.3472959995269775,
    2.3405001163482666,
    2.334766149520874,
    2.3148856163024902,
    2.304994821548462,
    2.2864089012145996,
    2.258680582046509,
    2.2071645259857178,
    2.195139169692993,
    2.22223162651062,
    2.2096118927001953,
    2.197594404220581,
    2.1837422847747803,
    2.194769859313965,
    2.1787497997283936,
    2.221557855606079,
    2.2072317600250244,
    2.2316129207611084,
    2.1752278804779053,
    2.476257562637329,
    2.313453435897827,
    2.236872673034668,
    2.22383713722229,
    2.2168123722076416,
    2.2139976024627686,
    2.218177318572998,
    2.229862928390503,
    2.247392177581787,
    2.271054267883301,
    2.310906171798706,
    2.3161327838897705,
    2.287324905395508,
    1.9753230810165405,
    2.056117057800293,
    2.0084822177886963
  ]
}