{
  "Train": [
    1.1105260848999023,
    0.8921566009521484,
    0.7538408041000366,
    0.6101387739181519,
    0.5731493830680847,
    0.45795688033103943,
    0.3857150077819824,
    0.3583974540233612,
    0.3328201174736023,
    0.26634517312049866
  ],
  "Training Time": 7.809950351715088,
  "Validate": [
    1.6616129875183105,
    1.326023817062378,
    1.0769449472427368,
    1.2375236749649048,
    1.2278670072555542,
    0.9993377923965454,
    0.5611721277236938,
    0.5367332696914673,
    0.5089156031608582,
    0.5368666648864746
  ]
}