{
  "Train": [
    0.6391317248344421,
    0.3849312961101532,
    0.35752740502357483,
    0.3380243480205536,
    0.32340124249458313,
    0.30736270546913147,
    0.2859850823879242,
    0.27122631669044495,
    0.2539016902446747,
    0.2506939470767975
  ],
  "Training Time": 8.339965581893921,
  "Validate": [
    42.69316482543945,
    42.06940460205078,
    41.40427017211914,
    41.17582702636719,
    40.60080337524414,
    39.97330093383789,
    38.935848236083984,
    37.82102966308594,
    36.30303192138672,
    35.451263427734375
  ]
}