{
  "Train": [
    1.1011241674423218,
    1.090657114982605,
    1.0871844291687012,
    1.083898663520813,
    1.079824447631836,
    1.0750467777252197,
    1.0692466497421265,
    1.06160569190979,
    1.0516026020050049,
    1.0375396013259888
  ],
  "Training Time": 8.192406177520752,
  "Validate": [
    4.378194808959961,
    4.364589214324951,
    4.337678909301758,
    4.3074564933776855,
    4.282022953033447,
    4.266669750213623,
    4.270413398742676,
    4.292697429656982,
    4.327266693115234,
    4.358729839324951
  ]
}