{
  "Train": [
    0.08252868056297302,
    0.05656129866838455,
    0.04232937842607498,
    0.03882833942770958,
    0.036602310836315155,
    0.03465643152594566,
    0.032936520874500275,
    0.03151872754096985,
    0.030327551066875458,
    0.029313351958990097,
    0.02857711911201477,
    0.027964254841208458,
    0.027326107025146484,
    0.026686958968639374,
    0.025905679911375046,
    0.026086218655109406,
    0.028839796781539917,
    0.024458419531583786,
    0.027917195111513138,
    0.028077004477381706,
    0.02844272181391716,
    0.026070982217788696,
    0.023873481899499893,
    0.028726287186145782,
    0.02506519854068756
  ],
  "Training Time": 15.904772281646729,
  "Validate": [
    NaN,
    NaN,
    NaN,
    NaN,
    NaN,
    NaN,
    NaN,
    NaN,
    NaN,
    NaN,
    NaN,
    NaN,
    NaN,
    NaN,
    NaN,
    NaN,
    NaN,
    NaN,
    NaN,
    NaN,
    NaN,
    NaN,
    NaN,
    NaN,
    NaN
  ]
}