{
  "Train": [
    0.10937190055847168,
    0.05890088900923729,
    0.05213862285017967,
    0.04805971309542656,
    0.04358159750699997,
    0.040601786226034164,
    0.03790385648608208,
    0.035418801009655,
    0.033037327229976654,
    0.030818065628409386,
    0.028886068612337112,
    0.027288803830742836,
    0.026056837290525436,
    0.025209324434399605,
    0.02456536889076233,
    0.02397930808365345,
    0.023417476564645767,
    0.022910241037607193,
    0.022469107061624527,
    0.022070903331041336,
    0.02169939875602722,
    0.021349992603063583,
    0.02102426253259182,
    0.020729627460241318,
    0.020475560799241066
  ],
  "Training Time": 12.433202505111694,
  "Validate": [
    0.06723648309707642,
    0.05132036283612251,
    0.04718739166855812,
    0.04350578784942627,
    0.042166613042354584,
    0.041655827313661575,
    0.04174497723579407,
    0.042228106409311295,
    0.042661361396312714,
    0.042545221745967865,
    0.041847262531518936,
    0.040867678821086884,
    0.03986136615276337,
    0.038973119109869,
    0.038296278566122055,
    0.03784015402197838,
    0.037564486265182495,
    0.03740614280104637,
    0.037311479449272156,
    0.03726021200418472,
    0.03724971041083336,
    0.03728012368083,
    0.03734970465302467,
    0.03745215758681297,
    0.03758126497268677
  ]
}