{
  "Train": [
    0.8058297634124756,
    0.5101650953292847,
    0.43895378708839417,
    0.4055209457874298,
    0.37980198860168457,
    0.3585561215877533,
    0.34087124466896057,
    0.32635655999183655,
    0.31475967168807983,
    0.30569949746131897
  ],
  "Training Time": 2.2088229656219482,
  "Validate": [
    49.77070999145508,
    49.226707458496094,
    48.969478607177734,
    48.76225662231445,
    48.6190185546875,
    48.510990142822266,
    48.416500091552734,
    48.31855392456055,
    48.20515441894531,
    48.0684700012207
  ]
}