{
  "Train": [
    0.9875825047492981,
    0.7880962491035461,
    0.6478339433670044,
    0.5380602478981018,
    0.49400773644447327,
    0.42155101895332336,
    0.37504783272743225,
    0.3401280343532562,
    0.3115982711315155,
    0.29227933287620544
  ],
  "Training Time": 5.149961709976196,
  "Validate": [
    0.5352283120155334,
    0.5608451962471008,
    0.6097376346588135,
    0.696636438369751,
    0.6585726141929626,
    0.5093184113502502,
    0.4493370056152344,
    0.4117486774921417,
    0.43891093134880066,
    0.44204825162887573
  ]
}