{
  "Train": [
    0.8963280320167542,
    0.8249450325965881,
    0.8161138892173767,
    0.8116951584815979,
    0.8087491393089294,
    0.8065671324729919,
    0.804735004901886,
    0.8032575249671936,
    0.8018776774406433,
    0.8007799983024597
  ],
  "Training Time": 3.7527573108673096,
  "Validate": [
    2.678184747695923,
    2.6614151000976562,
    2.6598267555236816,
    2.6530847549438477,
    2.6420981884002686,
    2.6273608207702637,
    2.6112289428710938,
    2.5934031009674072,
    2.5760064125061035,
    2.557279586791992
  ]
}