{
  "Train": [
    0.7640374898910522,
    0.6776018738746643,
    0.6099246144294739,
    0.5494939684867859,
    0.4977428615093231,
    0.45349857211112976,
    0.41393619775772095,
    0.37735453248023987,
    0.3438681662082672,
    0.3128962218761444
  ],
  "Training Time": 2.5086634159088135,
  "Validate": [
    0.9108027219772339,
    0.7466182708740234,
    0.6295523047447205,
    0.5694718360900879,
    0.5174874067306519,
    0.47894105315208435,
    0.43886396288871765,
    0.4060012102127075,
    0.3712456524372101,
    0.3545711636543274
  ]
}