{
  "Train": [
    0.7581539750099182,
    0.49502792954444885,
    0.45108509063720703,
    0.4144098460674286,
    0.3826576769351959,
    0.3571585714817047,
    0.33772745728492737,
    0.32268425822257996,
    0.3107055127620697,
    0.30118077993392944
  ],
  "Training Time": 4.307704925537109,
  "Validate": [
    52.282066345214844,
    52.181026458740234,
    51.86493682861328,
    51.45609664916992,
    51.003719329833984,
    50.600074768066406,
    50.22464370727539,
    49.84557342529297,
    49.457523345947266,
    49.06859588623047
  ]
}