{
  "Train": [
    0.46811872720718384,
    0.31856226921081543,
    0.293538898229599,
    0.2807742953300476,
    0.26929721236228943,
    0.2595093548297882,
    0.2501209080219269,
    0.24210140109062195,
    0.23365145921707153,
    0.22651340067386627
  ],
  "Training Time": 6.009997367858887,
  "Validate": [
    32.204036712646484,
    32.42234420776367,
    32.096073150634766,
    31.949310302734375,
    31.6588134765625,
    31.33281898498535,
    30.983720779418945,
    30.54084587097168,
    30.193937301635742,
    29.709558486938477
  ]
}