{
  "Train": [
    0.9205573201179504,
    0.6752112507820129,
    0.5547653436660767,
    0.5371841192245483,
    0.46283140778541565,
    0.35392552614212036,
    0.3175411522388458,
    0.29591014981269836,
    0.30959340929985046,
    0.2507144510746002
  ],
  "Training Time": 5.459968090057373,
  "Validate": [
    0.5405575633049011,
    0.4854406416416168,
    0.6180898547172546,
    0.7064314484596252,
    0.6730976700782776,
    0.5885284543037415,
    0.6077693104743958,
    0.39991170167922974,
    0.4209158718585968,
    0.3997454345226288
  ]
}