{
  "Train": [
    0.9158346652984619,
    0.5968190431594849,
    0.4581863284111023,
    0.3933648467063904,
    0.3451971113681793,
    0.32942724227905273,
    0.31144171953201294,
    0.30062979459762573,
    0.29036667943000793,
    0.2811856269836426,
    0.2726771831512451,
    0.2647787630558014,
    0.2574440538883209,
    0.25058141350746155,
    0.24407322704792023,
    0.2378348857164383,
    0.23182536661624908,
    0.22602753341197968,
    0.22043217718601227,
    0.21503178775310516,
    0.20982135832309723,
    0.20480217039585114,
    0.1999855935573578,
    0.19539399445056915,
    0.1910543590784073
  ],
  "Training Time": 15.45470905303955,
  "Validate": [
    7.663751125335693,
    6.529798984527588,
    5.541416168212891,
    5.554254531860352,
    5.710561275482178,
    5.952475070953369,
    6.0902323722839355,
    6.16986083984375,
    6.190771102905273,
    6.173834323883057,
    6.133972644805908,
    6.083709716796875,
    6.031826496124268,
    5.9832048416137695,
    5.93934965133667,
    5.8995161056518555,
    5.861772537231445,
    5.823509216308594,
    5.781679153442383,
    5.733043193817139,
    5.674662113189697,
    5.604832649230957,
    5.52465295791626,
    5.4393720626831055,
    5.357365131378174
  ]
}