{
  "Train": [
    0.22911366820335388,
    0.13697487115859985,
    0.10768088698387146,
    0.10049328953027725,
    0.09667016565799713,
    0.09360691905021667,
    0.09094119071960449,
    0.0887225866317749,
    0.08692900836467743,
    0.08544714748859406,
    0.08415910601615906,
    0.08299936354160309,
    0.08229503780603409,
    0.08218742161989212,
    0.08189680427312851,
    0.07960428297519684,
    0.08058062195777893,
    0.0796094611287117,
    0.08066277951002121,
    0.07764092087745667,
    0.07997399568557739,
    0.07824338227510452,
    0.07500044256448746,
    0.07559461146593094,
    0.07313714176416397
  ],
  "Training Time": 22.505807161331177,
  "Validate": [
    NaN,
    NaN,
    NaN,
    NaN,
    NaN,
    NaN,
    NaN,
    NaN,
    NaN,
    NaN,
    NaN,
    NaN,
    NaN,
    NaN,
    NaN,
    NaN,
    NaN,
    NaN,
    NaN,
    NaN,
    NaN,
    NaN,
    NaN,
    NaN,
    NaN
  ]
}