{
  "Train": [
    0.4233017861843109,
    0.21161377429962158,
    0.16951437294483185,
    0.14972497522830963,
    0.1372700184583664,
    0.12839862704277039,
    0.12171632051467896,
    0.11618833988904953,
    0.11147315800189972,
    0.10748939961194992,
    0.10455373674631119,
    0.10224746912717819,
    0.09940201044082642,
    0.09485285729169846,
    0.09652256965637207,
    0.09403787553310394,
    0.0958794355392456,
    0.08929667621850967,
    0.09157916158437729,
    0.08760900795459747,
    0.08717118948698044,
    0.08506638556718826,
    0.08503441512584686,
    0.08403430879116058,
    0.08374316245317459
  ],
  "Training Time": 17.51818823814392,
  "Validate": [
    0.278250515460968,
    0.32098662853240967,
    0.3662794828414917,
    0.425151526927948,
    0.5279698967933655,
    0.6671118140220642,
    0.8067420721054077,
    0.9204810857772827,
    1.0043423175811768,
    1.0651752948760986,
    1.1102036237716675,
    1.1743255853652954,
    1.2830657958984375,
    1.262082576751709,
    1.2671862840652466,
    1.3373708724975586,
    1.5146883726119995,
    1.4330471754074097,
    1.6981842517852783,
    1.5801717042922974,
    1.7137165069580078,
    1.7326713800430298,
    1.82283353805542,
    1.871046543121338,
    1.9236241579055786
  ]
}