{
  "Train": [
    0.8033726215362549,
    0.7706671953201294,
    0.7486716508865356,
    0.7314552664756775,
    0.7156578302383423,
    0.7020841240882874,
    0.6916427612304688,
    0.683864414691925,
    0.6779966950416565,
    0.6734129786491394
  ],
  "Training Time": 2.381704568862915,
  "Validate": [
    0.6991846561431885,
    0.7193952202796936,
    0.7368259429931641,
    0.7441979050636292,
    0.7445570230484009,
    0.7421815395355225,
    0.7388179302215576,
    0.7351171374320984,
    0.7314710021018982,
    0.7281433343887329
  ]
}