{
  "Train": [
    0.8888669013977051,
    0.8108126521110535,
    0.8024964332580566,
    0.7986932396888733,
    0.7962962985038757,
    0.7944982647895813,
    0.7930321097373962,
    0.7917497158050537,
    0.7906169891357422,
    0.7895483374595642
  ],
  "Training Time": 3.6827056407928467,
  "Validate": [
    2.702023506164551,
    2.5394279956817627,
    2.526146411895752,
    2.515557050704956,
    2.505714178085327,
    2.4959888458251953,
    2.4864823818206787,
    2.4771556854248047,
    2.4682695865631104,
    2.4595139026641846
  ]
}