{
  "Train": [
    0.8923768997192383,
    0.8644105792045593,
    0.8434392213821411,
    0.8257153034210205,
    0.8101354837417603,
    0.7962642908096313,
    0.7838396430015564,
    0.773108720779419,
    0.7627483606338501,
    0.7525509595870972
  ],
  "Training Time": 2.5096192359924316,
  "Validate": [
    0.3899737596511841,
    0.4348239600658417,
    0.4816540777683258,
    0.5233981013298035,
    0.5697392821311951,
    0.6141541600227356,
    0.6532353758811951,
    0.6742915511131287,
    0.6798551678657532,
    0.6775755286216736
  ]
}