{
  "Train": [
    0.7718440890312195,
    0.7614560723304749,
    0.7354274392127991,
    0.7191299796104431,
    0.7072195410728455,
    0.6955535411834717,
    0.6792600750923157,
    0.6622669100761414,
    0.6481583118438721,
    0.6353750228881836
  ],
  "Training Time": 3.029547929763794,
  "Validate": [
    NaN,
    NaN,
    NaN,
    NaN,
    NaN,
    NaN,
    NaN,
    NaN,
    NaN,
    NaN
  ]
}