{
  "Train": [
    0.8850767612457275,
    0.8224663138389587,
    0.8145413398742676,
    0.8107755184173584,
    0.807624876499176,
    0.8046438694000244,
    0.8028188347816467,
    0.8010157942771912,
    0.7998201251029968,
    0.7984839081764221
  ],
  "Training Time": 4.58319616317749,
  "Validate": [
    2.4453864097595215,
    2.405923366546631,
    2.375803232192993,
    2.368116855621338,
    2.358280658721924,
    2.35544490814209,
    2.352720260620117,
    2.351121664047241,
    2.3506577014923096,
    2.3483598232269287
  ]
}