{
  "Train": [
    1.1840866804122925,
    1.1563421487808228,
    1.1383916139602661,
    1.1298165321350098,
    1.1203800439834595,
    1.113494873046875,
    1.1072652339935303,
    1.1010302305221558,
    1.0949320793151855,
    1.0884695053100586,
    1.0813196897506714,
    1.070412039756775,
    1.0635132789611816,
    1.0623509883880615,
    1.0568795204162598,
    1.0359282493591309,
    1.0335513353347778,
    1.0236170291900635,
    1.0155550241470337,
    1.0122525691986084,
    1.004914402961731,
    0.9976467490196228,
    0.9899978637695312,
    0.9813979864120483,
    0.9684242606163025,
    0.9352636337280273,
    0.9523611068725586,
    1.1150562763214111,
    0.9712008833885193,
    0.9212499856948853,
    0.8502816557884216,
    0.8620642423629761,
    0.8261790871620178,
    0.8137885928153992,
    0.7945177555084229,
    0.7518350481987,
    0.7573518753051758,
    0.7053171992301941,
    0.6490252017974854,
    0.8155691623687744,
    1.1747063398361206,
    0.902550220489502,
    0.7773863673210144,
    0.6724710464477539,
    0.6094703078269958,
    0.5711172819137573,
    0.5333675146102905,
    0.5059922337532043,
    0.48946043848991394,
    0.480507493019104,
    0.47447869181632996,
    0.46646562218666077,
    0.4574942886829376,
    0.4485504925251007,
    0.4403650462627411,
    0.43195295333862305,
    0.4243331849575043,
    0.41613197326660156,
    0.4090040922164917,
    0.4006785750389099,
    0.393879234790802,
    0.3854096829891205,
    0.3786490261554718,
    0.3702705502510071,
    0.3631463348865509,
    0.35510873794555664,
    0.3473897874355316,
    0.33963149785995483,
    0.3314751982688904,
    0.32361650466918945,
    0.31535202264785767,
    0.30707111954689026,
    0.29869890213012695,
    0.2898687720298767,
    0.28069353103637695,
    0.270618736743927,
    0.25938841700553894,
    0.24739623069763184,
    0.23573531210422516,
    0.2277524471282959,
    0.2264261692762375,
    0.22006335854530334,
    0.2024078667163849,
    0.2035561203956604,
    0.20263303816318512,
    0.1991407573223114,
    0.20519503951072693,
    0.22581195831298828,
    0.3747701048851013,
    0.2061244696378708,
    0.19476494193077087,
    0.19145607948303223,
    0.1887480467557907,
    0.18582792580127716,
    0.1835843175649643,
    0.1815183162689209,
    0.17936772108078003,
    0.17779448628425598,
    0.17788159847259521,
    0.17708894610404968
  ],
  "Training Time": 38.59936738014221,
  "Validate": [
    2.0129554271698,
    2.0055880546569824,
    2.039006233215332,
    2.0001633167266846,
    2.021681070327759,
    1.9939936399459839,
    1.99176025390625,
    1.977458119392395,
    1.9713894128799438,
    1.9628186225891113,
    1.9566807746887207,
    1.9713398218154907,
    1.9475417137145996,
    1.9893925189971924,
    1.9359973669052124,
    1.9728420972824097,
    1.9950350522994995,
    2.005159378051758,
    2.0031397342681885,
    2.005664587020874,
    2.0096170902252197,
    2.0140902996063232,
    2.0193450450897217,
    2.0259156227111816,
    2.0370562076568604,
    2.060546636581421,
    2.1289737224578857,
    2.0113751888275146,
    1.9903751611709595,
    2.0285019874572754,
    2.0949816703796387,
    2.069631814956665,
    2.099891185760498,
    2.082691192626953,
    2.112844228744507,
    2.1076319217681885,
    2.129669427871704,
    2.1675631999969482,
    2.212027072906494,
    3.235898017883301,
    3.1229746341705322,
    2.7965140342712402,
    2.5353641510009766,
    2.301793098449707,
    2.220505714416504,
    2.1973893642425537,
    2.211242914199829,
    2.2350730895996094,
    2.2626471519470215,
    2.2951207160949707,
    2.329435110092163,
    2.3645808696746826,
    2.4020824432373047,
    2.444110155105591,
    2.491769552230835,
    2.545583963394165,
    2.6077260971069336,
    2.67523455619812,
    2.7493093013763428,
    2.823923349380493,
    2.8983919620513916,
    2.969834327697754,
    3.0360710620880127,
    3.1003217697143555,
    3.1589317321777344,
    3.2164978981018066,
    3.270555019378662,
    3.322970390319824,
    3.3748438358306885,
    3.425661325454712,
    3.478055715560913,
    3.532348394393921,
    3.5894722938537598,
    3.650867223739624,
    3.715283155441284,
    3.7815253734588623,
    3.84836745262146,
    3.917142391204834,
    3.9997713565826416,
    4.208014965057373,
    4.458838939666748,
    4.12537956237793,
    4.304605960845947,
    4.42411994934082,
    4.4073567390441895,
    4.453811168670654,
    4.279181003570557,
    4.894255638122559,
    4.309100151062012,
    4.389922142028809,
    4.484029769897461,
    4.546987533569336,
    4.624378204345703,
    4.707194805145264,
    4.789608478546143,
    4.881406784057617,
    4.993350505828857,
    5.145216464996338,
    5.327874660491943,
    5.287353992462158
  ]
}