{
  "Train": [
    0.7597891092300415,
    0.7391703128814697,
    0.7278090119361877,
    0.7214265465736389,
    0.7144555449485779,
    0.7073920369148254,
    0.7060527801513672,
    0.7085312008857727,
    0.7086874842643738,
    0.7073405981063843
  ],
  "Training Time": 3.519768476486206,
  "Validate": [
    NaN,
    NaN,
    NaN,
    NaN,
    NaN,
    NaN,
    NaN,
    NaN,
    NaN,
    NaN
  ]
}