{
  "Train": [
    0.7068023085594177,
    0.6764586567878723,
    0.6634920835494995,
    0.6547002196311951,
    0.6473411917686462,
    0.6407648324966431,
    0.6348206400871277,
    0.6294040679931641,
    0.6243558526039124,
    0.6194807887077332
  ],
  "Training Time": 2.829791784286499,
  "Validate": [
    0.3967665731906891,
    0.3898240327835083,
    0.38871878385543823,
    0.39017078280448914,
    0.3927988111972809,
    0.3963494598865509,
    0.40064379572868347,
    0.40551331639289856,
    0.4109502136707306,
    0.4172104001045227
  ]
}