{
  "Train": [
    0.7653732895851135,
    0.6960787773132324,
    0.6847822070121765,
    0.6784126162528992,
    0.6730472445487976,
    0.6680711507797241,
    0.6630049347877502,
    0.6576197743415833,
    0.6518760919570923,
    0.645810604095459
  ],
  "Training Time": 7.4440648555755615,
  "Validate": [
    0.39238014817237854,
    0.42092931270599365,
    0.42463505268096924,
    0.4247366786003113,
    0.42454850673675537,
    0.4244656562805176,
    0.4246683418750763,
    0.42526575922966003,
    0.4262975752353668,
    0.427798867225647
  ]
}