{
  "Train": [
    0.853630781173706,
    0.8419106006622314,
    0.8257784843444824,
    0.8076798319816589,
    0.787476122379303,
    0.7676449418067932,
    0.7643226981163025,
    0.7432647347450256,
    0.7266663312911987,
    0.7084512114524841
  ],
  "Training Time": 9.277157068252563,
  "Validate": [
    NaN,
    NaN,
    NaN,
    NaN,
    NaN,
    NaN,
    NaN,
    NaN,
    NaN,
    NaN
  ]
}