{
  "Train": [
    0.9857044816017151,
    0.934989333152771,
    0.8749216794967651,
    0.852763831615448,
    0.837532639503479,
    0.8236656188964844,
    0.8091503977775574,
    0.7898544073104858,
    0.7565056681632996,
    0.7271516919136047
  ],
  "Training Time": 8.317209243774414,
  "Validate": [
    3.6407835483551025,
    3.4241182804107666,
    3.104565382003784,
    2.99436092376709,
    2.928346872329712,
    2.875279188156128,
    2.837714910507202,
    2.870544672012329,
    2.8731648921966553,
    2.643710136413574
  ]
}