{
  "Train": [
    1.1010123491287231,
    1.093277931213379,
    1.089617371559143,
    1.085699439048767,
    1.0817147493362427,
    1.0771472454071045,
    1.0716097354888916,
    1.0644384622573853,
    1.0556299686431885,
    1.0454965829849243
  ],
  "Training Time": 8.080453157424927,
  "Validate": [
    4.373608589172363,
    4.370203971862793,
    4.353923320770264,
    4.326887130737305,
    4.2940239906311035,
    4.265140533447266,
    4.2525177001953125,
    4.261139392852783,
    4.285058975219727,
    4.309040546417236
  ]
}