{
  "Train": [
    1.0582932233810425,
    1.0606178045272827,
    1.0590741634368896,
    1.0667450428009033,
    1.0444376468658447,
    1.0212129354476929,
    1.0393801927566528,
    1.0083131790161133,
    1.004586100578308,
    0.9859835505485535
  ],
  "Training Time": 9.264742851257324,
  "Validate": [
    NaN,
    NaN,
    NaN,
    NaN,
    NaN,
    NaN,
    NaN,
    NaN,
    NaN,
    NaN
  ]
}