{
  "Train": [
    0.9360734224319458,
    0.8910563588142395,
    0.8627410531044006,
    0.8531737923622131,
    0.8451684713363647,
    0.8365576267242432,
    0.8306834697723389,
    0.8256078958511353,
    0.8219207525253296,
    0.8180133104324341
  ],
  "Training Time": 5.749049186706543,
  "Validate": [
    3.004452705383301,
    3.149064540863037,
    2.9693288803100586,
    2.9359865188598633,
    2.885221004486084,
    2.843893051147461,
    2.8085498809814453,
    2.777549982070923,
    2.761662244796753,
    2.758113384246826
  ]
}