{
  "Train": [
    0.7290354371070862,
    0.690830647945404,
    0.6511449813842773,
    0.6237798929214478,
    0.5994122624397278,
    0.576422393321991,
    0.5606829524040222,
    0.5492428541183472,
    0.5372651815414429,
    0.5238566398620605
  ],
  "Training Time": 5.3291175365448,
  "Validate": [
    0.37275952100753784,
    0.38010674715042114,
    0.38632839918136597,
    0.39039909839630127,
    0.3950290381908417,
    0.42687657475471497,
    0.4385361671447754,
    0.4659776985645294,
    0.4972074627876282,
    0.5292533040046692
  ]
}