{
  "Train": [
    0.7146354913711548,
    0.6916931867599487,
    0.6767914891242981,
    0.6652940511703491,
    0.6507821679115295,
    0.6369467973709106,
    0.622010350227356,
    0.6033123731613159,
    0.5804699659347534,
    0.5600617527961731
  ],
  "Training Time": 6.818874359130859,
  "Validate": [
    NaN,
    NaN,
    NaN,
    NaN,
    NaN,
    NaN,
    NaN,
    NaN,
    NaN,
    NaN
  ]
}