{
  "Train": [
    1.0511246919631958,
    0.876623809337616,
    0.8437216877937317,
    0.8168867230415344,
    0.7923426032066345,
    0.7680858969688416,
    0.7447132468223572,
    0.7104397416114807,
    0.6847094893455505,
    0.6425732970237732
  ],
  "Training Time": 5.017321586608887,
  "Validate": [
    0.8301908373832703,
    0.8825569748878479,
    0.944811224937439,
    1.0121188163757324,
    1.0897585153579712,
    1.1688669919967651,
    1.2192891836166382,
    1.3777462244033813,
    1.5415629148483276,
    1.9349502325057983
  ]
}