{
  "Train": [
    0.5271402597427368,
    0.46140703558921814,
    0.42213720083236694,
    0.4001431167125702,
    0.38256725668907166,
    0.36602139472961426,
    0.37233245372772217,
    0.3532627820968628,
    0.3407481014728546,
    0.3299829363822937
  ],
  "Training Time": 6.366554498672485,
  "Validate": [
    NaN,
    NaN,
    NaN,
    NaN,
    NaN,
    NaN,
    NaN,
    NaN,
    NaN,
    NaN
  ]
}