{
  "Train": [
    0.4789750576019287,
    0.3335932791233063,
    0.302893728017807,
    0.2841185927391052,
    0.27112263441085815,
    0.26057514548301697,
    0.2509961724281311,
    0.2425670325756073,
    0.23562873899936676,
    0.22836749255657196
  ],
  "Training Time": 12.89124870300293,
  "Validate": [
    35.84773254394531,
    34.769161224365234,
    34.17250442504883,
    33.628658294677734,
    33.35316848754883,
    33.19935607910156,
    33.175697326660156,
    33.100154876708984,
    32.83512496948242,
    32.52740478515625
  ]
}