{
  "Train": [
    0.841067373752594,
    0.8235868811607361,
    0.8096672892570496,
    0.7985864877700806,
    0.7879437804222107,
    0.7764832973480225,
    0.7639018893241882,
    0.751029372215271,
    0.7391377091407776,
    0.7290889620780945
  ],
  "Training Time": 3.355666399002075,
  "Validate": [
    0.7202014923095703,
    0.7295444011688232,
    0.7368547916412354,
    0.7423586249351501,
    0.7458348870277405,
    0.7475651502609253,
    0.747901439666748,
    0.7469452023506165,
    0.7446803450584412,
    0.7413702607154846
  ]
}