{
  "Train": [
    0.7430919408798218,
    0.35298559069633484,
    0.31983572244644165,
    0.29572516679763794,
    0.27731654047966003,
    0.262979656457901,
    0.25036558508872986,
    0.23968616127967834,
    0.23279784619808197,
    0.22835154831409454
  ],
  "Training Time": 5.557061195373535,
  "Validate": [
    33.690311431884766,
    32.49026870727539,
    31.744129180908203,
    31.157695770263672,
    30.722545623779297,
    30.40911102294922,
    30.221006393432617,
    30.120058059692383,
    30.019987106323242,
    29.929479598999023
  ]
}