{
  "Train": [
    0.9866102933883667,
    0.8392303586006165,
    0.7863425016403198,
    0.7445181012153625,
    0.7070151567459106,
    0.6747168302536011,
    0.6445629000663757,
    0.6129733920097351,
    0.5836631655693054,
    0.5564929842948914
  ],
  "Training Time": 5.217180013656616,
  "Validate": [
    0.8577406406402588,
    0.7687559723854065,
    0.7800800800323486,
    0.7927812933921814,
    0.796546995639801,
    0.7936004996299744,
    0.7775279879570007,
    0.7618312835693359,
    0.7545520663261414,
    0.7540706396102905
  ]
}