{
  "Train": [
    0.3964662551879883,
    0.38138556480407715,
    0.33504927158355713,
    0.314888596534729,
    0.2955463230609894,
    0.2771526873111725,
    0.2582957446575165,
    0.23879162967205048,
    0.21911215782165527,
    0.20003864169120789
  ],
  "Training Time": 6.626433372497559,
  "Validate": [
    NaN,
    NaN,
    NaN,
    NaN,
    NaN,
    NaN,
    NaN,
    NaN,
    NaN,
    NaN
  ]
}