{
  "Train": [
    0.45987823605537415,
    0.2308918684720993,
    0.2202640175819397,
    0.21395321190357208,
    0.20950256288051605,
    0.206050843000412,
    0.20326665043830872,
    0.20095525681972504,
    0.19899845123291016,
    0.19732268154621124
  ],
  "Training Time": 8.85745120048523,
  "Validate": [
    28.908832550048828,
    28.28215980529785,
    28.207700729370117,
    28.095020294189453,
    27.942506790161133,
    27.763586044311523,
    27.569091796875,
    27.366621017456055,
    27.164234161376953,
    26.97235679626465
  ]
}