{
  "Train": [
    0.2732287347316742,
    0.2596248388290405,
    0.24750535190105438,
    0.2351962774991989,
    0.22364716231822968,
    0.20932884514331818,
    0.19645698368549347,
    0.18311290442943573,
    0.17031757533550262,
    0.15910659730434418
  ],
  "Training Time": 9.728700876235962,
  "Validate": [
    NaN,
    NaN,
    NaN,
    NaN,
    NaN,
    NaN,
    NaN,
    NaN,
    NaN,
    NaN
  ]
}