{
  "Train": [
    0.7520843148231506,
    0.20354287326335907,
    0.06821586191654205,
    0.05029208958148956,
    0.04385048896074295,
    0.039624784141778946,
    0.0363096222281456,
    0.03357074037194252,
    0.031230797991156578,
    0.029203591868281364,
    0.0274305772036314,
    0.025827556848526,
    0.02433316595852375,
    0.022964736446738243,
    0.021766358986496925,
    0.02074838988482952,
    0.01989392377436161,
    0.01917736791074276,
    0.01857071742415428,
    0.018045660108327866,
    0.017575249075889587,
    0.017135007306933403,
    0.016702599823474884,
    0.016258209943771362,
    0.015783773735165596
  ],
  "Training Time": 15.720724821090698,
  "Validate": [
    20.954288482666016,
    24.540081024169922,
    25.271833419799805,
    25.967912673950195,
    26.34546661376953,
    26.712011337280273,
    27.108570098876953,
    27.529813766479492,
    27.95484733581543,
    28.35991859436035,
    28.728675842285156,
    29.059303283691406,
    29.359102249145508,
    29.63544464111328,
    29.894977569580078,
    30.146656036376953,
    30.400897979736328,
    30.66520881652832,
    30.94159507751465,
    31.227006912231445,
    31.51555824279785,
    31.801305770874023,
    32.080238342285156,
    32.35084915161133,
    32.6136474609375
  ]
}