{
  "Train": [
    1.1692228317260742,
    1.1478947401046753,
    1.1402703523635864,
    1.132726788520813,
    1.1381713151931763,
    1.1435176134109497,
    1.132097840309143,
    1.135703206062317,
    1.1170324087142944,
    1.10746431350708
  ],
  "Training Time": 7.281333684921265,
  "Validate": [
    1.0839191675186157,
    1.0932756662368774,
    1.0406465530395508,
    0.9432379007339478,
    1.0794020891189575,
    1.0750689506530762,
    1.1631050109863281,
    1.25211763381958,
    1.2792868614196777,
    1.3031840324401855
  ]
}