{
  "Train": [
    1.101704478263855,
    1.0898619890213013,
    1.0864306688308716,
    1.083504557609558,
    1.0801416635513306,
    1.076030969619751,
    1.0709600448608398,
    1.064595103263855,
    1.0566279888153076,
    1.045816421508789
  ],
  "Training Time": 8.107380390167236,
  "Validate": [
    4.375017166137695,
    4.372540473937988,
    4.361194133758545,
    4.344149112701416,
    4.322656631469727,
    4.2958083152771,
    4.268277168273926,
    4.245730876922607,
    4.236334800720215,
    4.251032829284668
  ]
}