{
  "Train": [
    0.7647913694381714,
    0.6858745217323303,
    0.6713529229164124,
    0.662719190120697,
    0.655773937702179,
    0.6496300101280212,
    0.6439170837402344,
    0.6381703019142151,
    0.6320245862007141,
    0.6255679130554199
  ],
  "Training Time": 7.224629163742065,
  "Validate": [
    0.3568044900894165,
    0.3795895278453827,
    0.38872969150543213,
    0.3928956091403961,
    0.3954812288284302,
    0.39791610836982727,
    0.4011223614215851,
    0.4060294032096863,
    0.4136394262313843,
    0.4248081147670746
  ]
}