{
  "Train": [
    0.22876480221748352,
    0.20658588409423828,
    0.2016424685716629,
    0.1886875182390213,
    0.18724894523620605,
    0.17498068511486053,
    0.16853167116641998,
    0.16886018216609955,
    0.16928698122501373,
    0.17818030714988708
  ],
  "Training Time": 9.326425075531006,
  "Validate": [
    NaN,
    NaN,
    NaN,
    NaN,
    NaN,
    NaN,
    NaN,
    NaN,
    NaN,
    NaN
  ]
}