{
  "Train": [
    0.5289785861968994,
    0.31515201926231384,
    0.276253342628479,
    0.25641778111457825,
    0.24286940693855286,
    0.23186030983924866,
    0.22246727347373962,
    0.2142990380525589,
    0.20718757808208466,
    0.2010418176651001
  ],
  "Training Time": 8.00242018699646,
  "Validate": [
    30.748048782348633,
    29.58275032043457,
    29.304357528686523,
    29.132646560668945,
    29.040138244628906,
    28.957414627075195,
    28.848756790161133,
    28.69805145263672,
    28.500160217285156,
    28.259014129638672
  ]
}