{
  "Train": [
    0.2092050164937973,
    0.11657940596342087,
    0.0791466012597084,
    0.0651739165186882,
    0.057983025908470154,
    0.05349511653184891,
    0.05002731457352638,
    0.04704957827925682,
    0.04448352009057999,
    0.042299672961235046,
    0.0404377244412899,
    0.03883017972111702,
    0.037418872117996216,
    0.036158885806798935,
    0.03501848131418228,
    0.03397802263498306,
    0.03302694112062454,
    0.03215921297669411,
    0.03136954829096794,
    0.030651364475488663,
    0.0299972090870142,
    0.029399985447525978,
    0.028853662312030792,
    0.0283528883010149,
    0.027892407029867172
  ],
  "Training Time": 22.343629360198975,
  "Validate": [
    NaN,
    NaN,
    NaN,
    NaN,
    NaN,
    NaN,
    NaN,
    NaN,
    NaN,
    NaN,
    NaN,
    NaN,
    NaN,
    NaN,
    NaN,
    NaN,
    NaN,
    NaN,
    NaN,
    NaN,
    NaN,
    NaN,
    NaN,
    NaN,
    NaN
  ]
}