{
  "Train": [
    0.17916037142276764,
    0.09639856964349747,
    0.08051589876413345,
    0.07765231281518936,
    0.07191920280456543,
    0.06481905281543732,
    0.06009352207183838,
    0.05634750798344612,
    0.05308967083692551,
    0.05017838999629021,
    0.047519419342279434,
    0.045060623437166214,
    0.042782191187143326,
    0.04068160802125931,
    0.038757193833589554,
    0.03700004890561104,
    0.03539612516760826,
    0.0339316688477993,
    0.03259574621915817,
    0.03137928619980812,
    0.030273456126451492,
    0.029269075021147728,
    0.028356438502669334,
    0.027525773271918297,
    0.026767300441861153
  ],
  "Training Time": 17.506109952926636,
  "Validate": [
    0.13438798487186432,
    0.12887078523635864,
    0.11299498379230499,
    0.11149882525205612,
    0.11741568893194199,
    0.12116725742816925,
    0.12335626780986786,
    0.1250193566083908,
    0.1260126531124115,
    0.1262143850326538,
    0.1255226731300354,
    0.12392967194318771,
    0.12154659628868103,
    0.11854579299688339,
    0.11509459465742111,
    0.11132881045341492,
    0.107361800968647,
    0.10330407321453094,
    0.09926693141460419,
    0.09535472095012665,
    0.0916484147310257,
    0.08819914609193802,
    0.08502720296382904,
    0.08212980628013611,
    0.0794883593916893
  ]
}