{
  "Train": [
    1.8113863468170166,
    1.0390346050262451,
    1.1447174549102783,
    1.0921398401260376,
    1.0157201290130615,
    0.9305311441421509,
    0.8709282279014587,
    0.8671558499336243,
    0.7851292490959167,
    0.7718227505683899,
    0.7681955695152283,
    0.9971774816513062,
    0.6808720231056213,
    0.6282563209533691,
    0.5990769267082214,
    0.9662947058677673,
    0.6951581239700317,
    0.5861199498176575,
    0.5598246455192566,
    0.5727447867393494,
    0.5540651679039001,
    0.5469377636909485,
    0.4945998191833496,
    0.47916096448898315,
    0.46584126353263855,
    0.4242953956127167,
    0.4178381860256195,
    0.43612268567085266,
    0.9967440962791443,
    1.1683146953582764,
    1.1160410642623901,
    1.0990216732025146,
    1.0838704109191895,
    1.068386197090149,
    1.0510660409927368,
    1.0307018756866455,
    1.0074199438095093,
    0.9841218590736389,
    0.9631799459457397,
    0.944477915763855,
    0.9280661940574646,
    0.9137747883796692,
    0.9011244177818298,
    0.8895960450172424,
    0.8787598609924316,
    0.8682857751846313,
    0.8578583598136902,
    0.8472933769226074,
    0.8448023200035095,
    0.8273976445198059,
    0.8156566619873047,
    0.8092451095581055,
    0.8350762724876404,
    0.8044209480285645,
    0.771625816822052,
    0.7795601487159729,
    0.7534590363502502,
    0.7654479146003723,
    0.7486667633056641,
    0.6991391777992249,
    0.7140947580337524,
    0.6931027770042419,
    0.6749807596206665,
    0.6527400612831116,
    0.6139108538627625,
    0.6689473390579224,
    0.5987118482589722,
    0.6804456114768982,
    0.6299098134040833,
    0.6941275596618652,
    0.6304489970207214,
    0.6071831583976746,
    0.5347331762313843,
    0.5872993469238281,
    0.5456738471984863,
    0.5828050374984741,
    0.5034429430961609,
    0.504210889339447,
    0.47846120595932007,
    0.5262422561645508,
    0.446740061044693,
    0.41964396834373474,
    0.4157147705554962,
    0.38753512501716614,
    0.3951649069786072,
    0.37555423378944397,
    0.3993625342845917,
    0.4915805459022522,
    0.46281176805496216,
    0.3298431932926178,
    0.28466182947158813,
    0.26266923546791077,
    0.2558436691761017,
    0.23833689093589783,
    0.22267042100429535,
    0.21158623695373535,
    0.1976560801267624,
    0.1844504028558731,
    0.16804718971252441,
    0.1534024178981781
  ],
  "Training Time": 136.9396460056305,
  "Validate": [
    1.5207973718643188,
    1.29056715965271,
    1.6638745069503784,
    1.876505732536316,
    3.0607903003692627,
    2.5846128463745117,
    2.2329187393188477,
    3.3191919326782227,
    2.8958146572113037,
    3.5864861011505127,
    4.113495826721191,
    1.9258010387420654,
    2.163043260574341,
    2.543818473815918,
    3.2558608055114746,
    3.3407998085021973,
    2.9183082580566406,
    3.448269844055176,
    3.7764406204223633,
    3.9067254066467285,
    4.434230804443359,
    4.3463969230651855,
    4.510563373565674,
    4.514059066772461,
    4.4710693359375,
    4.491383075714111,
    4.653010368347168,
    5.311030864715576,
    1.462662935256958,
    1.5658549070358276,
    1.5492323637008667,
    1.5447007417678833,
    1.5446494817733765,
    1.5437763929367065,
    1.5368598699569702,
    1.5184513330459595,
    1.495028018951416,
    1.5019241571426392,
    1.5565322637557983,
    1.6318175792694092,
    1.7050838470458984,
    1.7693934440612793,
    1.8241440057754517,
    1.8706775903701782,
    1.9107589721679688,
    1.9454104900360107,
    1.9728608131408691,
    1.9666839838027954,
    2.02524471282959,
    2.038635492324829,
    2.0056777000427246,
    2.0053608417510986,
    1.9971613883972168,
    2.0136606693267822,
    1.7739157676696777,
    2.0269124507904053,
    1.95183527469635,
    2.4812090396881104,
    1.7116504907608032,
    2.591989278793335,
    1.9720944166183472,
    2.0016775131225586,
    1.4194703102111816,
    2.064617872238159,
    0.991655170917511,
    4.810420513153076,
    0.9631254076957703,
    4.7989277839660645,
    1.2342272996902466,
    3.1952733993530273,
    2.662459135055542,
    3.1575663089752197,
    1.4116460084915161,
    3.688542366027832,
    1.5547327995300293,
    4.604587554931641,
    1.917046070098877,
    3.3308064937591553,
    1.899105429649353,
    4.722597122192383,
    2.2018980979919434,
    2.7083728313446045,
    2.174623489379883,
    2.54598331451416,
    2.2465708255767822,
    3.004714012145996,
    1.7536507844924927,
    5.966156482696533,
    2.285118341445923,
    2.9504640102386475,
    2.8123977184295654,
    2.305365562438965,
    2.3902101516723633,
    2.3636701107025146,
    2.395437479019165,
    2.3813507556915283,
    2.4797706604003906,
    2.555058479309082,
    2.7111740112304688,
    2.604722499847412
  ]
}