{
  "Train": [
    0.6003067493438721,
    0.2733039855957031,
    0.14754325151443481,
    0.09555769711732864,
    0.07964310050010681,
    0.07204178720712662,
    0.06656690686941147,
    0.061908796429634094,
    0.057735197246074677,
    0.053926583379507065,
    0.050426509231328964,
    0.04720258712768555,
    0.04423440992832184,
    0.041508156806230545,
    0.03901422768831253,
    0.036745112389326096,
    0.0346938855946064,
    0.0328529067337513,
    0.03121260181069374,
    0.029761195182800293,
    0.02848455309867859,
    0.02736665867269039,
    0.026390256360173225,
    0.025538142770528793,
    0.024794716387987137
  ],
  "Training Time": 5.384880304336548,
  "Validate": [
    2.6054773330688477,
    1.5194088220596313,
    0.7468653321266174,
    0.44897210597991943,
    0.3582857549190521,
    0.3146134614944458,
    0.2894843816757202,
    0.2739097774028778,
    0.2636606991291046,
    0.2563644349575043,
    0.250676691532135,
    0.24584722518920898,
    0.24146218597888947,
    0.23729285597801208,
    0.23320291936397552,
    0.22909365594387054,
    0.22487978637218475,
    0.22048602998256683,
    0.21586599946022034,
    0.2110225260257721,
    0.20601755380630493,
    0.20096515119075775,
    0.19601015746593475,
    0.19130736589431763,
    0.18700456619262695
  ]
}