{
  "Train": [
    0.06372720003128052,
    0.041219837963581085,
    0.03690554201602936,
    0.034800752997398376,
    0.03345368057489395,
    0.03248590603470802,
    0.03174065053462982,
    0.03113904781639576,
    0.030636519193649292,
    0.030205775052309036,
    0.029828950762748718,
    0.029493749141693115,
    0.029191356152296066,
    0.0289152842015028,
    0.028660500422120094,
    0.028422996401786804,
    0.028199438005685806,
    0.027986785396933556,
    0.02778206206858158,
    0.027581848204135895,
    0.027381865307688713,
    0.027176516130566597,
    0.0269586443901062,
    0.026721404865384102,
    0.02646670676767826
  ],
  "Training Time": 7.467554330825806,
  "Validate": [
    NaN,
    NaN,
    NaN,
    NaN,
    NaN,
    NaN,
    NaN,
    NaN,
    NaN,
    NaN,
    NaN,
    NaN,
    NaN,
    NaN,
    NaN,
    NaN,
    NaN,
    NaN,
    NaN,
    NaN,
    NaN,
    NaN,
    NaN,
    NaN,
    NaN
  ]
}