{
  "Train": [
    0.8947365283966064,
    0.8037232756614685,
    0.6988793015480042,
    0.6040725111961365,
    0.5108523964881897,
    0.4182235300540924,
    0.3463709354400635,
    0.29130032658576965,
    0.29326948523521423,
    0.2417648583650589
  ],
  "Training Time": 3.3398959636688232,
  "Validate": [
    1.8655623197555542,
    1.5386061668395996,
    1.0050110816955566,
    0.964556097984314,
    0.8196459412574768,
    0.7137624621391296,
    0.6129692196846008,
    0.3725183308124542,
    0.325536847114563,
    0.28757888078689575
  ]
}