{
  "Train": [
    1.0118918418884277,
    0.9614152312278748,
    0.9029449224472046,
    0.876673698425293,
    0.858673095703125,
    0.846264660358429,
    0.8346619009971619,
    0.8236134648323059,
    0.8127903938293457,
    0.8019996285438538
  ],
  "Training Time": 17.30701518058777,
  "Validate": [
    3.8768179416656494,
    3.64206862449646,
    3.273261308670044,
    3.145378828048706,
    3.0522453784942627,
    2.984935760498047,
    2.905463218688965,
    2.8348498344421387,
    2.784938097000122,
    2.8443045616149902
  ]
}