{
  "Train": [
    0.7689256072044373,
    0.7174573540687561,
    0.7055519819259644,
    0.6970964074134827,
    0.6875491142272949,
    0.6774848699569702,
    0.6669146418571472,
    0.6558898687362671,
    0.6447535753250122,
    0.6346059441566467
  ],
  "Training Time": 15.508689403533936,
  "Validate": [
    0.38908958435058594,
    0.4155682623386383,
    0.4223747253417969,
    0.42709171772003174,
    0.43072614073753357,
    0.433914452791214,
    0.43632590770721436,
    0.43842458724975586,
    0.44326743483543396,
    0.45777857303619385
  ]
}