{
  "Train": [
    1.1655261516571045,
    1.0000548362731934,
    0.9452027678489685,
    0.9284677505493164,
    0.910978376865387,
    0.8933572769165039,
    0.8728563189506531,
    0.8490675687789917,
    0.8233059048652649,
    0.7989338040351868
  ],
  "Training Time": 7.319951295852661,
  "Validate": [
    1.7765644788742065,
    1.6100032329559326,
    1.7011349201202393,
    1.7802516222000122,
    1.9616965055465698,
    2.3078339099884033,
    2.830265522003174,
    3.453075408935547,
    4.13560152053833,
    4.875080585479736
  ]
}