{
  "Train": [
    0.6628844141960144,
    0.5812550187110901,
    0.5288076400756836,
    0.5074922442436218,
    0.49189236760139465,
    0.4793136715888977,
    0.4677043557167053,
    0.4562711715698242,
    0.44477441906929016,
    0.43392765522003174
  ],
  "Training Time": 9.419867992401123,
  "Validate": [
    NaN,
    NaN,
    NaN,
    NaN,
    NaN,
    NaN,
    NaN,
    NaN,
    NaN,
    NaN
  ]
}