{
  "Train": [
    0.7432208061218262,
    0.7180339694023132,
    0.7100842595100403,
    0.7006052136421204,
    0.6932953596115112,
    0.6837541460990906,
    0.6717121005058289,
    0.6543843746185303,
    0.6439768671989441,
    0.630877673625946
  ],
  "Training Time": 14.37552261352539,
  "Validate": [
    NaN,
    NaN,
    NaN,
    NaN,
    NaN,
    NaN,
    NaN,
    NaN,
    NaN,
    NaN
  ]
}