{
  "Train": [
    0.9157023429870605,
    0.58956378698349,
    0.44527480006217957,
    0.3524091839790344,
    0.31330084800720215,
    0.2966655194759369,
    0.2853618860244751,
    0.27545419335365295,
    0.2664048969745636,
    0.25788888335227966,
    0.24970543384552002,
    0.24174411594867706,
    0.23394137620925903,
    0.2262600213289261,
    0.21868014335632324,
    0.21120083332061768,
    0.2038564383983612,
    0.19673685729503632,
    0.18997007608413696,
    0.18365666270256042,
    0.17788191139698029,
    0.17273835837841034,
    0.16821488738059998,
    0.16418984532356262,
    0.16052353382110596
  ],
  "Training Time": 15.394312620162964,
  "Validate": [
    9.360668182373047,
    7.320193767547607,
    5.502391815185547,
    5.19538688659668,
    5.535062313079834,
    5.731298446655273,
    5.804134368896484,
    5.827432632446289,
    5.828587532043457,
    5.820984363555908,
    5.811623573303223,
    5.803432941436768,
    5.7968854904174805,
    5.791110515594482,
    5.784600257873535,
    5.775421619415283,
    5.760951995849609,
    5.737401485443115,
    5.699975967407227,
    5.64497709274292,
    5.573410511016846,
    5.492832660675049,
    5.413728713989258,
    5.342696666717529,
    5.2805399894714355
  ]
}