{
  "Train": [
    0.34446442127227783,
    0.2519047260284424,
    0.17939043045043945,
    0.2623254656791687,
    0.17875002324581146,
    0.11738476902246475,
    0.10019183158874512,
    0.10017653554677963,
    0.09631140530109406,
    0.09352702647447586,
    0.09156420826911926,
    0.08992375433444977,
    0.08850613981485367,
    0.08731182664632797,
    0.08648517727851868,
    0.08607140183448792,
    0.08574331551790237,
    0.08523077517747879,
    0.08450300246477127,
    0.0835430920124054,
    0.08241929858922958,
    0.08130469173192978,
    0.08026575297117233,
    0.07897082716226578,
    0.07683468610048294
  ],
  "Training Time": 22.44360661506653,
  "Validate": [
    NaN,
    NaN,
    NaN,
    NaN,
    NaN,
    NaN,
    NaN,
    NaN,
    NaN,
    NaN,
    NaN,
    NaN,
    NaN,
    NaN,
    NaN,
    NaN,
    NaN,
    NaN,
    NaN,
    NaN,
    NaN,
    NaN,
    NaN,
    NaN,
    NaN
  ]
}