{
  "Train": [
    0.8001593947410583,
    0.789321780204773,
    0.7805659770965576,
    0.7719619870185852,
    0.7638640999794006,
    0.7559341788291931,
    0.7477220892906189,
    0.7388165593147278,
    0.7290549874305725,
    0.7185658812522888
  ],
  "Training Time": 6.612904071807861,
  "Validate": [
    NaN,
    NaN,
    NaN,
    NaN,
    NaN,
    NaN,
    NaN,
    NaN,
    NaN,
    NaN
  ]
}