{
  "Train": [
    1.1895591020584106,
    1.1669422388076782,
    1.161851167678833,
    1.1518508195877075,
    1.1436761617660522,
    1.1339757442474365,
    1.1247342824935913,
    1.1132904291152954,
    1.1004961729049683,
    1.0889956951141357
  ],
  "Training Time": 17.436805963516235,
  "Validate": [
    1.9984196424484253,
    1.9769219160079956,
    1.9900214672088623,
    2.011732578277588,
    2.0071327686309814,
    2.0153234004974365,
    1.9960811138153076,
    1.9808155298233032,
    1.9699829816818237,
    1.9349255561828613
  ]
}