{
  "Train": [
    1.0674184560775757,
    1.0747861862182617,
    1.034324049949646,
    1.0242055654525757,
    1.0043283700942993,
    0.9913054704666138,
    0.977108359336853,
    0.9526162147521973,
    0.9366316199302673,
    0.921325147151947
  ],
  "Training Time": 16.41293215751648,
  "Validate": [
    0.6641531586647034,
    0.5627234578132629,
    0.6096519827842712,
    0.5802604556083679,
    0.533801794052124,
    0.4824928343296051,
    0.45221802592277527,
    0.41531068086624146,
    0.39312106370925903,
    0.37831956148147583
  ]
}