{
  "Train": [
    1.1720114946365356,
    0.9054122567176819,
    0.764581561088562,
    0.6457666754722595,
    0.5671637058258057,
    0.5330702662467957,
    0.4691997170448303,
    0.7778035998344421,
    0.972775399684906,
    0.9485703706741333,
    0.8231052160263062,
    0.8391698598861694,
    0.7743390202522278,
    0.7646417617797852,
    0.7732109427452087,
    0.7802872061729431,
    0.9366321563720703,
    1.3296000957489014,
    0.9236431121826172,
    0.8208490014076233,
    1.053013563156128,
    0.980304479598999,
    0.8813880085945129,
    0.708071768283844,
    0.9341151714324951,
    0.6938683986663818,
    0.6703811287879944,
    0.5555983781814575,
    0.8298117518424988,
    0.6115128397941589,
    0.6676457524299622,
    0.5220957398414612,
    0.45989179611206055,
    0.4439650774002075,
    0.42390933632850647,
    0.4050303101539612,
    0.3936707079410553,
    0.41384804248809814,
    0.38994309306144714,
    0.7910693287849426,
    0.9870285391807556,
    0.8951734900474548,
    0.8522955775260925,
    0.8351201415061951,
    0.8185001611709595,
    0.8630010485649109,
    0.7727856040000916,
    0.7207134366035461,
    0.7112906575202942,
    0.704508364200592,
    0.7008389234542847,
    0.6970567107200623,
    0.6964148879051208,
    0.6934766173362732,
    0.7072064280509949,
    0.6964768171310425,
    0.6896384358406067,
    0.7073574066162109,
    0.6944250464439392,
    0.6771450042724609,
    0.6934595704078674,
    0.6744711399078369,
    0.6697841286659241,
    0.6758348941802979,
    0.6560993194580078,
    0.6588573455810547,
    0.6462106704711914,
    0.648040771484375,
    0.6437702775001526,
    1.0478065013885498,
    0.9938821792602539,
    0.8174636363983154,
    0.7608544826507568,
    0.7763864994049072,
    0.7123444080352783,
    0.7089688777923584,
    0.7122015953063965,
    0.7709891200065613,
    0.7064743638038635,
    0.6896583437919617,
    0.6559658050537109,
    0.6481081247329712,
    0.6783856153488159,
    0.6735095381736755,
    0.6389184594154358,
    0.6339660286903381,
    0.6001511216163635,
    0.5847825407981873,
    0.7639797329902649,
    0.8062847852706909,
    0.693234920501709,
    0.912090539932251,
    0.6946872472763062,
    0.6392255425453186,
    0.6788085699081421,
    0.8577168583869934,
    0.7092071175575256,
    0.6514745354652405,
    0.5834733247756958,
    0.5440114140510559
  ],
  "Training Time": 210.77137303352356,
  "Validate": [
    NaN,
    NaN,
    NaN,
    NaN,
    NaN,
    NaN,
    NaN,
    NaN,
    NaN,
    NaN,
    NaN,
    NaN,
    NaN,
    NaN,
    NaN,
    NaN,
    NaN,
    NaN,
    NaN,
    NaN,
    NaN,
    NaN,
    NaN,
    NaN,
    NaN,
    NaN,
    NaN,
    NaN,
    NaN,
    NaN,
    NaN,
    NaN,
    NaN,
    NaN,
    NaN,
    NaN,
    NaN,
    NaN,
    NaN,
    NaN,
    NaN,
    NaN,
    NaN,
    NaN,
    NaN,
    NaN,
    NaN,
    NaN,
    NaN,
    NaN,
    NaN,
    NaN,
    NaN,
    NaN,
    NaN,
    NaN,
    NaN,
    NaN,
    NaN,
    NaN,
    NaN,
    NaN,
    NaN,
    NaN,
    NaN,
    NaN,
    NaN,
    NaN,
    NaN,
    NaN,
    NaN,
    NaN,
    NaN,
    NaN,
    NaN,
    NaN,
    NaN,
    NaN,
    NaN,
    NaN,
    NaN,
    NaN,
    NaN,
    NaN,
    NaN,
    NaN,
    NaN,
    NaN,
    NaN,
    NaN,
    NaN,
    NaN,
    NaN,
    NaN,
    NaN,
    NaN,
    NaN,
    NaN,
    NaN,
    NaN
  ]
}