{
  "Train": [
    1.2022353410720825,
    1.1661279201507568,
    1.162092924118042,
    1.1588760614395142,
    1.1522352695465088,
    1.1472513675689697,
    1.1407469511032104,
    1.1362055540084839,
    1.1302462816238403,
    1.1243642568588257,
    1.1160262823104858,
    1.10621178150177,
    1.0939686298370361,
    1.0824609994888306,
    1.0688730478286743,
    1.070629596710205,
    1.1068965196609497,
    1.0688921213150024,
    1.0631564855575562,
    1.0558981895446777,
    1.0487802028656006,
    1.0413790941238403,
    1.0338754653930664,
    1.0250555276870728,
    1.0145691633224487,
    1.0027693510055542,
    0.9896754622459412,
    0.9841403365135193,
    0.9363647699356079,
    1.0793344974517822,
    1.087412714958191,
    0.8921127319335938,
    0.8989376425743103,
    0.8990919589996338,
    1.0111415386199951,
    0.8416894674301147,
    0.823144793510437,
    0.8184898495674133,
    0.8665648102760315,
    0.7964463829994202,
    1.0638692378997803,
    0.8419030904769897,
    0.945918083190918,
    0.7849843502044678,
    0.7728984951972961,
    0.77614825963974,
    0.7594436407089233,
    0.8849050998687744,
    0.7145228981971741,
    0.7062535285949707,
    0.7248236536979675,
    0.757968008518219,
    0.6759516000747681,
    0.6720422506332397,
    0.6569907069206238,
    0.6614454388618469,
    0.6546399593353271,
    1.2145845890045166,
    0.646611750125885,
    0.5737199187278748,
    0.6442620158195496,
    0.7153359651565552,
    1.4351139068603516,
    1.2281450033187866,
    1.2011891603469849,
    1.1841198205947876,
    1.1714119911193848,
    1.1635398864746094,
    1.1563642024993896,
    1.148816466331482,
    1.1401169300079346,
    1.1301579475402832,
    1.1195075511932373,
    1.1061583757400513,
    1.0861523151397705,
    1.0423134565353394,
    1.0021347999572754,
    0.8852065801620483,
    1.182342290878296,
    1.088038682937622,
    0.9885139465332031,
    0.7097379565238953,
    1.1031053066253662,
    0.9882777333259583,
    0.9899383187294006,
    1.0236824750900269,
    0.890714704990387,
    0.8155518770217896,
    0.7237172722816467,
    1.2253122329711914,
    0.9139571785926819,
    0.6151713132858276,
    1.1007932424545288,
    1.0665730237960815,
    1.021782636642456,
    0.9804127216339111,
    1.0027071237564087,
    0.9499662518501282,
    0.936738133430481,
    0.8898902535438538
  ],
  "Training Time": 124.39597821235657,
  "Validate": [
    1.991142749786377,
    1.9631171226501465,
    1.996505618095398,
    2.0191569328308105,
    2.043390989303589,
    2.0616683959960938,
    2.0771701335906982,
    2.08243727684021,
    2.086428642272949,
    2.08410906791687,
    2.080138683319092,
    2.0718576908111572,
    2.079791307449341,
    2.1298744678497314,
    2.1980245113372803,
    2.1967673301696777,
    2.1196770668029785,
    2.158345937728882,
    2.1676218509674072,
    2.1780667304992676,
    2.187997341156006,
    2.1950087547302246,
    2.1978843212127686,
    2.1981890201568604,
    2.195966958999634,
    2.1895322799682617,
    2.1673240661621094,
    2.1187903881073,
    2.1486222743988037,
    1.9324619770050049,
    2.1319050788879395,
    2.2266604900360107,
    2.1434643268585205,
    2.0679128170013428,
    2.259486198425293,
    2.2108395099639893,
    2.31535005569458,
    2.1620607376098633,
    2.315052032470703,
    2.0839250087738037,
    2.2145001888275146,
    2.110912322998047,
    2.5718393325805664,
    2.634143114089966,
    2.2608909606933594,
    2.6282172203063965,
    2.124525785446167,
    2.5867083072662354,
    2.2008447647094727,
    3.0544798374176025,
    2.412433385848999,
    3.029336452484131,
    2.4332387447357178,
    3.2977309226989746,
    2.9548239707946777,
    2.61067795753479,
    2.7469606399536133,
    2.709707498550415,
    3.1190483570098877,
    2.6679768562316895,
    2.6147499084472656,
    2.7205867767333984,
    2.4886324405670166,
    2.189307451248169,
    2.06282639503479,
    2.0129854679107666,
    2.032374382019043,
    2.092787027359009,
    2.167304039001465,
    2.2411699295043945,
    2.296999454498291,
    2.3219473361968994,
    2.3296473026275635,
    2.3408501148223877,
    2.378549814224243,
    2.4527432918548584,
    2.951587438583374,
    3.103688955307007,
    2.3560988903045654,
    2.3458337783813477,
    3.1307663917541504,
    2.3105976581573486,
    2.1045026779174805,
    2.0002620220184326,
    2.2105143070220947,
    2.2443158626556396,
    2.4679715633392334,
    2.64225697517395,
    2.6120595932006836,
    2.1537024974823,
    2.703550100326538,
    2.8312742710113525,
    3.4290413856506348,
    2.823573112487793,
    2.430339813232422,
    3.655616044998169,
    2.4520864486694336,
    3.3597967624664307,
    2.7371819019317627,
    3.9149482250213623
  ]
}