{
  "Train": [
    0.9524326920509338,
    0.8919357061386108,
    0.8513768315315247,
    0.8392162919044495,
    0.8304330706596375,
    0.8231270909309387,
    0.8155648708343506,
    0.8062712550163269,
    0.7913610935211182,
    0.7627711892127991
  ],
  "Training Time": 5.6190690994262695,
  "Validate": [
    3.1386168003082275,
    3.1659607887268066,
    2.983795166015625,
    2.9267091751098633,
    2.8907978534698486,
    2.8646841049194336,
    2.8354849815368652,
    2.8007891178131104,
    2.8013455867767334,
    2.7190306186676025
  ]
}