{
  "Train": [
    1.11198890209198,
    1.0939899682998657,
    1.0874266624450684,
    1.081648349761963,
    1.0745230913162231,
    1.0642725229263306,
    1.0498065948486328,
    1.0325576066970825,
    1.0156499147415161,
    1.0008127689361572
  ],
  "Training Time": 12.229853868484497,
  "Validate": [
    4.34983491897583,
    4.363663196563721,
    4.370045185089111,
    4.375565528869629,
    4.3874006271362305,
    4.417436599731445,
    4.469377517700195,
    4.52330207824707,
    4.56199312210083,
    4.58770227432251
  ]
}