{
  "Train": [
    1.0756925344467163,
    1.066296935081482,
    1.055019497871399,
    1.0462287664413452,
    1.035430908203125,
    1.0246318578720093,
    1.014092206954956,
    1.007521629333496,
    1.0050755739212036,
    0.99104243516922
  ],
  "Training Time": 20.21503472328186,
  "Validate": [
    NaN,
    NaN,
    NaN,
    NaN,
    NaN,
    NaN,
    NaN,
    NaN,
    NaN,
    NaN
  ]
}