{
  "Train": [
    1.1025876998901367,
    1.0924571752548218,
    1.0881879329681396,
    1.083260178565979,
    1.078902244567871,
    1.0733660459518433,
    1.0673226118087769,
    1.0597155094146729,
    1.049878478050232,
    1.0371712446212769,
    1.0204154253005981,
    0.9963635206222534,
    0.9630796909332275,
    0.9280587434768677,
    0.901667594909668,
    0.8788946270942688,
    0.8573853969573975,
    0.831028163433075,
    0.8186721801757812,
    0.8122408986091614,
    0.8030228614807129,
    0.7953656911849976,
    0.7883964776992798,
    0.7813066840171814,
    0.7738630175590515,
    0.765112578868866,
    0.7543455958366394,
    0.7425819039344788,
    0.7299826741218567,
    0.7169752717018127,
    0.7039642333984375,
    0.692162811756134,
    0.6959946155548096,
    0.6737342476844788,
    0.6896452307701111,
    0.7368414402008057,
    0.6317452192306519,
    0.6259958148002625,
    0.6391369700431824,
    0.6122931241989136,
    0.6166970133781433,
    0.6450350284576416,
    0.6297383904457092,
    0.5906947255134583,
    0.5889338254928589,
    0.5603979229927063,
    0.5530045032501221,
    0.5431971549987793,
    0.5267613530158997,
    0.5217920541763306,
    0.5114640593528748,
    0.5024541020393372,
    0.49258261919021606,
    0.4818572402000427,
    0.4703332483768463,
    0.45868566632270813,
    0.4461512565612793,
    0.43256303668022156,
    0.41862061619758606,
    0.40482965111732483,
    0.3914163410663605,
    0.3779502511024475,
    0.3625160753726959,
    0.3415694236755371,
    0.31824782490730286,
    0.30588090419769287,
    0.29993385076522827,
    0.29314470291137695,
    0.3140057921409607,
    0.3408341705799103,
    0.3654983639717102,
    0.29073137044906616,
    0.3073199987411499,
    0.342695415019989,
    0.33831700682640076,
    0.3677673637866974,
    0.3878224790096283,
    0.38862672448158264,
    0.3141499161720276,
    0.2845398485660553,
    0.26004263758659363,
    0.23864220082759857,
    0.240713968873024,
    0.2395980805158615,
    0.23558112978935242,
    0.2285792976617813,
    0.22004829347133636,
    0.22627800703048706,
    0.21839621663093567,
    0.20815005898475647,
    0.17756880819797516,
    0.1699729561805725,
    0.1648472100496292,
    0.15876980125904083,
    0.15530194342136383,
    0.15015780925750732,
    0.14371392130851746,
    0.14312922954559326,
    0.14069902896881104,
    0.1602916568517685
  ],
  "Training Time": 107.58858370780945,
  "Validate": [
    4.388689041137695,
    4.391826152801514,
    4.383012294769287,
    4.354036808013916,
    4.319784641265869,
    4.286637306213379,
    4.271113872528076,
    4.2708740234375,
    4.2880449295043945,
    4.321372032165527,
    4.3588666915893555,
    4.3888020515441895,
    4.391223430633545,
    4.337135314941406,
    4.288448810577393,
    4.251245975494385,
    4.230579853057861,
    4.337545871734619,
    4.220402240753174,
    4.13345193862915,
    4.088669776916504,
    4.0499162673950195,
    4.012054920196533,
    3.97651743888855,
    3.9421470165252686,
    3.909299612045288,
    3.8829095363616943,
    3.861410617828369,
    3.8374969959259033,
    3.817561388015747,
    3.809535026550293,
    3.8173227310180664,
    3.7890279293060303,
    3.8759377002716064,
    4.059009075164795,
    3.8706815242767334,
    3.898289442062378,
    3.8595426082611084,
    3.8844223022460938,
    3.9248154163360596,
    3.900538444519043,
    3.809155225753784,
    4.565018177032471,
    4.196555137634277,
    4.233917236328125,
    4.236941337585449,
    4.438426494598389,
    4.4100141525268555,
    4.658147811889648,
    4.715556621551514,
    4.910477638244629,
    5.0886759757995605,
    5.310667037963867,
    5.548923015594482,
    5.809092998504639,
    6.046519756317139,
    6.2592363357543945,
    6.460492134094238,
    6.6476335525512695,
    6.833173751831055,
    7.007482528686523,
    7.120580673217773,
    7.0910844802856445,
    6.953636646270752,
    6.903730392456055,
    7.069577217102051,
    7.335263252258301,
    7.679936408996582,
    8.613163948059082,
    9.496944427490234,
    8.993860244750977,
    8.061469078063965,
    8.201147079467773,
    7.768781661987305,
    7.233253002166748,
    6.935731410980225,
    7.5079026222229,
    7.193148612976074,
    7.722131729125977,
    7.878936290740967,
    8.185149192810059,
    8.348922729492188,
    8.53622817993164,
    8.621213912963867,
    8.76175308227539,
    8.760245323181152,
    8.921319007873535,
    9.39747142791748,
    9.334522247314453,
    9.247154235839844,
    9.348262786865234,
    9.272215843200684,
    9.315839767456055,
    9.254517555236816,
    9.323345184326172,
    9.355023384094238,
    9.279953956604004,
    9.38228702545166,
    9.269963264465332,
    8.926949501037598
  ]
}