{
  "Train": [
    1.5337116718292236,
    1.22123122215271,
    1.1154205799102783,
    1.0690534114837646,
    1.0211421251296997,
    0.9932370185852051,
    0.9653016328811646,
    0.9132670164108276,
    0.8775073885917664,
    0.8661977052688599,
    0.835057258605957,
    0.8134925961494446,
    0.8582732081413269,
    0.7372499704360962,
    0.7950497269630432,
    0.7584786415100098,
    0.7583962678909302,
    0.7244831323623657,
    0.6656402349472046,
    0.5781127214431763,
    0.5566316246986389,
    0.527070164680481,
    0.4817134737968445,
    0.4526325762271881,
    0.4519065022468567,
    0.41626590490341187,
    0.38288024067878723,
    0.477293998003006,
    0.3591858446598053,
    0.34082984924316406,
    0.3164774775505066,
    0.30275726318359375,
    0.2838114798069,
    0.21853528916835785,
    0.22080591320991516,
    0.23753704130649567,
    0.169820636510849,
    0.17459547519683838,
    0.16054929792881012,
    0.1664269119501114,
    0.18862544000148773,
    0.17487052083015442,
    0.2780757248401642,
    0.2509608566761017,
    0.15648555755615234,
    0.10981310158967972,
    0.10619952529668808,
    0.09314393997192383,
    0.1101599782705307,
    0.08352268487215042,
    0.08418790996074677,
    0.073430635035038,
    0.07178806513547897,
    0.7182455062866211,
    0.3735497295856476,
    0.21709556877613068,
    0.11552071571350098,
    0.09527653455734253,
    0.11353590339422226,
    0.1618203967809677,
    0.3763713836669922,
    0.3617207109928131,
    0.3009215295314789,
    0.1444111317396164,
    0.09356287866830826,
    0.07222478836774826,
    0.06216662749648094,
    0.05423566326498985,
    0.04931209608912468,
    0.05475164204835892,
    0.13479387760162354,
    0.13220998644828796,
    0.13818977773189545,
    0.07640856504440308,
    0.06302052736282349,
    0.05041487142443657,
    0.045525215566158295,
    0.04302263259887695,
    0.04285275936126709,
    0.04566602781414986,
    0.031426846981048584,
    0.03977297618985176,
    0.04321712255477905,
    0.07902394235134125,
    0.06835675984621048,
    0.04377705603837967,
    0.050683844834566116,
    0.04748121649026871,
    0.03539704158902168,
    0.036337319761514664,
    0.0544864647090435,
    0.07178615033626556,
    0.061427950859069824,
    0.18382014334201813,
    0.19681382179260254,
    0.3867013156414032,
    0.26035505533218384,
    0.8654530644416809,
    0.29257217049598694,
    0.1107884868979454
  ],
  "Training Time": 142.7078938484192,
  "Validate": [
    1.288759708404541,
    1.7878295183181763,
    1.9918570518493652,
    2.2270641326904297,
    2.5235254764556885,
    3.100165605545044,
    3.9655187129974365,
    3.9665231704711914,
    4.2573652267456055,
    5.517999649047852,
    3.745823621749878,
    4.014034271240234,
    4.632847309112549,
    5.829719543457031,
    5.205111980438232,
    5.460603713989258,
    8.035263061523438,
    4.60068416595459,
    6.000598430633545,
    6.719218730926514,
    7.5787858963012695,
    6.97865104675293,
    8.53941535949707,
    7.186544418334961,
    5.887544631958008,
    9.654052734375,
    7.0146894454956055,
    8.410456657409668,
    10.889222145080566,
    13.499197006225586,
    8.705862045288086,
    14.937066078186035,
    10.80529499053955,
    12.952834129333496,
    9.317397117614746,
    5.555283546447754,
    13.110594749450684,
    11.54159164428711,
    11.384652137756348,
    9.899611473083496,
    12.449896812438965,
    10.757966995239258,
    8.35433578491211,
    9.886981010437012,
    10.906665802001953,
    9.234633445739746,
    11.015433311462402,
    10.79988956451416,
    9.843094825744629,
    9.743651390075684,
    11.188567161560059,
    10.70615005493164,
    13.352938652038574,
    9.55611801147461,
    7.031254768371582,
    10.776917457580566,
    10.404144287109375,
    8.75830078125,
    8.435174942016602,
    3.543745517730713,
    11.82785701751709,
    5.164209365844727,
    5.222681999206543,
    10.112577438354492,
    11.051596641540527,
    10.25673770904541,
    8.766340255737305,
    9.491493225097656,
    8.493926048278809,
    10.097326278686523,
    11.691766738891602,
    7.535240650177002,
    10.370880126953125,
    10.769157409667969,
    8.947696685791016,
    9.997379302978516,
    10.181245803833008,
    9.385367393493652,
    11.083820343017578,
    10.174299240112305,
    10.213526725769043,
    10.105438232421875,
    9.67331600189209,
    9.997197151184082,
    8.864471435546875,
    9.623065948486328,
    8.853160858154297,
    9.790881156921387,
    8.749088287353516,
    9.186558723449707,
    9.632948875427246,
    8.330183029174805,
    8.465794563293457,
    14.961013793945312,
    2.8889124393463135,
    9.28456974029541,
    0.6945730447769165,
    5.693280220031738,
    5.063360214233398,
    5.368748188018799
  ]
}