{
  "Train": [
    1.0039819478988647,
    0.9089304804801941,
    0.8746480345726013,
    0.844054639339447,
    0.8161446452140808,
    0.7898711562156677,
    0.7619792222976685,
    0.7325479388237,
    0.7067463994026184,
    0.6863922476768494
  ],
  "Training Time": 12.813445806503296,
  "Validate": [
    1.2823033332824707,
    1.2934529781341553,
    1.3060595989227295,
    1.3561934232711792,
    1.449844479560852,
    1.596659541130066,
    1.8441189527511597,
    2.1427323818206787,
    2.3852028846740723,
    2.5932462215423584
  ]
}