{
  "Train": [
    0.6088657379150391,
    0.500192403793335,
    0.4555911123752594,
    0.4358053207397461,
    0.42753782868385315,
    0.4149271547794342,
    0.40688297152519226,
    0.39382418990135193,
    0.3875269591808319,
    0.3753049075603485
  ],
  "Training Time": 16.19944667816162,
  "Validate": [
    NaN,
    NaN,
    NaN,
    NaN,
    NaN,
    NaN,
    NaN,
    NaN,
    NaN,
    NaN
  ]
}