{
  "Train": [
    1.0744740962982178,
    0.6596902012825012,
    0.6336930394172668,
    0.5705279111862183,
    0.5224881172180176,
    0.5374441742897034,
    0.5101101398468018,
    0.4490104615688324,
    0.38432860374450684,
    0.340876042842865,
    0.33748459815979004,
    0.3283528685569763,
    0.31879299879074097,
    0.3175548017024994,
    0.44197630882263184,
    0.34794485569000244,
    0.2990556061267853,
    0.25349658727645874,
    0.2551226019859314,
    0.26557010412216187,
    0.2667645215988159,
    0.2319524884223938,
    0.25247684121131897,
    0.22786296904087067,
    0.2664267420768738,
    0.3157937526702881,
    0.2463432401418686,
    0.23848079144954681,
    0.30445918440818787,
    0.21220582723617554,
    0.18095378577709198,
    0.17043209075927734,
    0.1437782347202301,
    0.16073168814182281,
    0.13859206438064575,
    0.18738126754760742,
    0.1916135847568512,
    0.13166852295398712,
    0.11061999946832657,
    0.3323802053928375,
    0.8776111602783203,
    0.6630668640136719,
    0.5737000107765198,
    0.5014036893844604,
    0.4047832787036896,
    0.3928664028644562,
    0.34634795784950256,
    0.3228358328342438,
    0.3040067255496979,
    0.26631423830986023,
    0.2589988708496094,
    0.22757208347320557,
    0.200810968875885,
    0.1830735057592392,
    0.1681320071220398,
    0.17008990049362183,
    0.24942460656166077,
    0.2644667625427246,
    0.21869665384292603,
    0.23120741546154022,
    0.18806549906730652,
    0.1510317474603653,
    0.14126399159431458,
    0.18647025525569916,
    0.3282863199710846,
    0.42949289083480835,
    0.314215749502182,
    0.244984433054924,
    0.1570979803800583,
    0.12224356830120087,
    0.10977256298065186,
    0.09781251847743988,
    0.08905161917209625,
    0.08358503878116608,
    0.07904951274394989,
    0.07803001999855042,
    0.08000699430704117,
    0.08631481230258942,
    0.10012180358171463,
    0.09925519675016403,
    0.07668814063072205,
    0.08161679655313492,
    0.07868514209985733,
    0.0609140545129776,
    0.1378498673439026,
    0.22948531806468964,
    0.17135204374790192,
    0.17860758304595947,
    0.10657061636447906,
    0.0718272253870964,
    0.0669628456234932,
    0.05002691224217415,
    0.06408423185348511,
    0.17047347128391266,
    0.1991981714963913,
    0.09172483533620834,
    0.06259263306856155,
    0.04556268826127052,
    0.036002665758132935,
    0.031349748373031616
  ],
  "Training Time": 128.9111623764038,
  "Validate": [
    NaN,
    NaN,
    NaN,
    NaN,
    NaN,
    NaN,
    NaN,
    NaN,
    NaN,
    NaN,
    NaN,
    NaN,
    NaN,
    NaN,
    NaN,
    NaN,
    NaN,
    NaN,
    NaN,
    NaN,
    NaN,
    NaN,
    NaN,
    NaN,
    NaN,
    NaN,
    NaN,
    NaN,
    NaN,
    NaN,
    NaN,
    NaN,
    NaN,
    NaN,
    NaN,
    NaN,
    NaN,
    NaN,
    NaN,
    NaN,
    NaN,
    NaN,
    NaN,
    NaN,
    NaN,
    NaN,
    NaN,
    NaN,
    NaN,
    NaN,
    NaN,
    NaN,
    NaN,
    NaN,
    NaN,
    NaN,
    NaN,
    NaN,
    NaN,
    NaN,
    NaN,
    NaN,
    NaN,
    NaN,
    NaN,
    NaN,
    NaN,
    NaN,
    NaN,
    NaN,
    NaN,
    NaN,
    NaN,
    NaN,
    NaN,
    NaN,
    NaN,
    NaN,
    NaN,
    NaN,
    NaN,
    NaN,
    NaN,
    NaN,
    NaN,
    NaN,
    NaN,
    NaN,
    NaN,
    NaN,
    NaN,
    NaN,
    NaN,
    NaN,
    NaN,
    NaN,
    NaN,
    NaN,
    NaN,
    NaN
  ]
}