{
  "Train": [
    0.7754111886024475,
    0.7533257603645325,
    0.7323172688484192,
    0.7186381816864014,
    0.7085665464401245,
    0.6991726756095886,
    0.6909297108650208,
    0.6833123564720154,
    0.6758840084075928,
    0.6684895753860474
  ],
  "Training Time": 3.059572696685791,
  "Validate": [
    NaN,
    NaN,
    NaN,
    NaN,
    NaN,
    NaN,
    NaN,
    NaN,
    NaN,
    NaN
  ]
}