{
  "Train": [
    0.904920220375061,
    0.8682591319084167,
    0.8421188592910767,
    0.8188843131065369,
    0.8024771213531494,
    0.7860339879989624,
    0.7728098034858704,
    0.7592843770980835,
    0.7492820024490356,
    0.7373867034912109
  ],
  "Training Time": 2.5396108627319336,
  "Validate": [
    0.4049646854400635,
    0.4565848112106323,
    0.5042622089385986,
    0.54420006275177,
    0.5942808985710144,
    0.6525299549102783,
    0.7121160626411438,
    0.7534121870994568,
    0.7771194577217102,
    0.7845520973205566
  ]
}