{
  "Train": [
    1.0635651350021362,
    1.0528100728988647,
    1.0470664501190186,
    1.040305256843567,
    1.027551293373108,
    1.00865638256073,
    0.9906606078147888,
    0.9708437323570251,
    0.9525449275970459,
    0.9369845986366272
  ],
  "Training Time": 3.895108938217163,
  "Validate": [
    3.1197028160095215,
    3.098109245300293,
    3.071991443634033,
    3.0251994132995605,
    2.9389379024505615,
    2.8329238891601562,
    2.822096109390259,
    2.838963747024536,
    2.8496439456939697,
    2.8559439182281494
  ]
}