{
  "Train": [
    1.068511724472046,
    1.1285662651062012,
    0.9799715876579285,
    0.8911124467849731,
    0.8352001309394836,
    0.7885498404502869,
    0.7516388893127441,
    0.7191637754440308,
    0.6866394877433777,
    0.6498035192489624,
    0.610941469669342,
    0.5898780226707458,
    0.6110807061195374,
    0.5846236944198608,
    0.6392649412155151,
    0.6544669270515442,
    0.5365135669708252,
    0.520112931728363,
    0.4659906029701233,
    0.43868303298950195,
    0.40982815623283386,
    0.3950594365596771,
    0.38356393575668335,
    0.3739302158355713,
    0.3678593635559082,
    0.3680163323879242,
    0.3475036025047302,
    0.34996315836906433,
    0.3689080774784088,
    0.3336840569972992,
    0.34647050499916077,
    0.3209654688835144,
    0.31136035919189453,
    0.30010896921157837,
    0.561570942401886,
    0.48766133189201355,
    0.3105662167072296,
    0.4715019166469574,
    0.6157898902893066,
    0.5250827670097351,
    0.3228438198566437,
    0.2535330355167389,
    0.25151878595352173,
    0.261742502450943,
    0.2616860270500183,
    0.22882571816444397,
    0.22661297023296356,
    0.24296782910823822,
    0.21918454766273499,
    0.20166650414466858,
    0.2216624766588211,
    0.20536096394062042,
    0.17574991285800934,
    0.19519521296024323,
    0.18743574619293213,
    0.1577499359846115,
    0.16902412474155426,
    0.16888122260570526,
    0.1479893922805786,
    0.13986699283123016,
    0.1688191443681717,
    0.1462080478668213,
    0.12180351465940475,
    0.19551683962345123,
    0.12745995819568634,
    0.12417677789926529,
    0.16122080385684967,
    0.15974533557891846,
    0.19389867782592773,
    0.08682284504175186,
    0.07251043617725372,
    0.06491345912218094,
    0.0590721033513546,
    0.0632273480296135,
    0.057773590087890625,
    0.19769325852394104,
    0.14632916450500488,
    0.068199522793293,
    0.05131746083498001,
    0.0486646369099617,
    0.04288511350750923,
    0.04173741862177849,
    0.039433807134628296,
    0.04135478287935257,
    0.0375993475317955,
    0.054298367351293564,
    0.05891676992177963,
    0.363715261220932,
    0.14179407060146332,
    0.0573493167757988,
    0.04117506369948387,
    0.03548923879861832,
    0.03101569414138794,
    0.02990698255598545,
    0.028736384585499763,
    0.027833731845021248,
    0.027221117168664932,
    0.027235182002186775,
    0.02670365944504738,
    0.02638917975127697
  ],
  "Training Time": 90.49088788032532,
  "Validate": [
    0.6436554193496704,
    0.3485114574432373,
    0.27051809430122375,
    0.22931170463562012,
    0.21780134737491608,
    0.21165691316127777,
    0.2083558440208435,
    0.20606757700443268,
    0.2046618014574051,
    0.20410412549972534,
    0.20390969514846802,
    0.2036658376455307,
    0.20342741906642914,
    0.2021535336971283,
    0.20251967012882233,
    0.20734882354736328,
    0.2174403816461563,
    0.2039882242679596,
    0.20148849487304688,
    0.2001962512731552,
    0.19929105043411255,
    0.1985810250043869,
    0.19832120835781097,
    0.19757996499538422,
    0.2058057337999344,
    0.19866178929805756,
    0.21783261001110077,
    0.21206554770469666,
    0.22275443375110626,
    0.19654473662376404,
    0.23192141950130463,
    0.20037144422531128,
    0.19822855293750763,
    0.21656249463558197,
    0.22481808066368103,
    0.22324509918689728,
    0.2094840109348297,
    0.4711240530014038,
    0.21925702691078186,
    0.24100841581821442,
    0.23133975267410278,
    0.2062382847070694,
    0.20046502351760864,
    0.1982613205909729,
    0.1985509842634201,
    0.19857797026634216,
    0.19862231612205505,
    0.19977737963199615,
    0.19981132447719574,
    0.20030663907527924,
    0.202662855386734,
    0.20315703749656677,
    0.20280517637729645,
    0.20561426877975464,
    0.2071451097726822,
    0.20665134489536285,
    0.2088858038187027,
    0.2111816555261612,
    0.21139521896839142,
    0.212416872382164,
    0.21613073348999023,
    0.22210456430912018,
    0.22260375320911407,
    0.21901296079158783,
    0.23907607793807983,
    0.2253418117761612,
    0.21251875162124634,
    0.2430834323167801,
    0.2332705408334732,
    0.2263948917388916,
    0.2312001734972,
    0.2228410691022873,
    0.22570039331912994,
    0.22541271150112152,
    0.2186678946018219,
    0.21861054003238678,
    0.24907563626766205,
    0.24350792169570923,
    0.23871248960494995,
    0.23906540870666504,
    0.2314521223306656,
    0.23708824813365936,
    0.22837506234645844,
    0.24033139646053314,
    0.2292955070734024,
    0.2506014108657837,
    0.26243889331817627,
    0.26883795857429504,
    0.3913903534412384,
    0.2496112883090973,
    0.2393912822008133,
    0.24396510422229767,
    0.2428661435842514,
    0.23826637864112854,
    0.23872843384742737,
    0.2376311719417572,
    0.2376105785369873,
    0.23900438845157623,
    0.23946744203567505,
    0.2398744523525238
  ]
}