{
  "Train": [
    0.6989511251449585,
    0.5385434627532959,
    0.4374290406703949,
    0.4092528522014618,
    0.39301276206970215,
    0.3798886835575104,
    0.3683338761329651,
    0.3825925886631012,
    0.35552889108657837,
    0.35689783096313477
  ],
  "Training Time": 6.046730995178223,
  "Validate": [
    NaN,
    NaN,
    NaN,
    NaN,
    NaN,
    NaN,
    NaN,
    NaN,
    NaN,
    NaN
  ]
}