{
  "Train": [
    1.066429615020752,
    1.0602468252182007,
    1.058754801750183,
    1.0578054189682007,
    1.0570895671844482,
    1.0565186738967896,
    1.0560299158096313,
    1.0556138753890991,
    1.055180311203003,
    1.0547410249710083
  ],
  "Training Time": 5.581611156463623,
  "Validate": [
    7.1833038330078125,
    7.171657562255859,
    7.168790817260742,
    7.169082164764404,
    7.170777320861816,
    7.173289775848389,
    7.176187515258789,
    7.180278778076172,
    7.184924125671387,
    7.191709518432617
  ]
}