{
  "Train": [
    1.0270617008209229,
    1.0226409435272217,
    1.0207068920135498,
    1.0167618989944458,
    1.0111387968063354,
    1.0043753385543823,
    0.9969578385353088,
    0.9889849424362183,
    0.980427622795105,
    0.9713746309280396
  ],
  "Training Time": 4.066464900970459,
  "Validate": [
    NaN,
    NaN,
    NaN,
    NaN,
    NaN,
    NaN,
    NaN,
    NaN,
    NaN,
    NaN
  ]
}