{
  "Train": [
    1.1199015378952026,
    1.1130326986312866,
    1.1109546422958374,
    1.1103324890136719,
    1.1097984313964844,
    1.1090666055679321,
    1.1079565286636353,
    1.1060413122177124,
    1.1021437644958496,
    1.097698450088501
  ],
  "Training Time": 3.367157220840454,
  "Validate": [
    1.4134190082550049,
    1.3968360424041748,
    1.3853211402893066,
    1.3830561637878418,
    1.3849717378616333,
    1.3901448249816895,
    1.3987044095993042,
    1.412023901939392,
    1.422579288482666,
    1.4286718368530273
  ]
}