{
  "Train": [
    1.0052053928375244,
    0.970611572265625,
    0.9560317993164062,
    0.9432313442230225,
    0.935753345489502,
    0.9255306124687195,
    0.9143313765525818,
    0.9023542404174805,
    0.8887549638748169,
    0.8745836615562439
  ],
  "Training Time": 4.1167542934417725,
  "Validate": [
    NaN,
    NaN,
    NaN,
    NaN,
    NaN,
    NaN,
    NaN,
    NaN,
    NaN,
    NaN
  ]
}