{
  "Train": [
    0.7312100529670715,
    0.4365970194339752,
    0.39665472507476807,
    0.37495556473731995,
    0.3580811321735382,
    0.34406617283821106,
    0.33224084973335266,
    0.32228755950927734,
    0.3139936327934265,
    0.3071501553058624
  ],
  "Training Time": 2.6185593605041504,
  "Validate": [
    50.03544998168945,
    49.662261962890625,
    49.541805267333984,
    49.45616912841797,
    49.35966110229492,
    49.250640869140625,
    49.13545608520508,
    49.02005386352539,
    48.9086799621582,
    48.80385971069336
  ]
}