{
  "Train": [
    0.7117807865142822,
    0.6279136538505554,
    0.5802544355392456,
    0.5519787073135376,
    0.5340685248374939,
    0.5212543606758118,
    0.509890615940094,
    0.5022886991500854,
    0.4909100830554962,
    0.49155253171920776
  ],
  "Training Time": 1.7490692138671875,
  "Validate": [
    0.5970577597618103,
    0.6994783878326416,
    0.7781757116317749,
    0.8199495077133179,
    0.8312519788742065,
    0.8220049142837524,
    0.8029443025588989,
    0.7653586864471436,
    0.7369170188903809,
    0.7035582065582275
  ]
}