{
  "Train": [
    0.7543649077415466,
    0.7131519913673401,
    0.6928067803382874,
    0.6795129179954529,
    0.6683453321456909,
    0.6582565307617188,
    0.6488714218139648,
    0.6401809453964233,
    0.632209300994873,
    0.6248437166213989
  ],
  "Training Time": 7.330157041549683,
  "Validate": [
    0.42448538541793823,
    0.4400957226753235,
    0.44033926725387573,
    0.4356074333190918,
    0.43070337176322937,
    0.4284086227416992,
    0.4306974709033966,
    0.43862879276275635,
    0.4531097710132599,
    0.47002771496772766
  ]
}