{
  "Train": [
    0.8431223630905151,
    0.8121265769004822,
    0.7877004742622375,
    0.7647721767425537,
    0.7450880408287048,
    0.7325177192687988,
    0.7008054852485657,
    0.736089289188385,
    0.7295289635658264,
    0.6937572956085205
  ],
  "Training Time": 9.344005584716797,
  "Validate": [
    NaN,
    NaN,
    NaN,
    NaN,
    NaN,
    NaN,
    NaN,
    NaN,
    NaN,
    NaN
  ]
}