{
  "Train": [
    0.912632405757904,
    0.8938102722167969,
    0.8509100675582886,
    0.8443414568901062,
    0.8374406695365906,
    0.8324180245399475,
    0.8282760977745056,
    0.8245517015457153,
    0.8207021951675415,
    0.8159164786338806,
    0.8093324303627014,
    0.8042649626731873,
    0.7976893782615662,
    0.7915533185005188,
    0.7703354954719543,
    0.7719247341156006,
    0.7656674385070801,
    0.7497687339782715,
    0.7365248203277588,
    0.7268301844596863,
    0.7183284759521484,
    0.7062777280807495,
    0.6957513093948364,
    0.6895691752433777,
    0.685002326965332,
    0.674272894859314,
    0.667184054851532,
    0.6782850623130798,
    0.655025064945221,
    0.6510820388793945,
    0.6425110697746277,
    0.6369854807853699,
    0.634105920791626,
    0.6309614777565002,
    0.6265533566474915,
    0.6218165755271912,
    0.617496907711029,
    0.6135303378105164,
    0.6093767881393433,
    0.6049248576164246,
    0.5999411344528198,
    0.5938526391983032,
    0.5900174379348755,
    0.5699887275695801,
    0.761019766330719,
    0.7493027448654175,
    0.6035534143447876,
    0.6242992877960205,
    0.7614755630493164,
    0.7045997977256775,
    0.5972351431846619,
    0.560113787651062,
    0.5456176400184631,
    0.5204340815544128,
    0.5133150815963745,
    0.5018711090087891,
    0.4905252158641815,
    0.4624277353286743,
    0.5299893617630005,
    0.4526796042919159,
    0.4856266975402832,
    0.4103012979030609,
    0.38433894515037537,
    0.37915199995040894,
    0.4674592614173889,
    0.5424001812934875,
    0.4362754225730896,
    0.40101858973503113,
    0.36016955971717834,
    0.35201138257980347,
    0.33722320199012756,
    0.32524606585502625,
    0.3151226341724396,
    0.3090369403362274,
    0.3044523298740387,
    0.3006487190723419,
    0.2879018485546112,
    0.2685752511024475,
    0.3227071166038513,
    0.4209887683391571,
    0.39515915513038635,
    0.32674849033355713,
    0.24407310783863068,
    0.22013449668884277,
    0.21336014568805695,
    0.22182929515838623,
    0.252856582403183,
    0.19770482182502747,
    0.31980016827583313,
    0.3828599750995636,
    0.34112119674682617,
    0.23699158430099487,
    0.21922867000102997,
    0.18802528083324432,
    0.17073863744735718,
    0.16671378910541534,
    0.1432982087135315,
    0.17119859158992767,
    0.22522997856140137,
    0.13028261065483093
  ],
  "Training Time": 70.60989999771118,
  "Validate": [
    3.184370994567871,
    3.2621705532073975,
    3.046553134918213,
    2.995115041732788,
    2.9614412784576416,
    2.931628942489624,
    2.9057552814483643,
    2.8772621154785156,
    2.8447017669677734,
    2.7998616695404053,
    2.819990396499634,
    2.5639708042144775,
    2.7654826641082764,
    2.623643159866333,
    2.4000346660614014,
    2.629549264907837,
    2.492196798324585,
    2.3601067066192627,
    2.363036870956421,
    2.43656063079834,
    2.4062037467956543,
    2.416311502456665,
    2.4362289905548096,
    2.4557552337646484,
    2.483186960220337,
    2.466959238052368,
    2.4340991973876953,
    2.446763038635254,
    2.405151605606079,
    2.4373719692230225,
    2.4305150508880615,
    2.425381660461426,
    2.427321672439575,
    2.429009437561035,
    2.42958664894104,
    2.4324123859405518,
    2.4339709281921387,
    2.431570291519165,
    2.4298479557037354,
    2.4256832599639893,
    2.41451096534729,
    2.386303186416626,
    2.348086357116699,
    2.394965887069702,
    5.146453380584717,
    2.4350268840789795,
    2.163862466812134,
    2.27376651763916,
    2.8130877017974854,
    2.5555641651153564,
    2.2493515014648438,
    2.3413896560668945,
    2.086609363555908,
    2.019141912460327,
    2.0137484073638916,
    1.9870597124099731,
    2.108750581741333,
    2.2580251693725586,
    2.165389060974121,
    2.2643003463745117,
    2.0180063247680664,
    2.027787685394287,
    2.1308555603027344,
    2.0460875034332275,
    2.1595957279205322,
    1.877194881439209,
    1.831005573272705,
    1.831637978553772,
    1.7907061576843262,
    1.738375186920166,
    1.7869120836257935,
    1.8795043230056763,
    1.876708984375,
    1.9542756080627441,
    2.106398582458496,
    2.127692937850952,
    2.0542447566986084,
    2.1289384365081787,
    2.3668224811553955,
    2.662395715713501,
    2.7089827060699463,
    2.71882963180542,
    2.7422235012054443,
    2.6007819175720215,
    2.7742257118225098,
    2.6955416202545166,
    2.9780259132385254,
    2.8203537464141846,
    2.6513688564300537,
    2.7749083042144775,
    2.8756914138793945,
    3.1282310485839844,
    2.9494988918304443,
    2.9908699989318848,
    3.0250203609466553,
    3.156599998474121,
    3.240527391433716,
    3.0406172275543213,
    3.3704652786254883,
    3.282327890396118
  ]
}