{
  "Train": [
    0.2845941483974457,
    0.13206318020820618,
    0.1161942109465599,
    0.1099536344408989,
    0.10591696202754974,
    0.10292802006006241,
    0.10076011717319489,
    0.0991484522819519,
    0.09775209426879883,
    0.09640736132860184,
    0.09518212080001831,
    0.09422452747821808,
    0.09395147860050201,
    0.09362655133008957,
    0.09263088554143906,
    0.09168925136327744,
    0.09095160663127899,
    0.09024981409311295,
    0.08957844972610474,
    0.08892185986042023,
    0.08826567977666855,
    0.08759654313325882,
    0.08690195530653,
    0.08617144823074341,
    0.085398368537426
  ],
  "Training Time": 12.410656213760376,
  "Validate": [
    0.43519362807273865,
    0.49117839336395264,
    0.5431575179100037,
    0.5791302919387817,
    0.6130111217498779,
    0.6460183262825012,
    0.6701950430870056,
    0.6885489225387573,
    0.7047345042228699,
    0.7209582924842834,
    0.7372270822525024,
    0.7534059882164001,
    0.7715520858764648,
    0.7801225185394287,
    0.7822059392929077,
    0.792880654335022,
    0.8063495755195618,
    0.8214333057403564,
    0.837463915348053,
    0.8540399074554443,
    0.8709074258804321,
    0.887896716594696,
    0.9048742055892944,
    0.9216832518577576,
    0.9381619095802307
  ]
}