{
  "Train": [
    0.17985183000564575,
    0.1194593608379364,
    0.09897864609956741,
    0.09054524451494217,
    0.08700815588235855,
    0.08448536694049835,
    0.08241096884012222,
    0.0809040367603302,
    0.07933756709098816,
    0.07838225364685059,
    0.07790874689817429,
    0.07634487003087997,
    0.07665695995092392,
    0.07359392940998077,
    0.07429206371307373,
    0.07174956798553467,
    0.07255225628614426,
    0.07021986693143845,
    0.07049154490232468,
    0.06887021660804749,
    0.0689796581864357,
    0.06754521280527115,
    0.06768393516540527,
    0.06626154482364655,
    0.06629690527915955
  ],
  "Training Time": 15.902872085571289,
  "Validate": [
    NaN,
    NaN,
    NaN,
    NaN,
    NaN,
    NaN,
    NaN,
    NaN,
    NaN,
    NaN,
    NaN,
    NaN,
    NaN,
    NaN,
    NaN,
    NaN,
    NaN,
    NaN,
    NaN,
    NaN,
    NaN,
    NaN,
    NaN,
    NaN,
    NaN
  ]
}