{
  "Train": [
    1.1058740615844727,
    1.0940495729446411,
    1.089477300643921,
    1.0824497938156128,
    1.0701720714569092,
    1.0516527891159058,
    1.027677297592163,
    0.9986060857772827,
    0.9687983393669128,
    0.9375053644180298
  ],
  "Training Time": 5.928176641464233,
  "Validate": [
    4.381438255310059,
    4.380575180053711,
    4.369288444519043,
    4.345332622528076,
    4.297492027282715,
    4.31935453414917,
    4.420360088348389,
    4.58031702041626,
    4.789880752563477,
    4.9758992195129395
  ]
}