{
  "Train": [
    1.2751668691635132,
    1.147351861000061,
    1.1303740739822388,
    1.112044095993042,
    1.0901542901992798,
    1.0674117803573608,
    1.0406407117843628,
    1.0193294286727905,
    1.000247597694397,
    0.9756795167922974
  ],
  "Training Time": 5.195691108703613,
  "Validate": [
    1.374866008758545,
    1.3853312730789185,
    1.503071904182434,
    1.7253788709640503,
    2.0443239212036133,
    2.3670783042907715,
    2.721794366836548,
    3.031395196914673,
    3.284799098968506,
    3.5686094760894775
  ]
}