{
  "Train": [
    1.390167236328125,
    1.1777613162994385,
    1.1441091299057007,
    1.1259640455245972,
    1.1116728782653809,
    1.0933938026428223,
    1.0753401517868042,
    1.0482542514801025,
    1.0144373178482056,
    0.9832597374916077,
    1.0853540897369385,
    1.1679517030715942,
    1.0764415264129639,
    1.0585076808929443,
    0.9838547706604004,
    0.925298810005188,
    0.9393664598464966,
    0.8808718323707581,
    0.9181217551231384,
    0.8335543274879456,
    0.846282958984375,
    0.7438925504684448,
    0.8151202201843262,
    0.7097312211990356,
    0.6902011036872864,
    0.6409848928451538,
    0.6291016936302185,
    0.6151031851768494,
    0.5739151239395142,
    0.582238495349884,
    0.5953965783119202,
    0.5532252192497253,
    0.6041374206542969,
    0.45099177956581116,
    0.44426947832107544,
    0.44063302874565125,
    0.4043032228946686,
    0.4071505665779114,
    0.46364539861679077,
    0.36959439516067505,
    0.3268425464630127,
    0.3159869313240051,
    0.30576303601264954,
    0.45027944445610046,
    0.32005593180656433,
    0.3119814395904541,
    0.37447044253349304,
    0.38215944170951843,
    0.25687357783317566,
    0.23738570511341095,
    0.2228824645280838,
    0.25895676016807556,
    0.25371262431144714,
    0.21082846820354462,
    0.2105644792318344,
    0.19884808361530304,
    0.18408820033073425,
    0.19162480533123016,
    0.1732190102338791,
    0.19416138529777527,
    0.17574718594551086,
    0.21204379200935364,
    0.17739808559417725,
    0.21868328750133514,
    0.1956375688314438,
    0.19467316567897797,
    0.17760290205478668,
    0.2017795741558075,
    0.17359896004199982,
    0.34660688042640686,
    0.2694503366947174,
    0.1750696748495102,
    0.1370949000120163,
    0.11353792250156403,
    0.10112421214580536,
    0.08948992937803268,
    0.07935535907745361,
    0.08044879883527756,
    0.08032862842082977,
    0.09008591622114182,
    0.09788664430379868,
    0.2471805065870285,
    0.2868401110172272,
    0.13664008677005768,
    0.08180022239685059,
    0.06310109794139862,
    0.06009041517972946,
    0.05564608424901962,
    0.05136241391301155,
    0.05128032714128494,
    0.04890775308012962,
    0.07715768367052078,
    0.08150740712881088,
    0.2811826169490814,
    0.5152776837348938,
    0.18912272155284882,
    0.08073333650827408,
    0.057969771325588226,
    0.048111073672771454,
    0.04534754902124405
  ],
  "Training Time": 144.64996147155762,
  "Validate": [
    1.7976514101028442,
    1.6690937280654907,
    1.6389927864074707,
    1.7429275512695312,
    1.7311158180236816,
    1.667068362236023,
    1.572089433670044,
    1.5357272624969482,
    1.61285400390625,
    4.531731605529785,
    0.8014931082725525,
    1.8414294719696045,
    3.601560115814209,
    2.779296636581421,
    1.9502047300338745,
    2.4478464126586914,
    2.8629047870635986,
    3.5943589210510254,
    1.7469959259033203,
    2.6131649017333984,
    1.2753022909164429,
    2.076395273208618,
    0.6206457018852234,
    2.3158767223358154,
    0.7624703049659729,
    0.9375452399253845,
    1.6712547540664673,
    0.8079443573951721,
    0.5753231644630432,
    0.5938606858253479,
    0.8716936111450195,
    3.4904444217681885,
    1.0888400077819824,
    0.8078566193580627,
    0.5984963774681091,
    0.6586682796478271,
    1.1903984546661377,
    0.7742763757705688,
    1.8352848291397095,
    1.1630229949951172,
    0.908357560634613,
    0.8221813440322876,
    2.804746627807617,
    2.472637414932251,
    0.9468212127685547,
    1.057159185409546,
    1.9888378381729126,
    1.7363829612731934,
    1.1805423498153687,
    0.9992350935935974,
    1.9915928840637207,
    2.147210121154785,
    1.6252020597457886,
    0.8280006051063538,
    2.2330126762390137,
    1.896968960762024,
    2.494194984436035,
    1.695272445678711,
    3.2942848205566406,
    1.2853676080703735,
    4.022850513458252,
    1.4363919496536255,
    4.441983699798584,
    2.490521192550659,
    5.15605354309082,
    2.252709150314331,
    1.233801007270813,
    2.5588831901550293,
    2.1338136196136475,
    1.5814281702041626,
    5.333630084991455,
    2.9384727478027344,
    2.3642098903656006,
    2.6748058795928955,
    2.77107310295105,
    2.723968267440796,
    3.069821357727051,
    3.2021026611328125,
    3.8920464515686035,
    2.235011100769043,
    4.250041961669922,
    1.498225450515747,
    2.6730027198791504,
    2.8798940181732178,
    2.9561707973480225,
    2.864503860473633,
    2.818742036819458,
    3.0389227867126465,
    3.0697107315063477,
    2.9551000595092773,
    3.2538864612579346,
    2.9705984592437744,
    2.740729570388794,
    0.6967575550079346,
    2.4865026473999023,
    2.880539655685425,
    2.8684580326080322,
    2.9527528285980225,
    2.8895785808563232,
    2.8344717025756836
  ]
}