{
  "Train": [
    1.2228448390960693,
    0.9795979857444763,
    0.9490850567817688,
    0.9249153137207031,
    0.9024950265884399,
    0.8847156763076782,
    0.8695580363273621,
    0.8513526320457458,
    0.8298200964927673,
    0.807258665561676
  ],
  "Training Time": 17.026663541793823,
  "Validate": [
    1.4211443662643433,
    1.412509560585022,
    1.5366382598876953,
    1.6572693586349487,
    1.8122423887252808,
    2.023594856262207,
    2.312873601913452,
    2.655492067337036,
    3.0465269088745117,
    3.4781408309936523
  ]
}