{
  "Train": [
    0.8220611214637756,
    0.4548152983188629,
    0.39094677567481995,
    0.3628681004047394,
    0.34442976117134094,
    0.32941851019859314,
    0.3173326849937439,
    0.30685555934906006,
    0.29707664251327515,
    0.2874443531036377
  ],
  "Training Time": 17.655622005462646,
  "Validate": [
    42.6775016784668,
    38.838104248046875,
    37.95402526855469,
    36.69676971435547,
    36.13974380493164,
    35.95707702636719,
    35.96836853027344,
    36.09250259399414,
    36.29792785644531,
    36.56382369995117
  ]
}