{
  "Train": [
    0.6934080719947815,
    0.6099730730056763,
    0.5588560700416565,
    0.5287129878997803,
    0.510140061378479,
    0.4958893358707428,
    0.48364749550819397,
    0.4729991555213928,
    0.46359482407569885,
    0.4549928903579712
  ],
  "Training Time": 21.479292392730713,
  "Validate": [
    NaN,
    NaN,
    NaN,
    NaN,
    NaN,
    NaN,
    NaN,
    NaN,
    NaN,
    NaN
  ]
}