{
  "ACF": [
    1.0,
    0.2554135167657529,
    0.2475053670404201,
    0.2585436762799053,
    0.2788627716594751,
    0.12309579377831692,
    0.22952765322398427,
    0.18081936086340417,
    0.038720938634579136,
    0.0826642146341303,
    0.039148457717616165,
    -0.24017380088118132,
    -0.06965100703061985,
    -0.028875284921031388,
    -0.1435205281510585,
    -0.14765851146635023,
    -0.0797235134596256,
    -0.11633956398888004,
    -0.2016364330669658,
    0.009419515396071557,
    -0.13018545093528275,
    -0.08916172876896429,
    -0.047743236991415874,
    0.004602575194821456,
    -0.06416069828349868
  ],
  "PACF": [
    1.0,
    0.25692483935016575,
    0.1974770180664015,
    0.17916355096714717,
    0.17771388488306497,
    -0.03629034149562197,
    0.12302642811775431,
    0.04615251272358404,
    -0.12290129302788803,
    -0.001367559105602398,
    -0.07334428422401953,
    -0.36608206683420796,
    -0.014764895350074808,
    0.029910404033361506,
    -0.07610419821011925,
    0.02375026024650141,
    0.006054643445012805,
    0.058260107771290356,
    -0.0440422654990054,
    0.15212687794974436,
    -0.046579676887117456,
    0.009846906695161955,
    -0.07099045464898376,
    0.01882863904772838,
    0.018463019078159008
  ],
  "Confidence": [
    0.1475106448282976,
    -0.15927535071065055,
    0.1475106448282976,
    -0.15927535071065055
  ]
}