{
  "ACF": [
    1.0,
    0.9754609292303958,
    0.9382408508384737,
    0.8956794161802505,
    0.8495651730133467,
    0.8017875398958009,
    0.7521011843399816,
    0.6985945918131283,
    0.6415515178290836,
    0.5802678941928845,
    0.5133710921533694,
    0.44465472797118777,
    0.3800642815878277,
    0.3207354868240286,
    0.2634257614808281,
    0.20819507495117373,
    0.15409982778042383,
    0.1015563783092883,
    0.051100066417940654,
    0.0030421292545435353,
    -0.04112765036959128,
    -0.07882532869880911,
    -0.11046076950532949,
    -0.1392207159187618,
    -0.16592207197955677
  ],
  "PACF": [
    1.0,
    0.9812328873915225,
    -0.3605934876264041,
    -0.059457670109467,
    -0.07296244043264621,
    -0.02748833377621288,
    -0.0684962930677525,
    -0.12287336950745946,
    -0.08326171477419743,
    -0.1210918497406914,
    -0.1603600890740038,
    -0.021129042281786744,
    0.11093158423885895,
    0.0551659634748877,
    -0.0778371060010225,
    -0.008300658158818761,
    -0.03320419462118892,
    -0.0070434968968593435,
    -0.024470553672909106,
    -0.023886952766383567,
    0.00928628847609215,
    0.04578172193365375,
    0.0054426042309093795,
    -0.05596972458815976,
    -0.017529467441315894
  ],
  "Confidence": [
    0.1475106448282976,
    -0.15927535071065055,
    0.1475106448282976,
    -0.15927535071065055
  ]
}