{
  "Train": [
    0.011634878814220428,
    0.007679622620344162,
    0.0064825499430298805,
    0.0060202134773135185,
    0.005624484736472368,
    0.0056159175001084805,
    0.005481040105223656,
    0.00550314923748374,
    0.005541041027754545,
    0.005620305892080069,
    0.005660852417349815,
    0.005872051697224379,
    0.006023292895406485,
    0.00580229889601469,
    0.005898908246308565,
    0.005751395132392645,
    0.005531663540750742,
    0.005912997294217348,
    0.005963395349681377,
    0.00542224058881402,
    0.0055883657187223434,
    0.005554849281907082,
    0.009239140897989273,
    0.0058468906208872795,
    0.005125971511006355
  ],
  "Training Time": 24.53442931175232,
  "Validate": [
    NaN,
    NaN,
    NaN,
    NaN,
    NaN,
    NaN,
    NaN,
    NaN,
    NaN,
    NaN,
    NaN,
    NaN,
    NaN,
    NaN,
    NaN,
    NaN,
    NaN,
    NaN,
    NaN,
    NaN,
    NaN,
    NaN,
    NaN,
    NaN,
    NaN
  ]
}