{
  "Train": [
    0.7553367614746094,
    0.7208080291748047,
    0.7014119029045105,
    0.6980500817298889,
    0.7063707113265991,
    0.6909945607185364,
    0.6903013586997986,
    0.6790781021118164,
    0.6746191382408142,
    0.6641643643379211
  ],
  "Training Time": 6.189245223999023,
  "Validate": [
    NaN,
    NaN,
    NaN,
    NaN,
    NaN,
    NaN,
    NaN,
    NaN,
    NaN,
    NaN
  ]
}