{
  "Train": [
    0.736225962638855,
    0.7142205238342285,
    0.7023272514343262,
    0.6912156939506531,
    0.6833897829055786,
    0.6605038046836853,
    0.6357836723327637,
    0.6161646246910095,
    0.603092610836029,
    0.5837876200675964
  ],
  "Training Time": 4.7994349002838135,
  "Validate": [
    0.40781596302986145,
    0.4182029068470001,
    0.41687723994255066,
    0.4203542470932007,
    0.4209657609462738,
    0.4528595209121704,
    0.4819486439228058,
    0.496733695268631,
    0.4825265109539032,
    0.47077763080596924
  ]
}