{
  "Train": [
    0.9472289681434631,
    0.8565967082977295,
    0.8244085311889648,
    0.8162641525268555,
    0.8105162382125854,
    0.8060230612754822,
    0.8018268346786499,
    0.7975653409957886,
    0.7930456399917603,
    0.7881602644920349
  ],
  "Training Time": 2.8099067211151123,
  "Validate": [
    3.370246648788452,
    3.178485870361328,
    3.02671217918396,
    2.9476099014282227,
    2.889967441558838,
    2.843682289123535,
    2.802541494369507,
    2.76336669921875,
    2.7242591381073,
    2.68422532081604
  ]
}