{
  "Train": [
    0.7084012031555176,
    0.6878581047058105,
    0.6730184555053711,
    0.6601244807243347,
    0.6484427452087402,
    0.6376050114631653,
    0.6272209882736206,
    0.6168780326843262,
    0.6061988472938538,
    0.5950967669487
  ],
  "Training Time": 2.3598644733428955,
  "Validate": [
    0.4123487174510956,
    0.4223944842815399,
    0.4241185486316681,
    0.42346468567848206,
    0.422206312417984,
    0.4207203984260559,
    0.4190850257873535,
    0.4176385700702667,
    0.4182889759540558,
    0.42705461382865906
  ]
}