{
  "Train": [
    0.2934403717517853,
    0.14333364367485046,
    0.10526194423437119,
    0.08634674549102783,
    0.07607103884220123,
    0.06813322752714157,
    0.061222124844789505,
    0.053433630615472794,
    0.04453720524907112,
    0.041767776012420654,
    0.03173604980111122,
    0.03103928081691265,
    0.02367801032960415,
    0.021413803100585938,
    0.020919347181916237,
    0.01843620464205742,
    0.0193459652364254,
    0.01652720384299755,
    0.017624547705054283,
    0.015922890976071358,
    0.01821075566112995,
    0.017600132152438164,
    0.018881289288401604,
    0.017468880861997604,
    0.014963232912123203
  ],
  "Training Time": 12.942399740219116,
  "Validate": [
    0.05736999213695526,
    0.32766178250312805,
    0.3913821280002594,
    0.551147997379303,
    0.7824282050132751,
    1.0020076036453247,
    1.0401042699813843,
    0.8781948089599609,
    0.7730624675750732,
    0.6284306645393372,
    0.5314397215843201,
    0.4496888220310211,
    0.4334369897842407,
    0.43268004059791565,
    0.3827362358570099,
    0.4017757177352905,
    0.37985745072364807,
    0.4648994505405426,
    0.5023263692855835,
    0.6010513305664062,
    0.6078984141349792,
    0.6205283999443054,
    0.6542016863822937,
    0.6610581874847412,
    0.7237311601638794
  ]
}