{
  "Train": [
    0.07120340317487717,
    0.02310090884566307,
    0.018477050587534904,
    0.014023997820913792,
    0.011248388327658176,
    0.009578282944858074,
    0.00839912798255682,
    0.007609774824231863,
    0.007186559960246086,
    0.006997192744165659,
    0.0069204168394207954,
    0.006876617204397917,
    0.0068252189084887505,
    0.006751189474016428,
    0.00666020205244422,
    0.006575423292815685,
    0.006530373822897673,
    0.006550924386829138,
    0.006647785194218159,
    0.006828711833804846,
    0.007092262152582407,
    0.007408718578517437,
    0.007728301454335451,
    0.008018368855118752,
    0.008276735432446003
  ],
  "Training Time": 16.55023431777954,
  "Validate": [
    NaN,
    NaN,
    NaN,
    NaN,
    NaN,
    NaN,
    NaN,
    NaN,
    NaN,
    NaN,
    NaN,
    NaN,
    NaN,
    NaN,
    NaN,
    NaN,
    NaN,
    NaN,
    NaN,
    NaN,
    NaN,
    NaN,
    NaN,
    NaN,
    NaN
  ]
}