{
  "Train": [
    0.2565537691116333,
    0.06509197503328323,
    0.047388289123773575,
    0.040847014635801315,
    0.03743857145309448,
    0.035585276782512665,
    0.033616021275520325,
    0.03178197890520096,
    0.030058857053518295,
    0.028414111584424973,
    0.026835497468709946,
    0.025324562564492226,
    0.02389189414680004,
    0.02255498804152012,
    0.021339207887649536,
    0.02027749828994274,
    0.01940254308283329,
    0.018726816400885582,
    0.018219104036688805,
    0.017810523509979248,
    0.01744113117456436,
    0.01709025353193283,
    0.0167581494897604,
    0.016443494707345963,
    0.016140148043632507
  ],
  "Training Time": 11.413265228271484,
  "Validate": [
    17.289548873901367,
    13.219951629638672,
    12.988921165466309,
    13.081619262695312,
    12.998566627502441,
    12.851960182189941,
    12.6768159866333,
    12.496459007263184,
    12.322071075439453,
    12.159549713134766,
    12.013350486755371,
    11.887743949890137,
    11.786458969116211,
    11.71176815032959,
    11.663324356079102,
    11.636689186096191,
    11.622693061828613,
    11.60976791381836,
    11.589570045471191,
    11.560811996459961,
    11.527068138122559,
    11.492545127868652,
    11.460092544555664,
    11.43106746673584,
    11.405877113342285
  ]
}