{
  "Train": [
    1.0932140350341797,
    1.086591362953186,
    1.0817350149154663,
    1.0770920515060425,
    1.0726308822631836,
    1.068243145942688,
    1.0636577606201172,
    1.0585737228393555,
    1.0526427030563354,
    1.0453860759735107
  ],
  "Training Time": 5.76350212097168,
  "Validate": [
    4.336155891418457,
    4.341607570648193,
    4.342939376831055,
    4.340652942657471,
    4.335627555847168,
    4.328550338745117,
    4.319472789764404,
    4.308196067810059,
    4.295165538787842,
    4.283034801483154
  ]
}