{
  "Train": [
    1.0329773426055908,
    1.0248233079910278,
    1.018023133277893,
    1.0102983713150024,
    1.0027683973312378,
    0.9961528182029724,
    0.9897109866142273,
    0.981512188911438,
    0.9701777696609497,
    0.9566148519515991
  ],
  "Training Time": 7.296297311782837,
  "Validate": [
    NaN,
    NaN,
    NaN,
    NaN,
    NaN,
    NaN,
    NaN,
    NaN,
    NaN,
    NaN
  ]
}