{
  "Train": [
    0.31642574071884155,
    0.1755077838897705,
    0.15591897070407867,
    0.1474519670009613,
    0.14083421230316162,
    0.13523206114768982,
    0.1302308738231659,
    0.12569071352481842,
    0.12163247913122177,
    0.11812073737382889,
    0.11513161659240723,
    0.11254224926233292,
    0.11023169010877609,
    0.10813277959823608,
    0.10621561110019684,
    0.10446363687515259,
    0.10286252945661545,
    0.10139711946249008,
    0.10005161911249161,
    0.09881017357110977,
    0.0976582020521164,
    0.09658270329236984,
    0.09557242691516876,
    0.09461820870637894,
    0.09371252357959747
  ],
  "Training Time": 11.539700746536255,
  "Validate": [
    0.8717647790908813,
    0.932140588760376,
    0.9988834261894226,
    1.0458035469055176,
    1.074100136756897,
    1.0914772748947144,
    1.1028761863708496,
    1.1112444400787354,
    1.1184909343719482,
    1.125773549079895,
    1.133507251739502,
    1.1415736675262451,
    1.1496764421463013,
    1.1575230360031128,
    1.1648588180541992,
    1.1714792251586914,
    1.1772382259368896,
    1.18205988407135,
    1.1859341859817505,
    1.188910722732544,
    1.1910828351974487,
    1.1925724744796753,
    1.1935147047042847,
    1.1940468549728394,
    1.194298267364502
  ]
}