{
  "Train": [
    0.21090687811374664,
    0.14660820364952087,
    0.12397046387195587,
    0.11468488723039627,
    0.10902083665132523,
    0.105218805372715,
    0.10226522386074066,
    0.09969588369131088,
    0.09733770042657852,
    0.09515794366598129,
    0.09317924827337265,
    0.0914224311709404,
    0.08988261222839355,
    0.08853718638420105,
    0.08735893666744232,
    0.08632199466228485,
    0.08540349453687668,
    0.08458355814218521,
    0.08384479582309723,
    0.08317242562770844,
    0.0825539156794548,
    0.08197882026433945,
    0.08143838495016098,
    0.08092557638883591,
    0.08043466508388519
  ],
  "Training Time": 14.71285891532898,
  "Validate": [
    NaN,
    NaN,
    NaN,
    NaN,
    NaN,
    NaN,
    NaN,
    NaN,
    NaN,
    NaN,
    NaN,
    NaN,
    NaN,
    NaN,
    NaN,
    NaN,
    NaN,
    NaN,
    NaN,
    NaN,
    NaN,
    NaN,
    NaN,
    NaN,
    NaN
  ]
}