{
  "Train": [
    1.0845986604690552,
    1.0802865028381348,
    1.078099250793457,
    1.0757079124450684,
    1.0725551843643188,
    1.067574143409729,
    1.0569612979888916,
    1.0307780504226685,
    1.0034159421920776,
    0.9876086711883545
  ],
  "Training Time": 5.120388984680176,
  "Validate": [
    4.443079471588135,
    4.43572998046875,
    4.429159164428711,
    4.420904159545898,
    4.406793117523193,
    4.3770365715026855,
    4.323853015899658,
    4.388070106506348,
    4.451952934265137,
    4.55402946472168
  ]
}