{
  "Train": [
    1.1820591688156128,
    1.1632510423660278,
    1.104180932044983,
    1.1482280492782593,
    1.0833308696746826,
    1.1374176740646362,
    1.0707460641860962,
    1.1029618978500366,
    1.0607609748840332,
    1.0646332502365112
  ],
  "Training Time": 4.738878488540649,
  "Validate": [
    0.9968841075897217,
    1.400534987449646,
    1.0507524013519287,
    1.4543989896774292,
    1.0757975578308105,
    1.4601006507873535,
    1.1299773454666138,
    1.3976558446884155,
    1.2373456954956055,
    1.3949360847473145
  ]
}