{
  "Train": [
    0.9277141094207764,
    0.691531777381897,
    0.6409544944763184,
    0.6350830793380737,
    0.5867759585380554,
    0.6048671007156372,
    0.5368473529815674,
    0.5929717421531677,
    0.6253346800804138,
    0.5520181655883789,
    0.5060155391693115,
    0.4515396058559418,
    0.4382932782173157,
    0.4079335033893585,
    0.3867153525352478,
    0.36860692501068115,
    0.3498288094997406,
    0.3629334270954132,
    0.3442094027996063,
    0.3307044208049774,
    0.3224439322948456,
    0.297670841217041,
    0.29067209362983704,
    0.3591526746749878,
    0.3866616487503052,
    0.29176217317581177,
    0.28362762928009033,
    0.264471173286438,
    0.24347904324531555,
    0.2950156629085541,
    0.2699602246284485,
    0.24766211211681366,
    0.2471124827861786,
    0.2172343134880066,
    0.20590156316757202,
    0.23036324977874756,
    0.2926044166088104,
    0.25388118624687195,
    0.24277378618717194,
    0.22568896412849426,
    0.4992988705635071,
    0.31886839866638184,
    0.23503413796424866,
    0.2278049737215042,
    0.19554799795150757,
    0.15795423090457916,
    0.1559826284646988,
    0.13805636763572693,
    0.1395958960056305,
    0.1467164009809494,
    0.1379922777414322,
    0.12333322316408157,
    0.13018597662448883,
    0.12418694794178009,
    0.11606784909963608,
    0.11109858006238937,
    0.11001434177160263,
    0.2760317921638489,
    0.18513458967208862,
    0.11565917730331421,
    0.11591536551713943,
    0.09784054756164551,
    0.13769857585430145,
    0.10809539258480072,
    0.251552939414978,
    0.2909669876098633,
    0.2627004086971283,
    0.17149008810520172,
    0.17320077121257782,
    0.165521502494812,
    0.10408435761928558,
    0.08618079125881195,
    0.1043785959482193,
    0.08081325143575668,
    0.0956333577632904,
    0.06965155899524689,
    0.13063105940818787,
    0.07242533564567566,
    0.0704486295580864,
    0.06110701337456703,
    0.04830743372440338,
    0.05344265699386597,
    0.061554208397865295,
    0.055543508380651474,
    0.06730623543262482,
    0.06937184184789658,
    0.08601021021604538,
    0.05023844540119171,
    0.047372765839099884,
    0.05179782584309578,
    0.044825777411460876,
    0.04897373914718628,
    0.05484535172581673,
    0.059779245406389236,
    0.06339486688375473,
    0.06700793653726578,
    0.05252184718847275,
    0.049874741584062576,
    0.04885641485452652,
    0.04977375268936157
  ],
  "Training Time": 117.12225723266602,
  "Validate": [
    NaN,
    NaN,
    NaN,
    NaN,
    NaN,
    NaN,
    NaN,
    NaN,
    NaN,
    NaN,
    NaN,
    NaN,
    NaN,
    NaN,
    NaN,
    NaN,
    NaN,
    NaN,
    NaN,
    NaN,
    NaN,
    NaN,
    NaN,
    NaN,
    NaN,
    NaN,
    NaN,
    NaN,
    NaN,
    NaN,
    NaN,
    NaN,
    NaN,
    NaN,
    NaN,
    NaN,
    NaN,
    NaN,
    NaN,
    NaN,
    NaN,
    NaN,
    NaN,
    NaN,
    NaN,
    NaN,
    NaN,
    NaN,
    NaN,
    NaN,
    NaN,
    NaN,
    NaN,
    NaN,
    NaN,
    NaN,
    NaN,
    NaN,
    NaN,
    NaN,
    NaN,
    NaN,
    NaN,
    NaN,
    NaN,
    NaN,
    NaN,
    NaN,
    NaN,
    NaN,
    NaN,
    NaN,
    NaN,
    NaN,
    NaN,
    NaN,
    NaN,
    NaN,
    NaN,
    NaN,
    NaN,
    NaN,
    NaN,
    NaN,
    NaN,
    NaN,
    NaN,
    NaN,
    NaN,
    NaN,
    NaN,
    NaN,
    NaN,
    NaN,
    NaN,
    NaN,
    NaN,
    NaN,
    NaN,
    NaN
  ]
}