{
  "Train": [
    0.8037722110748291,
    0.784173309803009,
    0.7530588507652283,
    0.7403743863105774,
    0.7107884883880615,
    0.7095484733581543,
    0.6922168731689453,
    0.6878305673599243,
    0.6816201210021973,
    0.6771212816238403
  ],
  "Training Time": 2.6462337970733643,
  "Validate": [
    0.705011785030365,
    0.7116291522979736,
    0.7195728421211243,
    0.7186231017112732,
    0.72210294008255,
    0.7192464470863342,
    0.721420168876648,
    0.7226216793060303,
    0.7243258953094482,
    0.7268004417419434
  ]
}