{
  "Train": [
    1.1670832633972168,
    1.1481627225875854,
    1.1375089883804321,
    1.1284228563308716,
    1.1204339265823364,
    1.1133599281311035,
    1.1069239377975464,
    1.1007187366485596,
    1.0944716930389404,
    1.0880168676376343,
    1.0812078714370728,
    1.073894739151001,
    1.0659018754959106,
    1.0570027828216553,
    1.0469144582748413,
    1.0353502035140991,
    1.022156000137329,
    1.0074537992477417,
    0.9919354319572449,
    0.9765389561653137,
    0.9617043733596802,
    0.9474219083786011,
    0.9334547519683838,
    0.9196805953979492,
    0.9063026309013367,
    0.8927289247512817,
    0.8805000185966492,
    0.8677935600280762,
    0.8802682757377625,
    0.9134721159934998,
    0.8398901224136353,
    0.8149392604827881,
    0.798579752445221,
    0.7803943753242493,
    0.7691511511802673,
    0.7499657273292542,
    0.7392362356185913,
    0.7210479378700256,
    0.7077257037162781,
    0.6905463337898254,
    0.6730619668960571,
    0.6559332013130188,
    0.63584965467453,
    0.6206782460212708,
    0.6021561026573181,
    0.5889111161231995,
    0.5740802884101868,
    0.560659646987915,
    0.5474110245704651,
    0.5345451235771179,
    0.5220582485198975,
    0.5100294947624207,
    0.49862974882125854,
    0.4880960285663605,
    0.47862815856933594,
    0.47025156021118164,
    0.46276381611824036,
    0.45575597882270813,
    0.4486483037471771,
    0.44092661142349243,
    0.4325334131717682,
    0.4238537549972534,
    0.4153420925140381,
    0.4072892963886261,
    0.3997988700866699,
    0.3928454518318176,
    0.38634371757507324,
    0.38018783926963806,
    0.3742727041244507,
    0.36850377917289734,
    0.3628050982952118,
    0.3571256995201111,
    0.3514426350593567,
    0.3457578122615814,
    0.3400927186012268,
    0.33447912335395813,
    0.3289460837841034,
    0.3235115110874176,
    0.3181763291358948,
    0.3129236698150635,
    0.3077244162559509,
    0.30254271626472473,
    0.2973434329032898,
    0.2921001613140106,
    0.2868000566959381,
    0.2814497649669647,
    0.2760765254497528,
    0.2707216441631317,
    0.2654249370098114,
    0.26020851731300354,
    0.25506094098091125,
    0.24993126094341278,
    0.24473980069160461,
    0.23941119015216827,
    0.23392349481582642,
    0.22831586003303528,
    0.22266536951065063,
    0.21704883873462677,
    0.21144211292266846,
    0.2056611180305481
  ],
  "Training Time": 75.63210368156433,
  "Validate": [
    2.0235002040863037,
    2.0250072479248047,
    2.018148183822632,
    2.003549814224243,
    1.984551191329956,
    1.9650181531906128,
    1.947723388671875,
    1.9340039491653442,
    1.9240460395812988,
    1.9176325798034668,
    1.9146026372909546,
    1.9149582386016846,
    1.9187790155410767,
    1.9260094165802002,
    1.9361213445663452,
    1.9476937055587769,
    1.9583076238632202,
    1.9657920598983765,
    1.9702186584472656,
    1.9735355377197266,
    1.9772487878799438,
    1.9822684526443481,
    1.986630916595459,
    1.9909603595733643,
    1.9885363578796387,
    1.9987047910690308,
    1.9737483263015747,
    2.045189619064331,
    1.9344969987869263,
    2.02803897857666,
    2.044492483139038,
    2.0697202682495117,
    2.049025297164917,
    2.0939478874206543,
    2.0671193599700928,
    2.130568742752075,
    2.0912885665893555,
    2.173396587371826,
    2.123708963394165,
    2.215451717376709,
    2.1686441898345947,
    2.2535181045532227,
    2.2313408851623535,
    2.290009021759033,
    2.3000478744506836,
    2.329253911972046,
    2.348335027694702,
    2.365781545639038,
    2.3806166648864746,
    2.393312692642212,
    2.4041688442230225,
    2.413403272628784,
    2.421142339706421,
    2.4273922443389893,
    2.4320242404937744,
    2.4348325729370117,
    2.4356958866119385,
    2.4348201751708984,
    2.4329283237457275,
    2.431021213531494,
    2.4296927452087402,
    2.4288392066955566,
    2.428001880645752,
    2.426703453063965,
    2.4245927333831787,
    2.421480178833008,
    2.417320489883423,
    2.412189245223999,
    2.4062466621398926,
    2.399704933166504,
    2.3927836418151855,
    2.3856775760650635,
    2.3785271644592285,
    2.3714094161987305,
    2.3643381595611572,
    2.35727596282959,
    2.350158452987671,
    2.342918872833252,
    2.3355047702789307,
    2.3279073238372803,
    2.320162296295166,
    2.312375068664551,
    2.3047268390655518,
    2.2974741458892822,
    2.290942668914795,
    2.285475730895996,
    2.2813799381256104,
    2.278879404067993,
    2.278090238571167,
    2.2790303230285645,
    2.281620979309082,
    2.285698413848877,
    2.2911293506622314,
    2.2980058193206787,
    2.306631088256836,
    2.3172175884246826,
    2.329627275466919,
    2.3431012630462646,
    2.3562095165252686,
    2.367522954940796
  ]
}