{
  "Train": [
    0.7064976692199707,
    0.3348986506462097,
    0.3078058063983917,
    0.2933996021747589,
    0.2818252146244049,
    0.2724868357181549,
    0.26485371589660645,
    0.2584414482116699,
    0.25285688042640686,
    0.24784983694553375
  ],
  "Training Time": 5.850090503692627,
  "Validate": [
    35.511295318603516,
    34.16252136230469,
    33.722286224365234,
    33.292545318603516,
    32.84299850463867,
    32.39457702636719,
    31.976234436035156,
    31.615034103393555,
    31.317731857299805,
    31.0698299407959
  ]
}