{
  "Train": [
    1.0339422225952148,
    0.8831457495689392,
    0.8175223469734192,
    0.7590185403823853,
    0.6965996623039246,
    0.6377245187759399,
    0.5906620621681213,
    0.5507259964942932,
    0.5149670243263245,
    0.48711147904396057
  ],
  "Training Time": 5.059999465942383,
  "Validate": [
    1.0073134899139404,
    1.0360084772109985,
    1.1289867162704468,
    1.1739490032196045,
    1.2208951711654663,
    1.334389328956604,
    1.5330939292907715,
    2.0088953971862793,
    2.533576011657715,
    2.784842014312744
  ]
}