{
  "Train": [
    0.6914055347442627,
    0.5965650081634521,
    0.5448145270347595,
    0.5055913925170898,
    0.47393807768821716,
    0.446227103471756,
    0.4209192991256714,
    0.39803457260131836,
    0.37791821360588074,
    0.36055079102516174
  ],
  "Training Time": 1.5691640377044678,
  "Validate": [
    0.5293523669242859,
    0.4820035696029663,
    0.40755242109298706,
    0.35062524676322937,
    0.3187308609485626,
    0.3069077432155609,
    0.30828285217285156,
    0.3199547827243805,
    0.3408336341381073,
    0.36633867025375366
  ]
}