{
  "Train": [
    0.2875324487686157,
    0.2693367302417755,
    0.2592253088951111,
    0.24874147772789001,
    0.23857665061950684,
    0.22907084226608276,
    0.22030800580978394,
    0.21230313181877136,
    0.20502543449401855,
    0.19841624796390533
  ],
  "Training Time": 1.839020013809204,
  "Validate": [
    NaN,
    NaN,
    NaN,
    NaN,
    NaN,
    NaN,
    NaN,
    NaN,
    NaN,
    NaN
  ]
}