{
  "Train": [
    1.021580457687378,
    0.973219096660614,
    0.9403329491615295,
    0.9240967631340027,
    0.9058963060379028,
    0.8400329351425171,
    0.929183840751648,
    1.0227599143981934,
    0.9372833967208862,
    0.8569355607032776
  ],
  "Training Time": 11.37588119506836,
  "Validate": [
    0.532758891582489,
    0.4877764880657196,
    0.8189273476600647,
    0.4096163511276245,
    0.3886430561542511,
    0.40258389711380005,
    1.0388785600662231,
    0.391720175743103,
    0.3825211822986603,
    0.38002681732177734
  ]
}