{
  "Train": [
    1.1857134103775024,
    1.1629505157470703,
    1.1516329050064087,
    1.142619252204895,
    1.135966420173645,
    1.128034234046936,
    1.1208182573318481,
    1.1108092069625854,
    1.0990889072418213,
    1.0837122201919556
  ],
  "Training Time": 12.620222330093384,
  "Validate": [
    1.9927693605422974,
    2.0223710536956787,
    2.054964065551758,
    2.074056386947632,
    2.0741193294525146,
    2.079268217086792,
    2.0704562664031982,
    2.0709917545318604,
    2.06088924407959,
    2.0644891262054443
  ]
}