{
  "Train": [
    0.20940889418125153,
    0.12517201900482178,
    0.1028008684515953,
    0.09510714560747147,
    0.09205656498670578,
    0.088225819170475,
    0.08281021565198898,
    0.07826897501945496,
    0.0750979483127594,
    0.07327471673488617,
    0.07178955525159836,
    0.07076333463191986,
    0.0702257752418518,
    0.06878630816936493,
    0.06655117124319077,
    0.06572799384593964,
    0.06568069010972977,
    0.06619755923748016,
    0.06556344032287598,
    0.06514456868171692,
    0.06460648030042648,
    0.0645623505115509,
    0.06372275203466415,
    0.06254586577415466,
    0.061303529888391495
  ],
  "Training Time": 14.949920654296875,
  "Validate": [
    NaN,
    NaN,
    NaN,
    NaN,
    NaN,
    NaN,
    NaN,
    NaN,
    NaN,
    NaN,
    NaN,
    NaN,
    NaN,
    NaN,
    NaN,
    NaN,
    NaN,
    NaN,
    NaN,
    NaN,
    NaN,
    NaN,
    NaN,
    NaN,
    NaN
  ]
}