{
  "Train": [
    0.7525983452796936,
    0.4963626265525818,
    0.4113602638244629,
    0.3301984369754791,
    0.2684459984302521,
    0.23670047521591187,
    0.2213055044412613,
    0.21206840872764587,
    0.20403437316417694,
    0.19770123064517975,
    0.19163736701011658,
    0.18582962453365326,
    0.17988702654838562,
    0.17353394627571106,
    0.16609258949756622,
    0.15638774633407593,
    0.14537961781024933,
    0.14568375051021576,
    0.1403825432062149,
    0.1277136504650116,
    0.12995749711990356,
    0.12794777750968933,
    0.12437710165977478,
    0.12411481887102127,
    0.1194988265633583
  ],
  "Training Time": 10.15436315536499,
  "Validate": [
    4.999728202819824,
    5.130146503448486,
    5.076908588409424,
    5.027411937713623,
    5.016465663909912,
    5.04623556137085,
    5.114846229553223,
    5.1994452476501465,
    5.303488731384277,
    5.4495463371276855,
    5.617392539978027,
    5.795673847198486,
    5.977406024932861,
    6.159733772277832,
    6.340746879577637,
    6.523961067199707,
    6.687243938446045,
    6.778092861175537,
    6.841838359832764,
    6.859955310821533,
    6.924562454223633,
    6.942779064178467,
    6.942751884460449,
    6.952099800109863,
    6.935014724731445
  ]
}