{
  "Train": [
    0.7365685701370239,
    0.7253609895706177,
    0.7249025702476501,
    0.7237914204597473,
    0.722519040107727,
    0.7212749719619751,
    0.7199282050132751,
    0.7184722423553467,
    0.7167319059371948,
    0.7147100567817688
  ],
  "Training Time": 4.197934865951538,
  "Validate": [
    NaN,
    NaN,
    NaN,
    NaN,
    NaN,
    NaN,
    NaN,
    NaN,
    NaN,
    NaN
  ]
}