{
  "Train": [
    0.9144852161407471,
    0.8486478328704834,
    0.8364202976226807,
    0.8298450112342834,
    0.8253780007362366,
    0.8218798041343689,
    0.8189529776573181,
    0.8164123892784119,
    0.8141587376594543,
    0.8121328353881836
  ],
  "Training Time": 5.542110443115234,
  "Validate": [
    2.819366455078125,
    2.7059857845306396,
    2.644209146499634,
    2.609609842300415,
    2.5856077671051025,
    2.567561149597168,
    2.552839756011963,
    2.540588140487671,
    2.5298821926116943,
    2.520692825317383
  ]
}