{
  "Train": [
    0.11091923713684082,
    0.09953750669956207,
    0.09665809571743011,
    0.09416977316141129,
    0.09302802383899689,
    0.09151299297809601,
    0.09103483706712723,
    0.08963330090045929,
    0.08965078741312027,
    0.08720524609088898,
    0.08538762480020523,
    0.0838179737329483,
    0.09027346223592758,
    0.08711595833301544,
    0.08400588482618332,
    0.08757399767637253,
    0.08645093441009521,
    0.07798049598932266,
    0.07089956849813461,
    0.07823822647333145,
    0.07524885982275009,
    0.06777831166982651,
    0.07338039577007294,
    0.07180275768041611,
    0.0638825073838234
  ],
  "Training Time": 7.564363718032837,
  "Validate": [
    0.11224066466093063,
    0.10461264103651047,
    0.0898972749710083,
    0.08586578816175461,
    0.08108610659837723,
    0.07839899510145187,
    0.07462518662214279,
    0.07317599654197693,
    0.06941650807857513,
    0.06714289635419846,
    0.06705975532531738,
    0.06402527540922165,
    0.09566369652748108,
    0.07712935656309128,
    0.07955562323331833,
    0.07993482053279877,
    0.07352643460035324,
    0.06945789605379105,
    0.06629827618598938,
    0.06956204771995544,
    0.058974698185920715,
    0.05945730209350586,
    0.06855326890945435,
    0.06169528886675835,
    0.06715018302202225
  ]
}