{
  "Train": [
    0.44401609897613525,
    0.21382813155651093,
    0.1960058957338333,
    0.18590843677520752,
    0.1672060638666153,
    0.17322662472724915,
    0.17486777901649475,
    0.16162483394145966,
    0.15991003811359406,
    0.15573495626449585,
    0.15408766269683838,
    0.1506083756685257,
    0.14925946295261383,
    0.14601363241672516,
    0.14465604722499847,
    0.1420154869556427,
    0.14270266890525818,
    0.14104560017585754,
    0.13708274066448212,
    0.1371934413909912,
    0.1338048279285431,
    0.13532492518424988,
    0.13401426374912262,
    0.13738182187080383,
    0.1319657266139984
  ],
  "Training Time": 6.7565131187438965,
  "Validate": [
    0.41756513714790344,
    0.454362690448761,
    0.4314713776111603,
    0.4046328663825989,
    0.39528587460517883,
    0.3825850188732147,
    0.3664206564426422,
    0.35814952850341797,
    0.35353830456733704,
    0.34200647473335266,
    0.34170880913734436,
    0.3289823830127716,
    0.3346606492996216,
    0.3177458941936493,
    0.3303919732570648,
    0.3093336522579193,
    0.3255624771118164,
    0.30598247051239014,
    0.3149397671222687,
    0.30956366658210754,
    0.31387197971343994,
    0.31414124369621277,
    0.3208566904067993,
    0.3113291263580322,
    0.3308960497379303
  ]
}