{
  "Train": [
    1.0960839986801147,
    1.085718035697937,
    1.0809705257415771,
    1.0755126476287842,
    1.0678316354751587,
    1.0569891929626465,
    1.039945125579834,
    1.0167686939239502,
    0.98964524269104,
    0.9542255997657776,
    0.9024226665496826,
    0.8671482801437378,
    0.8414626717567444,
    0.8195807933807373,
    0.8153215646743774,
    0.8094088435173035,
    0.8003010749816895,
    0.7897201776504517,
    0.7795574069023132,
    0.7688096165657043,
    0.7570889592170715,
    0.7459896802902222,
    0.7369710206985474,
    0.7305895686149597,
    0.7238959074020386,
    0.8307921290397644,
    0.7419143915176392,
    0.7047331929206848,
    0.6894171833992004,
    0.6888653039932251,
    0.6785380840301514,
    0.6764905452728271,
    0.6764418482780457,
    0.6721581220626831,
    0.6705288290977478,
    0.6703454256057739,
    0.6644951701164246,
    0.6608179807662964,
    0.6619462370872498,
    0.6623115539550781,
    0.6510645747184753,
    0.6490311026573181,
    0.6497763991355896,
    0.7310113310813904,
    0.7105737924575806,
    0.6948652863502502,
    0.6840570569038391,
    0.6740255355834961,
    0.6599377989768982,
    0.6388665437698364,
    0.609744668006897,
    0.5985532999038696,
    0.5923457145690918,
    0.586193323135376,
    0.5761792063713074,
    0.5792467594146729,
    0.5634206533432007,
    0.5528734922409058,
    0.5393473505973816,
    0.5425377488136292,
    0.5233827829360962,
    0.5269970893859863,
    0.5019544363021851,
    0.48830482363700867,
    0.4768718183040619,
    0.49119409918785095,
    0.4760802388191223,
    0.45394447445869446,
    0.4417087733745575,
    0.436299204826355,
    0.4241642653942108,
    0.42998459935188293,
    0.41017594933509827,
    0.41020679473876953,
    0.3912683129310608,
    0.3980678915977478,
    0.3797808289527893,
    0.37320059537887573,
    0.3606473505496979,
    0.3500745892524719,
    0.34534773230552673,
    0.3307000398635864,
    0.33171242475509644,
    0.3077640235424042,
    0.2942795753479004,
    0.2748156487941742,
    0.2799103856086731,
    0.26704317331314087,
    0.2673375904560089,
    0.24291443824768066,
    0.23504585027694702,
    0.21632668375968933,
    0.2183898538351059,
    0.20181836187839508,
    0.19491663575172424,
    0.18903301656246185,
    0.18703684210777283,
    0.15590527653694153,
    0.16261275112628937,
    0.15120196342468262
  ],
  "Training Time": 77.99950194358826,
  "Validate": [
    4.369311809539795,
    4.365943431854248,
    4.354328632354736,
    4.32646369934082,
    4.264944076538086,
    4.190621852874756,
    4.18204927444458,
    4.233371257781982,
    4.234260559082031,
    4.188345432281494,
    4.099102973937988,
    4.05632209777832,
    4.092737674713135,
    4.1924662590026855,
    4.322366714477539,
    4.367517948150635,
    4.405411243438721,
    4.439224720001221,
    4.455257892608643,
    4.4509196281433105,
    4.432567119598389,
    4.4208269119262695,
    4.406210422515869,
    4.411822319030762,
    4.36979341506958,
    4.6698384284973145,
    4.396598815917969,
    4.320828914642334,
    4.360482692718506,
    4.30071496963501,
    4.274891376495361,
    4.276750564575195,
    4.247437953948975,
    4.228338241577148,
    4.236060619354248,
    4.220146179199219,
    4.1916584968566895,
    4.196576118469238,
    4.2282795906066895,
    4.195591449737549,
    4.196935176849365,
    4.154912948608398,
    4.18964958190918,
    4.7798686027526855,
    4.5105671882629395,
    4.383163928985596,
    4.2784929275512695,
    4.199178695678711,
    4.123512268066406,
    4.14870023727417,
    4.129878520965576,
    4.1242451667785645,
    4.1307291984558105,
    4.0876288414001465,
    4.130100250244141,
    4.0826520919799805,
    4.020534038543701,
    4.006964683532715,
    4.116240978240967,
    3.9985227584838867,
    4.1833062171936035,
    3.9838829040527344,
    4.0707316398620605,
    4.033644199371338,
    4.0143938064575195,
    4.170051574707031,
    4.116299152374268,
    4.056560516357422,
    4.1101298332214355,
    4.14790678024292,
    4.088908672332764,
    4.428969860076904,
    4.199862957000732,
    4.579399108886719,
    4.531157970428467,
    4.633678913116455,
    4.827076435089111,
    4.741833686828613,
    4.798120975494385,
    4.694686412811279,
    4.926390171051025,
    4.770058631896973,
    5.021759986877441,
    4.616082191467285,
    4.724893569946289,
    4.633955001831055,
    4.7003679275512695,
    4.537903308868408,
    4.6399760246276855,
    4.615941047668457,
    4.634647846221924,
    4.708422660827637,
    4.6617960929870605,
    4.586515426635742,
    4.685902118682861,
    4.574911117553711,
    4.319329738616943,
    4.5663533210754395,
    4.53864049911499,
    4.552307605743408
  ]
}