{
  "Train": [
    0.5331087112426758,
    0.33276093006134033,
    0.3073541820049286,
    0.2891537547111511,
    0.27482688426971436,
    0.2630087435245514,
    0.25253796577453613,
    0.24302874505519867,
    0.23484587669372559,
    0.2281007468700409
  ],
  "Training Time": 5.267188310623169,
  "Validate": [
    32.22163772583008,
    32.47278594970703,
    31.711706161499023,
    31.317419052124023,
    31.121374130249023,
    31.038225173950195,
    31.009624481201172,
    31.000946044921875,
    30.8930721282959,
    30.416210174560547
  ]
}