{
  "Train": [
    0.9411124587059021,
    0.6947671175003052,
    0.599249541759491,
    0.5555840134620667,
    0.47156983613967896,
    0.44452139735221863,
    0.36490246653556824,
    0.3236028850078583,
    0.3031485080718994,
    0.28566446900367737
  ],
  "Training Time": 5.008772611618042,
  "Validate": [
    0.5175535678863525,
    0.4172264337539673,
    0.3918597102165222,
    0.3718096911907196,
    0.3082559108734131,
    0.24003925919532776,
    0.22102807462215424,
    0.23876594007015228,
    0.2931339740753174,
    0.3014417886734009
  ]
}