{
  "Train": [
    0.20900917053222656,
    0.1973646581172943,
    0.18588636815547943,
    0.17389744520187378,
    0.1645752638578415,
    0.153611958026886,
    0.14355628192424774,
    0.13871228694915771,
    0.13793694972991943,
    0.12043392658233643
  ],
  "Training Time": 6.362050294876099,
  "Validate": [
    NaN,
    NaN,
    NaN,
    NaN,
    NaN,
    NaN,
    NaN,
    NaN,
    NaN,
    NaN
  ]
}