{
  "Train": [
    0.7551636099815369,
    0.7532652616500854,
    0.7390093803405762,
    0.7256197333335876,
    0.7127711772918701,
    0.7004662752151489,
    0.6890577673912048,
    0.6777510046958923,
    0.665736198425293,
    0.6522543430328369
  ],
  "Training Time": 2.1297318935394287,
  "Validate": [
    NaN,
    NaN,
    NaN,
    NaN,
    NaN,
    NaN,
    NaN,
    NaN,
    NaN,
    NaN
  ]
}