{
  "Train": [
    0.9511519074440002,
    0.9053260684013367,
    0.8867284059524536,
    0.8729892373085022,
    0.8605799078941345,
    0.848106324672699,
    0.8345513939857483,
    0.8180368542671204,
    0.8001211881637573,
    0.7759042978286743
  ],
  "Training Time": 1.7797777652740479,
  "Validate": [
    0.345514714717865,
    0.3581693172454834,
    0.37563252449035645,
    0.39498481154441833,
    0.4165075123310089,
    0.43968871235847473,
    0.46437981724739075,
    0.4894185960292816,
    0.5171672105789185,
    0.5449495911598206
  ]
}