{
  "Train": [
    1.0749136209487915,
    1.0632929801940918,
    1.058571219444275,
    1.0570708513259888,
    1.055798888206482,
    1.0548382997512817,
    1.053836703300476,
    1.0516395568847656,
    1.0483635663986206,
    1.0422265529632568
  ],
  "Training Time": 4.209997892379761,
  "Validate": [
    3.170008420944214,
    3.1484713554382324,
    3.142306327819824,
    3.138723373413086,
    3.1349213123321533,
    3.129774570465088,
    3.122058153152466,
    3.110874652862549,
    3.1003122329711914,
    3.02417254447937
  ]
}