{
  "Train": [
    0.8167575001716614,
    0.8157658576965332,
    0.7830286622047424,
    0.7542493343353271,
    0.7272422313690186,
    0.7152950167655945,
    0.7166056036949158,
    0.7033498287200928,
    0.6850117444992065,
    0.6791728138923645
  ],
  "Training Time": 3.199831485748291,
  "Validate": [
    NaN,
    NaN,
    NaN,
    NaN,
    NaN,
    NaN,
    NaN,
    NaN,
    NaN,
    NaN
  ]
}