{
  "Train": [
    0.7194622755050659,
    0.6970443725585938,
    0.6876459121704102,
    0.6808227896690369,
    0.6753034591674805,
    0.670148491859436,
    0.6650508642196655,
    0.6598321795463562,
    0.6542565226554871,
    0.6479979157447815
  ],
  "Training Time": 4.709438323974609,
  "Validate": [
    0.4621720016002655,
    0.4502216577529907,
    0.43322914838790894,
    0.422346293926239,
    0.41803857684135437,
    0.4165959656238556,
    0.41595593094825745,
    0.4153610169887543,
    0.41458606719970703,
    0.4136667549610138
  ]
}