{
  "Train": [
    0.8439829349517822,
    0.7985784411430359,
    0.7782407999038696,
    0.7650295495986938,
    0.7554125785827637,
    0.7471467852592468,
    0.7400504946708679,
    0.7335541248321533,
    0.7270877361297607,
    0.719741702079773
  ],
  "Training Time": 5.95925235748291,
  "Validate": [
    NaN,
    NaN,
    NaN,
    NaN,
    NaN,
    NaN,
    NaN,
    NaN,
    NaN,
    NaN
  ]
}