{
  "Train": [
    0.284004807472229,
    0.11906185001134872,
    0.09051681309938431,
    0.0798080638051033,
    0.07573789358139038,
    0.06611473113298416,
    0.0639241486787796,
    0.05988776311278343,
    0.05659541115164757,
    0.05422016233205795,
    0.05133097991347313,
    0.04996751993894577,
    0.04734224081039429,
    0.04631880298256874,
    0.04478107765316963,
    0.04314829036593437,
    0.04203187674283981,
    0.04092714190483093,
    0.03962976112961769,
    0.03850622847676277,
    0.03745075315237045,
    0.03629174456000328,
    0.03512769564986229,
    0.03402172401547432,
    0.03292407840490341
  ],
  "Training Time": 12.413259029388428,
  "Validate": [
    1.6320728063583374,
    1.949006199836731,
    1.7914206981658936,
    1.7283557653427124,
    1.6423912048339844,
    1.5917092561721802,
    1.5450713634490967,
    1.4408124685287476,
    1.3652600049972534,
    1.2610416412353516,
    1.204699993133545,
    1.1100246906280518,
    1.0803027153015137,
    1.0183672904968262,
    0.9580003619194031,
    0.9341011047363281,
    0.8987343311309814,
    0.8555456399917603,
    0.8338838815689087,
    0.8102774024009705,
    0.7806510925292969,
    0.7597087621688843,
    0.7415319681167603,
    0.7227987051010132,
    0.7071954011917114
  ]
}