{
  "Train": [
    0.6151738166809082,
    0.5099538564682007,
    0.47849032282829285,
    0.45682963728904724,
    0.4418562650680542,
    0.4281472861766815,
    0.4135384261608124,
    0.39869701862335205,
    0.38684913516044617,
    0.37747815251350403
  ],
  "Training Time": 5.976781845092773,
  "Validate": [
    NaN,
    NaN,
    NaN,
    NaN,
    NaN,
    NaN,
    NaN,
    NaN,
    NaN,
    NaN
  ]
}