{
  "Train": [
    1.141356110572815,
    1.1344094276428223,
    1.1288187503814697,
    1.1232432126998901,
    1.1175605058670044,
    1.1118019819259644,
    1.1061272621154785,
    1.1006834506988525,
    1.0954357385635376,
    1.0903398990631104
  ],
  "Training Time": 6.606594562530518,
  "Validate": [
    1.8916360139846802,
    1.8894367218017578,
    1.8875930309295654,
    1.8870177268981934,
    1.8885536193847656,
    1.8927725553512573,
    1.8992005586624146,
    1.9058274030685425,
    1.91032075881958,
    1.9120872020721436
  ]
}