{
  "Train": [
    1.0942562818527222,
    1.0652539730072021,
    1.0602021217346191,
    1.057141661643982,
    1.055004358291626,
    1.0532941818237305,
    1.0517066717147827,
    1.0500162839889526,
    1.0480400323867798,
    1.0455669164657593
  ],
  "Training Time": 4.397634029388428,
  "Validate": [
    7.209539413452148,
    7.287626266479492,
    7.328390598297119,
    7.355574131011963,
    7.377577304840088,
    7.397467136383057,
    7.41670560836792,
    7.436163902282715,
    7.456108570098877,
    7.4768290519714355
  ]
}