{
  "Train": [
    1.1451952457427979,
    1.1201927661895752,
    1.113234281539917,
    1.1104284524917603,
    1.1072691679000854,
    1.1027212142944336,
    1.094421625137329,
    1.0828142166137695,
    1.0728480815887451,
    1.0566306114196777
  ],
  "Training Time": 2.4886512756347656,
  "Validate": [
    1.5185843706130981,
    1.4814326763153076,
    1.465777039527893,
    1.465022087097168,
    1.476982831954956,
    1.4993144273757935,
    1.5335575342178345,
    1.5497280359268188,
    1.581450343132019,
    1.6109868288040161
  ]
}