{
  "Train": [
    0.946256697177887,
    0.9027953743934631,
    0.8848109245300293,
    0.8776425123214722,
    0.8686410188674927,
    0.8563432097434998,
    0.8458203077316284,
    0.8425619602203369,
    0.8399879336357117,
    0.8383774161338806
  ],
  "Training Time": 12.95613408088684,
  "Validate": [
    3.1026742458343506,
    3.166339159011841,
    3.039141893386841,
    3.074410915374756,
    3.0085718631744385,
    2.986675500869751,
    2.90615177154541,
    2.8920955657958984,
    2.8621408939361572,
    2.849342107772827
  ]
}