{
  "Train": [
    0.7332334518432617,
    0.7026662826538086,
    0.6961490511894226,
    0.6885407567024231,
    0.6776838898658752,
    0.6697173118591309,
    0.6653137803077698,
    0.6623203158378601,
    0.6465953588485718,
    0.6376728415489197
  ],
  "Training Time": 15.074534893035889,
  "Validate": [
    NaN,
    NaN,
    NaN,
    NaN,
    NaN,
    NaN,
    NaN,
    NaN,
    NaN,
    NaN
  ]
}