{
  "Train": [
    0.7329992651939392,
    0.6732262969017029,
    0.659077525138855,
    0.6481063961982727,
    0.6388047337532043,
    0.6309552192687988,
    0.6245578527450562,
    0.6195657849311829,
    0.6157841086387634,
    0.6128508448600769
  ],
  "Training Time": 11.687002897262573,
  "Validate": [
    0.4859674274921417,
    0.4768078625202179,
    0.4717085063457489,
    0.46724072098731995,
    0.4628678560256958,
    0.4587078392505646,
    0.4550900161266327,
    0.4523531198501587,
    0.4507131576538086,
    0.4501586854457855
  ]
}