{
  "Train": [
    0.993589460849762,
    0.8853436708450317,
    0.8418105840682983,
    0.8162440061569214,
    0.800726056098938,
    0.7890686392784119,
    0.7781269550323486,
    0.76614910364151,
    0.7511644959449768,
    0.7309472560882568
  ],
  "Training Time": 12.575109004974365,
  "Validate": [
    3.799863576889038,
    3.343811273574829,
    3.1267213821411133,
    2.980271816253662,
    2.893096446990967,
    2.83431339263916,
    2.7882540225982666,
    2.7535035610198975,
    2.737123727798462,
    2.757601737976074
  ]
}