{
  "Train": [
    0.3566390573978424,
    0.1735582798719406,
    0.11270905286073685,
    0.09587929397821426,
    0.08506988734006882,
    0.07688429206609726,
    0.0630534365773201,
    0.05655178427696228,
    0.04216645285487175,
    0.051650065928697586,
    0.03179013356566429,
    0.03266855701804161,
    0.03251052647829056,
    0.050482090562582016,
    0.022656414657831192,
    0.03532852977514267,
    0.018303772434592247,
    0.02556172013282776,
    0.018114309757947922,
    0.021234244108200073,
    0.017097000032663345,
    0.018010517582297325,
    0.016383450478315353,
    0.01597561314702034,
    0.01621580310165882
  ],
  "Training Time": 12.802411079406738,
  "Validate": [
    0.9893319606781006,
    0.9187629222869873,
    1.1852952241897583,
    1.4311014413833618,
    1.7271621227264404,
    2.0638654232025146,
    2.5204086303710938,
    2.5361363887786865,
    3.231623649597168,
    2.8079702854156494,
    3.178008794784546,
    3.3045310974121094,
    3.3292901515960693,
    2.5454604625701904,
    2.60182785987854,
    2.167163133621216,
    2.3284475803375244,
    2.2208917140960693,
    2.316267251968384,
    2.311918258666992,
    2.293976306915283,
    2.2767879962921143,
    2.2358789443969727,
    2.215020179748535,
    2.2644243240356445
  ]
}