{
  "Train": [
    0.10450088977813721,
    0.03722183406352997,
    0.02395906113088131,
    0.018456704914569855,
    0.014612698927521706,
    0.01220366545021534,
    0.011611398309469223,
    0.010015477426350117,
    0.009921454824507236,
    0.009232746437191963,
    0.009267632849514484,
    0.009123403578996658,
    0.009097783826291561,
    0.009121473878622055,
    0.00924044381827116,
    0.009385181590914726,
    0.009345149621367455,
    0.009672948159277439,
    0.009044178761541843,
    0.010323909111320972,
    0.010805116966366768,
    0.013007341884076595,
    0.011354335583746433,
    0.011624816805124283,
    0.011219448409974575
  ],
  "Training Time": 16.26046919822693,
  "Validate": [
    NaN,
    NaN,
    NaN,
    NaN,
    NaN,
    NaN,
    NaN,
    NaN,
    NaN,
    NaN,
    NaN,
    NaN,
    NaN,
    NaN,
    NaN,
    NaN,
    NaN,
    NaN,
    NaN,
    NaN,
    NaN,
    NaN,
    NaN,
    NaN,
    NaN
  ]
}