{
  "Train": [
    1.0398517847061157,
    0.9087273478507996,
    0.8877121806144714,
    0.8190274834632874,
    0.783079206943512,
    0.7665209174156189,
    0.7559950947761536,
    0.7333730459213257,
    0.7080134153366089,
    0.7051264047622681,
    0.6813310384750366,
    0.6916170120239258,
    0.6997547149658203,
    0.684440016746521,
    0.6461507081985474,
    0.6142235994338989,
    0.672889769077301,
    0.599770188331604,
    0.5844520330429077,
    0.7781272530555725,
    0.5456013083457947,
    0.5285499095916748,
    0.5150812268257141,
    0.5048856735229492,
    0.5001811385154724,
    0.4916457533836365,
    0.47660359740257263,
    0.46609804034233093,
    0.45619305968284607,
    0.44302913546562195,
    0.43731528520584106,
    0.43023917078971863,
    0.4266579747200012,
    0.4402025043964386,
    0.4105212986469269,
    0.4243406355381012,
    0.7856517434120178,
    0.7609218955039978,
    0.545235276222229,
    0.4548703134059906,
    0.42937278747558594,
    0.420976459980011,
    0.41638103127479553,
    0.41733700037002563,
    0.4166388511657715,
    0.41420063376426697,
    0.41049060225486755,
    0.40366145968437195,
    0.5059959888458252,
    0.3736337721347809,
    0.358724981546402,
    0.35135528445243835,
    0.3580006957054138,
    0.4153588116168976,
    0.3742988407611847,
    0.4151683449745178,
    0.344890296459198,
    0.37544989585876465,
    0.40492114424705505,
    0.32329192757606506,
    0.3036961555480957,
    0.29676389694213867,
    0.291595458984375,
    0.28002697229385376,
    0.2759116590023041,
    0.27376285195350647,
    0.27074453234672546,
    0.28435787558555603,
    0.27193766832351685,
    0.2763013243675232,
    0.26272687315940857,
    0.2644282281398773,
    0.25990280508995056,
    0.26043516397476196,
    0.2567371428012848,
    0.2540312707424164,
    0.25532230734825134,
    0.2511150538921356,
    0.3265323340892792,
    0.8603704571723938,
    0.8002052903175354,
    0.5329310894012451,
    0.5346810817718506,
    0.4444875121116638,
    0.32866784930229187,
    0.31005147099494934,
    0.2933749854564667,
    0.2785053551197052,
    0.27142810821533203,
    0.26624175906181335,
    0.2605206072330475,
    0.25604477524757385,
    0.25242123007774353,
    0.2494838684797287,
    0.24700061976909637,
    0.24488858878612518,
    0.24313126504421234,
    0.24159826338291168,
    0.24021212756633759,
    0.23883558809757233
  ],
  "Training Time": 47.787397384643555,
  "Validate": [
    0.580727756023407,
    0.6029539704322815,
    0.5875676870346069,
    0.5692673325538635,
    0.5675871968269348,
    0.5605477690696716,
    0.5538973212242126,
    0.5541550517082214,
    0.5492125153541565,
    0.544491171836853,
    0.5302539467811584,
    0.5141503214836121,
    0.5077579021453857,
    0.5094554424285889,
    0.5169395208358765,
    0.5309816002845764,
    0.525498628616333,
    0.5380903482437134,
    0.5657700896263123,
    0.46249324083328247,
    0.48656827211380005,
    0.5067487955093384,
    0.5208266973495483,
    0.5336549282073975,
    0.5480839014053345,
    0.5357950329780579,
    0.5351512432098389,
    0.5421122908592224,
    0.5439468026161194,
    0.5456518530845642,
    0.5472745895385742,
    0.5469953417778015,
    0.551017165184021,
    0.5555586218833923,
    0.5611233711242676,
    0.5658462047576904,
    0.47788703441619873,
    0.487143874168396,
    0.5019623041152954,
    0.517383337020874,
    0.5280042290687561,
    0.5361848473548889,
    0.5422075986862183,
    0.5467970967292786,
    0.5509124398231506,
    0.5549392700195312,
    0.5587725043296814,
    0.5677510499954224,
    0.5662440657615662,
    0.5761299133300781,
    0.5799943804740906,
    0.5818563103675842,
    0.5860081315040588,
    0.5902164578437805,
    0.5956695675849915,
    0.6060521602630615,
    0.601796567440033,
    0.595143735408783,
    0.596037745475769,
    0.5950742363929749,
    0.5879241824150085,
    0.5927796959877014,
    0.5968318581581116,
    0.5834766626358032,
    0.5812127590179443,
    0.5817785263061523,
    0.5850810408592224,
    0.6127309799194336,
    0.5923793315887451,
    0.6013433933258057,
    0.5927316546440125,
    0.590522825717926,
    0.5889384150505066,
    0.5888006687164307,
    0.5897343158721924,
    0.5922664999961853,
    0.593670129776001,
    0.5963941216468811,
    0.5993074774742126,
    0.5617557764053345,
    0.5852444171905518,
    0.6041771769523621,
    0.5688348412513733,
    0.5787445306777954,
    0.5815810561180115,
    0.5880401730537415,
    0.5934221148490906,
    0.5967501997947693,
    0.5993284583091736,
    0.6018158793449402,
    0.6039831638336182,
    0.6059892177581787,
    0.6079477667808533,
    0.6099376082420349,
    0.6120613217353821,
    0.6143398284912109,
    0.6167796850204468,
    0.6194214224815369,
    0.6222196221351624,
    0.6251644492149353
  ]
}