{
  "Train": [
    0.7716739177703857,
    0.6752721667289734,
    0.5999339818954468,
    0.5304940342903137,
    0.46509790420532227,
    0.40794625878334045,
    0.35919180512428284,
    0.321621835231781,
    0.2872338891029358,
    0.26041901111602783
  ],
  "Training Time": 2.5186290740966797,
  "Validate": [
    1.2253886461257935,
    0.7868746519088745,
    0.5100837349891663,
    0.3192548453807831,
    0.21533909440040588,
    0.1758713275194168,
    0.1749526709318161,
    0.1931360810995102,
    0.22731736302375793,
    0.25243818759918213
  ]
}