{
  "Train": [
    0.8380218744277954,
    0.7975649237632751,
    0.6962823867797852,
    0.6143137216567993,
    0.5680564045906067,
    0.5854724049568176,
    0.6068557500839233,
    0.7496020793914795,
    0.6566405296325684,
    0.4813043773174286
  ],
  "Training Time": 14.666139125823975,
  "Validate": [
    NaN,
    NaN,
    NaN,
    NaN,
    NaN,
    NaN,
    NaN,
    NaN,
    NaN,
    NaN
  ]
}