{
  "Train": [
    1.0986394882202148,
    1.0871416330337524,
    1.0812476873397827,
    1.0742400884628296,
    1.0658164024353027,
    1.0455667972564697,
    1.013572335243225,
    0.981315016746521,
    0.9499176144599915,
    0.9380792379379272,
    0.8816763758659363,
    0.9131893515586853,
    0.8493847846984863,
    0.8274835348129272,
    0.7977171540260315,
    0.8573826551437378,
    0.8160243034362793,
    0.7694023251533508,
    0.7737963199615479,
    0.752869725227356,
    0.7617654800415039,
    0.7435364127159119,
    0.8184769153594971,
    0.7665081024169922,
    0.7350221872329712,
    0.7092626094818115,
    0.681721568107605,
    0.6645562648773193,
    0.6574769616127014,
    0.6503130793571472,
    0.6447715759277344,
    0.6402873396873474,
    0.6324071884155273,
    0.6148756146430969,
    0.6064846515655518,
    0.5911410450935364,
    0.5791437029838562,
    0.5700708627700806,
    0.558860719203949,
    0.5480396747589111,
    0.5378796458244324,
    0.5282171964645386,
    0.5200496912002563,
    0.5259520411491394,
    0.511124312877655,
    0.5706663727760315,
    0.6502305865287781,
    0.507653534412384,
    0.43841123580932617,
    0.42710748314857483,
    0.39867767691612244,
    0.3828687369823456,
    0.3758603632450104,
    0.36538243293762207,
    0.3517228960990906,
    0.34342631697654724,
    0.33449628949165344,
    0.32608258724212646,
    0.3185025751590729,
    0.31130415201187134,
    0.29878050088882446,
    0.28685685992240906,
    0.27665334939956665,
    0.2820488512516022,
    0.27776041626930237,
    0.2549571394920349,
    0.26522356271743774,
    0.29375311732292175,
    0.27977871894836426,
    0.2067614048719406,
    0.1860087662935257,
    0.1760898232460022,
    0.193576380610466,
    0.18077614903450012,
    0.24860839545726776,
    0.16603901982307434,
    0.14372706413269043,
    0.12330370396375656,
    0.12956847250461578,
    0.10731340199708939,
    0.0948089212179184,
    0.1913367658853531,
    0.11633909493684769,
    0.08010055124759674,
    0.08222098648548126,
    0.10444942861795425,
    0.0926191657781601,
    0.11085914820432663,
    0.1813952922821045,
    0.15576715767383575,
    0.06202324107289314,
    0.05436385050415993,
    0.055909451097249985,
    0.058224812150001526,
    0.04087742790579796,
    0.09041707962751389,
    0.13301728665828705,
    0.07925602048635483,
    0.06347910314798355,
    0.06465945392847061
  ],
  "Training Time": 81.16000032424927,
  "Validate": [
    4.37451171875,
    4.3800249099731445,
    4.369194030761719,
    4.32991361618042,
    4.272861480712891,
    4.2493977546691895,
    4.218653202056885,
    4.169716835021973,
    4.126454830169678,
    4.10127592086792,
    4.070010662078857,
    4.024798393249512,
    3.9693422317504883,
    3.9217259883880615,
    3.8696553707122803,
    3.9580838680267334,
    3.923429250717163,
    3.8883605003356934,
    3.8489813804626465,
    3.885786533355713,
    3.822699785232544,
    3.8838980197906494,
    4.43112850189209,
    4.106967449188232,
    3.9643807411193848,
    3.8471641540527344,
    3.792271614074707,
    3.7557601928710938,
    3.709946632385254,
    3.6675450801849365,
    3.6179237365722656,
    3.640368700027466,
    3.5433881282806396,
    3.500993251800537,
    3.470020294189453,
    3.4025392532348633,
    3.378577470779419,
    3.370311737060547,
    3.3686487674713135,
    3.372312307357788,
    3.380589485168457,
    3.3909544944763184,
    3.3851728439331055,
    3.338822364807129,
    3.309648275375366,
    3.078655242919922,
    3.409128427505493,
    3.4397284984588623,
    3.4208450317382812,
    3.3760111331939697,
    3.3566439151763916,
    3.3324697017669678,
    3.3201119899749756,
    3.3556830883026123,
    3.3875701427459717,
    3.431864023208618,
    3.509779214859009,
    3.625885248184204,
    3.7050676345825195,
    3.7093374729156494,
    3.698932647705078,
    3.7059264183044434,
    3.7374448776245117,
    3.7543272972106934,
    3.765385389328003,
    3.7704498767852783,
    3.6133406162261963,
    3.571896553039551,
    3.530625343322754,
    3.5365052223205566,
    3.508392333984375,
    3.511121988296509,
    3.4885098934173584,
    3.4919662475585938,
    3.4158430099487305,
    3.6573638916015625,
    3.681802272796631,
    3.626760721206665,
    3.517864227294922,
    3.5437803268432617,
    3.567253828048706,
    3.536033868789673,
    3.565329074859619,
    3.618096351623535,
    3.6206307411193848,
    3.6140525341033936,
    3.710066080093384,
    3.6824758052825928,
    3.6641838550567627,
    3.725400447845459,
    3.6688294410705566,
    3.7488012313842773,
    3.6890809535980225,
    3.711355447769165,
    3.639235734939575,
    3.7124969959259033,
    3.777115821838379,
    3.7961387634277344,
    3.9152421951293945,
    3.87430739402771
  ]
}