{
  "Train": [
    0.8914324641227722,
    0.7249308824539185,
    0.517655074596405,
    0.4939347505569458,
    0.45461758971214294,
    0.4162062406539917,
    0.42903515696525574,
    0.4018206298351288,
    0.3915187120437622,
    0.3805067539215088
  ],
  "Training Time": 14.753861904144287,
  "Validate": [
    NaN,
    NaN,
    NaN,
    NaN,
    NaN,
    NaN,
    NaN,
    NaN,
    NaN,
    NaN
  ]
}