{
  "Train": [
    1.1973615884780884,
    1.1775290966033936,
    1.1558773517608643,
    1.1500612497329712,
    1.1437290906906128,
    1.1370820999145508,
    1.1333564519882202,
    1.1236826181411743,
    1.1216747760772705,
    1.1074199676513672
  ],
  "Training Time": 12.871204853057861,
  "Validate": [
    1.9400585889816284,
    2.0172133445739746,
    2.072205066680908,
    2.0468719005584717,
    2.033745050430298,
    2.0469560623168945,
    2.003577709197998,
    2.01855206489563,
    1.9177199602127075,
    1.94378662109375
  ]
}