{
  "Train": [
    1.0334093570709229,
    0.9987683296203613,
    0.9474131464958191,
    0.9093424081802368,
    0.8657116293907166,
    0.8301692605018616,
    0.7610597610473633,
    0.6896964907646179,
    0.6987989544868469,
    0.5875887870788574
  ],
  "Training Time": 11.752923965454102,
  "Validate": [
    0.47044676542282104,
    0.41758155822753906,
    0.44134747982025146,
    0.4377584159374237,
    0.4171593487262726,
    0.40479686856269836,
    0.40652838349342346,
    0.34822705388069153,
    0.3587159812450409,
    0.36862048506736755
  ]
}