{
  "Train": [
    0.34416723251342773,
    0.2959507405757904,
    0.26741892099380493,
    0.24890559911727905,
    0.23272746801376343,
    0.21672090888023376,
    0.20106196403503418,
    0.18613605201244354,
    0.1741311401128769,
    0.16223753988742828
  ],
  "Training Time": 3.0083937644958496,
  "Validate": [
    NaN,
    NaN,
    NaN,
    NaN,
    NaN,
    NaN,
    NaN,
    NaN,
    NaN,
    NaN
  ]
}