{
  "Train": [
    0.6531865000724792,
    0.46828317642211914,
    0.43209993839263916,
    0.39977145195007324,
    0.36986103653907776,
    0.3435135781764984,
    0.3242802321910858,
    0.31301119923591614,
    0.3060968816280365,
    0.30091509222984314
  ],
  "Training Time": 3.8779337406158447,
  "Validate": [
    53.45249938964844,
    53.09526443481445,
    52.72879409790039,
    52.41926956176758,
    52.072715759277344,
    51.64554977416992,
    51.23576354980469,
    50.9203987121582,
    50.67843246459961,
    50.468528747558594
  ]
}