{
  "Train": [
    1.3437939882278442,
    0.9962393641471863,
    0.9150276184082031,
    0.8414057493209839,
    0.7454618215560913,
    0.6572542190551758,
    0.5973044633865356,
    0.5590447783470154,
    0.528110921382904,
    0.5037876963615417,
    0.48310795426368713,
    0.46548184752464294,
    0.4499864876270294,
    0.43616414070129395,
    0.4237041473388672,
    0.4124782979488373,
    0.4024483561515808,
    0.3936161994934082,
    0.3859655559062958,
    0.3794231116771698,
    0.37384599447250366,
    0.3690178096294403,
    0.36468568444252014,
    0.36063075065612793,
    0.3567083775997162,
    0.3528412878513336,
    0.34899741411209106,
    0.3451720178127289,
    0.3413753807544708,
    0.3376369774341583,
    0.33404168486595154,
    0.3308238685131073,
    0.3283323645591736,
    0.3258662521839142,
    0.3224523067474365,
    0.3208012580871582,
    0.3106572926044464,
    0.30646589398384094,
    0.30512383580207825,
    0.3032021224498749,
    0.303964227437973,
    0.2958589196205139,
    0.29283156991004944,
    0.29211777448654175,
    0.2929796278476715,
    0.2904827892780304,
    0.3022294044494629,
    0.3141919672489166,
    0.3238927721977234,
    0.27253594994544983,
    0.2669747769832611,
    0.26208144426345825,
    0.26015380024909973,
    0.2567238211631775,
    0.2538716197013855,
    0.25103431940078735,
    0.24928678572177887,
    0.24717244505882263,
    0.2519489824771881,
    0.24795664846897125,
    0.26146283745765686,
    0.2450927495956421,
    0.2481863796710968,
    0.23762254416942596,
    0.22523367404937744,
    0.23294676840305328,
    0.21819555759429932,
    0.21403861045837402,
    0.21902824938297272,
    0.2096923142671585,
    0.2121213674545288,
    0.20751674473285675,
    0.20566067099571228,
    0.20600900053977966,
    0.20122753083705902,
    0.20854616165161133,
    0.20362785458564758,
    0.21935006976127625,
    0.2689163386821747,
    0.21118132770061493,
    0.21199913322925568,
    0.20609669387340546,
    0.17442373931407928,
    0.17763349413871765,
    0.1720426082611084,
    0.17256982624530792,
    0.16971008479595184,
    0.16751225292682648,
    0.16580168902873993,
    0.16394461691379547,
    0.16225972771644592,
    0.16043218970298767,
    0.15873472392559052,
    0.15690848231315613,
    0.1552702635526657,
    0.15386562049388885,
    0.1515958309173584,
    0.14919523894786835,
    0.14866849780082703,
    0.14506448805332184
  ],
  "Training Time": 102.86447787284851,
  "Validate": [
    0.4784000515937805,
    0.47629842162132263,
    0.48938000202178955,
    0.49342650175094604,
    0.4884594976902008,
    0.46773260831832886,
    0.44939547777175903,
    0.4380356967449188,
    0.4228530824184418,
    0.4096206724643707,
    0.39710772037506104,
    0.3852885067462921,
    0.3735315501689911,
    0.36172837018966675,
    0.3499075770378113,
    0.3382548987865448,
    0.32706910371780396,
    0.3167060315608978,
    0.3074968159198761,
    0.2996049225330353,
    0.2929198145866394,
    0.287151038646698,
    0.2820303738117218,
    0.27740341424942017,
    0.27319809794425964,
    0.2693885564804077,
    0.2659693956375122,
    0.2629501521587372,
    0.26035794615745544,
    0.2582516074180603,
    0.25676098465919495,
    0.25613394379615784,
    0.25656282901763916,
    0.25734326243400574,
    0.25668296217918396,
    0.25682973861694336,
    0.25969207286834717,
    0.2638646960258484,
    0.2700675129890442,
    0.27070215344429016,
    0.2754405438899994,
    0.28145313262939453,
    0.3004729151725769,
    0.3079243004322052,
    0.32329386472702026,
    0.3205031156539917,
    0.36124709248542786,
    0.3843272030353546,
    0.36559829115867615,
    0.39612019062042236,
    0.40580832958221436,
    0.4342029392719269,
    0.45432326197624207,
    0.49284589290618896,
    0.5209275484085083,
    0.5581634044647217,
    0.5863117575645447,
    0.6279757022857666,
    0.6165531277656555,
    0.7144281268119812,
    0.623705267906189,
    0.8527061939239502,
    0.6625221371650696,
    0.8126807808876038,
    0.9070827960968018,
    0.8106056451797485,
    0.9392595887184143,
    0.9419021010398865,
    0.9760832190513611,
    1.0283697843551636,
    0.9910488724708557,
    1.0984783172607422,
    1.0886660814285278,
    1.1068916320800781,
    1.2122801542282104,
    1.1502801179885864,
    1.216378092765808,
    1.300926685333252,
    1.3990308046340942,
    1.5381989479064941,
    1.2470242977142334,
    1.675022006034851,
    1.3830879926681519,
    1.4741299152374268,
    1.4010857343673706,
    1.4479165077209473,
    1.4841896295547485,
    1.5226216316223145,
    1.5514107942581177,
    1.587800145149231,
    1.6241977214813232,
    1.666304111480713,
    1.716485619544983,
    1.7632038593292236,
    1.8036091327667236,
    1.838972806930542,
    1.870426058769226,
    1.8693946599960327,
    1.9251422882080078,
    1.8905497789382935
  ]
}