{
  "Train": [
    0.9244369268417358,
    0.8813587427139282,
    0.864315390586853,
    0.8475743532180786,
    0.8310059905052185,
    0.8144821524620056,
    0.7982439994812012,
    0.7827535271644592,
    0.7682273983955383,
    0.7543798685073853
  ],
  "Training Time": 6.275353908538818,
  "Validate": [
    NaN,
    NaN,
    NaN,
    NaN,
    NaN,
    NaN,
    NaN,
    NaN,
    NaN,
    NaN
  ]
}