{
  "Train": [
    1.1799806356430054,
    1.1575865745544434,
    1.146999478340149,
    1.1380655765533447,
    1.129696249961853,
    1.121689796447754,
    1.1139925718307495,
    1.106555461883545,
    1.0992628335952759,
    1.0918833017349243
  ],
  "Training Time": 5.806659460067749,
  "Validate": [
    1.924058198928833,
    1.9182614088058472,
    1.9167609214782715,
    1.912037968635559,
    1.9036239385604858,
    1.8923301696777344,
    1.8788940906524658,
    1.864162802696228,
    1.8491040468215942,
    1.8348034620285034
  ]
}