{
  "Train": [
    0.9691919088363647,
    0.8805557489395142,
    0.8534411191940308,
    0.842365562915802,
    0.8343284726142883,
    0.8270382881164551,
    0.8294865489006042,
    0.815735399723053,
    0.8147766590118408,
    0.8001192808151245
  ],
  "Training Time": 16.473254919052124,
  "Validate": [
    3.1888303756713867,
    2.9324190616607666,
    2.739248275756836,
    2.67179274559021,
    2.6475718021392822,
    2.476820230484009,
    2.5391457080841064,
    2.4966726303100586,
    2.6623151302337646,
    2.5569632053375244
  ]
}