{
  "Train": [
    0.9469818472862244,
    0.8896446228027344,
    0.8456453084945679,
    0.8273459076881409,
    0.8148528337478638,
    0.8029695153236389,
    0.7909846305847168,
    0.776115894317627,
    0.7551453709602356,
    0.7387005090713501
  ],
  "Training Time": 5.6092283725738525,
  "Validate": [
    3.4228110313415527,
    3.207481622695923,
    2.9633333683013916,
    2.860936164855957,
    2.80129337310791,
    2.750413179397583,
    2.698143243789673,
    2.6904637813568115,
    2.7309720516204834,
    2.6341745853424072
  ]
}