{
  "Train": [
    0.8245933055877686,
    0.8021552562713623,
    0.7870175838470459,
    0.7736639976501465,
    0.7608153223991394,
    0.7494776248931885,
    0.7412189841270447,
    0.8330709934234619,
    0.7399523854255676,
    0.7627425789833069
  ],
  "Training Time": 6.638906002044678,
  "Validate": [
    NaN,
    NaN,
    NaN,
    NaN,
    NaN,
    NaN,
    NaN,
    NaN,
    NaN,
    NaN
  ]
}