{
  "Train": [
    1.0526039600372314,
    1.0436317920684814,
    1.0317821502685547,
    1.020645260810852,
    1.008135437965393,
    0.9917460083961487,
    0.9726587533950806,
    0.9500421285629272,
    0.9025837779045105,
    0.8549337387084961
  ],
  "Training Time": 4.7293641567230225,
  "Validate": [
    0.6643489003181458,
    0.6839613914489746,
    0.6989761590957642,
    0.6921536922454834,
    0.6854485869407654,
    0.6564714312553406,
    0.5914895534515381,
    0.5332119464874268,
    0.5485939383506775,
    0.5078340768814087
  ]
}