{
  "Train": [
    1.17179536819458,
    1.151225209236145,
    1.1450127363204956,
    1.1392097473144531,
    1.1354273557662964,
    1.1317946910858154,
    1.1288949251174927,
    1.1259499788284302,
    1.1220262050628662,
    1.1170865297317505
  ],
  "Training Time": 5.080030918121338,
  "Validate": [
    2.0671465396881104,
    2.080842971801758,
    2.076988935470581,
    2.0966951847076416,
    2.0943636894226074,
    2.1046628952026367,
    2.1012122631073,
    2.0985395908355713,
    2.1072232723236084,
    2.120410442352295
  ]
}