{
  "Train": [
    0.27462297677993774,
    0.1270025670528412,
    0.11698933690786362,
    0.1119089126586914,
    0.10801546275615692,
    0.10470665246248245,
    0.10193072259426117,
    0.0995851382613182,
    0.09738922119140625,
    0.09535727649927139,
    0.09372300654649734,
    0.09261089563369751,
    0.09173142910003662,
    0.09068483859300613,
    0.08935359865427017,
    0.08798336982727051,
    0.08665081113576889,
    0.08529685437679291,
    0.08391623198986053,
    0.08253036439418793,
    0.08113579452037811,
    0.07964581996202469,
    0.07771490514278412,
    0.07484719902276993,
    0.06799507886171341
  ],
  "Training Time": 13.59251618385315,
  "Validate": [
    0.11281681060791016,
    0.11192063987255096,
    0.12160422652959824,
    0.13712380826473236,
    0.16380998492240906,
    0.20746059715747833,
    0.2647833824157715,
    0.3251771628856659,
    0.3861980736255646,
    0.44727471470832825,
    0.5028825402259827,
    0.5492205023765564,
    0.5903114080429077,
    0.6307454109191895,
    0.6742053627967834,
    0.7201250791549683,
    0.7673864364624023,
    0.8165498971939087,
    0.8671712279319763,
    0.9173434972763062,
    0.9644893407821655,
    1.005289077758789,
    1.0366253852844238,
    1.0651488304138184,
    1.1364824771881104
  ]
}