{
  "Train": [
    0.7756224870681763,
    0.6956880688667297,
    0.6821624636650085,
    0.670903742313385,
    0.6560310125350952,
    0.6477930545806885,
    0.6423103213310242,
    0.6317548751831055,
    0.6230666637420654,
    0.6156888604164124,
    0.6086974143981934,
    0.6014809012413025,
    0.594287633895874,
    0.5886184573173523,
    0.5838027596473694,
    0.5800572037696838,
    0.5797189474105835,
    0.5726766586303711,
    0.5663621425628662,
    0.5620306730270386,
    0.5581445097923279,
    0.5530086755752563,
    0.5467997789382935,
    0.5415050983428955,
    0.539136528968811,
    0.5358433127403259,
    0.5323634147644043,
    0.5283095836639404,
    0.5252789258956909,
    0.5222914814949036,
    0.5299783945083618,
    0.5251554250717163,
    0.518184244632721,
    0.5464181900024414,
    0.5256644487380981,
    0.5079208612442017,
    0.5234680771827698,
    0.5016605854034424,
    0.49204885959625244,
    0.5013222694396973,
    0.5289010405540466,
    0.5041835308074951,
    0.49834316968917847,
    0.4947647750377655,
    0.487426221370697,
    0.48500004410743713,
    0.48350754380226135,
    0.48452895879745483,
    0.4838278889656067,
    0.5771948099136353,
    0.5151104927062988,
    0.4966358542442322,
    0.5000772476196289,
    0.4796934127807617,
    0.4918944537639618,
    0.46978503465652466,
    0.49404144287109375,
    0.4868912994861603,
    0.4634038209915161,
    0.4683935046195984,
    0.4933881461620331,
    0.4699247181415558,
    0.45439431071281433,
    0.46468886733055115,
    0.4705638587474823,
    0.48191654682159424,
    0.46961238980293274,
    0.4796551764011383,
    0.45998430252075195,
    0.45823490619659424,
    0.44802168011665344,
    0.4475087821483612,
    0.44949376583099365,
    0.459930419921875,
    0.4306655526161194,
    0.4425046741962433,
    0.46518775820732117,
    0.45021405816078186,
    0.45170560479164124,
    0.44073793292045593,
    0.4743870794773102,
    0.44977307319641113,
    0.42599913477897644,
    0.41708603501319885,
    0.4118818938732147,
    0.42564287781715393,
    0.49917465448379517,
    0.4556587338447571,
    0.4213123023509979,
    0.42063969373703003,
    0.41513293981552124,
    0.4288208484649658,
    0.4028668701648712,
    0.40045496821403503,
    0.4080740213394165,
    0.40377241373062134,
    0.4022388458251953,
    0.4081262946128845,
    0.45874884724617004,
    0.4580317437648773
  ],
  "Training Time": 70.73266053199768,
  "Validate": [
    NaN,
    NaN,
    NaN,
    NaN,
    NaN,
    NaN,
    NaN,
    NaN,
    NaN,
    NaN,
    NaN,
    NaN,
    NaN,
    NaN,
    NaN,
    NaN,
    NaN,
    NaN,
    NaN,
    NaN,
    NaN,
    NaN,
    NaN,
    NaN,
    NaN,
    NaN,
    NaN,
    NaN,
    NaN,
    NaN,
    NaN,
    NaN,
    NaN,
    NaN,
    NaN,
    NaN,
    NaN,
    NaN,
    NaN,
    NaN,
    NaN,
    NaN,
    NaN,
    NaN,
    NaN,
    NaN,
    NaN,
    NaN,
    NaN,
    NaN,
    NaN,
    NaN,
    NaN,
    NaN,
    NaN,
    NaN,
    NaN,
    NaN,
    NaN,
    NaN,
    NaN,
    NaN,
    NaN,
    NaN,
    NaN,
    NaN,
    NaN,
    NaN,
    NaN,
    NaN,
    NaN,
    NaN,
    NaN,
    NaN,
    NaN,
    NaN,
    NaN,
    NaN,
    NaN,
    NaN,
    NaN,
    NaN,
    NaN,
    NaN,
    NaN,
    NaN,
    NaN,
    NaN,
    NaN,
    NaN,
    NaN,
    NaN,
    NaN,
    NaN,
    NaN,
    NaN,
    NaN,
    NaN,
    NaN,
    NaN
  ]
}