{
  "Train": [
    0.909497082233429,
    0.8297265768051147,
    0.818294882774353,
    0.8136651515960693,
    0.8103547096252441,
    0.807498574256897,
    0.804840087890625,
    0.8022520542144775,
    0.7996427416801453,
    0.7969241142272949,
    0.7939962148666382,
    0.7907304763793945,
    0.7869569063186646,
    0.7824618816375732,
    0.7770172953605652,
    0.7704897522926331,
    0.7631422877311707,
    0.755724310874939,
    0.7484452724456787,
    0.7405994534492493,
    0.7319788932800293,
    0.7229931950569153,
    0.7146425247192383,
    0.7068871259689331,
    0.6973313093185425,
    0.691890299320221,
    0.6864639520645142,
    0.6710497736930847,
    0.7038509845733643,
    0.669857382774353,
    0.6614221334457397,
    0.6911510825157166,
    0.661489725112915,
    0.6553979516029358,
    0.6655067801475525,
    0.6469482779502869,
    0.6636946797370911,
    0.6403951644897461,
    0.6692379713058472,
    0.6441586017608643,
    0.6451718807220459,
    0.6684132814407349,
    0.637427568435669,
    0.6322205662727356,
    0.654088020324707,
    0.6464700102806091,
    0.6266105771064758,
    0.6365085244178772,
    0.6262257099151611,
    0.6410661339759827,
    0.6178064346313477,
    0.6308201551437378,
    0.6208269596099854,
    0.6091106534004211,
    0.6262694597244263,
    0.616371750831604,
    0.6376268267631531,
    0.6367164850234985,
    0.612615704536438,
    0.6203233003616333,
    0.6081148386001587,
    0.6035846471786499,
    0.5973585844039917,
    0.6006441116333008,
    0.5877028703689575,
    0.5887498259544373,
    0.5779576301574707,
    0.5794318914413452,
    0.5700613856315613,
    0.5728287100791931,
    0.5625856518745422,
    0.5650418996810913,
    0.5571510791778564,
    0.5560483336448669,
    0.5526290535926819,
    0.550972044467926,
    0.5524057745933533,
    0.5672187209129333,
    0.565177857875824,
    0.5496216416358948,
    0.5576071739196777,
    0.546029806137085,
    0.5450525879859924,
    0.5266703367233276,
    0.5366774797439575,
    0.5254144668579102,
    0.5251423716545105,
    0.5247551202774048,
    0.5252564549446106,
    0.5170164704322815,
    0.5105976462364197,
    0.4893208146095276,
    0.4979880750179291,
    0.4890858232975006,
    0.48863649368286133,
    0.5024304986000061,
    0.5018802285194397,
    0.4947378635406494,
    0.48355528712272644,
    0.47728651762008667
  ],
  "Training Time": 43.72770857810974,
  "Validate": [
    3.192413091659546,
    2.873978853225708,
    2.765810251235962,
    2.707035541534424,
    2.6664037704467773,
    2.6349871158599854,
    2.609123468399048,
    2.5867769718170166,
    2.5664961338043213,
    2.547032117843628,
    2.527147054672241,
    2.505512237548828,
    2.4807066917419434,
    2.4515113830566406,
    2.418147087097168,
    2.385308265686035,
    2.362421989440918,
    2.3532683849334717,
    2.352675437927246,
    2.3601040840148926,
    2.3805453777313232,
    2.4140827655792236,
    2.4539899826049805,
    2.502131700515747,
    2.553541898727417,
    2.617438316345215,
    2.5849897861480713,
    2.7814226150512695,
    2.5088951587677,
    2.646425724029541,
    2.8125524520874023,
    2.4511656761169434,
    2.674659013748169,
    2.823103666305542,
    2.444518804550171,
    2.7727372646331787,
    2.421043872833252,
    2.793116807937622,
    2.433742046356201,
    2.838759183883667,
    2.425564765930176,
    2.852795362472534,
    2.4331209659576416,
    2.6470701694488525,
    2.698636054992676,
    2.520305633544922,
    2.7289679050445557,
    2.5560522079467773,
    2.790797233581543,
    2.484501838684082,
    2.8122458457946777,
    2.2416799068450928,
    2.8185617923736572,
    2.2699155807495117,
    2.8447535037994385,
    2.4374802112579346,
    2.1947290897369385,
    2.7929275035858154,
    2.4802324771881104,
    2.4706969261169434,
    2.558854818344116,
    2.484586477279663,
    2.7260570526123047,
    2.5446786880493164,
    2.703263998031616,
    2.623701333999634,
    2.715747117996216,
    2.6730563640594482,
    2.7534050941467285,
    2.7181711196899414,
    2.7801287174224854,
    2.7740299701690674,
    2.8043839931488037,
    2.819476842880249,
    2.8391804695129395,
    2.854199171066284,
    2.8902108669281006,
    2.924870491027832,
    2.857133626937866,
    2.841337203979492,
    2.884904623031616,
    2.8479135036468506,
    2.8851044178009033,
    2.8360965251922607,
    2.800034523010254,
    2.730473041534424,
    2.731105089187622,
    2.7191717624664307,
    2.826568603515625,
    2.8507394790649414,
    2.7702906131744385,
    2.727555274963379,
    2.6711084842681885,
    2.7979228496551514,
    2.6551332473754883,
    2.8369836807250977,
    2.756244421005249,
    2.812279224395752,
    2.882269859313965,
    2.8052027225494385
  ]
}