{
  "Train": [
    1.094157338142395,
    1.064745545387268,
    1.0596762895584106,
    1.0569673776626587,
    1.0552443265914917,
    1.0539945363998413,
    1.0529615879058838,
    1.051979899406433,
    1.050885796546936,
    1.0494579076766968
  ],
  "Training Time": 3.9878833293914795,
  "Validate": [
    7.144845008850098,
    7.205660820007324,
    7.237245559692383,
    7.2608137130737305,
    7.281417369842529,
    7.301727294921875,
    7.323014736175537,
    7.346898555755615,
    7.373838901519775,
    7.403117656707764
  ]
}