{
  "Train": [
    0.9261998534202576,
    0.8136265873908997,
    0.8005587458610535,
    0.7966256737709045,
    0.7943399548530579,
    0.792632520198822,
    0.7912161350250244,
    0.7899720072746277,
    0.7888351082801819,
    0.7877653241157532
  ],
  "Training Time": 4.172124862670898,
  "Validate": [
    2.6525042057037354,
    2.429072380065918,
    2.425823450088501,
    2.422293186187744,
    2.4200339317321777,
    2.4187092781066895,
    2.418030261993408,
    2.417797327041626,
    2.4178643226623535,
    2.4181182384490967
  ]
}