{
  "Train": [
    0.719933807849884,
    0.725587010383606,
    0.72098708152771,
    0.7171649932861328,
    0.714228630065918,
    0.7116400599479675,
    0.7091376781463623,
    0.7065870761871338,
    0.7039077281951904,
    0.7010490298271179
  ],
  "Training Time": 3.097503423690796,
  "Validate": [
    NaN,
    NaN,
    NaN,
    NaN,
    NaN,
    NaN,
    NaN,
    NaN,
    NaN,
    NaN
  ]
}