{
  "Train": [
    0.1375318020582199,
    0.09622703492641449,
    0.08904575556516647,
    0.08338142931461334,
    0.08518311381340027,
    0.07646004110574722,
    0.08066404610872269,
    0.06866913288831711,
    0.0844387412071228,
    0.07129565626382828,
    0.07193637639284134,
    0.05818336457014084,
    0.09527823328971863,
    0.08557480573654175,
    0.09286348521709442,
    0.07663264870643616,
    0.06905066221952438,
    0.0659351646900177,
    0.06500580906867981,
    0.06478793174028397,
    0.059521425515413284,
    0.04557345062494278,
    0.06751277297735214,
    0.05899002030491829,
    0.0641045942902565
  ],
  "Training Time": 16.536433935165405,
  "Validate": [
    NaN,
    NaN,
    NaN,
    NaN,
    NaN,
    NaN,
    NaN,
    NaN,
    NaN,
    NaN,
    NaN,
    NaN,
    NaN,
    NaN,
    NaN,
    NaN,
    NaN,
    NaN,
    NaN,
    NaN,
    NaN,
    NaN,
    NaN,
    NaN,
    NaN
  ]
}