{
  "Train": [
    0.29414087533950806,
    0.1185782179236412,
    0.1000782698392868,
    0.0928007960319519,
    0.0882321149110794,
    0.08568578213453293,
    0.08417826145887375,
    0.08274788409471512,
    0.08147374540567398,
    0.08026985079050064,
    0.0791642889380455,
    0.07808035612106323,
    0.07693243771791458,
    0.07632362842559814,
    0.07380755990743637,
    0.07558907568454742,
    0.07424510270357132,
    0.07578221708536148,
    0.07315020263195038,
    0.0772073045372963,
    0.07310386002063751,
    0.06960023939609528,
    0.0689098909497261,
    0.06930575519800186,
    0.06645677983760834
  ],
  "Training Time": 22.785150051116943,
  "Validate": [
    NaN,
    NaN,
    NaN,
    NaN,
    NaN,
    NaN,
    NaN,
    NaN,
    NaN,
    NaN,
    NaN,
    NaN,
    NaN,
    NaN,
    NaN,
    NaN,
    NaN,
    NaN,
    NaN,
    NaN,
    NaN,
    NaN,
    NaN,
    NaN,
    NaN
  ]
}