{
  "Train": [
    0.46029600501060486,
    0.242740660905838,
    0.18102853000164032,
    0.1536215990781784,
    0.13724811375141144,
    0.12565423548221588,
    0.1170080304145813,
    0.11048035323619843,
    0.10565107315778732,
    0.10184449702501297,
    0.09851467609405518,
    0.0955825001001358,
    0.09305901825428009,
    0.09088314324617386,
    0.08897524327039719,
    0.08728370815515518,
    0.08579538017511368,
    0.08452475070953369,
    0.08348759263753891,
    0.08264191448688507,
    0.08186770975589752,
    0.08107471466064453,
    0.0802244022488594,
    0.07921988517045975,
    0.07800988107919693
  ],
  "Training Time": 17.69753909111023,
  "Validate": [
    0.45764628052711487,
    0.3503713309764862,
    0.31148695945739746,
    0.31542956829071045,
    0.3329257071018219,
    0.3763653039932251,
    0.4395388662815094,
    0.5054951906204224,
    0.5597383975982666,
    0.6008692383766174,
    0.6340315341949463,
    0.6625400185585022,
    0.6882479786872864,
    0.712766706943512,
    0.7374557852745056,
    0.7629685997962952,
    0.7889682650566101,
    0.8146831393241882,
    0.8395037055015564,
    0.8626328110694885,
    0.8831291794776917,
    0.9012288451194763,
    0.9191421866416931,
    0.9386628866195679,
    0.9593637585639954
  ]
}