{
  "ACF": [
    1.0,
    0.5285029565453059,
    0.3214020031128352,
    0.3192845678763733,
    0.2763230431505182,
    0.16031109647168137,
    0.051237781229284296,
    0.05875422126069276,
    0.07732885368944291,
    -0.08426400917818007,
    -0.11118303263767562,
    -0.1407302972309622,
    0.013117904696016732,
    -0.029801599612044025,
    -0.08517885914509869,
    0.0069625632422119724,
    -0.00043630115316444683,
    -0.012547936417552285,
    -0.02797581483642437,
    -0.0073312997450318725,
    0.10283755615807534,
    0.0019272568008224147,
    0.006057084018717636,
    0.05965805324610396,
    0.07863253486833573
  ],
  "PACF": [
    1.0,
    0.531630192974568,
    0.05938022870767056,
    0.18300275106828534,
    0.05376136443455709,
    -0.05827115516856759,
    -0.09686815351331546,
    0.028575341068385485,
    0.041152145572365434,
    -0.19450623820390595,
    -0.010655286214427467,
    -0.11604352937549488,
    0.24921614779068565,
    -0.07200873137918892,
    -0.006090689405163289,
    0.06638037057134012,
    -0.08044940954614606,
    0.050657927535614725,
    -0.059797933232268806,
    0.041639934715747264,
    0.07317333742253541,
    -0.09393296256881487,
    0.05529374547494996,
    0.05346769514629648,
    0.037031690016057814
  ],
  "Confidence": [
    0.1475106448282976,
    -0.15927535071065055,
    0.1475106448282976,
    -0.15927535071065055
  ]
}