{
  "Train": [
    1.1344248056411743,
    1.1567440032958984,
    1.1327472925186157,
    1.1123692989349365,
    1.1059483289718628,
    1.073837399482727,
    1.1018394231796265,
    1.069079041481018,
    1.1475046873092651,
    1.1123771667480469
  ],
  "Training Time": 15.825310468673706,
  "Validate": [
    0.8162330389022827,
    1.1006157398223877,
    1.3067017793655396,
    1.4670356512069702,
    1.6206623315811157,
    1.251198649406433,
    1.6737719774246216,
    1.7327700853347778,
    1.4605735540390015,
    1.3215241432189941
  ]
}