{
  "Train": [
    1.076298713684082,
    1.0624037981033325,
    1.0591689348220825,
    1.0567201375961304,
    1.0546462535858154,
    1.0526787042617798,
    1.050592064857483,
    1.0482200384140015,
    1.0454246997833252,
    1.0420260429382324
  ],
  "Training Time": 3.8879363536834717,
  "Validate": [
    7.3377485275268555,
    7.349565505981445,
    7.362024307250977,
    7.376740455627441,
    7.393205642700195,
    7.411581516265869,
    7.431954860687256,
    7.454111576080322,
    7.47793436050415,
    7.503686904907227
  ]
}