{
  "Train": [
    0.8946151733398438,
    0.8470573425292969,
    0.8179934620857239,
    0.7935383915901184,
    0.7701262831687927,
    0.7474430799484253,
    0.726372241973877,
    0.7150880098342896,
    0.7223032712936401,
    0.70488041639328
  ],
  "Training Time": 19.61342692375183,
  "Validate": [
    NaN,
    NaN,
    NaN,
    NaN,
    NaN,
    NaN,
    NaN,
    NaN,
    NaN,
    NaN
  ]
}