{
  "Train": [
    0.9140853881835938,
    0.8415190577507019,
    0.8300890326499939,
    0.8244242072105408,
    0.8204870223999023,
    0.8173678517341614,
    0.8147497773170471,
    0.8124880790710449,
    0.8105010390281677,
    0.8087338805198669
  ],
  "Training Time": 5.507988929748535,
  "Validate": [
    2.7139885425567627,
    2.617979049682617,
    2.577813148498535,
    2.5535452365875244,
    2.536309242248535,
    2.5235869884490967,
    2.5141549110412598,
    2.5071394443511963,
    2.5018672943115234,
    2.497835874557495
  ]
}