{
  "Train": [
    0.7274793982505798,
    0.721557080745697,
    0.7213181257247925,
    0.7231995463371277,
    0.7232373356819153,
    0.7222862243652344,
    0.7205129265785217,
    0.7188277244567871,
    0.7169989943504333,
    0.7150036692619324
  ],
  "Training Time": 4.193847179412842,
  "Validate": [
    NaN,
    NaN,
    NaN,
    NaN,
    NaN,
    NaN,
    NaN,
    NaN,
    NaN,
    NaN
  ]
}