{
  "Train": [
    0.829304039478302,
    0.8060999512672424,
    0.7907566428184509,
    0.778649091720581,
    0.7645998001098633,
    0.7479374408721924,
    0.7322059869766235,
    0.7196146845817566,
    0.7092042565345764,
    0.7001814842224121
  ],
  "Training Time": 3.43314790725708,
  "Validate": [
    0.7512063384056091,
    0.7721158266067505,
    0.7797850370407104,
    0.7789645195007324,
    0.774643063545227,
    0.7677276134490967,
    0.7570335865020752,
    0.7453920245170593,
    0.7355074882507324,
    0.7288553714752197
  ]
}