{
  "Train": [
    1.021530270576477,
    1.015102744102478,
    1.0067373514175415,
    0.9952816367149353,
    0.9805340766906738,
    0.9632948637008667,
    0.9450687170028687,
    0.9273915886878967,
    0.911427915096283,
    0.8977094292640686
  ],
  "Training Time": 2.366769790649414,
  "Validate": [
    0.4026408791542053,
    0.3943594694137573,
    0.3846965432167053,
    0.37424588203430176,
    0.36414626240730286,
    0.3559063673019409,
    0.35046282410621643,
    0.3476925492286682,
    0.34695810079574585,
    0.34768274426460266
  ]
}