{
  "Train": [
    1.0549837350845337,
    1.0521751642227173,
    1.051186442375183,
    1.0503493547439575,
    1.0495946407318115,
    1.048862099647522,
    1.0481061935424805,
    1.0472882986068726,
    1.0463682413101196,
    1.045299768447876
  ],
  "Training Time": 3.6197452545166016,
  "Validate": [
    3.1618452072143555,
    3.154777765274048,
    3.1482038497924805,
    3.1421263217926025,
    3.1363167762756348,
    3.1305482387542725,
    3.1246156692504883,
    3.11832857131958,
    3.111504077911377,
    3.10395884513855
  ]
}