{
  "Train": [
    0.9811094403266907,
    0.9113836884498596,
    0.8653985857963562,
    0.8450452089309692,
    0.8347128033638,
    0.824845552444458,
    0.8172247409820557,
    0.8101023435592651,
    0.8039429783821106,
    0.7982802987098694
  ],
  "Training Time": 8.189625024795532,
  "Validate": [
    3.496225118637085,
    3.1180639266967773,
    2.8625502586364746,
    2.7412214279174805,
    2.644066095352173,
    2.5234336853027344,
    2.425185203552246,
    2.354736328125,
    2.3229031562805176,
    2.3208212852478027
  ]
}