{
  "Train": [
    1.1753501892089844,
    1.152596116065979,
    1.142472743988037,
    1.133434772491455,
    1.1260896921157837,
    1.1176215410232544,
    1.1087055206298828,
    1.0976495742797852,
    1.08408522605896,
    1.0671528577804565,
    1.0461527109146118,
    1.0191428661346436,
    0.9829696416854858,
    1.0084625482559204,
    0.9326080679893494,
    0.8773823380470276,
    0.8384647965431213,
    0.7560718655586243,
    0.7225092649459839,
    0.5860552191734314,
    0.6534716486930847,
    0.6847078800201416,
    0.5107157826423645,
    0.4582051932811737,
    0.3731103241443634,
    0.3569863736629486,
    0.32117244601249695,
    0.29721081256866455,
    0.2762898802757263,
    0.2597009837627411,
    0.24573475122451782,
    0.23243899643421173,
    0.21921516954898834,
    0.2120739072561264,
    0.20120953023433685,
    0.1784442812204361,
    0.17482134699821472,
    0.16766320168972015,
    0.15166938304901123,
    0.1484559327363968,
    0.1417670100927353,
    0.13133640587329865,
    0.13046465814113617,
    0.12432023882865906,
    0.1259765326976776,
    0.11972929537296295,
    0.12002187967300415,
    0.11403528600931168,
    0.1104668453335762,
    0.12243898957967758,
    0.7402001619338989,
    0.6704200506210327,
    0.18050862848758698,
    0.12934283912181854,
    0.11708072572946548,
    0.10840074717998505,
    0.10167434811592102,
    0.09631749987602234,
    0.09195643663406372,
    0.0883106216788292,
    0.08522370457649231,
    0.08263715356588364,
    0.08054997026920319,
    0.07899336516857147,
    0.07797808200120926,
    0.07739774882793427,
    0.07739295065402985,
    0.08387220650911331,
    0.10138802975416183,
    0.07736601680517197,
    0.07048261165618896,
    0.0671110600233078,
    0.06637031584978104,
    0.06361225247383118,
    0.07699223607778549,
    0.0723976269364357,
    0.0629715770483017,
    0.08617828786373138,
    0.07237858325242996,
    0.0635978952050209,
    0.05384305119514465,
    0.05708266422152519,
    0.08025430142879486,
    0.07984957098960876,
    0.05996018275618553,
    0.07242779433727264,
    0.05675901472568512,
    0.060718029737472534,
    0.05773203819990158,
    0.06374022364616394,
    0.0520322248339653,
    0.04995662719011307,
    0.045218732208013535,
    0.046257711946964264,
    0.04565545916557312,
    0.047940053045749664,
    0.04828643798828125,
    0.05031958967447281,
    0.05021701380610466,
    0.05755048990249634
  ],
  "Training Time": 76.57432460784912,
  "Validate": [
    2.0037147998809814,
    2.0471158027648926,
    2.064218044281006,
    2.0741078853607178,
    2.063338041305542,
    2.0533952713012695,
    2.030998706817627,
    2.006402015686035,
    1.974695086479187,
    1.9424198865890503,
    1.9167214632034302,
    1.9038879871368408,
    1.8748806715011597,
    1.8523262739181519,
    1.8521180152893066,
    1.8207513093948364,
    1.8061435222625732,
    1.7386199235916138,
    1.7828688621520996,
    1.7281934022903442,
    1.82752525806427,
    1.7630559206008911,
    1.7220081090927124,
    1.7503387928009033,
    1.721895694732666,
    1.733604073524475,
    1.7347503900527954,
    1.7432316541671753,
    1.7483811378479004,
    1.753075361251831,
    1.7590904235839844,
    1.7639867067337036,
    1.762903094291687,
    1.7512503862380981,
    1.761520504951477,
    1.7728158235549927,
    1.7700107097625732,
    1.77370023727417,
    1.786664605140686,
    1.783811092376709,
    1.7636756896972656,
    1.7201614379882812,
    1.749836802482605,
    1.6942622661590576,
    1.7548599243164062,
    1.673127293586731,
    1.7642874717712402,
    1.6383637189865112,
    1.7644996643066406,
    1.773452877998352,
    1.5979210138320923,
    1.9458445310592651,
    1.7982879877090454,
    1.8047734498977661,
    1.8225210905075073,
    1.8434886932373047,
    1.8629813194274902,
    1.880915880203247,
    1.8986823558807373,
    1.9177429676055908,
    1.9389233589172363,
    1.9614906311035156,
    1.9825831651687622,
    1.9991744756698608,
    2.010723352432251,
    2.018026113510132,
    2.0212771892547607,
    2.0278494358062744,
    2.0342092514038086,
    2.056912422180176,
    2.018556594848633,
    2.0542666912078857,
    2.05180287361145,
    2.0753729343414307,
    2.05204701423645,
    2.1187195777893066,
    2.087186574935913,
    2.071413993835449,
    2.1446025371551514,
    2.127540349960327,
    2.0809500217437744,
    2.113020896911621,
    2.028963327407837,
    2.1853647232055664,
    2.0043604373931885,
    2.0806386470794678,
    2.105888843536377,
    2.0469179153442383,
    2.103536367416382,
    2.083630084991455,
    2.0957720279693604,
    2.1060755252838135,
    2.1007370948791504,
    2.118370294570923,
    2.0784659385681152,
    2.134582757949829,
    2.1039881706237793,
    2.1075117588043213,
    2.068424701690674,
    2.224931001663208
  ]
}