{
  "Train": [
    1.0234183073043823,
    1.0144230127334595,
    1.003010630607605,
    0.9881281852722168,
    0.9702444672584534,
    0.9509122371673584,
    0.9322124719619751,
    0.9156447052955627,
    0.9015685319900513,
    0.8895806074142456
  ],
  "Training Time": 2.327500581741333,
  "Validate": [
    0.39206162095069885,
    0.3807132840156555,
    0.36887720227241516,
    0.35789254307746887,
    0.34959158301353455,
    0.34484556317329407,
    0.3432776927947998,
    0.34392794966697693,
    0.3458649218082428,
    0.3484305143356323
  ]
}