{
  "Train": [
    1.0605701208114624,
    1.055256724357605,
    1.0538904666900635,
    1.0527541637420654,
    1.0517538785934448,
    1.0508310794830322,
    1.049932599067688,
    1.0490045547485352,
    1.0479817390441895,
    1.0467753410339355
  ],
  "Training Time": 3.550431728363037,
  "Validate": [
    3.121070623397827,
    3.1175765991210938,
    3.1136021614074707,
    3.1095077991485596,
    3.105314016342163,
    3.1009011268615723,
    3.0960853099823,
    3.090618848800659,
    3.084164619445801,
    3.076247453689575
  ]
}