{
  "Train": [
    0.8710677027702332,
    0.8613588213920593,
    0.8513978123664856,
    0.8418950438499451,
    0.832612931728363,
    0.8233222961425781,
    0.8137235045433044,
    0.8035538792610168,
    0.7929292917251587,
    0.7824265956878662
  ],
  "Training Time": 2.797910690307617,
  "Validate": [
    NaN,
    NaN,
    NaN,
    NaN,
    NaN,
    NaN,
    NaN,
    NaN,
    NaN,
    NaN
  ]
}