{
  "Train": [
    0.7655773758888245,
    0.7435821890830994,
    0.7260482907295227,
    0.7109988927841187,
    0.6982505917549133,
    0.6879778504371643,
    0.6793611645698547,
    0.671675443649292,
    0.6645117998123169,
    0.6575499176979065
  ],
  "Training Time": 2.499821901321411,
  "Validate": [
    0.707893431186676,
    0.7298006415367126,
    0.7435452938079834,
    0.7505887746810913,
    0.7536397576332092,
    0.754693865776062,
    0.7553360462188721,
    0.75615394115448,
    0.7576407790184021,
    0.7597174048423767
  ]
}