{
  "Train": [
    0.8532686829566956,
    0.8022008538246155,
    0.7969747185707092,
    0.7935912013053894,
    0.791105329990387,
    0.7891225814819336,
    0.7874506115913391,
    0.7859747409820557,
    0.7846178412437439,
    0.7833214402198792
  ],
  "Training Time": 3.9397737979888916,
  "Validate": [
    2.5053868293762207,
    2.425828695297241,
    2.40195631980896,
    2.3884963989257812,
    2.379910945892334,
    2.3738465309143066,
    2.3693735599517822,
    2.3659043312072754,
    2.3631412982940674,
    2.3608391284942627
  ]
}