{
  "Train": [
    0.6968335509300232,
    0.7085785269737244,
    0.6911407709121704,
    0.6859892010688782,
    0.6779933571815491,
    0.6706372499465942,
    0.6638897061347961,
    0.6572348475456238,
    0.651164710521698,
    0.6454762816429138
  ],
  "Training Time": 3.0597963333129883,
  "Validate": [
    NaN,
    NaN,
    NaN,
    NaN,
    NaN,
    NaN,
    NaN,
    NaN,
    NaN,
    NaN
  ]
}