{
  "Train": [
    1.0529478788375854,
    1.0430142879486084,
    1.0326067209243774,
    1.0216988325119019,
    1.0100023746490479,
    0.9967662692070007,
    0.9812286496162415,
    0.9629384875297546,
    0.9454060196876526,
    0.9452581405639648,
    0.9601898789405823,
    0.9123319983482361,
    0.9335240125656128,
    0.8826126456260681,
    0.8811655640602112,
    0.8853914141654968,
    0.9107325673103333,
    0.8179560899734497,
    0.8229469060897827,
    0.8138957619667053,
    0.759266197681427,
    0.751361072063446,
    0.7669855356216431,
    0.7833909392356873,
    0.7517215609550476,
    0.680547297000885,
    0.6998066306114197,
    0.6378139853477478,
    0.6655255556106567,
    0.5894201993942261,
    0.5538188219070435,
    0.5202658772468567,
    0.5070029497146606,
    0.5884385704994202,
    0.5865906476974487,
    0.4806661605834961,
    0.5338224172592163,
    0.5439078211784363,
    0.4251205027103424,
    0.5343721508979797,
    0.4168482720851898,
    0.5407931804656982,
    0.44212207198143005,
    0.3665873408317566,
    0.35375046730041504,
    0.40508684515953064,
    0.4710001051425934,
    0.3750039041042328,
    0.2934201657772064,
    0.28696998953819275,
    0.27601945400238037,
    0.26903995871543884,
    0.2650029957294464,
    0.26066237688064575,
    0.25373172760009766,
    0.2437901496887207,
    0.23336319625377655,
    0.22536568343639374,
    0.21626384556293488,
    0.21582718193531036,
    0.21145422756671906,
    0.20520959794521332,
    0.200188547372818,
    0.19417628645896912,
    0.18918339908123016,
    0.18189938366413116,
    0.16890405118465424,
    0.1733238697052002,
    0.1633578985929489,
    0.15588600933551788,
    0.1523425430059433,
    0.15564747154712677,
    0.14881180226802826,
    0.14954809844493866,
    0.14613965153694153,
    0.1681324541568756,
    0.21992731094360352,
    0.21120300889015198,
    0.2881145179271698,
    0.1933133453130722,
    0.20749042928218842,
    0.13461771607398987,
    0.12627559900283813,
    0.12104187160730362,
    0.11824482679367065,
    0.11632789671421051,
    0.11490446329116821,
    0.11247043311595917,
    0.11256242543458939,
    0.11042709648609161,
    0.11091829836368561,
    0.11397892981767654,
    0.11155420541763306,
    0.11026786267757416,
    0.11397363990545273,
    0.10999049991369247,
    0.11152387410402298,
    0.11625468730926514,
    0.1077231764793396,
    0.1136615127325058
  ],
  "Training Time": 163.16196060180664,
  "Validate": [
    0.3177495300769806,
    0.3056333661079407,
    0.2983165681362152,
    0.2919321060180664,
    0.28549429774284363,
    0.27900430560112,
    0.2734096348285675,
    0.271678626537323,
    0.27929219603538513,
    0.29277583956718445,
    0.26137620210647583,
    0.23619265854358673,
    0.23887911438941956,
    0.23200251162052155,
    0.24777187407016754,
    0.2580394446849823,
    0.2337547242641449,
    0.22105589509010315,
    0.21773624420166016,
    0.22126241028308868,
    0.2329692840576172,
    0.23389491438865662,
    0.26461896300315857,
    0.29435214400291443,
    0.26922816038131714,
    0.3180648684501648,
    0.3218781650066376,
    0.38133153319358826,
    0.3559928238391876,
    0.38056790828704834,
    0.44179394841194153,
    0.49334943294525146,
    0.6725480556488037,
    0.5476069450378418,
    0.6454343199729919,
    0.790401816368103,
    0.8426949977874756,
    0.7728350162506104,
    1.1104093790054321,
    0.475199818611145,
    0.5820960998535156,
    0.7345557808876038,
    0.8867238759994507,
    0.8976687788963318,
    0.7737281918525696,
    0.9090650081634521,
    1.167402744293213,
    0.8964493274688721,
    0.9386694431304932,
    0.9245303869247437,
    0.8872854113578796,
    0.8309175968170166,
    0.7643131613731384,
    0.708142876625061,
    0.6807326674461365,
    0.6885116100311279,
    0.7360779047012329,
    0.7793428301811218,
    0.7545467615127563,
    0.8211004734039307,
    0.8205351233482361,
    0.8015627264976501,
    0.8757835030555725,
    1.0985190868377686,
    1.154725193977356,
    1.1889296770095825,
    1.2011805772781372,
    1.203697919845581,
    1.202203631401062,
    1.1628450155258179,
    1.0150141716003418,
    0.7632116079330444,
    0.4255455732345581,
    0.4516628086566925,
    0.6341567635536194,
    0.432125061750412,
    0.7034521102905273,
    0.4952353239059448,
    0.6130076050758362,
    0.8370221853256226,
    1.1196351051330566,
    0.9245567917823792,
    1.425319790840149,
    1.4002017974853516,
    1.1230833530426025,
    0.8195117712020874,
    0.9965782165527344,
    0.6607692837715149,
    0.9847257733345032,
    0.6891871094703674,
    0.5717602372169495,
    0.5420958399772644,
    0.6850884556770325,
    0.6671062707901001,
    0.7169249057769775,
    0.8494415879249573,
    0.6522306799888611,
    0.7081155180931091,
    1.0432562828063965,
    0.6326058506965637
  ]
}