{
  "Train": [
    1.101656198501587,
    1.0916931629180908,
    1.0888612270355225,
    1.0854302644729614,
    1.0822272300720215,
    1.0777381658554077,
    1.071649193763733,
    1.0619574785232544,
    1.0455889701843262,
    1.0172138214111328
  ],
  "Training Time": 8.388452053070068,
  "Validate": [
    4.3624267578125,
    4.3519697189331055,
    4.333807468414307,
    4.314123153686523,
    4.29599142074585,
    4.2828593254089355,
    4.274376392364502,
    4.262662887573242,
    4.23438024520874,
    4.163380146026611
  ]
}