{
  "Train": [
    1.1013163328170776,
    1.0843498706817627,
    1.0759589672088623,
    1.0663710832595825,
    1.0534696578979492,
    1.0353620052337646,
    1.0126667022705078,
    0.9904556274414062,
    0.9696921110153198,
    0.9492251873016357
  ],
  "Training Time": 12.280396223068237,
  "Validate": [
    4.461613178253174,
    4.457188129425049,
    4.463327407836914,
    4.484726428985596,
    4.536888122558594,
    4.644530773162842,
    4.811100959777832,
    4.990756988525391,
    5.156615734100342,
    5.268424034118652
  ]
}