{
  "Train": [
    1.2168503999710083,
    1.1773440837860107,
    1.1385486125946045,
    1.0767730474472046,
    1.0934250354766846,
    1.042453408241272,
    1.070479393005371,
    1.0123836994171143,
    1.0170246362686157,
    0.9783385396003723
  ],
  "Training Time": 11.591227769851685,
  "Validate": [
    1.266987919807434,
    1.4470276832580566,
    1.4552334547042847,
    1.5613538026809692,
    1.8033175468444824,
    2.037672281265259,
    2.064652442932129,
    2.387247085571289,
    2.4354500770568848,
    2.218130350112915
  ]
}