{
  "Train": [
    1.1023896932601929,
    1.0879217386245728,
    1.082705020904541,
    1.0789432525634766,
    1.0754460096359253,
    1.0716372728347778,
    1.0669209957122803,
    1.060425043106079,
    1.0509045124053955,
    1.0356850624084473,
    1.0100916624069214,
    0.9852493405342102,
    0.9595076441764832,
    0.9354565739631653,
    0.9133886694908142,
    0.8929484486579895,
    0.874675452709198,
    0.8588435053825378,
    0.8453966975212097,
    0.8340569734573364,
    0.824608325958252,
    0.8172104954719543,
    0.8108208775520325,
    0.8040508031845093,
    0.7985712885856628,
    0.7937301397323608,
    0.7895879149436951,
    0.785761833190918,
    0.7823294997215271,
    0.7789832353591919,
    0.7758694887161255,
    0.7727192044258118,
    0.7696789503097534,
    0.7665361762046814,
    0.7633854150772095,
    0.76007479429245,
    0.756626307964325,
    0.7529324293136597,
    0.7489726543426514,
    0.7447326183319092,
    0.7403383851051331,
    0.7359795570373535,
    0.7317010164260864,
    0.7273488640785217,
    0.7227286100387573,
    0.7175670266151428,
    0.7115761041641235,
    0.7048460841178894,
    0.7049232125282288,
    0.7046011686325073,
    0.6796165704727173,
    0.6784812808036804,
    0.6915430426597595,
    0.6772550344467163,
    0.6549897193908691,
    0.6378788352012634,
    0.6398797631263733,
    0.6293924450874329,
    0.626788854598999,
    0.6124643683433533,
    0.6081675887107849,
    0.6037771105766296,
    0.5988015532493591,
    0.5979340672492981,
    0.5897619128227234,
    0.5978313088417053,
    0.5823640823364258,
    0.6089357733726501,
    0.574613094329834,
    0.5797378420829773,
    0.5641581416130066,
    0.5684507489204407,
    0.5550867915153503,
    0.5589437484741211,
    0.5463046431541443,
    0.5500925183296204,
    0.537590742111206,
    0.541239857673645,
    0.5287457704544067,
    0.532060980796814,
    0.5197675824165344,
    0.5229295492172241,
    0.5109254717826843,
    0.5142509341239929,
    0.5023783445358276,
    0.5059909820556641,
    0.49387285113334656,
    0.49750664830207825,
    0.4848175048828125,
    0.48797425627708435,
    0.4750302731990814,
    0.47753775119781494,
    0.4651775360107422,
    0.4670475125312805,
    0.45597490668296814,
    0.4570145308971405,
    0.4475364685058594,
    0.4474929869174957,
    0.43959930539131165,
    0.4383571445941925
  ],
  "Training Time": 73.5749979019165,
  "Validate": [
    4.462699890136719,
    4.436657428741455,
    4.427244186401367,
    4.425168037414551,
    4.428756237030029,
    4.440048694610596,
    4.465315341949463,
    4.518310070037842,
    4.626095771789551,
    4.811151504516602,
    5.037849426269531,
    5.083731174468994,
    5.164077281951904,
    5.232390880584717,
    5.2691850662231445,
    5.275840759277344,
    5.260178565979004,
    5.235021114349365,
    5.21022367477417,
    5.198296546936035,
    5.212433815002441,
    5.243372917175293,
    5.269380569458008,
    5.291558742523193,
    5.304815292358398,
    5.311357021331787,
    5.312678337097168,
    5.3114519119262695,
    5.3078765869140625,
    5.303954124450684,
    5.298612594604492,
    5.293396472930908,
    5.28696346282959,
    5.2801923751831055,
    5.27186393737793,
    5.2619242668151855,
    5.2489118576049805,
    5.231466770172119,
    5.207423686981201,
    5.175456523895264,
    5.136837482452393,
    5.095287322998047,
    5.053258419036865,
    5.012051105499268,
    4.970755577087402,
    4.926295280456543,
    4.868729114532471,
    4.7576375007629395,
    4.93548583984375,
    4.801738262176514,
    4.685232162475586,
    4.533246994018555,
    4.881931304931641,
    4.411255836486816,
    4.746599197387695,
    4.537174701690674,
    4.787970066070557,
    4.476889133453369,
    4.745781421661377,
    4.748129367828369,
    4.807992935180664,
    4.807156085968018,
    4.884617805480957,
    4.855062484741211,
    4.954960823059082,
    4.846608638763428,
    4.992185115814209,
    4.798649787902832,
    4.964199542999268,
    4.869866847991943,
    4.980941295623779,
    4.908534049987793,
    4.9941205978393555,
    4.930214881896973,
    5.001506328582764,
    4.939478874206543,
    5.001955032348633,
    4.942766189575195,
    4.995574474334717,
    4.945039749145508,
    4.982743740081787,
    4.943387031555176,
    4.962691783905029,
    4.931787014007568,
    4.935471057891846,
    4.90695333480835,
    4.904600143432617,
    4.871023654937744,
    4.875822067260742,
    4.833621025085449,
    4.853072643280029,
    4.806812763214111,
    4.837462902069092,
    4.794671058654785,
    4.827308177947998,
    4.7914886474609375,
    4.818729877471924,
    4.790070533752441,
    4.807804584503174,
    4.785884857177734
  ]
}