{
  "Train": [
    1.01980721950531,
    0.9145920872688293,
    0.9199718236923218,
    0.7610726356506348,
    0.6853353977203369,
    0.8227694034576416,
    0.6048425436019897,
    0.593765914440155,
    0.568604588508606,
    0.5566083192825317,
    0.5412915945053101,
    0.5169612169265747,
    0.5046102404594421,
    0.49167600274086,
    0.4898337125778198,
    0.478298544883728,
    0.47137451171875,
    0.4567931592464447,
    0.4487782418727875,
    0.4444514214992523,
    0.43481895327568054,
    0.43043631315231323,
    0.6000533699989319,
    0.6354188919067383,
    0.7357728481292725,
    0.4727480709552765,
    0.41083529591560364,
    0.38525429368019104,
    0.37098774313926697,
    0.3604588508605957,
    0.35169747471809387,
    0.34041231870651245,
    0.33105480670928955,
    0.3232467472553253,
    0.31618425250053406,
    0.3090296983718872,
    0.3020921051502228,
    0.2965013384819031,
    0.2906590402126312,
    0.3000381290912628,
    0.28203827142715454,
    0.4097464084625244,
    0.6313307285308838,
    0.7483466267585754,
    0.522964596748352,
    0.41135501861572266,
    0.3641537129878998,
    0.3453329801559448,
    0.6101012229919434,
    0.43003225326538086,
    0.4650260806083679,
    0.4772677421569824,
    0.3771451413631439,
    0.4007187485694885,
    0.3612854778766632,
    0.4290958642959595,
    0.8446829915046692,
    0.6008434295654297,
    0.4969371557235718,
    0.4353581964969635,
    0.41272106766700745,
    0.37257227301597595,
    0.35056978464126587,
    0.32936909794807434,
    0.3171136975288391,
    0.3050536811351776,
    0.29684606194496155,
    0.2870062589645386,
    0.28225624561309814,
    0.27432918548583984,
    0.27381154894828796,
    0.27372032403945923,
    0.25077155232429504,
    0.25167012214660645,
    0.2932421565055847,
    0.402984082698822,
    0.36988213658332825,
    0.26907461881637573,
    0.23768916726112366,
    0.20939938724040985,
    0.1952560991048813,
    0.2605346441268921,
    0.21098989248275757,
    0.18637534976005554,
    0.17866729199886322,
    0.16708827018737793,
    0.16118182241916656,
    0.16203472018241882,
    0.163437157869339,
    0.18097376823425293,
    0.2802373468875885,
    0.8652536869049072,
    0.7506605386734009,
    0.7924849987030029,
    0.6101551651954651,
    0.47198423743247986,
    0.3317895531654358,
    0.28404441475868225,
    0.2852080762386322,
    0.31976738572120667
  ],
  "Training Time": 122.31076216697693,
  "Validate": [
    NaN,
    NaN,
    NaN,
    NaN,
    NaN,
    NaN,
    NaN,
    NaN,
    NaN,
    NaN,
    NaN,
    NaN,
    NaN,
    NaN,
    NaN,
    NaN,
    NaN,
    NaN,
    NaN,
    NaN,
    NaN,
    NaN,
    NaN,
    NaN,
    NaN,
    NaN,
    NaN,
    NaN,
    NaN,
    NaN,
    NaN,
    NaN,
    NaN,
    NaN,
    NaN,
    NaN,
    NaN,
    NaN,
    NaN,
    NaN,
    NaN,
    NaN,
    NaN,
    NaN,
    NaN,
    NaN,
    NaN,
    NaN,
    NaN,
    NaN,
    NaN,
    NaN,
    NaN,
    NaN,
    NaN,
    NaN,
    NaN,
    NaN,
    NaN,
    NaN,
    NaN,
    NaN,
    NaN,
    NaN,
    NaN,
    NaN,
    NaN,
    NaN,
    NaN,
    NaN,
    NaN,
    NaN,
    NaN,
    NaN,
    NaN,
    NaN,
    NaN,
    NaN,
    NaN,
    NaN,
    NaN,
    NaN,
    NaN,
    NaN,
    NaN,
    NaN,
    NaN,
    NaN,
    NaN,
    NaN,
    NaN,
    NaN,
    NaN,
    NaN,
    NaN,
    NaN,
    NaN,
    NaN,
    NaN,
    NaN
  ]
}