{
  "Train": [
    1.182172179222107,
    1.1582131385803223,
    1.147504210472107,
    1.1387544870376587,
    1.132236361503601,
    1.1259667873382568,
    1.1189738512039185,
    1.110642433166504,
    1.0998432636260986,
    1.083953857421875,
    1.0657861232757568,
    1.0448943376541138,
    1.0178941488265991,
    0.9837963581085205,
    0.9512633085250854,
    0.898517906665802,
    0.8560186624526978,
    0.7921518683433533,
    0.7537664771080017,
    0.634734570980072,
    0.614711582660675,
    0.48265519738197327,
    0.4778118133544922,
    0.4321920573711395,
    0.3514327108860016,
    0.3264385163784027,
    0.2835406959056854,
    0.2518523931503296,
    0.2352667599916458,
    0.21504494547843933,
    0.18952615559101105,
    0.18729890882968903,
    0.18354037404060364,
    0.17577622830867767,
    0.16717831790447235,
    0.17962834239006042,
    0.17406097054481506,
    0.16178849339485168,
    0.15337182581424713,
    0.1512109935283661,
    0.1430770307779312,
    0.14552617073059082,
    0.14041534066200256,
    0.14332325756549835,
    0.13872379064559937,
    0.14728829264640808,
    0.15649376809597015,
    0.1526641845703125,
    0.14494049549102783,
    0.13771525025367737,
    0.13360749185085297,
    0.1308559775352478,
    0.1218322366476059,
    0.13143207132816315,
    0.1474442332983017,
    0.16918596625328064,
    0.8415005803108215,
    0.4984462559223175,
    0.14629538357257843,
    0.13916592299938202,
    0.11458712071180344,
    0.11096818745136261,
    0.10393474251031876,
    0.1026291623711586,
    0.09973682463169098,
    0.09776217490434647,
    0.09618911147117615,
    0.09370986372232437,
    0.0923079401254654,
    0.09086255729198456,
    0.08819855004549026,
    0.08716318011283875,
    0.08770246803760529,
    0.08251558989286423,
    0.08157095313072205,
    0.11805141717195511,
    0.8454645872116089,
    0.23651504516601562,
    0.1457924097776413,
    0.10405603051185608,
    0.08212694525718689,
    0.07415682822465897,
    0.06959570199251175,
    0.06710870563983917,
    0.06458333134651184,
    0.06290430575609207,
    0.0609285943210125,
    0.059482671320438385,
    0.05783029645681381,
    0.05639761686325073,
    0.05607397109270096,
    0.05637546628713608,
    0.0692037045955658,
    0.07370737940073013,
    0.09822213649749756,
    0.06081856042146683,
    0.06069687753915787,
    0.06149560213088989,
    0.08589225262403488,
    0.08258596807718277
  ],
  "Training Time": 91.80368208885193,
  "Validate": [
    1.9905654191970825,
    2.0329484939575195,
    2.0448529720306396,
    2.040588140487671,
    2.0328664779663086,
    2.024707555770874,
    2.0221312046051025,
    2.011045217514038,
    2.0050907135009766,
    2.0119612216949463,
    2.0355124473571777,
    2.076730966567993,
    2.12707781791687,
    2.1615617275238037,
    2.2527711391448975,
    2.2650609016418457,
    2.4269347190856934,
    2.4994804859161377,
    2.53467059135437,
    2.803487777709961,
    2.9796488285064697,
    3.148601770401001,
    3.341904401779175,
    3.515348196029663,
    3.725027561187744,
    3.884044647216797,
    3.8877463340759277,
    3.6674628257751465,
    3.730422258377075,
    4.045280456542969,
    4.009982109069824,
    3.9417531490325928,
    4.074809551239014,
    3.8830788135528564,
    3.8116769790649414,
    3.931809186935425,
    3.923421621322632,
    3.8647279739379883,
    3.8477883338928223,
    3.7958321571350098,
    3.857412815093994,
    3.7580413818359375,
    3.793163537979126,
    3.668518304824829,
    3.7415671348571777,
    3.6066911220550537,
    3.557537794113159,
    3.466179132461548,
    3.457728385925293,
    3.557082176208496,
    3.508902072906494,
    3.406932830810547,
    3.4988884925842285,
    3.4344091415405273,
    3.636366128921509,
    3.604219675064087,
    2.333655834197998,
    2.4438605308532715,
    2.486433982849121,
    2.5196468830108643,
    2.621354103088379,
    2.6298296451568604,
    2.683779001235962,
    2.704780101776123,
    2.7364301681518555,
    2.76375675201416,
    2.7853031158447266,
    2.8107640743255615,
    2.8342695236206055,
    2.8500239849090576,
    2.86830997467041,
    2.895796060562134,
    2.9041247367858887,
    2.8954601287841797,
    2.977461099624634,
    3.0854604244232178,
    2.8799352645874023,
    2.797980546951294,
    2.9104392528533936,
    2.9089343547821045,
    2.916908025741577,
    2.9080488681793213,
    2.922567844390869,
    2.921600103378296,
    2.933185338973999,
    2.9316353797912598,
    2.937091588973999,
    2.942411184310913,
    2.9279868602752686,
    2.969557046890259,
    2.883009910583496,
    3.062755823135376,
    2.768801689147949,
    3.272874593734741,
    2.7647035121917725,
    3.0671274662017822,
    2.796653985977173,
    3.0802557468414307,
    2.7926182746887207,
    2.8870067596435547
  ]
}