{
  "Train": [
    1.4358320236206055,
    1.1607815027236938,
    1.1189134120941162,
    1.1000683307647705,
    1.090543508529663,
    1.076498031616211,
    1.0600063800811768,
    1.0439069271087646,
    1.0265592336654663,
    1.0084506273269653,
    0.9894895553588867,
    0.9694701433181763,
    0.948372483253479,
    0.9267562031745911,
    0.902687668800354,
    0.8843365907669067,
    0.8738464713096619,
    0.8338029980659485,
    0.7980886101722717,
    0.802556037902832,
    0.7284486889839172,
    0.8349302411079407,
    0.7807098031044006,
    0.7372115254402161,
    0.6892028450965881,
    0.6696938276290894,
    0.6912229657173157,
    0.6784525513648987,
    0.6723784804344177,
    0.6026872396469116,
    0.562784731388092,
    0.5287602543830872,
    0.5236765742301941,
    0.6545706987380981,
    0.515026330947876,
    0.52935791015625,
    0.4299040138721466,
    0.41806915402412415,
    0.36917516589164734,
    0.32098349928855896,
    0.2737593948841095,
    0.2607826292514801,
    0.24500112235546112,
    0.2317303568124771,
    0.9139335751533508,
    0.9366456866264343,
    0.5698317885398865,
    0.40459635853767395,
    0.2933501899242401,
    0.21541452407836914,
    0.17789189517498016,
    0.15357711911201477,
    0.1445545256137848,
    0.13835105299949646,
    0.1304151862859726,
    0.12170308083295822,
    0.12117163836956024,
    0.10580526292324066,
    0.09742246568202972,
    0.09879998862743378,
    0.09444290399551392,
    0.08887278288602829,
    0.08295523375272751,
    0.0848822146654129,
    0.10236029326915741,
    0.11416347324848175,
    0.11932153254747391,
    0.12684616446495056,
    0.1725543737411499,
    0.18915626406669617,
    0.2109239548444748,
    0.4240334630012512,
    0.16188859939575195,
    0.09079397469758987,
    0.13098610937595367,
    0.08660601079463959,
    0.06438673287630081,
    0.055609676986932755,
    0.04417148604989052,
    0.053074147552251816,
    0.05797192454338074,
    0.08062088489532471,
    0.08762701600790024,
    0.13997890055179596,
    0.8065407872200012,
    1.1080400943756104,
    0.8780294060707092,
    0.794678270816803,
    0.7175248861312866,
    0.6476698517799377,
    0.5875354409217834,
    0.537937343120575,
    0.47903886437416077,
    0.447395384311676,
    0.4387304186820984,
    0.4038008153438568,
    0.3310239017009735,
    0.2602233588695526,
    0.23178966343402863,
    0.22087576985359192
  ],
  "Training Time": 140.1858253479004,
  "Validate": [
    1.3847416639328003,
    1.51202392578125,
    1.576300024986267,
    1.646145224571228,
    1.6501787900924683,
    1.5929697751998901,
    1.6275478601455688,
    1.651373267173767,
    1.712575912475586,
    1.816450595855713,
    1.9239394664764404,
    2.037449359893799,
    2.2003602981567383,
    2.4799864292144775,
    2.7581167221069336,
    3.4761581420898438,
    3.2513365745544434,
    2.057466983795166,
    2.332712411880493,
    2.333127737045288,
    5.274027347564697,
    4.015865802764893,
    4.32204008102417,
    5.382905006408691,
    6.303707599639893,
    6.89139986038208,
    5.804121971130371,
    6.149972915649414,
    7.136168956756592,
    6.7930684089660645,
    8.060401916503906,
    7.8800153732299805,
    11.10457992553711,
    8.262648582458496,
    11.271198272705078,
    9.426505088806152,
    9.994725227355957,
    10.574372291564941,
    11.209816932678223,
    10.968184471130371,
    11.503744125366211,
    12.624263763427734,
    11.045838356018066,
    11.80212116241455,
    4.642014503479004,
    3.4910123348236084,
    2.168391704559326,
    6.282171249389648,
    6.465270519256592,
    7.476980209350586,
    7.870205402374268,
    7.975205898284912,
    7.7021870613098145,
    8.087555885314941,
    8.107926368713379,
    8.068306922912598,
    8.562087059020996,
    7.9308695793151855,
    8.336858749389648,
    8.36453628540039,
    8.271872520446777,
    8.114514350891113,
    8.732970237731934,
    7.686008930206299,
    8.95596694946289,
    7.679858684539795,
    8.063518524169922,
    8.619976043701172,
    7.744912624359131,
    10.119163513183594,
    7.432634353637695,
    8.37395191192627,
    8.910425186157227,
    8.799415588378906,
    8.745014190673828,
    8.723623275756836,
    8.79627799987793,
    8.898836135864258,
    9.090227127075195,
    8.640399932861328,
    9.09062671661377,
    9.054985046386719,
    9.738019943237305,
    9.04822826385498,
    3.652973175048828,
    3.044914484024048,
    3.1818435192108154,
    4.277194976806641,
    3.7143285274505615,
    4.825153350830078,
    6.177059650421143,
    7.056704998016357,
    6.2553558349609375,
    9.34958267211914,
    1.053787350654602,
    4.137780666351318,
    3.4712836742401123,
    5.6527252197265625,
    6.147732257843018,
    5.705746173858643
  ]
}