{
  "Train": [
    0.9088859558105469,
    0.8683961629867554,
    0.8316738605499268,
    0.8298766016960144,
    0.8251345753669739,
    0.8226462006568909,
    0.8206526637077332,
    0.8188863396644592,
    0.817440390586853,
    0.8159893751144409
  ],
  "Training Time": 2.849864959716797,
  "Validate": [
    3.140007734298706,
    3.1158607006073,
    2.9799959659576416,
    2.942127227783203,
    2.90537428855896,
    2.872511386871338,
    2.84425950050354,
    2.8152408599853516,
    2.790576934814453,
    2.7640187740325928
  ]
}