{
  "Train": [
    0.724974513053894,
    0.7015838027000427,
    0.6841221451759338,
    0.6684882044792175,
    0.6588036417961121,
    0.6540616154670715,
    0.6532669067382812,
    0.6480299234390259,
    0.6422362923622131,
    0.6360349655151367
  ],
  "Training Time": 3.149791717529297,
  "Validate": [
    NaN,
    NaN,
    NaN,
    NaN,
    NaN,
    NaN,
    NaN,
    NaN,
    NaN,
    NaN
  ]
}