{
  "Train": [
    0.06572369486093521,
    0.04974221810698509,
    0.04129040986299515,
    0.03499947115778923,
    0.03169545158743858,
    0.029056746512651443,
    0.028796983882784843,
    0.028421014547348022,
    0.027861129492521286,
    0.025796521455049515,
    0.023740127682685852,
    0.022657910361886024,
    0.022122396156191826,
    0.021829357370734215,
    0.021613895893096924,
    0.02135343663394451,
    0.021001743152737617,
    0.020597174763679504,
    0.020214704796671867,
    0.019902868196368217,
    0.019656281918287277,
    0.01943950355052948,
    0.01923614740371704,
    0.01904662325978279,
    0.01887129805982113
  ],
  "Training Time": 12.847813844680786,
  "Validate": [
    0.06354175508022308,
    0.06446491181850433,
    0.0527200847864151,
    0.051163338124752045,
    0.050268713384866714,
    0.049507953226566315,
    0.0472433939576149,
    0.046197559684515,
    0.043995339423418045,
    0.04204285889863968,
    0.04128614440560341,
    0.04088928923010826,
    0.0405631922185421,
    0.04028882458806038,
    0.040068864822387695,
    0.03989442065358162,
    0.03974321112036705,
    0.039584290236234665,
    0.039393309503793716,
    0.03917357698082924,
    0.038944851607084274,
    0.038722600787878036,
    0.0385122112929821,
    0.038318417966365814,
    0.03814958781003952
  ]
}