{
  "Train": [
    1.065449833869934,
    1.0585006475448608,
    1.0573469400405884,
    1.0566247701644897,
    1.0556845664978027,
    1.0551589727401733,
    1.0545600652694702,
    1.0546270608901978,
    1.0537354946136475,
    1.0532633066177368
  ],
  "Training Time": 5.519998073577881,
  "Validate": [
    3.150263786315918,
    3.1517350673675537,
    3.148880958557129,
    3.1453683376312256,
    3.1443350315093994,
    3.143022298812866,
    3.1441426277160645,
    3.1385414600372314,
    3.139148473739624,
    3.13541841506958
  ]
}