{
  "Train": [
    1.0332529544830322,
    1.0343893766403198,
    1.0356836318969727,
    1.0333806276321411,
    1.032544493675232,
    1.0322140455245972,
    1.0320053100585938,
    1.0318018198013306,
    1.0314892530441284,
    1.031261920928955
  ],
  "Training Time": 3.49996280670166,
  "Validate": [
    0.4176970422267914,
    0.4174550473690033,
    0.40783587098121643,
    0.41030144691467285,
    0.4108033776283264,
    0.4111744165420532,
    0.4115474820137024,
    0.41178515553474426,
    0.4120142161846161,
    0.41251471638679504
  ]
}