{
  "Train": [
    1.0293207168579102,
    1.0293030738830566,
    1.0293165445327759,
    1.0295019149780273,
    1.0303266048431396,
    1.0277509689331055,
    1.0154826641082764,
    0.9934369325637817,
    0.9732776880264282,
    0.9561487436294556
  ],
  "Training Time": 4.169970512390137,
  "Validate": [
    NaN,
    NaN,
    NaN,
    NaN,
    NaN,
    NaN,
    NaN,
    NaN,
    NaN,
    NaN
  ]
}