{
  "Train": [
    1.4505916833877563,
    1.087558627128601,
    1.0026270151138306,
    0.9319811463356018,
    0.8821315169334412,
    0.8628644347190857,
    0.8931590914726257,
    1.0067552328109741,
    0.8515016436576843,
    0.8259468078613281,
    0.8192785978317261,
    0.7492705583572388,
    0.8300140500068665,
    0.7692109942436218,
    0.7811719179153442,
    0.7360636591911316,
    0.6400545835494995,
    0.7398138046264648,
    0.7165022492408752,
    0.5920237302780151,
    0.5863841772079468,
    0.638631284236908,
    0.6405748724937439,
    0.4675006568431854,
    0.41322460770606995,
    0.4331558048725128,
    0.41728469729423523,
    0.7196106314659119,
    0.6495764851570129,
    0.3762480914592743,
    0.2946854531764984,
    0.3488655388355255,
    0.4237118661403656,
    0.2281409204006195,
    0.21612200140953064,
    0.3484160006046295,
    0.27443331480026245,
    0.19509127736091614,
    0.21163038909435272,
    0.180962935090065,
    0.18009145557880402,
    0.16063685715198517,
    0.15879413485527039,
    0.15253542363643646,
    0.15147742629051208,
    0.14745314419269562,
    0.14531256258487701,
    0.14344032108783722,
    0.14171567559242249,
    0.14077593386173248,
    0.13719616830348969,
    0.13378313183784485,
    0.13075938820838928,
    0.14179366827011108,
    0.15452928841114044,
    0.8463192582130432,
    0.4337775409221649,
    1.1560580730438232,
    0.5888821482658386,
    0.26538726687431335,
    0.1853816956281662,
    0.16523979604244232,
    0.16190339624881744,
    0.14080139994621277,
    0.13213925063610077,
    0.12720710039138794,
    0.12302032858133316,
    0.1311575472354889,
    0.14131364226341248,
    0.4230158030986786,
    0.413836270570755,
    0.36558839678764343,
    0.2653203010559082,
    0.13613685965538025,
    0.10843361169099808,
    0.10326184332370758,
    0.09811577945947647,
    0.09522319585084915,
    0.09263982623815536,
    0.0892883688211441,
    0.08700732886791229,
    0.08586063235998154,
    0.0837150290608406,
    0.08273009210824966,
    0.08114941418170929,
    0.07433212548494339,
    0.07336628437042236,
    0.07359778881072998,
    0.0820407122373581,
    0.07856635004281998,
    0.09121698141098022,
    0.07986191660165787,
    0.08819806575775146,
    0.06938230246305466,
    0.06836365163326263,
    0.07725425809621811,
    0.0850418210029602,
    0.0675305500626564,
    0.07029437273740768,
    0.07458078861236572
  ],
  "Training Time": 204.4205367565155,
  "Validate": [
    0.28183725476264954,
    0.3247620761394501,
    0.37847262620925903,
    0.5302273631095886,
    0.5249361991882324,
    0.6040105223655701,
    0.4564012289047241,
    0.4577178657054901,
    0.7357831597328186,
    0.7039403915405273,
    0.9321441054344177,
    0.8490209579467773,
    0.7058702111244202,
    0.8547828793525696,
    0.7645056247711182,
    1.0794854164123535,
    0.9108337759971619,
    0.7386720776557922,
    1.2236732244491577,
    1.0273420810699463,
    1.0085736513137817,
    1.001525640487671,
    0.9870323538780212,
    1.0627942085266113,
    1.1306774616241455,
    1.0255317687988281,
    1.0723227262496948,
    1.4653233289718628,
    1.2026653289794922,
    1.4443039894104004,
    1.1246552467346191,
    1.1047016382217407,
    1.0531659126281738,
    1.2520560026168823,
    0.8312755227088928,
    1.1741552352905273,
    0.9180418252944946,
    1.3829509019851685,
    1.0082316398620605,
    1.0769282579421997,
    1.0167924165725708,
    1.0868686437606812,
    1.0496796369552612,
    1.0646880865097046,
    1.0732921361923218,
    1.075691819190979,
    1.0980839729309082,
    1.0809837579727173,
    1.0826281309127808,
    1.0632637739181519,
    1.0603972673416138,
    1.0135842561721802,
    0.967456579208374,
    0.9721171855926514,
    1.348217487335205,
    0.7532415986061096,
    0.8080032467842102,
    0.2918306589126587,
    1.1703742742538452,
    1.2301709651947021,
    1.152015209197998,
    1.041103720664978,
    1.0450809001922607,
    1.0427483320236206,
    1.0080978870391846,
    1.0073589086532593,
    1.0165743827819824,
    1.0351824760437012,
    1.312002182006836,
    1.1187762022018433,
    0.6987547278404236,
    0.6613900065422058,
    1.2544413805007935,
    1.2701541185379028,
    1.1467547416687012,
    1.1446791887283325,
    1.150105595588684,
    1.1640629768371582,
    1.1685940027236938,
    1.1796618700027466,
    1.2065746784210205,
    1.2317675352096558,
    1.2366657257080078,
    1.235322117805481,
    1.2251636981964111,
    1.2133607864379883,
    1.2290358543395996,
    1.2271908521652222,
    1.2292590141296387,
    1.2080750465393066,
    1.1592720746994019,
    1.1619635820388794,
    1.1061830520629883,
    1.163092017173767,
    1.1222126483917236,
    1.121901273727417,
    0.9834513068199158,
    0.9491845965385437,
    1.0734151601791382,
    1.1332793235778809
  ]
}