{
  "Train": [
    0.9686700105667114,
    0.9090933203697205,
    0.861327588558197,
    0.8072280287742615,
    0.7399465441703796,
    0.6654134392738342,
    0.6051357388496399,
    0.5627568364143372,
    0.5292080640792847,
    0.5003694891929626
  ],
  "Training Time": 3.350740671157837,
  "Validate": [
    1.9770216941833496,
    1.6998021602630615,
    1.6081546545028687,
    1.5071667432785034,
    1.3779313564300537,
    1.2379660606384277,
    1.1893455982208252,
    1.210463523864746,
    1.212695598602295,
    1.200340986251831
  ]
}