{
  "Train": [
    0.37998828291893005,
    0.36301279067993164,
    0.33859720826148987,
    0.3099811375141144,
    0.28834253549575806,
    0.2725912034511566,
    0.2582204043865204,
    0.24269816279411316,
    0.22857807576656342,
    0.21663658320903778
  ],
  "Training Time": 4.039428234100342,
  "Validate": [
    NaN,
    NaN,
    NaN,
    NaN,
    NaN,
    NaN,
    NaN,
    NaN,
    NaN,
    NaN
  ]
}