{
  "Train": [
    0.7575788497924805,
    0.7678205966949463,
    0.7483699321746826,
    0.7356880307197571,
    0.7184665203094482,
    0.7017742395401001,
    0.6819485425949097,
    0.6635931730270386,
    0.6498227119445801,
    0.6375005841255188
  ],
  "Training Time": 3.1099917888641357,
  "Validate": [
    NaN,
    NaN,
    NaN,
    NaN,
    NaN,
    NaN,
    NaN,
    NaN,
    NaN,
    NaN
  ]
}