{
  "Train": [
    0.9582436680793762,
    0.9111831784248352,
    0.8849979639053345,
    0.8645066618919373,
    0.8493183851242065,
    0.8342047333717346,
    0.8191319108009338,
    0.8047767281532288,
    0.7908944487571716,
    0.7780336737632751
  ],
  "Training Time": 2.539964437484741,
  "Validate": [
    0.3188822269439697,
    0.34393924474716187,
    0.3728661835193634,
    0.39621439576148987,
    0.41486188769340515,
    0.42945200204849243,
    0.4409901797771454,
    0.44991180300712585,
    0.4553762376308441,
    0.4576731026172638
  ]
}