{
  "Train": [
    1.0667688846588135,
    1.0582658052444458,
    1.055822730064392,
    1.0543603897094727,
    1.0532753467559814,
    1.0522677898406982,
    1.0511449575424194,
    1.049689531326294,
    1.0475448369979858,
    1.0441097021102905
  ],
  "Training Time": 3.8979315757751465,
  "Validate": [
    7.201179027557373,
    7.2140116691589355,
    7.223188400268555,
    7.231285572052002,
    7.239198684692383,
    7.247875213623047,
    7.258058547973633,
    7.270803928375244,
    7.287253379821777,
    7.308833122253418
  ]
}