{
  "Train": [
    0.9308601021766663,
    0.9059305787086487,
    0.8965649604797363,
    0.882095992565155,
    0.8707956671714783,
    0.8568296432495117,
    0.8445118069648743,
    0.8310067057609558,
    0.817043125629425,
    0.8017858862876892
  ],
  "Training Time": 3.0083746910095215,
  "Validate": [
    NaN,
    NaN,
    NaN,
    NaN,
    NaN,
    NaN,
    NaN,
    NaN,
    NaN,
    NaN
  ]
}