{
  "Train": [
    0.3428868353366852,
    0.1074851006269455,
    0.06973286718130112,
    0.0616467110812664,
    0.05336254835128784,
    0.0469353124499321,
    0.04136054962873459,
    0.03689171373844147,
    0.03299887105822563,
    0.02970215305685997,
    0.02703949436545372,
    0.024796700105071068,
    0.022821204736828804,
    0.02101612091064453,
    0.01921495422720909,
    0.017375018447637558,
    0.015651287510991096,
    0.014290143735706806,
    0.013387295417487621,
    0.01285664364695549,
    0.012614279985427856,
    0.012590166181325912,
    0.012677191756665707,
    0.012736105360090733,
    0.01276728231459856
  ],
  "Training Time": 22.47674012184143,
  "Validate": [
    NaN,
    NaN,
    NaN,
    NaN,
    NaN,
    NaN,
    NaN,
    NaN,
    NaN,
    NaN,
    NaN,
    NaN,
    NaN,
    NaN,
    NaN,
    NaN,
    NaN,
    NaN,
    NaN,
    NaN,
    NaN,
    NaN,
    NaN,
    NaN,
    NaN
  ]
}