{
  "Train": [
    1.3954614400863647,
    1.1763840913772583,
    1.0584465265274048,
    1.08468759059906,
    1.022475004196167,
    0.9515122771263123,
    0.9347503781318665,
    0.8427890539169312,
    0.8974547982215881,
    0.8064596056938171,
    0.9341877102851868,
    0.7828653454780579,
    0.7287297248840332,
    0.7994316220283508,
    0.7431789636611938,
    0.6439714431762695,
    0.7553152441978455,
    0.8565308451652527,
    0.9458326697349548,
    0.7301107048988342,
    0.6543520092964172,
    0.5637015700340271,
    0.5578802824020386,
    0.4983564019203186,
    0.5124338865280151,
    0.45983192324638367,
    0.46749305725097656,
    0.4475584626197815,
    0.4969250559806824,
    0.4185327887535095,
    0.33824267983436584,
    0.32535967230796814,
    0.3061855733394623,
    0.45287904143333435,
    0.38282209634780884,
    0.32546910643577576,
    0.2526129484176636,
    0.2502046227455139,
    0.2657088041305542,
    0.2405076026916504,
    0.2555330693721771,
    0.20613324642181396,
    0.18115994334220886,
    0.16566021740436554,
    0.16443376243114471,
    0.17236578464508057,
    0.15578100085258484,
    0.17839975655078888,
    0.16100451350212097,
    0.10806034505367279,
    0.10793186724185944,
    0.12962059676647186,
    0.1300695389509201,
    0.15752413868904114,
    0.10808026790618896,
    0.0964551791548729,
    0.1073414534330368,
    0.09649934619665146,
    0.14356327056884766,
    0.16364766657352448,
    0.15279491245746613,
    0.10802217572927475,
    0.05766334384679794,
    0.046389464288949966,
    0.05294230207800865,
    0.045264240354299545,
    0.1522359699010849,
    0.3052807152271271,
    0.08689945936203003,
    0.05903872102499008,
    0.048677440732717514,
    0.04275994375348091,
    0.03532106429338455,
    0.03259623795747757,
    0.0277802012860775,
    0.030987797304987907,
    0.034062787890434265,
    0.027236249297857285,
    0.03209158405661583,
    0.05559880658984184,
    0.11459159106016159,
    0.17449107766151428,
    0.2550371587276459,
    0.2133050113916397,
    0.1305423527956009,
    0.06707294285297394,
    0.06294600665569305,
    0.04748539254069328,
    0.0478462316095829,
    0.042668405920267105,
    0.0440383180975914,
    0.04007071256637573,
    0.0427236333489418,
    0.04101026430726051,
    0.043758880347013474,
    0.042485129088163376,
    0.046188823878765106,
    0.042289528995752335,
    0.048839014023542404,
    0.039240512996912
  ],
  "Training Time": 138.7651858329773,
  "Validate": [
    2.1452524662017822,
    1.9024049043655396,
    2.383460760116577,
    2.530667781829834,
    2.602146863937378,
    2.7887516021728516,
    3.0949883460998535,
    3.49483585357666,
    3.2566232681274414,
    4.02374267578125,
    3.2304916381835938,
    3.755526542663574,
    4.12481164932251,
    3.7856955528259277,
    4.2844014167785645,
    5.160137176513672,
    3.7353856563568115,
    5.160153388977051,
    4.259276866912842,
    4.472204208374023,
    4.2025675773620605,
    4.019857406616211,
    4.513518333435059,
    4.803195476531982,
    4.775091171264648,
    5.472787380218506,
    5.7055182456970215,
    4.234866619110107,
    5.013901233673096,
    5.547732830047607,
    6.208207607269287,
    5.683201313018799,
    6.485293388366699,
    5.667452335357666,
    5.772738456726074,
    6.339935779571533,
    6.548964023590088,
    6.223393440246582,
    6.779157638549805,
    6.927245616912842,
    6.933938980102539,
    6.421882629394531,
    6.263237476348877,
    6.270107746124268,
    5.193171977996826,
    6.358198642730713,
    5.9986371994018555,
    6.962423324584961,
    6.407833576202393,
    6.302801609039307,
    6.611544609069824,
    6.248963832855225,
    6.6012654304504395,
    5.749149322509766,
    7.28892707824707,
    4.546522617340088,
    5.895671367645264,
    6.639059543609619,
    5.845966815948486,
    5.320328235626221,
    4.364797592163086,
    4.5517425537109375,
    4.983409404754639,
    5.236047744750977,
    5.3182759284973145,
    5.024277210235596,
    4.571469783782959,
    5.584705829620361,
    5.9413042068481445,
    5.709325790405273,
    5.536562442779541,
    4.9125776290893555,
    5.448089599609375,
    5.094200134277344,
    5.2959489822387695,
    5.060245037078857,
    5.545980453491211,
    5.555504322052002,
    5.354180812835693,
    5.854353427886963,
    5.977640151977539,
    5.8024163246154785,
    4.407382488250732,
    4.353278636932373,
    4.813070297241211,
    4.957602500915527,
    4.678554058074951,
    4.829690456390381,
    5.024880409240723,
    5.076362133026123,
    5.151684284210205,
    5.286105632781982,
    5.1529693603515625,
    5.409520626068115,
    4.947225093841553,
    5.163694858551025,
    4.51171350479126,
    4.94662618637085,
    4.069995403289795,
    4.475712299346924
  ]
}