{
  "Train": [
    1.10316002368927,
    1.0908293724060059,
    1.0864945650100708,
    1.082805871963501,
    1.0752637386322021,
    1.062254786491394,
    1.0428190231323242,
    1.0132135152816772,
    0.9711849689483643,
    0.9331622123718262,
    0.9143874049186707,
    0.9208892583847046,
    0.9085881114006042,
    0.8799567818641663,
    0.8708082437515259,
    0.8716138005256653,
    0.8580378890037537,
    0.8744181990623474,
    0.8699622750282288,
    0.8541757464408875,
    0.8110901117324829,
    0.8597047328948975,
    0.8396182060241699,
    0.8282852172851562,
    0.8041401505470276,
    0.7608277797698975,
    0.7592868208885193,
    0.7616663575172424,
    0.7370214462280273,
    0.7300028204917908,
    0.8108165264129639,
    0.727998673915863,
    0.7216963171958923,
    0.7142518162727356,
    0.7073274254798889,
    0.7199390530586243,
    0.7016860842704773,
    0.6886041164398193,
    0.6813971996307373,
    0.6771687865257263,
    0.6753894090652466,
    0.6631282567977905,
    0.6568940877914429,
    0.6810910701751709,
    0.6701853275299072,
    0.6585114002227783,
    0.64078688621521,
    0.6380695700645447,
    0.627672016620636,
    0.6151242852210999,
    0.6047099828720093,
    0.5994746088981628,
    0.5906304717063904,
    0.5878087282180786,
    0.5831108093261719,
    0.5718696713447571,
    0.5719243288040161,
    0.5587504506111145,
    0.5722177624702454,
    0.5330591201782227,
    0.529109001159668,
    0.5106621980667114,
    0.5060322880744934,
    0.501603364944458,
    0.4919354319572449,
    0.4796791076660156,
    0.4636554718017578,
    0.4661256968975067,
    0.45661500096321106,
    0.4368344843387604,
    0.4338347017765045,
    0.41876691579818726,
    0.42567574977874756,
    0.4320220351219177,
    0.42949235439300537,
    0.5194371342658997,
    0.41195982694625854,
    0.4035368859767914,
    0.3752076327800751,
    0.37984177470207214,
    0.3387870192527771,
    0.3381567597389221,
    0.4835207462310791,
    0.5460146069526672,
    0.415885865688324,
    0.3632658123970032,
    0.3991185426712036,
    0.33827564120292664,
    0.3612467348575592,
    0.3091343939304352,
    0.307879239320755,
    0.3060285449028015,
    0.283225953578949,
    0.2666786015033722,
    0.26889726519584656,
    0.37870821356773376,
    0.24884040653705597,
    0.22002606093883514,
    0.23989783227443695,
    0.2565126121044159
  ],
  "Training Time": 107.61679172515869,
  "Validate": [
    4.352182388305664,
    4.341847896575928,
    4.310092449188232,
    4.2744951248168945,
    4.265583515167236,
    4.323883056640625,
    4.3414716720581055,
    4.2997212409973145,
    4.276093006134033,
    4.324931621551514,
    4.290977954864502,
    4.280951499938965,
    4.262389659881592,
    4.262955188751221,
    4.2502665519714355,
    4.23366117477417,
    4.20350980758667,
    4.40239143371582,
    4.236453533172607,
    4.208987236022949,
    4.1874775886535645,
    4.280360698699951,
    4.158264636993408,
    4.135316848754883,
    4.13876485824585,
    4.115789413452148,
    4.105678081512451,
    4.098387241363525,
    4.065657615661621,
    4.046991348266602,
    4.088886737823486,
    4.098505020141602,
    4.0942206382751465,
    4.067321300506592,
    4.047051906585693,
    4.0653977394104,
    4.045955181121826,
    4.058326244354248,
    4.03542423248291,
    4.045770645141602,
    4.014744281768799,
    4.0243096351623535,
    4.015614032745361,
    4.056943893432617,
    4.136540412902832,
    4.045852184295654,
    3.999356269836426,
    3.917112112045288,
    3.843801975250244,
    3.7573277950286865,
    3.728809356689453,
    3.7036774158477783,
    3.664440155029297,
    3.635634660720825,
    3.621781349182129,
    3.625504970550537,
    3.6920106410980225,
    3.638047933578491,
    3.7264275550842285,
    3.871152639389038,
    3.736304998397827,
    3.821948289871216,
    3.7198476791381836,
    3.8537092208862305,
    3.81270694732666,
    3.8175201416015625,
    3.8213510513305664,
    3.8605995178222656,
    3.8808062076568604,
    3.888181209564209,
    3.9386587142944336,
    4.379399299621582,
    4.516796588897705,
    3.631878137588501,
    4.904054641723633,
    4.6651787757873535,
    4.48264741897583,
    3.9420409202575684,
    4.229119777679443,
    3.893733024597168,
    4.452146530151367,
    4.316559314727783,
    3.559335231781006,
    3.9616708755493164,
    4.46785306930542,
    4.608743667602539,
    4.065427780151367,
    4.277761459350586,
    4.438351631164551,
    4.328166961669922,
    4.1807966232299805,
    4.561425685882568,
    4.149835586547852,
    4.428397178649902,
    5.019098281860352,
    4.2154035568237305,
    4.520074367523193,
    4.413044452667236,
    4.368880748748779,
    4.675179958343506
  ]
}