{
  "Train": [
    0.21150259673595428,
    0.16890062391757965,
    0.15635745227336884,
    0.13936209678649902,
    0.12216916680335999,
    0.11507803946733475,
    0.1018342450261116,
    0.09310536831617355,
    0.08320572972297668,
    0.0815420001745224
  ],
  "Training Time": 13.685924053192139,
  "Validate": [
    NaN,
    NaN,
    NaN,
    NaN,
    NaN,
    NaN,
    NaN,
    NaN,
    NaN,
    NaN
  ]
}