{
  "Train": [
    0.5209786295890808,
    0.3355788290500641,
    0.3125290870666504,
    0.29539239406585693,
    0.2830067574977875,
    0.272844523191452,
    0.26403120160102844,
    0.2560136020183563,
    0.24854183197021484,
    0.241547629237175
  ],
  "Training Time": 13.264111280441284,
  "Validate": [
    35.47212600708008,
    34.56898498535156,
    34.18803024291992,
    33.917137145996094,
    33.69827651977539,
    33.49069595336914,
    33.28548049926758,
    33.07783889770508,
    32.8738899230957,
    32.691104888916016
  ]
}