{
  "Train": [
    0.8268161416053772,
    0.7983038425445557,
    0.7825343012809753,
    0.7703360915184021,
    0.7610226273536682,
    0.75343918800354,
    0.7467793822288513,
    0.7405195236206055,
    0.73429274559021,
    0.7276831269264221
  ],
  "Training Time": 12.919683933258057,
  "Validate": [
    NaN,
    NaN,
    NaN,
    NaN,
    NaN,
    NaN,
    NaN,
    NaN,
    NaN,
    NaN
  ]
}