{
  "Train": [
    0.9590820670127869,
    0.8776388168334961,
    0.8433489799499512,
    0.8267898559570312,
    0.8151573538780212,
    0.8055971264839172,
    0.7972739934921265,
    0.7898996472358704,
    0.7833825349807739,
    0.777635931968689
  ],
  "Training Time": 11.44466519355774,
  "Validate": [
    3.416710138320923,
    3.1489927768707275,
    2.9578123092651367,
    2.8491291999816895,
    2.7740938663482666,
    2.7102174758911133,
    2.650376558303833,
    2.592703104019165,
    2.53749942779541,
    2.4861676692962646
  ]
}