{
  "Train": [
    0.4354149401187897,
    0.11917102336883545,
    0.0821191743016243,
    0.07110198587179184,
    0.06308486312627792,
    0.049696747213602066,
    0.04487118497490883,
    0.033924687653779984,
    0.03181298449635506,
    0.029125696048140526,
    0.027763785794377327,
    0.026982445269823074,
    0.02643042430281639,
    0.026139521971344948,
    0.026186810806393623,
    0.02648783288896084,
    0.0268687903881073,
    0.0271402969956398,
    0.02722308598458767,
    0.027136430144309998,
    0.026934495195746422,
    0.026646388694643974,
    0.026268281042575836,
    0.02576681599020958,
    0.025100838392972946
  ],
  "Training Time": 11.335610151290894,
  "Validate": [
    1.0509899854660034,
    0.49015378952026367,
    0.5307373404502869,
    0.5648190379142761,
    0.5876376032829285,
    0.776438295841217,
    0.8935678005218506,
    0.9007011651992798,
    0.8684561252593994,
    0.8337005972862244,
    0.794425904750824,
    0.7571229934692383,
    0.7209115624427795,
    0.6889779567718506,
    0.6641025543212891,
    0.6484836339950562,
    0.6420531868934631,
    0.6418003439903259,
    0.6445848345756531,
    0.648920476436615,
    0.6547098755836487,
    0.662388801574707,
    0.6725679636001587,
    0.6856164932250977,
    0.7003395557403564
  ]
}