{
  "Train": [
    0.07135716825723648,
    0.06230659410357475,
    0.05008857324719429,
    0.0437016598880291,
    0.03990379348397255,
    0.037080369889736176,
    0.03481351211667061,
    0.03292226418852806,
    0.0313313826918602,
    0.03007247857749462,
    0.029396358877420425,
    0.02968851663172245,
    0.029246214777231216,
    0.027167242020368576,
    0.026421379297971725,
    0.02478676661849022,
    0.023750295862555504,
    0.022658085450530052,
    0.021942103281617165,
    0.02124784328043461,
    0.020660514011979103,
    0.020139673724770546,
    0.01968301646411419,
    0.0192803256213665,
    0.018925396725535393
  ],
  "Training Time": 12.683422803878784,
  "Validate": [
    0.033772122114896774,
    0.03580702468752861,
    0.0348779633641243,
    0.03361086547374725,
    0.032459113746881485,
    0.031543925404548645,
    0.03090573102235794,
    0.03052092157304287,
    0.030371790751814842,
    0.03052946925163269,
    0.03111542947590351,
    0.03217374533414841,
    0.030917400494217873,
    0.03138125315308571,
    0.03090077079832554,
    0.031013255938887596,
    0.031048523262143135,
    0.03109264373779297,
    0.031153110787272453,
    0.03120182640850544,
    0.031255483627319336,
    0.03131130710244179,
    0.03137606754899025,
    0.03145389258861542,
    0.03154899179935455
  ]
}