{
  "Train": [
    1.1498010158538818,
    1.03624427318573,
    0.9750192761421204,
    0.9377698302268982,
    0.957714319229126,
    0.9162567257881165,
    0.8926776051521301,
    0.8651832342147827,
    0.8415330052375793,
    0.8416127562522888
  ],
  "Training Time": 20.15396022796631,
  "Validate": [
    NaN,
    NaN,
    NaN,
    NaN,
    NaN,
    NaN,
    NaN,
    NaN,
    NaN,
    NaN
  ]
}