{
  "Train": [
    1.0270411968231201,
    1.075631022453308,
    0.9828289747238159,
    0.9724625945091248,
    0.9345942735671997,
    0.9012490510940552,
    0.8725151419639587,
    0.9742857217788696,
    0.9266740083694458,
    0.8567635416984558
  ],
  "Training Time": 15.928237438201904,
  "Validate": [
    0.5780071020126343,
    0.4916408658027649,
    0.41484716534614563,
    0.43013885617256165,
    0.40874290466308594,
    0.4081019163131714,
    0.27789077162742615,
    0.479939728975296,
    0.34735891222953796,
    0.2956787049770355
  ]
}