{
  "Train": [
    1.193272352218628,
    1.16705322265625,
    1.153274416923523,
    1.1470190286636353,
    1.138343334197998,
    1.1353747844696045,
    1.1257637739181519,
    1.12349271774292,
    1.109889030456543,
    1.0991219282150269,
    1.0821725130081177,
    1.0660899877548218,
    1.0256131887435913,
    1.0685211420059204,
    1.0004075765609741,
    0.9266968965530396,
    0.8828610181808472,
    0.8154023289680481,
    0.7212963700294495,
    0.7847037315368652,
    0.8441070318222046,
    0.6118907928466797,
    0.46333685517311096,
    0.403279185295105,
    0.34685996174812317,
    0.31219735741615295,
    0.272504061460495,
    0.24427402019500732,
    0.22352875769138336,
    0.2081397920846939,
    0.2055899053812027,
    0.19521000981330872,
    0.2024029642343521,
    0.19497007131576538,
    0.17801935970783234,
    0.1719665229320526,
    0.17202676832675934,
    0.20425458252429962,
    0.1823178082704544,
    0.1608751118183136,
    0.15070003271102905,
    0.1393737494945526,
    0.12816837430000305,
    0.11777541786432266,
    0.12462547421455383,
    0.11605237424373627,
    0.10853371024131775,
    0.10428649932146072,
    0.10693307965993881,
    0.117759108543396,
    0.0913531631231308,
    0.08285553008317947,
    0.10683581978082657,
    0.09110688418149948,
    0.07704520225524902,
    0.06924278289079666,
    0.08018170297145844,
    0.08071935921907425,
    0.0865594819188118,
    0.08145494759082794,
    0.07266423851251602,
    0.06339991837739944,
    0.06273426860570908,
    0.08620043843984604,
    0.0786624476313591,
    0.9686291217803955,
    0.9593098759651184,
    0.7106221318244934,
    0.505687952041626,
    0.44292542338371277,
    0.4709364175796509,
    0.2777988910675049,
    0.18068012595176697,
    0.14119921624660492,
    0.12178321927785873,
    0.1160859689116478,
    0.11209075897932053,
    0.1031949371099472,
    0.0925637036561966,
    0.0871502086520195,
    0.08382841944694519,
    0.08183632791042328,
    0.07734603434801102,
    0.07540924102067947,
    0.07563824206590652,
    0.07593417167663574,
    0.07483496516942978,
    0.07835505157709122,
    0.08369890600442886,
    0.0657549723982811,
    0.06180935725569725,
    0.05590248852968216,
    0.05516800656914711,
    0.052328892052173615,
    0.05298692733049393,
    0.053691767156124115,
    0.049750812351703644,
    0.05198397487401962,
    0.04378260672092438,
    0.04373728483915329
  ],
  "Training Time": 78.51995396614075,
  "Validate": [
    1.9373202323913574,
    1.9873683452606201,
    2.0487570762634277,
    2.041799783706665,
    2.0565860271453857,
    2.0063021183013916,
    2.025693416595459,
    1.9323242902755737,
    1.9544209241867065,
    1.8609906435012817,
    1.825927734375,
    1.820550560951233,
    1.7178231477737427,
    1.8698080778121948,
    1.8015767335891724,
    1.7949236631393433,
    1.7588387727737427,
    1.7134238481521606,
    1.8658051490783691,
    2.0977749824523926,
    1.471907377243042,
    1.5773833990097046,
    1.5776804685592651,
    1.484199047088623,
    1.4415704011917114,
    1.4272485971450806,
    1.4145134687423706,
    1.376424789428711,
    1.3804653882980347,
    1.3598971366882324,
    1.378849983215332,
    1.3643721342086792,
    1.3729766607284546,
    1.3409826755523682,
    1.3489638566970825,
    1.34663987159729,
    1.3890348672866821,
    1.423859715461731,
    1.3052583932876587,
    1.34896981716156,
    1.3376103639602661,
    1.3262381553649902,
    1.3536193370819092,
    1.2865710258483887,
    1.337457537651062,
    1.3093003034591675,
    1.3256014585494995,
    1.2597979307174683,
    1.2896558046340942,
    1.306528925895691,
    1.2120113372802734,
    1.348939299583435,
    1.23926842212677,
    1.326143741607666,
    1.2807728052139282,
    1.3008004426956177,
    1.2890565395355225,
    1.3579727411270142,
    1.2454279661178589,
    1.3340684175491333,
    1.3471674919128418,
    1.270552158355713,
    1.423339605331421,
    1.259983777999878,
    1.4612617492675781,
    1.534422755241394,
    1.8015023469924927,
    1.6772770881652832,
    1.699678897857666,
    1.8798179626464844,
    1.8059852123260498,
    1.81877863407135,
    1.7737754583358765,
    1.7903895378112793,
    1.8018276691436768,
    1.8133987188339233,
    1.7661235332489014,
    1.7610191106796265,
    1.7670235633850098,
    1.7529683113098145,
    1.7643413543701172,
    1.7487906217575073,
    1.7236076593399048,
    1.7344632148742676,
    1.696852207183838,
    1.7418571710586548,
    1.6631386280059814,
    1.7387944459915161,
    1.6628159284591675,
    1.657802700996399,
    1.6477924585342407,
    1.6167515516281128,
    1.6032952070236206,
    1.5888583660125732,
    1.597777247428894,
    1.5623501539230347,
    1.5882129669189453,
    1.5629428625106812,
    1.582141399383545,
    1.551073431968689
  ]
}