{
  "Train": [
    0.6006472110748291,
    0.5846933126449585,
    0.5309576392173767,
    0.5032734870910645,
    0.4679485857486725,
    0.42852047085762024,
    0.43986275792121887,
    0.4197925925254822,
    0.41824766993522644,
    0.4017801284790039
  ],
  "Training Time": 15.431335210800171,
  "Validate": [
    NaN,
    NaN,
    NaN,
    NaN,
    NaN,
    NaN,
    NaN,
    NaN,
    NaN,
    NaN
  ]
}