{
  "Train": [
    0.15334579348564148,
    0.11734069138765335,
    0.10064657777547836,
    0.09579191356897354,
    0.09334176033735275,
    0.10504072904586792,
    0.09289316087961197,
    0.10296085476875305,
    0.08252931386232376,
    0.08365314453840256,
    0.0814412534236908,
    0.08253345638513565,
    0.08072642236948013,
    0.08347132802009583,
    0.07971913367509842,
    0.08429303020238876,
    0.07876379042863846,
    0.08114281296730042,
    0.07571715116500854,
    0.07813311368227005,
    0.07457441836595535,
    0.0749359279870987,
    0.07206664234399796,
    0.07173256576061249,
    0.06966456025838852
  ],
  "Training Time": 23.1027934551239,
  "Validate": [
    NaN,
    NaN,
    NaN,
    NaN,
    NaN,
    NaN,
    NaN,
    NaN,
    NaN,
    NaN,
    NaN,
    NaN,
    NaN,
    NaN,
    NaN,
    NaN,
    NaN,
    NaN,
    NaN,
    NaN,
    NaN,
    NaN,
    NaN,
    NaN,
    NaN
  ]
}