{
  "Train": [
    0.39150866866111755,
    0.18768168985843658,
    0.15208032727241516,
    0.13744406402111053,
    0.12702076137065887,
    0.11881913244724274,
    0.11190641671419144,
    0.10628411918878555,
    0.10199788957834244,
    0.09878439456224442,
    0.09584851562976837,
    0.09325768798589706,
    0.09064184129238129,
    0.08869044482707977,
    0.08719538897275925,
    0.08678650110960007,
    0.08673131465911865,
    0.0860944613814354,
    0.08373702317476273,
    0.08338253945112228,
    0.08091629296541214,
    0.08054941147565842,
    0.07902950793504715,
    0.07783215492963791,
    0.07695138454437256
  ],
  "Training Time": 17.994328022003174,
  "Validate": [
    0.09243622422218323,
    0.09920907765626907,
    0.10254104435443878,
    0.10581047087907791,
    0.11178886890411377,
    0.12818939983844757,
    0.16060851514339447,
    0.21019019186496735,
    0.2915389835834503,
    0.3994663953781128,
    0.5030467510223389,
    0.5965338349342346,
    0.7156667113304138,
    0.8373022079467773,
    0.9954637885093689,
    1.0517736673355103,
    1.1534479856491089,
    1.163540244102478,
    1.3198262453079224,
    1.3102532625198364,
    1.3679158687591553,
    1.388359785079956,
    1.4074382781982422,
    1.4592583179473877,
    1.515080213546753
  ]
}