{
  "Train": [
    0.9686222672462463,
    0.9445425271987915,
    0.9128012657165527,
    0.8931070566177368,
    0.8777846693992615,
    0.8645099997520447,
    0.851921796798706,
    0.8390289545059204,
    0.8263393044471741,
    0.8130050897598267
  ],
  "Training Time": 2.799971342086792,
  "Validate": [
    0.3104318678379059,
    0.3268401622772217,
    0.35339102149009705,
    0.37627163529396057,
    0.3958275318145752,
    0.41144153475761414,
    0.4240698218345642,
    0.4346214830875397,
    0.44293853640556335,
    0.44921085238456726
  ]
}