{
  "Train": [
    0.834404468536377,
    0.5907481908798218,
    0.5539579391479492,
    0.5233847498893738,
    0.49594712257385254,
    0.4712657928466797,
    0.44819697737693787,
    0.42603257298469543,
    0.4049501419067383,
    0.3859630525112152
  ],
  "Training Time": 5.641891241073608,
  "Validate": [
    53.72932815551758,
    53.84349060058594,
    53.8657341003418,
    53.923736572265625,
    53.950172424316406,
    53.8985481262207,
    53.7633171081543,
    53.557857513427734,
    53.29190444946289,
    52.963932037353516
  ]
}