{
  "Train": [
    0.37189996242523193,
    0.31212952733039856,
    0.26564523577690125,
    0.22911034524440765,
    0.1994028389453888,
    0.17786352336406708,
    0.15906475484371185,
    0.14280055463314056,
    0.1293051540851593,
    0.11949566006660461
  ],
  "Training Time": 3.979435682296753,
  "Validate": [
    NaN,
    NaN,
    NaN,
    NaN,
    NaN,
    NaN,
    NaN,
    NaN,
    NaN,
    NaN
  ]
}