{
  "Train": [
    0.7695484161376953,
    0.7408168315887451,
    0.7124832272529602,
    0.690256655216217,
    0.6766312122344971,
    0.6777369379997253,
    0.6458907723426819,
    0.6361923813819885,
    0.6228830814361572,
    0.6150873899459839
  ],
  "Training Time": 14.569412231445312,
  "Validate": [
    NaN,
    NaN,
    NaN,
    NaN,
    NaN,
    NaN,
    NaN,
    NaN,
    NaN,
    NaN
  ]
}