{
  "Train": [
    0.14061038196086884,
    0.12160861492156982,
    0.11449126899242401,
    0.11013395339250565,
    0.10711099207401276,
    0.10487022250890732,
    0.10312189161777496,
    0.1017027273774147,
    0.10051540285348892,
    0.09949834644794464,
    0.0986102744936943,
    0.09782220423221588,
    0.0971125140786171,
    0.0964636355638504,
    0.0958596020936966,
    0.09528565406799316,
    0.09473002701997757,
    0.0941847488284111,
    0.09364385902881622,
    0.09310296922922134,
    0.09255867451429367,
    0.09200964868068695,
    0.09145688265562057,
    0.09090282768011093,
    0.0903501808643341
  ],
  "Training Time": 7.402766466140747,
  "Validate": [
    NaN,
    NaN,
    NaN,
    NaN,
    NaN,
    NaN,
    NaN,
    NaN,
    NaN,
    NaN,
    NaN,
    NaN,
    NaN,
    NaN,
    NaN,
    NaN,
    NaN,
    NaN,
    NaN,
    NaN,
    NaN,
    NaN,
    NaN,
    NaN,
    NaN
  ]
}