{
  "Train": [
    0.9622681736946106,
    0.8263882398605347,
    0.6898170709609985,
    0.5565519332885742,
    0.4653783440589905,
    0.40562134981155396,
    0.3632064461708069,
    0.33132806420326233,
    0.30584272742271423,
    0.2841227948665619,
    0.2649558186531067,
    0.2481573522090912,
    0.23377087712287903,
    0.22162368893623352,
    0.21138817071914673,
    0.20272183418273926,
    0.19532327353954315,
    0.18894286453723907,
    0.18338100612163544,
    0.17848101258277893,
    0.17412185668945312,
    0.17021051049232483,
    0.16667570173740387,
    0.16346250474452972,
    0.1605282425880432
  ],
  "Training Time": 5.431444883346558,
  "Validate": [
    1.209639072418213,
    0.9256873726844788,
    0.6790843605995178,
    0.4862452745437622,
    0.38689860701560974,
    0.34765344858169556,
    0.3377169668674469,
    0.34201857447624207,
    0.35355183482170105,
    0.36887264251708984,
    0.38553372025489807,
    0.40166404843330383,
    0.41623055934906006,
    0.42878034710884094,
    0.4391666650772095,
    0.44744232296943665,
    0.4537811577320099,
    0.4584105312824249,
    0.4615653157234192,
    0.46346867084503174,
    0.46432286500930786,
    0.4643053114414215,
    0.4635651409626007,
    0.46222391724586487,
    0.46037670969963074
  ]
}