{
  "Train": [
    0.1353462040424347,
    0.12672103941440582,
    0.12287860363721848,
    0.1197693943977356,
    0.11715202033519745,
    0.11495228111743927,
    0.11304246634244919,
    0.11129849404096603,
    0.10965299606323242,
    0.10808037221431732,
    0.10657217353582382,
    0.10512544959783554,
    0.10373856872320175,
    0.1024097129702568,
    0.10113687813282013,
    0.09991783648729324,
    0.09875012934207916,
    0.09763132035732269,
    0.09655891358852386,
    0.09553045779466629,
    0.09454379975795746,
    0.09359674900770187,
    0.0926874652504921,
    0.09181418269872665,
    0.0909750834107399
  ],
  "Training Time": 5.910303831100464,
  "Validate": [
    0.6262707710266113,
    0.5669913291931152,
    0.5150253772735596,
    0.46869993209838867,
    0.4273889660835266,
    0.3907988667488098,
    0.3583538234233856,
    0.32932978868484497,
    0.30318424105644226,
    0.279595285654068,
    0.25836145877838135,
    0.23931971192359924,
    0.22230631113052368,
    0.20714884996414185,
    0.19367122650146484,
    0.18169820308685303,
    0.17106333374977112,
    0.16161055862903595,
    0.15319737792015076,
    0.14569364488124847,
    0.13898342847824097,
    0.13296355307102203,
    0.1275433450937271,
    0.1226435974240303,
    0.11819706112146378
  ]
}