{
  "Train": [
    1.1435126066207886,
    1.1452583074569702,
    1.1249501705169678,
    1.1016615629196167,
    1.1132463216781616,
    1.14719557762146,
    1.1375759840011597,
    1.0913811922073364,
    1.0805799961090088,
    1.0839673280715942
  ],
  "Training Time": 7.181755781173706,
  "Validate": [
    1.0192543268203735,
    1.1759397983551025,
    1.2329010963439941,
    1.2660856246948242,
    1.0681971311569214,
    1.224003791809082,
    1.352554202079773,
    1.3235139846801758,
    1.3267220258712769,
    1.2837485074996948
  ]
}