{
  "Train": [
    1.059643030166626,
    1.0909230709075928,
    1.0862481594085693,
    1.084395408630371,
    1.083145260810852,
    1.0821970701217651,
    1.0813833475112915,
    1.0806068181991577,
    1.079816222190857,
    1.0789252519607544
  ],
  "Training Time": 9.222573518753052,
  "Validate": [
    NaN,
    NaN,
    NaN,
    NaN,
    NaN,
    NaN,
    NaN,
    NaN,
    NaN,
    NaN
  ]
}