{
  "Train": [
    0.7383865714073181,
    0.7025707364082336,
    0.6854698061943054,
    0.6709939241409302,
    0.6562934517860413,
    0.6407341361045837,
    0.6246616244316101,
    0.6100383400917053,
    0.5944623947143555,
    0.5814714431762695
  ],
  "Training Time": 5.119150161743164,
  "Validate": [
    0.4093751907348633,
    0.4125298261642456,
    0.41094234585762024,
    0.4093630611896515,
    0.40895509719848633,
    0.4087262451648712,
    0.4071614146232605,
    0.4035055935382843,
    0.39755573868751526,
    0.3915666341781616
  ]
}