{
  "Train": [
    1.1929672956466675,
    1.1729214191436768,
    1.1665210723876953,
    1.1639429330825806,
    1.1593047380447388,
    1.1552999019622803,
    1.151645541191101,
    1.1505849361419678,
    1.1559830904006958,
    1.1553516387939453
  ],
  "Training Time": 19.85947346687317,
  "Validate": [
    1.9444599151611328,
    1.9512041807174683,
    1.9793022871017456,
    1.96901273727417,
    2.039055347442627,
    1.990523099899292,
    2.019778251647949,
    2.0139248371124268,
    1.9652869701385498,
    2.0134825706481934
  ]
}