{
  "Train": [
    1.0799733400344849,
    1.0670554637908936,
    1.0619460344314575,
    1.042014241218567,
    1.0564442873001099,
    1.0049346685409546,
    1.0127886533737183,
    0.9820137023925781,
    0.9946754574775696,
    1.0508785247802734
  ],
  "Training Time": 18.138312578201294,
  "Validate": [
    0.6940204501152039,
    0.6871330142021179,
    0.6467718482017517,
    0.6023086309432983,
    0.6631473898887634,
    0.5252107977867126,
    0.6631201505661011,
    0.5721895694732666,
    0.42856892943382263,
    0.4657647907733917
  ]
}