{
  "Train": [
    1.0975782871246338,
    1.0869988203048706,
    1.0825730562210083,
    1.078048586845398,
    1.0715457201004028,
    1.0565645694732666,
    1.0349820852279663,
    1.0131704807281494,
    0.9874232411384583,
    0.9562101364135742
  ],
  "Training Time": 11.342262983322144,
  "Validate": [
    4.378006935119629,
    4.379816055297852,
    4.375465393066406,
    4.365090847015381,
    4.342958450317383,
    4.333333969116211,
    4.305134296417236,
    4.234435558319092,
    4.206787109375,
    4.231627941131592
  ]
}