{
  "Train": [
    0.937789261341095,
    1.0405045747756958,
    1.0094687938690186,
    0.9920908212661743,
    0.9801865816116333,
    0.9711321592330933,
    0.9637739658355713,
    0.9577124714851379,
    0.9527021646499634,
    0.9469932913780212
  ],
  "Training Time": 14.56776237487793,
  "Validate": [
    NaN,
    NaN,
    NaN,
    NaN,
    NaN,
    NaN,
    NaN,
    NaN,
    NaN,
    NaN
  ]
}