{
  "Train": [
    1.1782426834106445,
    1.157021403312683,
    1.1470204591751099,
    1.1370888948440552,
    1.1283771991729736,
    1.1207334995269775,
    1.113777756690979,
    1.1070719957351685,
    1.1002795696258545,
    1.0931713581085205
  ],
  "Training Time": 12.548681259155273,
  "Validate": [
    2.0189919471740723,
    2.0256292819976807,
    2.0449330806732178,
    2.0540430545806885,
    2.0567731857299805,
    2.0553019046783447,
    2.0508768558502197,
    2.0441160202026367,
    2.0353760719299316,
    2.024909734725952
  ]
}