{
  "Train": [
    0.7192530035972595,
    0.7195742726325989,
    0.7177006602287292,
    0.7155323624610901,
    0.7136049270629883,
    0.7119019031524658,
    0.7103630900382996,
    0.708943784236908,
    0.7076165080070496,
    0.7063627243041992
  ],
  "Training Time": 1.851325273513794,
  "Validate": [
    NaN,
    NaN,
    NaN,
    NaN,
    NaN,
    NaN,
    NaN,
    NaN,
    NaN,
    NaN
  ]
}