{
  "Train": [
    0.7739500403404236,
    0.7537744641304016,
    0.740217924118042,
    0.7304956316947937,
    0.7226738929748535,
    0.7158607840538025,
    0.7095560431480408,
    0.703558087348938,
    0.6978874206542969,
    0.6926229000091553
  ],
  "Training Time": 1.5510954856872559,
  "Validate": [
    0.6697320342063904,
    0.6734169721603394,
    0.6771013736724854,
    0.6802123785018921,
    0.6827571392059326,
    0.6848914623260498,
    0.6868222951889038,
    0.6887161731719971,
    0.6906222701072693,
    0.6924939155578613
  ]
}