{
  "Train": [
    0.9136354923248291,
    0.8151154518127441,
    0.7903266549110413,
    0.7863456606864929,
    0.7846159338951111,
    0.7835595607757568,
    0.7828013896942139,
    0.7821948528289795,
    0.7816758155822754,
    0.781211793422699
  ],
  "Training Time": 2.2716336250305176,
  "Validate": [
    2.804842948913574,
    2.3812174797058105,
    2.3163318634033203,
    2.3085951805114746,
    2.305931806564331,
    2.3030481338500977,
    2.2996819019317627,
    2.296043634414673,
    2.2923014163970947,
    2.2885537147521973
  ]
}