{
  "Train": [
    1.0037320852279663,
    0.8821917772293091,
    0.846663236618042,
    0.829132080078125,
    0.8193283677101135,
    0.8130913376808167,
    0.8087937831878662,
    0.8056455850601196,
    0.8031986355781555,
    0.8011691570281982,
    0.7993620038032532,
    0.7976346015930176,
    0.7958775758743286,
    0.7939974069595337,
    0.7919041514396667,
    0.7895007729530334,
    0.7866742610931396,
    0.7832982540130615,
    0.7792425155639648,
    0.7743853330612183,
    0.7685948610305786,
    0.761661946773529,
    0.7532117962837219,
    0.742628812789917,
    0.7293980717658997,
    0.7149102687835693,
    0.7048622965812683,
    0.697368323802948,
    0.6906654238700867,
    0.6821737289428711,
    0.6735023856163025,
    0.6655749678611755,
    0.657921314239502,
    0.6505765914916992,
    0.643511176109314,
    0.6366553902626038,
    0.6299540996551514,
    0.6233358383178711,
    0.6167194247245789,
    0.6101399064064026,
    0.6040517091751099,
    0.5991808772087097,
    0.59466552734375,
    0.5905473828315735,
    0.587310791015625,
    0.5846648216247559,
    0.5819247364997864,
    0.5790518522262573,
    0.5762038826942444,
    0.5738235116004944,
    0.5722498893737793,
    0.5715047121047974,
    0.570130467414856,
    0.5692716836929321,
    0.5653325319290161,
    0.5582551956176758,
    0.5520632863044739,
    0.5478408932685852,
    0.5446369051933289,
    0.5417900681495667,
    0.5391027927398682,
    0.5365222692489624,
    0.5340790748596191,
    0.5319128036499023,
    0.5302209258079529,
    0.5289925336837769,
    0.5281692743301392,
    0.5280370712280273,
    0.5288622975349426,
    0.5339731574058533,
    0.542024552822113,
    0.5251340866088867,
    0.5292336344718933,
    0.5159785747528076,
    0.5149617791175842,
    0.516958475112915,
    0.5128399729728699,
    0.5116478800773621,
    0.5108464360237122,
    0.5126305222511292,
    0.5036744475364685,
    0.503009557723999,
    0.4993542432785034,
    0.49734047055244446,
    0.49413642287254333,
    0.4921645522117615,
    0.4940358102321625,
    0.4919930100440979,
    0.48337888717651367,
    0.4873960018157959,
    0.4766504764556885,
    0.4764695167541504,
    0.4696514904499054,
    0.4610958695411682,
    0.45219606161117554,
    0.44746384024620056,
    0.44536352157592773,
    0.44160690903663635,
    0.43838629126548767,
    0.43422120809555054
  ],
  "Training Time": 37.739580154418945,
  "Validate": [
    3.909639596939087,
    3.3942627906799316,
    3.1888885498046875,
    3.061706781387329,
    2.974590301513672,
    2.9104819297790527,
    2.8607940673828125,
    2.8207099437713623,
    2.787301540374756,
    2.7586541175842285,
    2.733416795730591,
    2.7105653285980225,
    2.689272165298462,
    2.66882586479187,
    2.6485726833343506,
    2.627855062484741,
    2.6059372425079346,
    2.581941604614258,
    2.554832696914673,
    2.5235402584075928,
    2.4873297214508057,
    2.446446180343628,
    2.4026269912719727,
    2.3590714931488037,
    2.3224637508392334,
    2.31429386138916,
    2.344243049621582,
    2.3686819076538086,
    2.378908157348633,
    2.3789052963256836,
    2.3728392124176025,
    2.363992929458618,
    2.353466272354126,
    2.3415651321411133,
    2.329176902770996,
    2.3174479007720947,
    2.30722975730896,
    2.2986905574798584,
    2.291062355041504,
    2.282139301300049,
    2.2681593894958496,
    2.249525308609009,
    2.2335095405578613,
    2.217217445373535,
    2.200599431991577,
    2.1856164932250977,
    2.1730539798736572,
    2.1632673740386963,
    2.157320261001587,
    2.155775547027588,
    2.157945394515991,
    2.161123752593994,
    2.1684730052948,
    2.1799724102020264,
    2.2030136585235596,
    2.225635051727295,
    2.23551607131958,
    2.2419660091400146,
    2.250028371810913,
    2.259402275085449,
    2.269432783126831,
    2.2795569896698,
    2.2891643047332764,
    2.297952890396118,
    2.3070056438446045,
    2.317073106765747,
    2.3275725841522217,
    2.339357614517212,
    2.3522276878356934,
    2.387829065322876,
    2.424652338027954,
    2.366429328918457,
    2.4354212284088135,
    2.417076349258423,
    2.381862163543701,
    2.453275442123413,
    2.396268606185913,
    2.474925994873047,
    2.4282243251800537,
    2.506760597229004,
    2.522399663925171,
    2.4170620441436768,
    2.5242257118225098,
    2.4700262546539307,
    2.4250974655151367,
    2.5426056385040283,
    2.3540680408477783,
    2.555959701538086,
    2.42383074760437,
    2.5482242107391357,
    2.494948148727417,
    2.5294415950775146,
    2.553727865219116,
    2.582897424697876,
    2.6012380123138428,
    2.6026906967163086,
    2.6007471084594727,
    2.5836827754974365,
    2.5705080032348633,
    2.557053565979004
  ]
}