{
  "Train": [
    1.113193392753601,
    1.1209936141967773,
    0.9308770895004272,
    0.8661814332008362,
    0.8137032389640808,
    0.7935792803764343,
    0.7548471093177795,
    0.8270832896232605,
    0.6868893504142761,
    0.5976048707962036,
    0.5712609887123108,
    0.5301520228385925,
    0.4904111921787262,
    0.4521888196468353,
    0.4440491795539856,
    0.5173127055168152,
    0.4716232120990753,
    0.3784960210323334,
    0.3494715690612793,
    0.33723118901252747,
    0.34127670526504517,
    0.3253486752510071,
    0.32249686121940613,
    0.3188568949699402,
    0.5523611903190613,
    0.46161746978759766,
    0.2850904166698456,
    0.2603708505630493,
    0.25863367319107056,
    0.2712869942188263,
    0.26659318804740906,
    0.2521463632583618,
    0.25027719140052795,
    0.2441895455121994,
    0.24619686603546143,
    0.2707434296607971,
    0.2292395681142807,
    0.2274462878704071,
    0.23697689175605774,
    0.24041959643363953,
    0.31931743025779724,
    0.21943990886211395,
    0.2127920538187027,
    0.29275602102279663,
    0.18976785242557526,
    0.17880909144878387,
    0.1777009665966034,
    0.23745541274547577,
    0.2478155642747879,
    0.3335293233394623,
    0.26717907190322876,
    0.3070737421512604,
    0.22328142821788788,
    0.1538178026676178,
    0.14256437122821808,
    0.13423943519592285,
    0.12820805609226227,
    0.12303908169269562,
    0.12202812731266022,
    0.1194777712225914,
    0.12023092061281204,
    0.12202801555395126,
    0.12100774794816971,
    0.12070801109075546,
    0.12240628153085709,
    0.11979173123836517,
    0.12195928394794464,
    0.12175317108631134,
    0.12837468087673187,
    0.2983119487762451,
    0.9515697360038757,
    0.6714906692504883,
    0.4362070858478546,
    0.2800224721431732,
    0.24016574025154114,
    0.2322378009557724,
    0.1969786435365677,
    0.24153660237789154,
    0.14881153404712677,
    0.12066119909286499,
    0.1116042211651802,
    0.10814548283815384,
    0.10666532814502716,
    0.10534937679767609,
    0.1025291234254837,
    0.09765885025262833,
    0.09364143759012222,
    0.09065966308116913,
    0.08822385221719742,
    0.08561668545007706,
    0.08333469182252884,
    0.08155351132154465,
    0.08016777783632278,
    0.07864828407764435,
    0.07662217319011688,
    0.07454556226730347,
    0.07314406335353851,
    0.07202852517366409,
    0.07062508910894394,
    0.06873098760843277
  ],
  "Training Time": 92.77752947807312,
  "Validate": [
    0.8964437246322632,
    0.699498176574707,
    0.5491573214530945,
    0.49464690685272217,
    0.4509577453136444,
    0.4085082709789276,
    0.3935510516166687,
    0.35736343264579773,
    0.37195542454719543,
    0.34170234203338623,
    0.31945303082466125,
    0.316200852394104,
    0.33152663707733154,
    0.3320019543170929,
    0.3395020365715027,
    0.3124425709247589,
    0.3067273795604706,
    0.3019135296344757,
    0.28813493251800537,
    0.282096266746521,
    0.27840757369995117,
    0.27848535776138306,
    0.2823564410209656,
    0.2770528495311737,
    0.2808532416820526,
    0.2679543197154999,
    0.2691984474658966,
    0.2818857431411743,
    0.3015236556529999,
    0.3161889314651489,
    0.3233817219734192,
    0.3288373649120331,
    0.3339230716228485,
    0.3469295799732208,
    0.3255496025085449,
    0.3371448218822479,
    0.3114302456378937,
    0.34572741389274597,
    0.35283029079437256,
    0.297716349363327,
    0.3225323557853699,
    0.31645822525024414,
    0.3308887779712677,
    0.31426796317100525,
    0.29053476452827454,
    0.2938014268875122,
    0.292923241853714,
    0.30718883872032166,
    0.2942747473716736,
    0.2970496118068695,
    0.27490922808647156,
    0.2353166937828064,
    0.2626835107803345,
    0.25792261958122253,
    0.25874415040016174,
    0.25648945569992065,
    0.2520960867404938,
    0.2525348663330078,
    0.25397399067878723,
    0.25169506669044495,
    0.2497803121805191,
    0.2545092701911926,
    0.24725888669490814,
    0.24512486159801483,
    0.23692701756954193,
    0.2423294186592102,
    0.23488201200962067,
    0.24328389763832092,
    0.2350292205810547,
    0.23669572174549103,
    0.2206973135471344,
    0.21021007001399994,
    0.24389567971229553,
    0.2601437270641327,
    0.2763824760913849,
    0.2801058292388916,
    0.27462339401245117,
    0.269331157207489,
    0.24341487884521484,
    0.22990283370018005,
    0.23152035474777222,
    0.2337397187948227,
    0.2363477647304535,
    0.24111118912696838,
    0.24682921171188354,
    0.25010719895362854,
    0.25135913491249084,
    0.2469218373298645,
    0.2385672628879547,
    0.2269553691148758,
    0.2149144560098648,
    0.20530714094638824,
    0.20072013139724731,
    0.200974240899086,
    0.2089163362979889,
    0.2255041003227234,
    0.24753423035144806,
    0.28001731634140015,
    0.3290133476257324,
    0.3912835121154785
  ]
}