{
  "Train": [
    1.1969921588897705,
    1.1705036163330078,
    1.1523561477661133,
    1.1461564302444458,
    1.1388882398605347,
    1.1321250200271606,
    1.1249337196350098,
    1.1167997121810913,
    1.1069934368133545,
    1.0944726467132568,
    1.0777226686477661,
    1.0549488067626953,
    1.0255215167999268,
    0.9927154779434204,
    0.9622787237167358,
    0.9328486323356628,
    0.8943809866905212,
    0.836163341999054,
    0.7927824854850769,
    0.6328139305114746,
    1.4200786352157593,
    0.8205833435058594,
    0.5977555513381958,
    0.48899221420288086,
    0.3847690522670746,
    0.39038047194480896,
    0.4309074282646179,
    0.3723878264427185,
    0.47653868794441223,
    0.28972744941711426,
    0.28558775782585144,
    0.2771552503108978,
    0.26672521233558655,
    0.2606627941131592,
    0.2576926648616791,
    0.2514869272708893,
    0.25706571340560913,
    0.2912638485431671,
    0.30436956882476807,
    0.25512245297431946,
    0.27613720297813416,
    0.32942691445350647,
    0.26237916946411133,
    0.23090454936027527,
    0.22813740372657776,
    0.21861518919467926,
    0.21955837309360504,
    0.20842117071151733,
    0.2048579901456833,
    0.2031785100698471,
    0.19364720582962036,
    0.1878412961959839,
    0.1865292191505432,
    0.17507807910442352,
    0.18075421452522278,
    0.17313988506793976,
    0.2123374193906784,
    0.2837636172771454,
    0.4373878538608551,
    0.18793895840644836,
    0.16667021811008453,
    0.15165364742279053,
    0.1488134264945984,
    0.14412569999694824,
    0.14384804666042328,
    0.13375791907310486,
    0.14191238582134247,
    0.13599631190299988,
    0.1464383602142334,
    0.14976505935192108,
    0.19777409732341766,
    0.15078924596309662,
    0.1604820042848587,
    0.11991928517818451,
    0.1181245669722557,
    0.13473398983478546,
    0.13911189138889313,
    0.13689379394054413,
    0.16575993597507477,
    0.22791287302970886,
    0.17236508429050446,
    0.13075165450572968,
    0.09344178438186646,
    0.09336286783218384,
    0.08658604323863983,
    0.08882634341716766,
    0.0838475301861763,
    0.0845879539847374,
    0.08416546136140823,
    0.09096109867095947,
    0.08108234405517578,
    0.08890941739082336,
    0.13062246143817902,
    0.1272447109222412,
    0.10072299838066101,
    0.07824135571718216,
    0.06317281723022461,
    0.06826002150774002,
    0.06365617364645004,
    0.05387869104743004
  ],
  "Training Time": 94.8582980632782,
  "Validate": [
    1.982873558998108,
    2.019212245941162,
    2.062299966812134,
    2.056649923324585,
    2.046092987060547,
    2.031132459640503,
    2.0145490169525146,
    1.9957443475723267,
    1.9735462665557861,
    1.9459900856018066,
    1.9125556945800781,
    1.8781505823135376,
    1.857550859451294,
    1.872578740119934,
    1.9314866065979004,
    2.0233423709869385,
    2.133585214614868,
    2.217129945755005,
    2.375845193862915,
    2.6721177101135254,
    2.0784265995025635,
    2.3208017349243164,
    2.8981335163116455,
    2.9066567420959473,
    2.927403211593628,
    2.7595934867858887,
    3.003923177719116,
    2.7131154537200928,
    2.5822596549987793,
    2.605132579803467,
    2.5662825107574463,
    2.483931541442871,
    2.4289588928222656,
    2.4482929706573486,
    2.3797125816345215,
    2.4280190467834473,
    2.397339105606079,
    2.8735625743865967,
    2.655700922012329,
    2.625647783279419,
    2.4541356563568115,
    2.4788379669189453,
    2.316814661026001,
    2.391083002090454,
    2.296072244644165,
    2.320969581604004,
    2.275387763977051,
    2.299088954925537,
    2.2458531856536865,
    2.236614465713501,
    2.225552797317505,
    2.2381234169006348,
    2.1700196266174316,
    2.2331855297088623,
    2.2968013286590576,
    2.28733229637146,
    2.3858962059020996,
    2.067781686782837,
    2.2326395511627197,
    2.2102580070495605,
    2.266087770462036,
    2.196176052093506,
    2.2321970462799072,
    2.227295398712158,
    2.2447643280029297,
    2.231402635574341,
    2.452376365661621,
    2.4020330905914307,
    2.726487636566162,
    2.4213342666625977,
    2.2308483123779297,
    2.3563191890716553,
    2.318647623062134,
    2.2393038272857666,
    2.4066953659057617,
    2.1317062377929688,
    2.6863698959350586,
    2.550804853439331,
    2.3606088161468506,
    2.394392728805542,
    2.1636579036712646,
    2.203063488006592,
    2.1474454402923584,
    2.189460515975952,
    2.1540725231170654,
    2.2216055393218994,
    2.2329013347625732,
    2.244042158126831,
    2.282581329345703,
    2.1973276138305664,
    2.346357822418213,
    2.1989011764526367,
    2.3856780529022217,
    2.26284122467041,
    2.43044376373291,
    2.5386922359466553,
    2.6051414012908936,
    2.345349073410034,
    2.481928586959839,
    2.514324426651001
  ]
}