{
  "Train": [
    0.256417840719223,
    0.1352234035730362,
    0.12389229983091354,
    0.1170336976647377,
    0.11185459047555923,
    0.10778775066137314,
    0.10464084893465042,
    0.10168080031871796,
    0.09886766970157623,
    0.09626370668411255,
    0.09378121793270111,
    0.0913383811712265,
    0.08887425810098648,
    0.08634352684020996,
    0.0838288813829422,
    0.08160366117954254,
    0.07954319566488266,
    0.07774825394153595,
    0.0757288932800293,
    0.07514382898807526,
    0.07409106194972992,
    0.07130846381187439,
    0.06800220906734467,
    0.06886079907417297,
    0.07183720916509628
  ],
  "Training Time": 12.61551809310913,
  "Validate": [
    0.27542972564697266,
    0.2948923408985138,
    0.31622493267059326,
    0.3562416732311249,
    0.4193883240222931,
    0.48766639828681946,
    0.5366091728210449,
    0.5708040595054626,
    0.6015120148658752,
    0.6277737021446228,
    0.650814414024353,
    0.6739343404769897,
    0.7001354694366455,
    0.7302051782608032,
    0.7618862390518188,
    0.7946618795394897,
    0.8354364633560181,
    0.8777074217796326,
    0.9177137613296509,
    0.9479179978370667,
    1.0682570934295654,
    1.1132827997207642,
    1.146674633026123,
    1.044172763824463,
    1.0944523811340332
  ]
}