{
  "ACF": [
    1.0,
    0.9177739251401134,
    0.869872752650624,
    0.7926866623871625,
    0.7259740974835738,
    0.6374249249031263,
    0.5433584071013354,
    0.4578470346349406,
    0.3552344295661212,
    0.26671438453074264,
    0.1831687388106915,
    0.09946221582077591,
    0.05411210268296812,
    -0.002234915450419614,
    -0.03655680655915892,
    -0.061123475898832755,
    -0.07776777559228792,
    -0.08416257644695184,
    -0.1006370779491143,
    -0.08000303401802317,
    -0.0797700948967984,
    -0.0575424682799294,
    -0.03780216193488141,
    0.0030436676149120903,
    0.016937724981291046
  ],
  "PACF": [
    1.0,
    0.9232045400817711,
    0.18905219966756956,
    -0.1868381222136969,
    -0.045131679199105636,
    -0.16247486015046128,
    -0.16947877626379299,
    0.006126917317007865,
    -0.15947632241244558,
    -0.029068489695146246,
    0.05028028402204771,
    -0.09340025648321627,
    0.24285995733802004,
    -0.017840688976079384,
    -0.021114953046536825,
    0.143970506826685,
    -0.08393331471880927,
    -0.002693946340265084,
    -0.08566682345514307,
    0.09756505442466967,
    -0.04215820924578143,
    0.043949228177455675,
    0.061061532896236906,
    0.21088959227288742,
    -0.22187277592595683
  ],
  "Confidence": [
    0.1475106448282976,
    -0.15927535071065055,
    0.1475106448282976,
    -0.15927535071065055
  ]
}