{
  "Train": [
    0.8739970326423645,
    0.6132416725158691,
    0.5316569209098816,
    0.4638812243938446,
    0.41070419549942017,
    0.37328290939331055,
    0.3406050205230713,
    0.3080557882785797,
    0.28122037649154663,
    0.2589744031429291,
    0.24343830347061157,
    0.22985519468784332,
    0.22161881625652313,
    0.21089984476566315,
    0.20471318066120148,
    0.19692377746105194,
    0.1915379762649536,
    0.18149805068969727,
    0.17661206424236298,
    0.16839541494846344,
    0.16501224040985107,
    0.16032928228378296,
    0.15767663717269897,
    0.1534012258052826,
    0.15024633705615997
  ],
  "Training Time": 10.618373394012451,
  "Validate": [
    0.47465288639068604,
    0.35036423802375793,
    0.32785776257514954,
    0.32620206475257874,
    0.35774099826812744,
    0.4048463702201843,
    0.4551089406013489,
    0.5163564085960388,
    0.5756017565727234,
    0.632544755935669,
    0.6688721179962158,
    0.7171750664710999,
    0.7320265173912048,
    0.765458881855011,
    0.797917902469635,
    0.7992694973945618,
    0.8645787835121155,
    0.8598356246948242,
    0.9162544012069702,
    0.9188148379325867,
    0.9477289319038391,
    0.951454222202301,
    0.9695935845375061,
    0.9744472503662109,
    0.9937929511070251
  ]
}