{
  "Train": [
    0.6499760150909424,
    0.381357342004776,
    0.34604963660240173,
    0.30687767267227173,
    0.2795688509941101,
    0.27235090732574463,
    0.2617267072200775,
    0.24616557359695435,
    0.2405310869216919,
    0.23120403289794922
  ],
  "Training Time": 8.109965085983276,
  "Validate": [
    42.579132080078125,
    41.855262756347656,
    41.78419876098633,
    42.174957275390625,
    41.09527587890625,
    39.346923828125,
    38.51751708984375,
    37.928592681884766,
    37.26810073852539,
    37.10346221923828
  ]
}