{
  "Train": [
    0.8725056052207947,
    0.7621245980262756,
    0.643610417842865,
    0.5564356446266174,
    0.480113685131073,
    0.41000592708587646,
    0.3397626578807831,
    0.29642701148986816,
    0.2575998902320862,
    0.25034528970718384
  ],
  "Training Time": 3.3375186920166016,
  "Validate": [
    2.0629348754882812,
    1.594979166984558,
    1.4116580486297607,
    1.386113166809082,
    1.2153534889221191,
    0.8092544078826904,
    0.5836160778999329,
    0.3554888963699341,
    0.3289162814617157,
    0.22849461436271667
  ]
}