{
  "Train": [
    0.28260537981987,
    0.20761829614639282,
    0.1695556789636612,
    0.15389658510684967,
    0.14263631403446198,
    0.13209348917007446,
    0.12221215665340424,
    0.11277242749929428,
    0.10331433266401291,
    0.09520213305950165
  ],
  "Training Time": 4.04938006401062,
  "Validate": [
    NaN,
    NaN,
    NaN,
    NaN,
    NaN,
    NaN,
    NaN,
    NaN,
    NaN,
    NaN
  ]
}