{
  "Train": [
    1.16862952709198,
    1.149027705192566,
    1.1410062313079834,
    1.1350454092025757,
    1.1304302215576172,
    1.126476526260376,
    1.1228597164154053,
    1.1193959712982178,
    1.1159577369689941,
    1.1124292612075806,
    1.108663558959961,
    1.1043905019760132,
    1.0990015268325806,
    1.09093177318573,
    1.078071117401123,
    1.0847347974777222,
    1.0624945163726807,
    1.0574284791946411,
    1.051709771156311,
    1.044571876525879,
    1.0349682569503784,
    1.0220470428466797,
    1.0023266077041626,
    0.9826594591140747,
    0.9619075059890747,
    0.9342976808547974,
    0.8918946385383606,
    0.8395481705665588,
    0.8372572064399719,
    1.2963980436325073,
    1.046152949333191,
    1.009481430053711,
    0.9887164235115051,
    0.9700355529785156,
    0.9508660435676575,
    0.9304806590080261,
    0.9049965143203735,
    0.8557754755020142,
    0.7720565795898438,
    0.7221112847328186,
    0.7080090045928955,
    0.6583506464958191,
    0.6191685199737549,
    0.7869333028793335,
    0.974530816078186,
    0.6844445466995239,
    0.5930424332618713,
    0.575063169002533,
    0.5273458957672119,
    0.5208056569099426,
    0.45151054859161377,
    0.5454166531562805,
    0.4428955018520355,
    0.470578670501709,
    0.36070841550827026,
    0.3903253972530365,
    0.3105935752391815,
    0.34146955609321594,
    0.29717665910720825,
    0.2677501142024994,
    0.2671228051185608,
    0.2538010776042938,
    0.2333044707775116,
    0.21593689918518066,
    0.20039646327495575,
    0.1879008412361145,
    0.17747195065021515,
    0.16838635504245758,
    0.16008689999580383,
    0.1525520235300064,
    0.14631551504135132,
    0.14171350002288818,
    0.1383468359708786,
    0.13549579679965973,
    0.13257479667663574,
    0.13067616522312164,
    0.12759104371070862,
    0.12754826247692108,
    0.12486129254102707,
    0.13149987161159515,
    0.1267205774784088,
    0.18165439367294312,
    0.16097547113895416,
    0.14160948991775513,
    0.13994839787483215,
    1.1973322629928589,
    0.9287347197532654,
    0.7398860454559326,
    0.3991282284259796,
    0.31256207823753357,
    0.18093273043632507,
    0.13974979519844055,
    0.1308930665254593,
    0.12548622488975525,
    0.12112411856651306,
    0.11763181537389755,
    0.1148291602730751,
    0.11258209496736526,
    0.11081651598215103,
    0.1094847247004509
  ],
  "Training Time": 69.86889791488647,
  "Validate": [
    2.0278398990631104,
    2.068204641342163,
    2.082404613494873,
    2.0934066772460938,
    2.091845750808716,
    2.0851871967315674,
    2.073347806930542,
    2.057253837585449,
    2.036895513534546,
    2.012232780456543,
    1.9836006164550781,
    1.9530788660049438,
    1.926954984664917,
    1.916498064994812,
    1.9383903741836548,
    1.952523112297058,
    2.0177433490753174,
    2.0054986476898193,
    2.010915994644165,
    2.013702630996704,
    2.019718885421753,
    2.027094602584839,
    2.0375661849975586,
    2.044902801513672,
    2.0514564514160156,
    2.0591800212860107,
    2.063908100128174,
    2.0548226833343506,
    2.0747029781341553,
    2.02549409866333,
    1.9778881072998047,
    1.9765956401824951,
    1.9807723760604858,
    1.9896125793457031,
    2.002533197402954,
    2.0188755989074707,
    2.04168963432312,
    2.074904441833496,
    2.0896999835968018,
    2.098524570465088,
    2.0979700088500977,
    2.0808193683624268,
    2.049457311630249,
    2.0604472160339355,
    1.9987411499023438,
    2.0179100036621094,
    2.0643436908721924,
    2.087995767593384,
    2.09077787399292,
    2.0950872898101807,
    2.0964550971984863,
    2.0989084243774414,
    2.121659517288208,
    2.149359941482544,
    2.147745370864868,
    2.145660877227783,
    2.1312172412872314,
    2.132993459701538,
    2.1167774200439453,
    2.114773750305176,
    2.1215028762817383,
    2.128826141357422,
    2.132549285888672,
    2.1310410499572754,
    2.123399019241333,
    2.1168038845062256,
    2.113481283187866,
    2.115135431289673,
    2.122105360031128,
    2.1286423206329346,
    2.13796067237854,
    2.146373987197876,
    2.1568050384521484,
    2.167604923248291,
    2.173995018005371,
    2.1777098178863525,
    2.18216872215271,
    2.1770126819610596,
    2.191845655441284,
    2.1868765354156494,
    2.2181107997894287,
    2.2311208248138428,
    2.276045322418213,
    2.261545181274414,
    2.1113901138305664,
    2.5171210765838623,
    2.7020602226257324,
    2.319249391555786,
    2.1881606578826904,
    2.0595266819000244,
    2.1669554710388184,
    2.183013677597046,
    2.1853842735290527,
    2.187954902648926,
    2.1920979022979736,
    2.1975290775299072,
    2.2040653228759766,
    2.2116646766662598,
    2.2202556133270264,
    2.229687213897705
  ]
}