{
  "Train": [
    1.0118918418884277,
    0.9614152312278748,
    0.9029449224472046,
    0.876673698425293,
    0.858673095703125,
    0.846264660358429,
    0.8346619009971619,
    0.8236134648323059,
    0.8127903938293457,
    0.8019996285438538,
    0.7891718745231628,
    0.7712891697883606,
    0.752304196357727,
    0.7487510442733765,
    0.7512977123260498,
    0.7405793070793152,
    0.7342427372932434,
    0.722819447517395,
    0.71450275182724,
    0.7073870897293091,
    0.7005276083946228,
    0.694398820400238,
    0.688495934009552,
    0.6828282475471497,
    0.677137553691864,
    0.6712312698364258,
    0.6648719906806946,
    0.6580986380577087,
    0.6517884135246277,
    0.646891713142395,
    0.6408533453941345,
    0.6409368515014648,
    0.6707165837287903,
    0.6628181338310242,
    0.6282030344009399,
    0.6221393942832947,
    0.6344574689865112,
    0.6422725319862366,
    0.6114305257797241,
    0.6022094488143921,
    0.7235327363014221,
    0.6591067910194397,
    0.6473963856697083,
    0.6097112894058228,
    0.5901656150817871,
    0.5804287195205688,
    0.575616180896759,
    0.5694066286087036,
    0.5618740320205688,
    0.5598533153533936,
    0.5493503212928772,
    0.5402916073799133,
    0.5433629155158997,
    0.533168613910675,
    0.5189864039421082,
    0.5354835391044617,
    0.5139649510383606,
    0.496742308139801,
    0.5655577778816223,
    0.5061006546020508,
    0.48362815380096436,
    0.4728381931781769,
    0.4882383942604065,
    0.5416576266288757,
    0.5008254051208496,
    0.46403756737709045,
    0.45485585927963257,
    0.4282596707344055,
    0.43638092279434204,
    0.4422707259654999,
    0.43315237760543823,
    0.4276176393032074,
    0.4032416343688965,
    0.3826427757740021,
    0.3726245164871216,
    0.5291330218315125,
    0.4283898174762726,
    0.4171545207500458,
    0.3963205814361572,
    0.39516782760620117,
    0.388460636138916,
    0.3689553141593933,
    0.34363237023353577,
    0.33533379435539246,
    0.36975765228271484,
    0.3054571747779846,
    0.3036006987094879,
    0.35157185792922974,
    0.4695768654346466,
    0.3455314636230469,
    0.2756212055683136,
    0.26469701528549194,
    0.2620798349380493,
    0.2450912892818451,
    0.23106276988983154,
    0.2748364210128784,
    0.26724523305892944,
    0.2561999559402466,
    0.2538299858570099,
    0.24796970188617706
  ],
  "Training Time": 108.18163895606995,
  "Validate": [
    3.8768179416656494,
    3.64206862449646,
    3.273261308670044,
    3.145378828048706,
    3.0522453784942627,
    2.984935760498047,
    2.905463218688965,
    2.8348498344421387,
    2.784938097000122,
    2.8443045616149902,
    2.9173521995544434,
    2.8962478637695312,
    2.780430793762207,
    2.680427074432373,
    2.6388301849365234,
    2.591489553451538,
    2.6209218502044678,
    2.617971658706665,
    2.6249897480010986,
    2.628101348876953,
    2.629974365234375,
    2.6304399967193604,
    2.628690481185913,
    2.625115156173706,
    2.6195333003997803,
    2.612003803253174,
    2.602395534515381,
    2.5922019481658936,
    2.590649127960205,
    2.6054534912109375,
    2.580265998840332,
    2.6001620292663574,
    2.8503103256225586,
    2.6087262630462646,
    2.584228515625,
    2.560835599899292,
    2.5920982360839844,
    2.6273293495178223,
    2.609511137008667,
    2.5971860885620117,
    3.3726561069488525,
    2.929471015930176,
    2.6835970878601074,
    2.5247435569763184,
    2.475318193435669,
    2.4017069339752197,
    2.412684917449951,
    2.460754632949829,
    2.5651936531066895,
    2.5742249488830566,
    2.502549886703491,
    2.412111759185791,
    2.5660886764526367,
    2.5211267471313477,
    2.3791513442993164,
    2.636498212814331,
    2.5861494541168213,
    2.5701773166656494,
    2.404594898223877,
    2.7438902854919434,
    2.7798852920532227,
    2.9816854000091553,
    2.493701696395874,
    2.564295768737793,
    2.2953853607177734,
    2.8314125537872314,
    2.4767541885375977,
    2.9477903842926025,
    2.7666704654693604,
    2.8186914920806885,
    2.7564585208892822,
    2.7841920852661133,
    2.722567319869995,
    2.859452962875366,
    2.512455940246582,
    2.8650295734405518,
    2.6000146865844727,
    2.606147527694702,
    2.5870089530944824,
    2.5256330966949463,
    2.5224812030792236,
    2.5815277099609375,
    2.3926947116851807,
    2.153895854949951,
    2.16292405128479,
    2.402412176132202,
    3.1140177249908447,
    2.726788282394409,
    2.979933738708496,
    2.713655948638916,
    2.979358434677124,
    2.9758310317993164,
    3.2584269046783447,
    3.230334997177124,
    3.3573968410491943,
    3.315009117126465,
    3.2887513637542725,
    3.5630874633789062,
    3.6018831729888916,
    3.55019211769104
  ]
}