{
  "Train": [
    1.1904195547103882,
    1.165252685546875,
    1.1519684791564941,
    1.1414793729782104,
    1.1355599164962769,
    1.130057454109192,
    1.1247310638427734,
    1.1193119287490845,
    1.1135680675506592,
    1.107212781906128
  ],
  "Training Time": 13.005306005477905,
  "Validate": [
    1.9907119274139404,
    1.9859963655471802,
    2.022547721862793,
    2.0548102855682373,
    2.059260845184326,
    2.0608036518096924,
    2.062666177749634,
    2.065370798110962,
    2.0692460536956787,
    2.0740487575531006
  ]
}