{
  "Train": [
    0.9585630893707275,
    0.828542172908783,
    0.7331752777099609,
    0.6632225513458252,
    0.595167338848114,
    0.7026110887527466,
    0.574950635433197,
    0.533840000629425,
    0.5093852281570435,
    0.4748915433883667
  ],
  "Training Time": 14.428564548492432,
  "Validate": [
    NaN,
    NaN,
    NaN,
    NaN,
    NaN,
    NaN,
    NaN,
    NaN,
    NaN,
    NaN
  ]
}