{
  "Train": [
    1.0022003650665283,
    0.9140580296516418,
    0.866155207157135,
    0.8373344540596008,
    0.8253973126411438,
    0.8083483576774597,
    0.7946081161499023,
    0.7832359671592712,
    0.7699634432792664,
    0.7512684464454651
  ],
  "Training Time": 8.137568473815918,
  "Validate": [
    3.950421094894409,
    3.4432785511016846,
    3.205545663833618,
    3.1195802688598633,
    2.957291603088379,
    2.909499406814575,
    2.833641290664673,
    2.806013584136963,
    2.801079034805298,
    2.8511767387390137
  ]
}