{
  "Train": [
    0.8503178358078003,
    0.8219768404960632,
    0.7946876883506775,
    0.7727993726730347,
    0.7538870573043823,
    0.7358155250549316,
    0.7238854765892029,
    0.7150572538375854,
    0.7034192681312561,
    0.6898106336593628
  ],
  "Training Time": 9.23830509185791,
  "Validate": [
    NaN,
    NaN,
    NaN,
    NaN,
    NaN,
    NaN,
    NaN,
    NaN,
    NaN,
    NaN
  ]
}