{
  "Train": [
    0.7559938430786133,
    0.7016131281852722,
    0.6871718168258667,
    0.6763085722923279,
    0.6664974093437195,
    0.6571415662765503,
    0.6478939652442932,
    0.6385154724121094,
    0.6285638213157654,
    0.6176159977912903
  ],
  "Training Time": 7.244849681854248,
  "Validate": [
    0.4016401469707489,
    0.41200101375579834,
    0.41503456234931946,
    0.4159391522407532,
    0.4173612594604492,
    0.4196970760822296,
    0.42283326387405396,
    0.42668330669403076,
    0.4310242831707001,
    0.4354013502597809
  ]
}