{
  "Train": [
    0.6091196537017822,
    0.34212446212768555,
    0.27169135212898254,
    0.24377228319644928,
    0.23095150291919708,
    0.22254975140094757,
    0.21620364487171173,
    0.2110360711812973,
    0.20658932626247406,
    0.20259690284729004,
    0.19889947772026062,
    0.19539788365364075,
    0.19202443957328796,
    0.1887262910604477,
    0.18545597791671753,
    0.18216541409492493,
    0.17880302667617798,
    0.17531581223011017,
    0.1716659516096115,
    0.16786733269691467,
    0.16401369869709015,
    0.1602497547864914,
    0.15670941770076752,
    0.1534731388092041,
    0.15055911242961884
  ],
  "Training Time": 5.440832853317261,
  "Validate": [
    3.667607069015503,
    3.2011232376098633,
    2.856013774871826,
    2.651492118835449,
    2.503939151763916,
    2.3938121795654297,
    2.31738018989563,
    2.2707176208496094,
    2.248814582824707,
    2.24641752243042,
    2.2587742805480957,
    2.2819652557373047,
    2.3129541873931885,
    2.349517583847046,
    2.3901689052581787,
    2.434152364730835,
    2.4815194606781006,
    2.533268451690674,
    2.591323137283325,
    2.6576223373413086,
    2.732175827026367,
    2.8128504753112793,
    2.897869348526001,
    2.987165927886963,
    3.081772804260254
  ]
}