{
  "Train": [
    0.1647372543811798,
    0.1217118576169014,
    0.11696404963731766,
    0.11447138339281082,
    0.11278664320707321,
    0.11149270087480545,
    0.11043316125869751,
    0.10952732712030411,
    0.10872159898281097,
    0.1079758033156395,
    0.10725996643304825,
    0.10655222088098526,
    0.10583639144897461,
    0.1050991415977478,
    0.10432799160480499,
    0.10351009666919708,
    0.10263270139694214,
    0.1016845703125,
    0.10065973550081253,
    0.09956467896699905,
    0.09843216836452484,
    0.09733723849058151,
    0.09637491405010223,
    0.09557623416185379,
    0.09485317766666412
  ],
  "Training Time": 5.975251197814941,
  "Validate": [
    0.1513195037841797,
    0.14220407605171204,
    0.13984359800815582,
    0.13973428308963776,
    0.14110331237316132,
    0.14353367686271667,
    0.14677847921848297,
    0.15067996084690094,
    0.15514439344406128,
    0.1601370871067047,
    0.1656796634197235,
    0.17183953523635864,
    0.17871449887752533,
    0.18641385436058044,
    0.19503261148929596,
    0.20461398363113403,
    0.2150896191596985,
    0.2262086272239685,
    0.23749065399169922,
    0.24825353920459747,
    0.25764670968055725,
    0.2643735110759735,
    0.2672235369682312,
    0.26752641797065735,
    0.26743653416633606
  ]
}