{
  "Train": [
    0.8306733965873718,
    0.4543508291244507,
    0.34076425433158875,
    0.2743411064147949,
    0.24240508675575256,
    0.22978530824184418,
    0.22366657853126526,
    0.21980895102024078,
    0.21613125503063202,
    0.2121787667274475,
    0.20818813145160675,
    0.20439091324806213,
    0.20044663548469543,
    0.1972341388463974,
    0.1927032768726349,
    0.1906844675540924,
    0.18431463837623596,
    0.18334417045116425,
    0.1767594963312149,
    0.17661330103874207,
    0.17177237570285797,
    0.16838377714157104,
    0.16644467413425446,
    0.1583995372056961,
    0.16062788665294647
  ],
  "Training Time": 11.278147459030151,
  "Validate": [
    0.4862438142299652,
    0.48223984241485596,
    0.586402177810669,
    0.6901354193687439,
    0.7028372883796692,
    0.6676099896430969,
    0.6482167840003967,
    0.643153190612793,
    0.6402077078819275,
    0.6361238360404968,
    0.6306435465812683,
    0.6225780844688416,
    0.6140351295471191,
    0.5996627807617188,
    0.5875624418258667,
    0.566951334476471,
    0.5444719791412354,
    0.5336151719093323,
    0.5171372294425964,
    0.5110456943511963,
    0.4851825535297394,
    0.47090208530426025,
    0.44307348132133484,
    0.4233908951282501,
    0.3948260247707367
  ]
}