{
  "Train": [
    0.1277848780155182,
    0.1192341074347496,
    0.11352767795324326,
    0.10965964943170547,
    0.10668059438467026,
    0.10421828180551529,
    0.10207804292440414,
    0.10010416805744171,
    0.09820331633090973,
    0.09632902592420578,
    0.09445468336343765,
    0.0925380140542984,
    0.09057670086622238,
    0.08862163871526718,
    0.08640328794717789,
    0.08415190130472183,
    0.08228211104869843,
    0.08213303238153458,
    0.07934539020061493,
    0.08207565546035767,
    0.0762239471077919,
    0.07313001155853271,
    0.07333511114120483,
    0.06928054243326187,
    0.0723038837313652
  ],
  "Training Time": 12.83231234550476,
  "Validate": [
    0.43670228123664856,
    0.3530510663986206,
    0.3071053624153137,
    0.26669567823410034,
    0.23167575895786285,
    0.20546908676624298,
    0.18462495505809784,
    0.16745300590991974,
    0.15291929244995117,
    0.14073546230793,
    0.13162966072559357,
    0.12712889909744263,
    0.12871764600276947,
    0.13694828748703003,
    0.14874570071697235,
    0.15201325714588165,
    0.14938320219516754,
    0.14752574265003204,
    0.13083449006080627,
    0.12958253920078278,
    0.150532528758049,
    0.16670729219913483,
    0.16431564092636108,
    0.1833042949438095,
    0.15812994539737701
  ]
}