{
  "Train": [
    0.15056106448173523,
    0.12906789779663086,
    0.10680998116731644,
    0.09957022219896317,
    0.09507457166910172,
    0.09228257089853287,
    0.09056450426578522,
    0.08964285999536514,
    0.089432492852211,
    0.08971404284238815,
    0.08933325111865997,
    0.0868169516324997,
    0.08272180706262589,
    0.07953837513923645,
    0.07743094861507416,
    0.075754813849926,
    0.07479477673768997,
    0.07396956533193588,
    0.07240734249353409,
    0.07116818428039551,
    0.069028340280056,
    0.06748589128255844,
    0.06429702043533325,
    0.06312177330255508,
    0.056521978229284286
  ],
  "Training Time": 16.323897123336792,
  "Validate": [
    NaN,
    NaN,
    NaN,
    NaN,
    NaN,
    NaN,
    NaN,
    NaN,
    NaN,
    NaN,
    NaN,
    NaN,
    NaN,
    NaN,
    NaN,
    NaN,
    NaN,
    NaN,
    NaN,
    NaN,
    NaN,
    NaN,
    NaN,
    NaN,
    NaN
  ]
}