{
  "Train": [
    1.7960702180862427,
    1.0765384435653687,
    0.9524361491203308,
    0.886600136756897,
    0.8330720663070679,
    0.7949404120445251,
    0.7586968541145325,
    0.7239504456520081,
    0.691536545753479,
    0.6601606011390686,
    0.6310234069824219,
    0.6045295596122742,
    0.5798880457878113,
    0.5554726719856262,
    0.5342001914978027,
    0.5109105706214905,
    0.48792797327041626,
    0.46238210797309875,
    0.43426045775413513,
    0.41823622584342957,
    0.4049454629421234,
    0.40022656321525574,
    0.436314195394516,
    0.37155500054359436,
    0.3358170688152313,
    0.33138301968574524,
    0.326335608959198,
    0.30634111166000366,
    0.3266422152519226,
    0.27956822514533997,
    0.2552849352359772,
    0.2517395317554474,
    0.23445597290992737,
    0.22146128118038177,
    0.21973486244678497,
    0.21453727781772614,
    0.22013773024082184,
    0.24104109406471252,
    0.2790837287902832,
    0.3247860074043274,
    0.19239474833011627,
    0.17726585268974304,
    0.17471341788768768,
    0.1657547652721405,
    0.1507202684879303,
    0.14730961620807648,
    0.1472538709640503,
    0.16106724739074707,
    0.13875176012516022,
    0.17220690846443176,
    0.14872750639915466,
    0.6617746353149414,
    0.8421315550804138,
    0.41776517033576965,
    0.21714268624782562,
    0.2002711147069931,
    0.1554701328277588,
    0.13759154081344604,
    0.12388875335454941,
    0.12325675785541534,
    0.10652675479650497,
    0.09141004085540771,
    0.0878203883767128,
    0.08235199749469757,
    0.0755443423986435,
    0.07657965272665024,
    0.07079461961984634,
    0.06676210463047028,
    0.0720924586057663,
    0.1356026530265808,
    0.19884416460990906,
    0.16517485678195953,
    0.0899311974644661,
    0.07648087292909622,
    0.06994500011205673,
    0.06384080648422241,
    0.06314680725336075,
    0.05879109725356102,
    0.05119866132736206,
    0.04609104245901108,
    0.04125535115599632,
    0.04803677275776863,
    0.04604342579841614,
    0.11054964363574982,
    0.11537686735391617,
    0.08256230503320694,
    0.12653325498104095,
    0.07846628874540329,
    0.07722539454698563,
    0.06336771696805954,
    0.05966481566429138,
    0.11426721513271332,
    0.0950784683227539,
    0.045058198273181915,
    0.03563224524259567,
    0.0317779965698719,
    0.04080965742468834,
    0.05062872916460037,
    0.04104483500123024,
    0.037622369825839996
  ],
  "Training Time": 64.81204915046692,
  "Validate": [
    2.7479166984558105,
    2.980269432067871,
    3.4182686805725098,
    3.639035701751709,
    4.08143424987793,
    4.295571804046631,
    4.641687870025635,
    4.897331237792969,
    5.181644916534424,
    5.441279888153076,
    5.730040073394775,
    6.054725170135498,
    6.342949390411377,
    6.52692985534668,
    6.713199138641357,
    6.97444486618042,
    7.129803657531738,
    6.983179092407227,
    7.354832172393799,
    7.524081230163574,
    6.981924533843994,
    5.52618932723999,
    6.1873860359191895,
    7.4951677322387695,
    6.441920757293701,
    8.264776229858398,
    7.8787922859191895,
    6.241006374359131,
    7.125442028045654,
    7.153873920440674,
    8.459781646728516,
    8.471526145935059,
    8.195286750793457,
    7.353696823120117,
    7.107412815093994,
    8.65914249420166,
    7.58055305480957,
    8.270675659179688,
    4.173710346221924,
    6.3515305519104,
    7.8400559425354,
    7.394292831420898,
    6.37025260925293,
    6.472719192504883,
    6.38715934753418,
    6.2697601318359375,
    5.719442367553711,
    7.398366928100586,
    6.124142169952393,
    6.8012375831604,
    4.873868942260742,
    5.974520683288574,
    2.9207489490509033,
    4.4253153800964355,
    5.250255584716797,
    4.332835674285889,
    4.9659271240234375,
    4.775111675262451,
    4.461742401123047,
    4.861120223999023,
    4.63267183303833,
    4.554543495178223,
    4.6507768630981445,
    4.616974353790283,
    4.7752814292907715,
    4.586858749389648,
    4.40377950668335,
    4.594799041748047,
    4.065587043762207,
    1.9980227947235107,
    3.3255767822265625,
    3.5002753734588623,
    4.477270126342773,
    4.817925453186035,
    3.8498940467834473,
    3.8077797889709473,
    3.917482614517212,
    4.3732171058654785,
    4.110870838165283,
    4.297840595245361,
    4.593709468841553,
    3.1906721591949463,
    3.78407883644104,
    1.8422752618789673,
    2.588067054748535,
    2.913806200027466,
    1.6011474132537842,
    3.4667816162109375,
    3.8827157020568848,
    4.660353183746338,
    3.3061041831970215,
    3.411358594894409,
    2.9129250049591064,
    3.5473902225494385,
    3.736536979675293,
    4.193464279174805,
    4.10902214050293,
    2.7755351066589355,
    3.2928268909454346,
    3.8371927738189697
  ]
}