{
  "Train": [
    0.9934486746788025,
    0.9141280055046082,
    0.8709646463394165,
    0.845948338508606,
    0.8289521336555481,
    0.8159134984016418,
    0.8046647310256958,
    0.7943525314331055,
    0.7847161293029785,
    0.775373637676239
  ],
  "Training Time": 8.458350658416748,
  "Validate": [
    3.95462703704834,
    3.498769998550415,
    3.203584909439087,
    3.0231590270996094,
    2.9119505882263184,
    2.83815598487854,
    2.785961627960205,
    2.749913454055786,
    2.7284650802612305,
    2.7204246520996094
  ]
}