{
  "Train": [
    0.8722184896469116,
    0.85514897108078,
    0.8396238088607788,
    0.825779914855957,
    0.8135858774185181,
    0.8025649785995483,
    0.7919016480445862,
    0.7812868356704712,
    0.7733351588249207,
    0.762263298034668
  ],
  "Training Time": 9.352617263793945,
  "Validate": [
    NaN,
    NaN,
    NaN,
    NaN,
    NaN,
    NaN,
    NaN,
    NaN,
    NaN,
    NaN
  ]
}