{
  "Train": [
    0.9326578974723816,
    0.8832899332046509,
    0.8476515412330627,
    0.8239431977272034,
    0.8037137389183044,
    0.7919597029685974,
    0.7824946641921997,
    0.7746433019638062,
    0.7692785859107971,
    0.7646666169166565
  ],
  "Training Time": 5.449388027191162,
  "Validate": [
    3.3250885009765625,
    3.1125669479370117,
    2.912506341934204,
    2.747129201889038,
    2.641188621520996,
    2.5521082878112793,
    2.462404251098633,
    2.3654732704162598,
    2.2871227264404297,
    2.2365763187408447
  ]
}