{
  "Train": [
    0.7100412249565125,
    0.6930047869682312,
    0.6786264181137085,
    0.6665211319923401,
    0.6571750044822693,
    0.647931694984436,
    0.6383506655693054,
    0.6282901763916016,
    0.6178311109542847,
    0.6067274808883667
  ],
  "Training Time": 4.759404897689819,
  "Validate": [
    0.48351821303367615,
    0.4914451837539673,
    0.49246513843536377,
    0.49132439494132996,
    0.48993709683418274,
    0.48950862884521484,
    0.4904971420764923,
    0.492352694272995,
    0.4945571720600128,
    0.49727150797843933
  ]
}