{
  "Train": [
    0.5739310383796692,
    0.15654809772968292,
    0.12655065953731537,
    0.10878618061542511,
    0.10283354669809341,
    0.09560506790876389,
    0.08823319524526596,
    0.0821545273065567,
    0.07847164571285248,
    0.07568787783384323,
    0.07280170172452927,
    0.07042793929576874,
    0.06905712187290192,
    0.0682763084769249,
    0.06717298924922943,
    0.06535246223211288,
    0.06310108304023743,
    0.06136394292116165,
    0.0599108524620533,
    0.058585356920957565,
    0.05734408274292946,
    0.05615123361349106,
    0.0549689345061779,
    0.05375153571367264,
    0.0524449460208416
  ],
  "Training Time": 17.744067192077637,
  "Validate": [
    2.2131125926971436,
    2.3803062438964844,
    2.8668344020843506,
    3.0920984745025635,
    3.3108291625976562,
    3.5564191341400146,
    3.9146926403045654,
    4.370959281921387,
    4.6685991287231445,
    4.803802967071533,
    4.873232841491699,
    4.906452178955078,
    4.889217853546143,
    4.805492877960205,
    4.653825283050537,
    4.478756427764893,
    4.3353705406188965,
    4.207634925842285,
    4.078190803527832,
    3.9463798999786377,
    3.8144288063049316,
    3.6844136714935303,
    3.5582146644592285,
    3.437814474105835,
    3.3256895542144775
  ]
}