{
  "Train": [
    0.19010618329048157,
    0.06672696024179459,
    0.04249093681573868,
    0.03509250283241272,
    0.030045516788959503,
    0.026179570704698563,
    0.02313278242945671,
    0.020654115825891495,
    0.018560372292995453,
    0.016752248629927635,
    0.015202214010059834,
    0.013910154812037945,
    0.012876289896667004,
    0.012102706357836723,
    0.01158082950860262,
    0.01126401498913765,
    0.011060715653002262,
    0.010893807746469975,
    0.010726663284003735,
    0.010512413457036018,
    0.010249333456158638,
    0.009972036816179752,
    0.009720227681100368,
    0.009502424858510494,
    0.009313422255218029
  ],
  "Training Time": 22.700831651687622,
  "Validate": [
    NaN,
    NaN,
    NaN,
    NaN,
    NaN,
    NaN,
    NaN,
    NaN,
    NaN,
    NaN,
    NaN,
    NaN,
    NaN,
    NaN,
    NaN,
    NaN,
    NaN,
    NaN,
    NaN,
    NaN,
    NaN,
    NaN,
    NaN,
    NaN,
    NaN
  ]
}