{
  "Train": [
    1.8098150491714478,
    1.2771092653274536,
    1.2058707475662231,
    1.1539558172225952,
    1.1266945600509644,
    1.103388786315918,
    1.080255150794983,
    1.0558608770370483,
    1.029868721961975,
    1.0028878450393677,
    0.9759098291397095,
    0.9452407956123352,
    0.927087664604187,
    0.8998762369155884,
    0.8800721168518066,
    0.8618274927139282,
    0.8451566696166992,
    0.8164337873458862,
    0.807356059551239,
    0.7675048112869263,
    0.7483754754066467,
    0.7398263216018677,
    0.7027438879013062,
    0.677245020866394,
    0.6601354479789734,
    0.6330108642578125,
    0.6146830320358276,
    0.5907347798347473,
    0.5592726469039917,
    0.5567868947982788,
    0.5009838938713074,
    0.4704442620277405,
    0.44302839040756226,
    0.42079880833625793,
    0.3992956280708313,
    0.37417975068092346,
    0.3587971031665802,
    0.34671762585639954,
    0.3346320688724518,
    0.30445030331611633,
    0.3136654198169708,
    0.3008386194705963,
    0.30689743161201477,
    0.4035002291202545,
    0.7054312825202942,
    0.692105233669281,
    0.36707407236099243,
    0.2807169258594513,
    0.42756471037864685,
    0.3334057033061981,
    0.29503825306892395,
    0.5592056512832642,
    0.7056832313537598,
    0.3014143407344818,
    0.2337198555469513,
    0.20378386974334717,
    0.1875976324081421,
    0.17387151718139648,
    0.16315647959709167,
    0.1597873866558075,
    0.14760956168174744,
    0.1372791975736618,
    0.12750281393527985,
    0.11805665493011475,
    0.10991710424423218,
    0.10307981073856354,
    0.0933758094906807,
    0.08614907413721085,
    0.07166339457035065,
    0.06728596985340118,
    0.06656531989574432,
    0.0608803890645504,
    0.07542339712381363,
    0.13703331351280212,
    0.07781969010829926,
    0.07901651412248611,
    0.05099121108651161,
    0.052354972809553146,
    0.05432276055216789,
    0.05115706846117973,
    0.049280960112810135,
    0.0480334535241127,
    0.05251685157418251,
    0.047841876745224,
    0.05884150415658951,
    0.05959314480423927,
    0.03996187448501587,
    0.053421441465616226,
    0.04200347140431404,
    0.03630775958299637,
    0.025072025135159492,
    0.024319792166352272,
    0.020731721073389053,
    0.046921733766794205,
    0.15918004512786865,
    0.37603452801704407,
    0.17270401120185852,
    0.09579042345285416,
    0.06690647453069687,
    0.046024058014154434
  ],
  "Training Time": 105.0569658279419,
  "Validate": [
    2.3270375728607178,
    1.6809204816818237,
    1.5357292890548706,
    1.5272010564804077,
    1.5544646978378296,
    1.605688452720642,
    1.6727312803268433,
    1.748836636543274,
    1.8279136419296265,
    1.900254487991333,
    1.971656322479248,
    2.062474012374878,
    2.1742563247680664,
    2.267045736312866,
    2.370593786239624,
    2.3610994815826416,
    2.6402623653411865,
    2.605271577835083,
    2.6316115856170654,
    2.9245994091033936,
    2.9891746044158936,
    3.2247955799102783,
    3.4770925045013428,
    3.69834303855896,
    3.906731367111206,
    4.1926493644714355,
    4.347187519073486,
    4.434277057647705,
    4.378257751464844,
    4.591454029083252,
    4.958218097686768,
    5.090219497680664,
    5.321794033050537,
    5.497870922088623,
    5.608849048614502,
    5.817328929901123,
    5.616731643676758,
    5.677133560180664,
    5.596280574798584,
    5.554766654968262,
    6.491880893707275,
    6.626670837402344,
    5.825697422027588,
    3.7799196243286133,
    5.27778959274292,
    3.489849090576172,
    5.74104118347168,
    5.851635932922363,
    5.991128444671631,
    6.187228202819824,
    6.681033611297607,
    3.830796241760254,
    4.740434646606445,
    5.319322109222412,
    5.4884562492370605,
    5.706921100616455,
    5.892367362976074,
    5.993821620941162,
    5.939607620239258,
    5.828393459320068,
    5.816403865814209,
    5.773711681365967,
    5.78682279586792,
    5.816970348358154,
    5.873474597930908,
    6.112151622772217,
    6.400200366973877,
    6.375909328460693,
    5.843195915222168,
    6.312225818634033,
    6.367071628570557,
    6.055779933929443,
    5.977655410766602,
    6.608818531036377,
    6.2390522956848145,
    5.846536636352539,
    5.518767833709717,
    5.921293258666992,
    5.442230224609375,
    5.214691162109375,
    5.096786975860596,
    5.739486217498779,
    5.4666972160339355,
    5.605100631713867,
    5.104621410369873,
    5.671417713165283,
    5.1544904708862305,
    5.596356391906738,
    5.739449501037598,
    5.398530960083008,
    5.316929817199707,
    4.878159999847412,
    4.92491340637207,
    4.552595138549805,
    3.931060552597046,
    6.359527587890625,
    5.518355369567871,
    5.160384654998779,
    4.272736072540283,
    4.389652729034424
  ]
}