{
  "Train": [
    0.7670934796333313,
    0.35595595836639404,
    0.26608824729919434,
    0.24997055530548096,
    0.23924238979816437,
    0.22997352480888367,
    0.2212297022342682,
    0.21071700751781464,
    0.19967396557331085,
    0.1918419748544693,
    0.18544438481330872,
    0.17987750470638275,
    0.17491041123867035,
    0.17043176293373108,
    0.16637633740901947,
    0.16270248591899872,
    0.15937967598438263,
    0.15638169646263123,
    0.1536823958158493,
    0.1512543112039566,
    0.1490696668624878,
    0.14710085093975067,
    0.14532116055488586,
    0.1437056064605713,
    0.14223124086856842
  ],
  "Training Time": 6.464830636978149,
  "Validate": [
    6.179321765899658,
    6.797636032104492,
    6.974339485168457,
    7.0008344650268555,
    6.964001178741455,
    6.907646179199219,
    6.856117248535156,
    6.8382182121276855,
    6.869340419769287,
    6.856993198394775,
    6.814182758331299,
    6.755421161651611,
    6.688541889190674,
    6.618258476257324,
    6.548038959503174,
    6.480742931365967,
    6.418684482574463,
    6.363546371459961,
    6.316347122192383,
    6.277486801147461,
    6.246856689453125,
    6.223971366882324,
    6.208102226257324,
    6.198385715484619,
    6.1939167976379395
  ]
}