{
  "Train": [
    0.14218562841415405,
    0.11937961727380753,
    0.11290697753429413,
    0.11033651232719421,
    0.10802759975194931,
    0.10530109703540802,
    0.10319795459508896,
    0.10160920768976212,
    0.10022927820682526,
    0.09899529069662094,
    0.09788257628679276,
    0.09686286747455597,
    0.0959080308675766,
    0.09499357640743256,
    0.09410246461629868,
    0.09322918206453323,
    0.09238012880086899,
    0.09156937897205353,
    0.09081080555915833,
    0.0901128277182579,
    0.08947691321372986,
    0.08889888972043991,
    0.0883718952536583,
    0.08788780868053436,
    0.08743899315595627
  ],
  "Training Time": 8.782171487808228,
  "Validate": [
    NaN,
    NaN,
    NaN,
    NaN,
    NaN,
    NaN,
    NaN,
    NaN,
    NaN,
    NaN,
    NaN,
    NaN,
    NaN,
    NaN,
    NaN,
    NaN,
    NaN,
    NaN,
    NaN,
    NaN,
    NaN,
    NaN,
    NaN,
    NaN,
    NaN
  ]
}