{
  "Train": [
    0.7623438239097595,
    0.7225655913352966,
    0.7084323763847351,
    0.6989779472351074,
    0.6940275430679321,
    0.688289999961853,
    0.6764866709709167,
    0.6664124131202698,
    0.6543605923652649,
    0.645407497882843
  ],
  "Training Time": 14.664848804473877,
  "Validate": [
    NaN,
    NaN,
    NaN,
    NaN,
    NaN,
    NaN,
    NaN,
    NaN,
    NaN,
    NaN
  ]
}