{
  "Train": [
    0.7473721504211426,
    0.7187479138374329,
    0.7046970725059509,
    0.68896484375,
    0.6702942252159119,
    0.6457503437995911,
    0.615949809551239,
    0.5893372297286987,
    0.5698836445808411,
    0.5556682348251343
  ],
  "Training Time": 11.828027248382568,
  "Validate": [
    0.36388683319091797,
    0.375341534614563,
    0.38026323914527893,
    0.380489319562912,
    0.37847331166267395,
    0.38110750913619995,
    0.3903604745864868,
    0.4010999798774719,
    0.4137149155139923,
    0.4223821759223938
  ]
}