{
  "Train": [
    0.6420437097549438,
    0.3633401691913605,
    0.33035868406295776,
    0.30955758690834045,
    0.29365918040275574,
    0.2809695303440094,
    0.2697961628437042,
    0.259341299533844,
    0.24972133338451385,
    0.24231022596359253
  ],
  "Training Time": 5.569778680801392,
  "Validate": [
    42.96408462524414,
    39.272789001464844,
    38.23371505737305,
    37.45583724975586,
    36.95018005371094,
    36.609439849853516,
    36.35704040527344,
    36.19326400756836,
    36.12354278564453,
    36.08759689331055
  ]
}