{
  "Train": [
    0.49981147050857544,
    0.4269622266292572,
    0.3942524194717407,
    0.3685300946235657,
    0.3465312421321869,
    0.33497998118400574,
    0.31861889362335205,
    0.3926960527896881,
    0.29693156480789185,
    0.3455251455307007
  ],
  "Training Time": 14.60382628440857,
  "Validate": [
    NaN,
    NaN,
    NaN,
    NaN,
    NaN,
    NaN,
    NaN,
    NaN,
    NaN,
    NaN
  ]
}