{
  "Train": [
    1.1010029315948486,
    1.0835217237472534,
    1.0750287771224976,
    1.0641175508499146,
    1.0484400987625122,
    1.0075738430023193,
    0.9616751074790955,
    0.9432072043418884,
    0.9275075197219849,
    0.9015913605690002,
    0.8822402954101562,
    0.8543492555618286,
    0.8298431634902954,
    0.7928592562675476,
    0.8146085739135742,
    0.7323660850524902,
    0.7090353965759277,
    0.7763915061950684,
    0.7259731888771057,
    0.68998783826828,
    0.669920802116394,
    0.6189908981323242,
    0.5756372213363647,
    0.5562720894813538,
    0.5525146722793579,
    0.5647841095924377,
    0.549972653388977,
    0.5730936527252197,
    0.8186671137809753,
    0.5946735739707947,
    0.5091108679771423,
    0.5532395243644714,
    0.43353956937789917,
    0.4374753534793854,
    0.42868995666503906,
    0.42096656560897827,
    0.4013125002384186,
    0.382500022649765,
    0.5099951028823853,
    0.4709157347679138,
    0.3572176992893219,
    0.3513954281806946,
    0.34406548738479614,
    0.28482022881507874,
    0.29103073477745056,
    0.2574796676635742,
    0.2647364139556885,
    0.24887573719024658,
    0.2424335777759552,
    0.24000301957130432,
    0.22500170767307281,
    0.3136718273162842,
    0.30648088455200195,
    0.2027362883090973,
    0.2353062480688095,
    0.34922826290130615,
    0.21227917075157166,
    0.1520429253578186,
    0.12757505476474762,
    0.14137914776802063,
    0.11625734716653824,
    0.09380999952554703,
    0.1923333704471588,
    0.2779145836830139,
    0.3720703125,
    0.2804703712463379,
    0.1211048886179924,
    0.0819782093167305,
    0.06889539211988449,
    0.054232604801654816,
    0.0490889698266983,
    0.03865938261151314,
    0.09045784175395966,
    0.06499125063419342,
    0.061249855905771255,
    0.09251322597265244,
    0.08997268229722977,
    0.0793193131685257,
    0.04612428694963455,
    0.03302619233727455,
    0.022615889087319374,
    0.022325988858938217,
    0.013326676562428474,
    0.01136902067810297,
    0.00984156783670187,
    0.007325290702283382,
    0.004042892716825008,
    0.005890279542654753,
    0.011564201675355434,
    0.017269572243094444,
    0.026924485340714455,
    0.017573533579707146,
    0.01966564729809761,
    0.03256555646657944,
    0.035869453102350235,
    0.10379598289728165,
    0.42290017008781433,
    0.4577612280845642,
    0.20679600536823273,
    0.12212203443050385
  ],
  "Training Time": 74.81478786468506,
  "Validate": [
    4.3500075340271,
    4.325833797454834,
    4.257465839385986,
    4.156503677368164,
    4.077228546142578,
    3.948672294616699,
    3.7537834644317627,
    3.666034460067749,
    3.6765737533569336,
    3.693657636642456,
    3.6740639209747314,
    3.6335082054138184,
    3.5557198524475098,
    3.5965490341186523,
    4.150145530700684,
    3.660677433013916,
    3.948204278945923,
    4.20881462097168,
    3.758971929550171,
    3.7707769870758057,
    3.622006416320801,
    3.4485628604888916,
    3.485595464706421,
    3.376495122909546,
    3.5115089416503906,
    3.515543222427368,
    3.599055290222168,
    4.093899250030518,
    4.405107498168945,
    3.7282044887542725,
    3.6984682083129883,
    3.6200897693634033,
    3.5914957523345947,
    3.6323935985565186,
    3.7690231800079346,
    3.927607536315918,
    3.9863088130950928,
    4.070352554321289,
    7.0812530517578125,
    4.410711288452148,
    5.146998405456543,
    4.735757827758789,
    4.382687091827393,
    4.240444660186768,
    4.649238109588623,
    4.914461612701416,
    5.143325328826904,
    5.41471529006958,
    5.871771335601807,
    6.576355457305908,
    7.147912979125977,
    4.8650736808776855,
    4.801649570465088,
    5.842451572418213,
    5.484649181365967,
    6.225114822387695,
    6.592953681945801,
    6.0320048332214355,
    5.518655776977539,
    5.601277828216553,
    4.5558977127075195,
    4.0758161544799805,
    5.396685600280762,
    6.079493999481201,
    6.816482067108154,
    6.0594892501831055,
    5.951414108276367,
    6.030107021331787,
    6.061902046203613,
    6.0797343254089355,
    5.932166576385498,
    6.045078754425049,
    5.2915191650390625,
    6.524708271026611,
    5.650933742523193,
    5.527042865753174,
    5.034811019897461,
    4.889088153839111,
    4.418466567993164,
    4.749875068664551,
    5.044577598571777,
    5.529872417449951,
    5.625797748565674,
    5.666064262390137,
    5.555200099945068,
    5.198989391326904,
    5.0441508293151855,
    5.307528972625732,
    5.151429176330566,
    4.994186878204346,
    4.524694919586182,
    4.97032356262207,
    5.740490436553955,
    6.304240703582764,
    4.927238941192627,
    4.198942184448242,
    5.761032581329346,
    6.51486349105835,
    4.3482666015625,
    5.011019229888916
  ]
}