{
  "Train": [
    1.0574429035186768,
    1.0361024141311646,
    1.0200713872909546,
    1.0007832050323486,
    0.9710068106651306,
    0.9372770190238953,
    0.9267444014549255,
    0.8709969520568848,
    0.8527290225028992,
    0.9907255172729492
  ],
  "Training Time": 5.057324409484863,
  "Validate": [
    0.4393571615219116,
    0.40374600887298584,
    0.36142250895500183,
    0.3142281472682953,
    0.2673037648200989,
    0.22871088981628418,
    0.22153697907924652,
    0.2345496267080307,
    0.27525565028190613,
    0.9341415166854858
  ]
}