{
  "Train": [
    0.6782978773117065,
    0.7468802332878113,
    0.6063892245292664,
    0.5808773636817932,
    0.5662903189659119,
    0.5305309295654297,
    0.4950721859931946,
    0.5671103596687317,
    0.5561262965202332,
    0.8041052222251892
  ],
  "Training Time": 15.01011872291565,
  "Validate": [
    NaN,
    NaN,
    NaN,
    NaN,
    NaN,
    NaN,
    NaN,
    NaN,
    NaN,
    NaN
  ]
}