{
  "Train": [
    1.0588397979736328,
    1.0530372858047485,
    1.0510145425796509,
    1.0491387844085693,
    1.0470378398895264,
    1.0442613363265991,
    1.0402488708496094,
    1.0343177318572998,
    1.0260062217712402,
    1.0159989595413208
  ],
  "Training Time": 3.6756420135498047,
  "Validate": [
    3.1309449672698975,
    3.1241750717163086,
    3.1144559383392334,
    3.102102756500244,
    3.0852816104888916,
    3.061394453048706,
    3.026226282119751,
    2.9744322299957275,
    2.9058921337127686,
    2.8361425399780273
  ]
}