{
  "Train": [
    0.9642701148986816,
    0.9377357959747314,
    0.9192376732826233,
    0.9031847715377808,
    0.8887394070625305,
    0.8757092356681824,
    0.8639278411865234,
    0.8530033826828003,
    0.8425083160400391,
    0.8321571350097656
  ],
  "Training Time": 2.4347732067108154,
  "Validate": [
    0.3421599268913269,
    0.34113752841949463,
    0.3394027054309845,
    0.34210705757141113,
    0.34810322523117065,
    0.35641470551490784,
    0.3659942150115967,
    0.3761475682258606,
    0.38660961389541626,
    0.39735662937164307
  ]
}