{
  "Train": [
    1.1094821691513062,
    1.0513191223144531,
    1.062035083770752,
    1.0301817655563354,
    1.0121955871582031,
    0.9949554800987244,
    0.9777129888534546,
    0.9615223407745361,
    0.9476147890090942,
    0.9356277585029602
  ],
  "Training Time": 14.117071390151978,
  "Validate": [
    NaN,
    NaN,
    NaN,
    NaN,
    NaN,
    NaN,
    NaN,
    NaN,
    NaN,
    NaN
  ]
}