{
  "Train": [
    1.1886706352233887,
    1.1535091400146484,
    1.1447452306747437,
    1.13761568069458,
    1.1301952600479126,
    1.1256648302078247,
    1.1207177639007568,
    1.1167256832122803,
    1.1117573976516724,
    1.1088085174560547
  ],
  "Training Time": 11.546492099761963,
  "Validate": [
    1.9770218133926392,
    1.9758141040802002,
    2.027618169784546,
    2.0432698726654053,
    2.0590579509735107,
    2.0460495948791504,
    2.0381200313568115,
    2.0182604789733887,
    2.010268211364746,
    1.979922890663147
  ]
}