{
  "Train": [
    0.3341163992881775,
    0.1380688101053238,
    0.109926238656044,
    0.09798930585384369,
    0.09113383293151855,
    0.07448755204677582,
    0.054561369121074677,
    0.048825427889823914,
    0.039978887885808945,
    0.04647710546851158,
    0.044404998421669006,
    0.03989938646554947,
    0.03749484941363335,
    0.03625672683119774,
    0.035372570157051086,
    0.03466053679585457,
    0.03404548764228821,
    0.03349566087126732,
    0.03300079330801964,
    0.032553885132074356,
    0.03214750066399574,
    0.03177376836538315,
    0.03142476826906204,
    0.031093286350369453,
    0.03077334351837635
  ],
  "Training Time": 11.262402772903442,
  "Validate": [
    0.7626672387123108,
    1.246541142463684,
    0.7110259532928467,
    0.9335559606552124,
    0.9013445377349854,
    1.2737735509872437,
    1.4339091777801514,
    1.2016257047653198,
    1.1616915464401245,
    1.1395761966705322,
    1.0739303827285767,
    1.0103343725204468,
    0.9591749310493469,
    0.9155604839324951,
    0.8784835934638977,
    0.84720778465271,
    0.8212276101112366,
    0.8002551794052124,
    0.7839663028717041,
    0.7719694375991821,
    0.763829231262207,
    0.7590846419334412,
    0.7572740912437439,
    0.7579545974731445,
    0.7607157230377197
  ]
}