{
  "Train": [
    1.045647144317627,
    1.0288861989974976,
    1.0132569074630737,
    1.0015243291854858,
    0.9911996722221375,
    0.9815002083778381,
    0.9720979332923889,
    0.9627935290336609,
    0.9534075856208801,
    0.943749189376831
  ],
  "Training Time": 6.399133205413818,
  "Validate": [
    NaN,
    NaN,
    NaN,
    NaN,
    NaN,
    NaN,
    NaN,
    NaN,
    NaN,
    NaN
  ]
}