{
  "Train": [
    0.6776909828186035,
    0.5005947947502136,
    0.45672357082366943,
    0.4193459451198578,
    0.387167364358902,
    0.36122381687164307,
    0.34189751744270325,
    0.3280992805957794,
    0.31791290640830994,
    0.3099707365036011
  ],
  "Training Time": 4.307704448699951,
  "Validate": [
    53.036075592041016,
    52.684776306152344,
    52.20469665527344,
    51.64754104614258,
    51.09294128417969,
    50.56552505493164,
    50.084320068359375,
    49.65821838378906,
    49.267364501953125,
    48.88991928100586
  ]
}