{
  "Train": [
    1.1220762729644775,
    1.113481879234314,
    1.1110433340072632,
    1.1097893714904785,
    1.108824610710144,
    1.107325792312622,
    1.1043726205825806,
    1.0962257385253906,
    1.0946149826049805,
    1.0927250385284424
  ],
  "Training Time": 2.398726224899292,
  "Validate": [
    1.4951008558273315,
    1.4588462114334106,
    1.4395159482955933,
    1.4286853075027466,
    1.42240571975708,
    1.4188462495803833,
    1.409967303276062,
    1.402403712272644,
    1.409371256828308,
    1.4204920530319214
  ]
}