{
  "Train": [
    1.1494505405426025,
    1.1603572368621826,
    1.1453596353530884,
    1.1299482583999634,
    1.1207095384597778,
    1.1118656396865845,
    1.1007012128829956,
    1.0960904359817505,
    1.077672004699707,
    1.050266146659851
  ],
  "Training Time": 7.15173864364624,
  "Validate": [
    0.7567012906074524,
    0.8870254158973694,
    0.9563047289848328,
    1.0600775480270386,
    1.0764573812484741,
    1.0680149793624878,
    1.0657073259353638,
    1.1630363464355469,
    1.118435025215149,
    1.2276419401168823
  ]
}