{
  "Train": [
    1.0974972248077393,
    1.088409185409546,
    1.084091067314148,
    1.0790883302688599,
    1.0708619356155396,
    1.048649787902832,
    1.0224050283432007,
    0.9986323714256287,
    0.978306770324707,
    1.0096572637557983
  ],
  "Training Time": 8.033464670181274,
  "Validate": [
    4.363859176635742,
    4.360096454620361,
    4.339148044586182,
    4.295712471008301,
    4.250146865844727,
    4.2362380027771,
    4.304783344268799,
    4.3482465744018555,
    4.357702255249023,
    4.36190128326416
  ]
}