{
  "Train": [
    1.0924233198165894,
    1.0477021932601929,
    1.0339939594268799,
    1.0286110639572144,
    1.0004552602767944,
    1.0079487562179565,
    0.96932053565979,
    0.9982792139053345,
    0.9137764573097229,
    0.9113733172416687
  ],
  "Training Time": 9.202335119247437,
  "Validate": [
    NaN,
    NaN,
    NaN,
    NaN,
    NaN,
    NaN,
    NaN,
    NaN,
    NaN,
    NaN
  ]
}