{
  "Train": [
    1.189562439918518,
    1.1691936254501343,
    1.1654629707336426,
    1.1562151908874512,
    1.1500216722488403,
    1.1432459354400635,
    1.1383416652679443,
    1.1311454772949219,
    1.125070571899414,
    1.1180400848388672
  ],
  "Training Time": 7.925862789154053,
  "Validate": [
    1.9592078924179077,
    1.9541220664978027,
    1.9833881855010986,
    2.0187456607818604,
    2.0399820804595947,
    2.048358678817749,
    2.061202049255371,
    2.065884590148926,
    2.068732500076294,
    2.0679514408111572
  ]
}