{
  "Train": [
    1.0768837928771973,
    1.0653554201126099,
    1.027963399887085,
    0.98014897108078,
    0.9565239548683167,
    0.9785133600234985,
    1.025144338607788,
    0.9284614324569702,
    0.9767080545425415,
    0.9549909830093384
  ],
  "Training Time": 7.176224708557129,
  "Validate": [
    0.6211711168289185,
    0.5053417086601257,
    0.3757416009902954,
    0.3002157509326935,
    0.2410244345664978,
    0.3440565764904022,
    0.2869776487350464,
    0.23558109998703003,
    0.24444884061813354,
    0.24901805818080902
  ]
}