{
  "Train": [
    1.1121076345443726,
    1.030901312828064,
    1.0160404443740845,
    1.0037871599197388,
    0.9963005781173706,
    0.9947147369384766,
    0.9807815551757812,
    1.0721149444580078,
    0.9964730143547058,
    0.9914081692695618
  ],
  "Training Time": 9.175177574157715,
  "Validate": [
    NaN,
    NaN,
    NaN,
    NaN,
    NaN,
    NaN,
    NaN,
    NaN,
    NaN,
    NaN
  ]
}