{
  "Train": [
    0.5487090945243835,
    0.09752105176448822,
    0.052499979734420776,
    0.04682626947760582,
    0.040348418056964874,
    0.03623736649751663,
    0.032895445823669434,
    0.030265942215919495,
    0.028364697471261024,
    0.026826681569218636,
    0.0253843255341053,
    0.024148954078555107,
    0.023107197135686874,
    0.022220708429813385,
    0.021468842402100563,
    0.020835325121879578,
    0.020303696393966675,
    0.019856933504343033,
    0.01947922818362713,
    0.01915806345641613,
    0.01888614520430565,
    0.01866159774363041,
    0.018486281856894493,
    0.01836218498647213,
    0.01828462816774845
  ],
  "Training Time": 16.05070185661316,
  "Validate": [
    23.25943374633789,
    21.779767990112305,
    23.744285583496094,
    24.883146286010742,
    25.624841690063477,
    26.04974937438965,
    26.360034942626953,
    26.613283157348633,
    26.822429656982422,
    27.00910758972168,
    27.174455642700195,
    27.332983016967773,
    27.496429443359375,
    27.671100616455078,
    27.861085891723633,
    28.068195343017578,
    28.291933059692383,
    28.529518127441406,
    28.77623748779297,
    29.025983810424805,
    29.271944046020508,
    29.507524490356445,
    29.727441787719727,
    29.928998947143555,
    30.112699508666992
  ]
}