{
  "Train": [
    0.21127121150493622,
    0.13245633244514465,
    0.11844854801893234,
    0.11236969381570816,
    0.11118131130933762,
    0.10767240077257156,
    0.10420116037130356,
    0.1018611490726471,
    0.10006200522184372,
    0.0985962375998497,
    0.09730696678161621,
    0.0961432158946991,
    0.09508799016475677,
    0.09412740170955658,
    0.09324228763580322,
    0.0924116000533104,
    0.09161873161792755,
    0.09086371213197708,
    0.09016994386911392,
    0.08955644071102142,
    0.08900690078735352,
    0.08849714696407318,
    0.08797544240951538,
    0.08739607036113739,
    0.08676441758871078
  ],
  "Training Time": 15.583966732025146,
  "Validate": [
    NaN,
    NaN,
    NaN,
    NaN,
    NaN,
    NaN,
    NaN,
    NaN,
    NaN,
    NaN,
    NaN,
    NaN,
    NaN,
    NaN,
    NaN,
    NaN,
    NaN,
    NaN,
    NaN,
    NaN,
    NaN,
    NaN,
    NaN,
    NaN,
    NaN
  ]
}