{
  "Train": [
    0.4065241813659668,
    0.17819368839263916,
    0.1287989318370819,
    0.11737469583749771,
    0.11233260482549667,
    0.10880668461322784,
    0.10601605474948883,
    0.10375666618347168,
    0.10191743075847626,
    0.10040882974863052,
    0.0991559773683548,
    0.09809805452823639,
    0.09718690812587738,
    0.09638581424951553,
    0.09566867351531982,
    0.09501945972442627,
    0.09443096071481705,
    0.09390229731798172,
    0.0934353694319725,
    0.09303034842014313,
    0.09268287569284439,
    0.0923829898238182,
    0.09211661666631699,
    0.09186889231204987,
    0.09162700921297073
  ],
  "Training Time": 12.266980648040771,
  "Validate": [
    0.18446002900600433,
    0.19697637856006622,
    0.22950886189937592,
    0.2708185613155365,
    0.31209632754325867,
    0.354460209608078,
    0.39684832096099854,
    0.4364166259765625,
    0.4712989628314972,
    0.5011079907417297,
    0.5263547301292419,
    0.5478975176811218,
    0.5666667819023132,
    0.5835245251655579,
    0.5991840362548828,
    0.6141655445098877,
    0.6287899613380432,
    0.6432192325592041,
    0.6575139760971069,
    0.6716822981834412,
    0.6857025623321533,
    0.6995372772216797,
    0.7131492495536804,
    0.7265264391899109,
    0.739690363407135
  ]
}