{
  "Train": [
    1.1724234819412231,
    1.141520619392395,
    1.1300537586212158,
    1.11873197555542,
    1.111832618713379,
    1.104016661643982,
    1.0986229181289673,
    1.091761589050293,
    1.0870881080627441,
    1.0802061557769775
  ],
  "Training Time": 7.238554239273071,
  "Validate": [
    1.975352168083191,
    1.9781451225280762,
    1.9626659154891968,
    1.975572943687439,
    1.9274075031280518,
    1.9473797082901,
    1.8931673765182495,
    1.9167048931121826,
    1.8665175437927246,
    1.8970134258270264
  ]
}