{
  "Train": [
    1.0288796424865723,
    1.026471734046936,
    1.0226818323135376,
    1.0167522430419922,
    1.0074269771575928,
    0.9937183260917664,
    0.978794276714325,
    0.9657798409461975,
    0.9545427560806274,
    0.9445677995681763
  ],
  "Training Time": 3.107374429702759,
  "Validate": [
    NaN,
    NaN,
    NaN,
    NaN,
    NaN,
    NaN,
    NaN,
    NaN,
    NaN,
    NaN
  ]
}