{
  "Train": [
    1.101392149925232,
    1.0912723541259766,
    1.0867760181427002,
    1.0823066234588623,
    1.0774495601654053,
    1.0722047090530396,
    1.06648588180542,
    1.059725284576416,
    1.0514854192733765,
    1.0412399768829346,
    1.0286108255386353,
    1.0139951705932617,
    0.9979903101921082,
    0.9796665906906128,
    0.9558944702148438,
    0.9295492172241211,
    0.9050204753875732,
    0.892476499080658,
    0.8856248259544373,
    0.8644381761550903,
    0.841489851474762,
    0.8344830274581909,
    0.8164268136024475,
    0.8036932349205017,
    0.7979129552841187,
    0.7828692197799683,
    0.8310949802398682,
    0.7682692408561707,
    0.7469519376754761,
    0.7310779094696045,
    0.7186039686203003,
    0.6898088455200195,
    0.6806493997573853,
    0.6600453853607178,
    0.6310163140296936,
    0.6054455637931824,
    0.5824211239814758,
    0.5603749752044678,
    0.5394874215126038,
    0.5198806524276733,
    0.5021114945411682,
    0.48652565479278564,
    0.47263893485069275,
    0.45885491371154785,
    0.44491150975227356,
    0.4325982630252838,
    0.42335066199302673,
    0.4151310622692108,
    0.4078814685344696,
    0.4114481210708618,
    0.4766078293323517,
    0.3880666196346283,
    0.5091594457626343,
    0.40251287817955017,
    0.3829870820045471,
    0.4395526051521301,
    0.3686390817165375,
    0.37253206968307495,
    0.3600148558616638,
    0.3583005368709564,
    0.35668131709098816,
    0.3516533374786377,
    0.3454706370830536,
    0.3423834443092346,
    0.33520859479904175,
    0.3322966992855072,
    0.32490259408950806,
    0.32250282168388367,
    0.3269582986831665,
    0.30975013971328735,
    0.3122687339782715,
    0.3015226125717163,
    0.29697397351264954,
    0.29565951228141785,
    0.2945287227630615,
    0.28697243332862854,
    0.2861576974391937,
    0.2783378064632416,
    0.27631789445877075,
    0.2719598114490509,
    0.2586286962032318,
    0.27051201462745667,
    0.2571055591106415,
    0.24821624159812927,
    0.23570643365383148,
    0.2261582612991333,
    0.2129621058702469,
    0.2262825071811676,
    0.2060118019580841,
    0.20533967018127441,
    0.248066708445549,
    0.24237029254436493,
    0.25073808431625366,
    0.19496840238571167,
    0.21408946812152863,
    0.2142205387353897,
    0.21927271783351898,
    0.22699148952960968,
    0.23506465554237366,
    0.2868154048919678
  ],
  "Training Time": 107.58504104614258,
  "Validate": [
    4.387666702270508,
    4.38430643081665,
    4.376611232757568,
    4.365021228790283,
    4.34443998336792,
    4.313192367553711,
    4.279666423797607,
    4.254128932952881,
    4.243812084197998,
    4.248924732208252,
    4.260469436645508,
    4.2664408683776855,
    4.266368389129639,
    4.272658824920654,
    4.284436225891113,
    4.2910237312316895,
    4.289585113525391,
    4.28141975402832,
    4.269503593444824,
    4.270631313323975,
    4.275396347045898,
    4.265092849731445,
    4.277499675750732,
    4.269412994384766,
    4.262092113494873,
    4.258038520812988,
    4.3266215324401855,
    4.306127548217773,
    4.325201034545898,
    4.346293926239014,
    4.38032865524292,
    4.401318550109863,
    4.413080215454102,
    4.491672992706299,
    4.555915355682373,
    4.610904216766357,
    4.662425518035889,
    4.710704326629639,
    4.753286361694336,
    4.789575099945068,
    4.818477153778076,
    4.836619853973389,
    4.8446149826049805,
    4.847055912017822,
    4.841746807098389,
    4.829700946807861,
    4.824290752410889,
    4.825860977172852,
    4.829305648803711,
    4.954067707061768,
    4.926062107086182,
    5.930317401885986,
    4.962270736694336,
    5.023561000823975,
    5.141931056976318,
    5.054448127746582,
    5.038123607635498,
    5.106152534484863,
    5.122972011566162,
    5.120893955230713,
    5.138035774230957,
    5.129847526550293,
    5.153483867645264,
    5.157634258270264,
    5.175294876098633,
    5.180369853973389,
    5.177006721496582,
    5.251316547393799,
    5.162398815155029,
    5.270272731781006,
    5.189454555511475,
    5.272925853729248,
    5.201353073120117,
    5.296280384063721,
    5.1910295486450195,
    5.271982669830322,
    5.220554828643799,
    5.328439235687256,
    5.228341579437256,
    5.309839248657227,
    5.218952655792236,
    5.324427604675293,
    5.206464767456055,
    5.236996173858643,
    5.240189075469971,
    5.249998569488525,
    5.225513458251953,
    5.232105731964111,
    5.277344226837158,
    5.191871643066406,
    5.285461902618408,
    5.130111217498779,
    5.234033584594727,
    5.183383464813232,
    5.05339241027832,
    5.174339771270752,
    5.186834335327148,
    5.084426403045654,
    5.301053047180176,
    5.326618194580078
  ]
}