{
  "Train": [
    0.9208905100822449,
    0.8220124840736389,
    0.7989014983177185,
    0.792449951171875,
    0.7895168662071228,
    0.7876614928245544,
    0.7862787842750549,
    0.7851436138153076,
    0.7841503620147705,
    0.7832388281822205
  ],
  "Training Time": 4.203062295913696,
  "Validate": [
    2.9158265590667725,
    2.610372304916382,
    2.5208003520965576,
    2.494732141494751,
    2.48341965675354,
    2.476789951324463,
    2.472216844558716,
    2.4687533378601074,
    2.4659667015075684,
    2.4636247158050537
  ]
}