{
  "Train": [
    0.7393961548805237,
    0.738000750541687,
    0.7321047186851501,
    0.7280431389808655,
    0.7244435548782349,
    0.7212601900100708,
    0.7184356451034546,
    0.7159000635147095,
    0.7135850787162781,
    0.711431622505188
  ],
  "Training Time": 3.0021822452545166,
  "Validate": [
    NaN,
    NaN,
    NaN,
    NaN,
    NaN,
    NaN,
    NaN,
    NaN,
    NaN,
    NaN
  ]
}