{
  "Train": [
    1.2340070009231567,
    0.9874991774559021,
    0.9569805264472961,
    0.9296274781227112,
    0.9041366577148438,
    0.8809551000595093,
    0.8577584624290466,
    0.8320924043655396,
    0.805768609046936,
    0.7790250778198242
  ],
  "Training Time": 16.276657342910767,
  "Validate": [
    1.6468476057052612,
    1.6204017400741577,
    1.7268849611282349,
    1.8656868934631348,
    2.1044156551361084,
    2.374265432357788,
    2.656585454940796,
    3.04335618019104,
    3.5178704261779785,
    4.028114318847656
  ]
}