{
  "Train": [
    0.6668550968170166,
    0.5651344656944275,
    0.5110899806022644,
    0.48124298453330994,
    0.45625340938568115,
    0.42968159914016724,
    0.3990163803100586,
    0.3657217025756836,
    0.3385477066040039,
    0.32249611616134644
  ],
  "Training Time": 21.316683530807495,
  "Validate": [
    NaN,
    NaN,
    NaN,
    NaN,
    NaN,
    NaN,
    NaN,
    NaN,
    NaN,
    NaN
  ]
}