{
  "Train": [
    0.037250567227602005,
    0.01612223871052265,
    0.011883053928613663,
    0.010518189519643784,
    0.009363421238958836,
    0.008645400404930115,
    0.008132676593959332,
    0.007309213280677795,
    0.0068680220283567905,
    0.006748115178197622,
    0.006890137679874897,
    0.00705145625397563,
    0.007741088047623634,
    0.012214244343340397,
    0.01212756335735321,
    0.005702733062207699,
    0.010321637615561485,
    0.007284629624336958,
    0.007442436181008816,
    0.0054686167277395725,
    0.005078790243715048,
    0.0057206302881240845,
    0.007516792509704828,
    0.009312870912253857,
    0.012639572843909264
  ],
  "Training Time": 6.838003635406494,
  "Validate": [
    NaN,
    NaN,
    NaN,
    NaN,
    NaN,
    NaN,
    NaN,
    NaN,
    NaN,
    NaN,
    NaN,
    NaN,
    NaN,
    NaN,
    NaN,
    NaN,
    NaN,
    NaN,
    NaN,
    NaN,
    NaN,
    NaN,
    NaN,
    NaN,
    NaN
  ]
}