{
  "Train": [
    0.2641363739967346,
    0.1820242553949356,
    0.10788390785455704,
    0.08870534598827362,
    0.07994719594717026,
    0.07517595589160919,
    0.0713173970580101,
    0.06529850512742996,
    0.061126790940761566,
    0.057448986917734146,
    0.052820175886154175,
    0.049690987914800644,
    0.044977229088544846,
    0.04134116321802139,
    0.03459401801228523,
    0.03234614059329033,
    0.027432575821876526,
    0.04655931144952774,
    0.03407991677522659,
    0.026892999187111855,
    0.03441711142659187,
    0.02064836397767067,
    0.02213720604777336,
    0.01848643645644188,
    0.01811055652797222
  ],
  "Training Time": 13.002949476242065,
  "Validate": [
    0.6339886784553528,
    0.6953608393669128,
    0.8307130336761475,
    1.1028523445129395,
    1.2955679893493652,
    1.3458329439163208,
    1.318414568901062,
    1.436937689781189,
    1.3522080183029175,
    1.2617393732070923,
    1.2049171924591064,
    1.093246579170227,
    0.9877796769142151,
    0.8704710006713867,
    0.7179129719734192,
    0.6371549963951111,
    0.6072338223457336,
    0.9536024332046509,
    0.6582380533218384,
    0.5217791199684143,
    0.738145112991333,
    0.6301516890525818,
    0.693110466003418,
    0.6152508854866028,
    0.6318364143371582
  ]
}