{
  "Train": [
    0.3438364565372467,
    0.08147700130939484,
    0.04677710309624672,
    0.03988382965326309,
    0.03659188747406006,
    0.03383968770503998,
    0.03163479268550873,
    0.029707664623856544,
    0.027850713580846786,
    0.025959452614188194,
    0.024053722620010376,
    0.022289074957370758,
    0.020893998444080353,
    0.019831720739603043,
    0.018951620906591415,
    0.018293805420398712,
    0.017735708504915237,
    0.017206264659762383,
    0.016741855069994926,
    0.016301535069942474,
    0.015855446457862854,
    0.015416751615703106,
    0.014999065548181534,
    0.0146043561398983,
    0.01423096377402544
  ],
  "Training Time": 11.693686723709106,
  "Validate": [
    22.214811325073242,
    20.494356155395508,
    19.418445587158203,
    18.921648025512695,
    18.55390167236328,
    18.30620765686035,
    18.198698043823242,
    18.227697372436523,
    18.387582778930664,
    18.667829513549805,
    19.021574020385742,
    19.353912353515625,
    19.584903717041016,
    19.71617317199707,
    19.790855407714844,
    19.829444885253906,
    19.840490341186523,
    19.837432861328125,
    19.82823371887207,
    19.82595443725586,
    19.84097671508789,
    19.875951766967773,
    19.931177139282227,
    20.010971069335938,
    20.130231857299805
  ]
}