{
  "Train": [
    1.1728490591049194,
    1.153289556503296,
    1.1436132192611694,
    1.1356011629104614,
    1.129599690437317,
    1.1248904466629028,
    1.1209743022918701,
    1.117453694343567,
    1.1140762567520142,
    1.1106623411178589,
    1.1070551872253418,
    1.103055477142334,
    1.09842848777771,
    1.0928467512130737,
    1.084550142288208,
    1.0614391565322876,
    1.056228756904602,
    1.0578746795654297,
    1.0286856889724731,
    1.022344708442688,
    1.0091745853424072,
    0.99498051404953,
    0.9788650870323181,
    0.9578068256378174,
    0.9260547161102295,
    0.9239413738250732,
    0.8772009611129761,
    1.025744915008545,
    0.8685945272445679,
    1.002156138420105,
    0.8223167657852173,
    0.8213943243026733,
    0.985518753528595,
    0.7888994216918945,
    0.7901231646537781,
    0.9426345825195312,
    0.7792734503746033,
    0.7691872715950012,
    0.9126347303390503,
    0.8167599439620972,
    0.7158842086791992,
    0.6741061806678772,
    0.6968798637390137,
    0.8834456205368042,
    0.8498572111129761,
    0.6965377330780029,
    0.6164568662643433,
    0.6125736236572266,
    0.7467612028121948,
    0.6785882115364075,
    0.5641937255859375,
    0.6731395125389099,
    0.5812416672706604,
    0.5075611472129822,
    0.6233528852462769,
    0.5329620838165283,
    0.4599171280860901,
    0.518107533454895,
    0.41453176736831665,
    0.535923957824707,
    0.4586752951145172,
    0.3576270043849945,
    0.4033612012863159,
    0.43715521693229675,
    0.42244789004325867,
    0.3928268849849701,
    0.3861772119998932,
    0.4987800717353821,
    0.8428198099136353,
    0.5942016839981079,
    0.4001729190349579,
    0.3178876042366028,
    0.29655030369758606,
    0.27921923995018005,
    0.27170848846435547,
    0.2630777060985565,
    0.256843626499176,
    0.25041982531547546,
    0.24334083497524261,
    0.2355865091085434,
    0.22866564989089966,
    0.22401411831378937,
    0.2209189236164093,
    0.21839478611946106,
    0.21599166095256805,
    0.21362921595573425,
    0.21128380298614502,
    0.2089197188615799,
    0.2065141201019287,
    0.20406301319599152,
    0.2015773504972458,
    0.19907791912555695,
    0.1965889036655426,
    0.19413137435913086,
    0.19171592593193054,
    0.1893361210823059,
    0.18696768581867218,
    0.18457677960395813,
    0.18213646113872528,
    0.17964373528957367
  ],
  "Training Time": 71.18702530860901,
  "Validate": [
    2.0198848247528076,
    2.05245041847229,
    2.0820229053497314,
    2.1064376831054688,
    2.123523473739624,
    2.134148359298706,
    2.139566659927368,
    2.140878438949585,
    2.1381711959838867,
    2.1307523250579834,
    2.1178770065307617,
    2.100339651107788,
    2.0807993412017822,
    2.0616369247436523,
    2.0424273014068604,
    2.0386440753936768,
    2.0302886962890625,
    2.088841438293457,
    2.089313268661499,
    2.088458776473999,
    2.084815502166748,
    2.080653190612793,
    2.0774872303009033,
    2.076641082763672,
    2.0786828994750977,
    2.1333024501800537,
    2.154759645462036,
    2.0743064880371094,
    2.155566930770874,
    2.1459174156188965,
    2.1002120971679688,
    2.133831024169922,
    2.155346393585205,
    2.1015098094940186,
    2.164633274078369,
    2.171785593032837,
    2.085193634033203,
    2.165890693664551,
    2.189819574356079,
    2.1121323108673096,
    2.109668254852295,
    2.1135427951812744,
    2.177628755569458,
    2.2128870487213135,
    2.130340099334717,
    2.117738962173462,
    2.123892068862915,
    2.157881736755371,
    2.175997257232666,
    2.1148264408111572,
    2.150102376937866,
    2.1588518619537354,
    2.1156818866729736,
    2.1481106281280518,
    2.142949104309082,
    2.110051393508911,
    2.133796453475952,
    2.1057443618774414,
    2.147716522216797,
    2.1188125610351562,
    2.125147819519043,
    2.140627145767212,
    2.1494271755218506,
    2.136181592941284,
    2.137878656387329,
    2.129092216491699,
    2.147350549697876,
    2.1623311042785645,
    2.1636574268341064,
    2.153766393661499,
    2.1448068618774414,
    2.1399142742156982,
    2.140843391418457,
    2.144979476928711,
    2.1522388458251953,
    2.1585817337036133,
    2.162926197052002,
    2.1647942066192627,
    2.1644697189331055,
    2.1623694896698,
    2.159815549850464,
    2.158345937728882,
    2.15767765045166,
    2.157029390335083,
    2.1563096046447754,
    2.155721426010132,
    2.1553475856781006,
    2.1551673412323,
    2.1551201343536377,
    2.1551313400268555,
    2.155118942260742,
    2.1550114154815674,
    2.154752254486084,
    2.154310464859009,
    2.1536953449249268,
    2.1529717445373535,
    2.152252435684204,
    2.151662826538086,
    2.151309013366699,
    2.1512770652770996
  ]
}