{
  "Train": [
    0.9706882834434509,
    0.9106565713882446,
    0.8547999858856201,
    0.8432287573814392,
    0.8327025175094604,
    0.8244351148605347,
    0.8171378374099731,
    0.809770941734314,
    0.8018059134483337,
    0.7929971218109131,
    0.7834786176681519,
    0.7737604975700378,
    0.7632671594619751,
    0.7480437159538269,
    0.7314109802246094,
    0.7210045456886292,
    0.7149599194526672,
    0.7062209844589233,
    0.6927815675735474,
    0.6788445711135864,
    0.6642728447914124,
    0.6492714285850525,
    0.6382281184196472,
    0.6470193862915039,
    0.6317071914672852,
    0.6611794233322144,
    0.6567124724388123,
    0.6296341419219971,
    0.6264661550521851,
    0.6725265979766846,
    0.7403886914253235,
    0.6368815302848816,
    0.6323316693305969,
    0.6285449862480164,
    0.6162070035934448,
    0.6111558675765991,
    0.6026073098182678,
    0.5974438190460205,
    0.5906081795692444,
    0.585181474685669,
    0.5790445804595947,
    0.5735815763473511,
    0.5679097175598145,
    0.5626876354217529,
    0.5574573874473572,
    0.5527320504188538,
    0.5500743985176086,
    0.5513226389884949,
    0.536188006401062,
    0.5296670198440552,
    0.5309730172157288,
    0.5311455130577087,
    0.5082791447639465,
    0.5107069611549377,
    0.5075783729553223,
    0.4888536036014557,
    0.4795987606048584,
    0.47335129976272583,
    0.46643608808517456,
    0.46099820733070374,
    0.4593694508075714,
    0.4551048278808594,
    0.444092333316803,
    0.4391735792160034,
    0.43605390191078186,
    0.4309479594230652,
    0.4209750294685364,
    0.41969648003578186,
    0.3918847441673279,
    0.3892192542552948,
    0.37221112847328186,
    0.3625354766845703,
    0.34546080231666565,
    0.3727327883243561,
    0.36395829916000366,
    0.36401718854904175,
    0.3282427191734314,
    0.3222772479057312,
    0.3080749809741974,
    0.2942414879798889,
    0.3291013538837433,
    0.3422301709651947,
    0.30946722626686096,
    0.2675202786922455,
    0.2529716193675995,
    0.24881400167942047,
    0.24174876511096954,
    0.2620115280151367,
    0.23589222133159637,
    0.26796838641166687,
    0.21745158731937408,
    0.22250185906887054,
    0.22379203140735626,
    0.2266944944858551,
    0.2217211127281189,
    0.1897227019071579,
    0.19201038777828217,
    0.19975340366363525,
    0.27532854676246643,
    0.5757362246513367
  ],
  "Training Time": 70.89768886566162,
  "Validate": [
    3.4532511234283447,
    3.29122257232666,
    2.9865682125091553,
    2.8841114044189453,
    2.8197271823883057,
    2.764613628387451,
    2.7090508937835693,
    2.6457831859588623,
    2.5696866512298584,
    2.4789974689483643,
    2.3837873935699463,
    2.3087079524993896,
    2.273862838745117,
    2.3004064559936523,
    2.3874902725219727,
    2.484696865081787,
    2.5104777812957764,
    2.501589298248291,
    2.488852024078369,
    2.476897954940796,
    2.4848780632019043,
    2.5378174781799316,
    2.5558624267578125,
    2.5326223373413086,
    2.5231919288635254,
    2.48030686378479,
    2.447018623352051,
    2.4452402591705322,
    2.504901647567749,
    3.7530128955841064,
    2.495570182800293,
    2.5357303619384766,
    2.417178153991699,
    2.4870855808258057,
    2.426715612411499,
    2.495776891708374,
    2.481595277786255,
    2.537675619125366,
    2.550541877746582,
    2.59926438331604,
    2.6151790618896484,
    2.6505331993103027,
    2.6413958072662354,
    2.6660730838775635,
    2.606694221496582,
    2.731968641281128,
    2.5182313919067383,
    2.744311571121216,
    2.6672203540802,
    2.813993215560913,
    2.510681629180908,
    2.7475926876068115,
    2.8256540298461914,
    2.6010866165161133,
    2.8021979331970215,
    2.7821455001831055,
    2.7463061809539795,
    2.704549789428711,
    2.6610052585601807,
    2.6114277839660645,
    2.55539608001709,
    2.5563604831695557,
    2.5073609352111816,
    2.6660163402557373,
    2.5379531383514404,
    2.6307687759399414,
    2.671231985092163,
    2.50069522857666,
    2.192823886871338,
    2.571120023727417,
    2.2349679470062256,
    2.5422604084014893,
    2.3779191970825195,
    2.9372434616088867,
    2.204777240753174,
    2.8489181995391846,
    2.7310218811035156,
    2.541355609893799,
    2.8095221519470215,
    3.016101598739624,
    2.691241979598999,
    3.2336173057556152,
    2.7472519874572754,
    2.684422492980957,
    2.6619958877563477,
    2.6198253631591797,
    2.6989479064941406,
    2.905493974685669,
    2.7116048336029053,
    3.1070990562438965,
    2.7702853679656982,
    2.8067550659179688,
    2.7346506118774414,
    2.876959800720215,
    3.0568580627441406,
    3.602234125137329,
    2.839355707168579,
    3.5366523265838623,
    4.272049427032471,
    2.9935059547424316
  ]
}