{
  "Train": [
    1.0988298654556274,
    1.0916966199874878,
    1.0891553163528442,
    1.0858904123306274,
    1.0809935331344604,
    1.072044849395752,
    1.0534886121749878,
    1.022481918334961,
    0.989338219165802,
    0.9641321897506714
  ],
  "Training Time": 12.806360721588135,
  "Validate": [
    4.369989395141602,
    4.374273300170898,
    4.371963977813721,
    4.363667011260986,
    4.344679355621338,
    4.305132865905762,
    4.24822998046875,
    4.21666955947876,
    4.263396739959717,
    4.389917850494385
  ]
}