{
  "Train": [
    1.0783549547195435,
    1.0033646821975708,
    0.9678416848182678,
    0.9534384608268738,
    0.9408605098724365,
    0.9290054440498352,
    0.9169192314147949,
    0.9040126800537109,
    0.8898159861564636,
    0.8738447427749634
  ],
  "Training Time": 14.851312398910522,
  "Validate": [
    NaN,
    NaN,
    NaN,
    NaN,
    NaN,
    NaN,
    NaN,
    NaN,
    NaN,
    NaN
  ]
}