{
  "Train": [
    1.2182786464691162,
    1.1582733392715454,
    1.1148518323898315,
    1.0927085876464844,
    1.0704087018966675,
    1.0477545261383057,
    1.0238021612167358,
    1.00205397605896,
    0.9821155667304993,
    0.9615763425827026
  ],
  "Training Time": 11.888680219650269,
  "Validate": [
    1.1607359647750854,
    1.2574114799499512,
    1.296895146369934,
    1.4285944700241089,
    1.5919581651687622,
    1.7458693981170654,
    1.9180721044540405,
    2.1098341941833496,
    2.292506217956543,
    2.4724295139312744
  ]
}