{
  "Train": [
    0.8778859376907349,
    0.40000733733177185,
    0.29654574394226074,
    0.2757158577442169,
    0.2622290253639221,
    0.25185102224349976,
    0.2435137927532196,
    0.23667030036449432,
    0.23095165193080902,
    0.22608119249343872
  ],
  "Training Time": 2.7485320568084717,
  "Validate": [
    29.205045700073242,
    30.495580673217773,
    30.108495712280273,
    29.54304313659668,
    29.111541748046875,
    28.78289794921875,
    28.532970428466797,
    28.339799880981445,
    28.18572425842285,
    28.058032989501953
  ]
}