{
  "Train": [
    0.37692490220069885,
    0.35358482599258423,
    0.336445689201355,
    0.3286420702934265,
    0.3113224506378174,
    0.30545416474342346,
    0.29540735483169556,
    0.2866995334625244,
    0.2792741656303406,
    0.27152952551841736
  ],
  "Training Time": 2.978374719619751,
  "Validate": [
    NaN,
    NaN,
    NaN,
    NaN,
    NaN,
    NaN,
    NaN,
    NaN,
    NaN,
    NaN
  ]
}