{
  "Train": [
    1.0320254564285278,
    1.026221752166748,
    1.0175838470458984,
    1.0071732997894287,
    0.9997142553329468,
    0.9965476989746094,
    0.9923903346061707,
    0.9900549650192261,
    0.9874120354652405,
    0.9840621948242188
  ],
  "Training Time": 3.1393442153930664,
  "Validate": [
    NaN,
    NaN,
    NaN,
    NaN,
    NaN,
    NaN,
    NaN,
    NaN,
    NaN,
    NaN
  ]
}