{
  "Train": [
    1.120103359222412,
    1.119057059288025,
    1.1127398014068604,
    1.1113144159317017,
    1.1111557483673096,
    1.1110652685165405,
    1.1110059022903442,
    1.1109625101089478,
    1.1109366416931152,
    1.1108644008636475
  ],
  "Training Time": 2.610563039779663,
  "Validate": [
    1.4342501163482666,
    1.4124457836151123,
    1.3998860120773315,
    1.394012689590454,
    1.3905253410339355,
    1.3889790773391724,
    1.3889302015304565,
    1.3897415399551392,
    1.3912163972854614,
    1.3940062522888184
  ]
}