{
  "Train": [
    0.12140053510665894,
    0.06779934465885162,
    0.05319920927286148,
    0.04649898409843445,
    0.04173789545893669,
    0.03834940865635872,
    0.03597649559378624,
    0.03496035560965538,
    0.034425362944602966,
    0.033956024795770645,
    0.03299234062433243,
    0.03185462951660156,
    0.030269335955381393,
    0.029077045619487762,
    0.027988672256469727,
    0.027087479829788208,
    0.026501556858420372,
    0.02589895948767662,
    0.025418493896722794,
    0.024929868057370186,
    0.024529781192541122,
    0.02413702756166458,
    0.023791847750544548,
    0.02346615120768547,
    0.023183634504675865
  ],
  "Training Time": 14.805405855178833,
  "Validate": [
    NaN,
    NaN,
    NaN,
    NaN,
    NaN,
    NaN,
    NaN,
    NaN,
    NaN,
    NaN,
    NaN,
    NaN,
    NaN,
    NaN,
    NaN,
    NaN,
    NaN,
    NaN,
    NaN,
    NaN,
    NaN,
    NaN,
    NaN,
    NaN,
    NaN
  ]
}