{
  "Train": [
    0.19671007990837097,
    0.1745515912771225,
    0.16596867144107819,
    0.16170933842658997,
    0.15814609825611115,
    0.1547354906797409,
    0.15131045877933502,
    0.14789195358753204,
    0.1445293426513672,
    0.14110828936100006,
    0.13742272555828094,
    0.13232828676700592,
    0.13176794350147247,
    0.15187184512615204,
    0.14027023315429688,
    0.13224762678146362,
    0.12674036622047424,
    0.12075623124837875,
    0.11359132826328278,
    0.13088084757328033,
    0.11628886312246323,
    0.10726892948150635,
    0.09868001937866211,
    0.11913307011127472,
    0.1013779565691948
  ],
  "Training Time": 11.935015678405762,
  "Validate": [
    1.1181995868682861,
    1.1071735620498657,
    1.1142116785049438,
    1.1204348802566528,
    1.1212595701217651,
    1.1168748140335083,
    1.1091132164001465,
    1.099831461906433,
    1.0902501344680786,
    1.081436038017273,
    1.072869896888733,
    1.064985990524292,
    1.0702229738235474,
    1.0153990983963013,
    1.009347677230835,
    1.018570065498352,
    0.9923282861709595,
    0.9870065450668335,
    1.0010286569595337,
    0.9295154213905334,
    0.9606984853744507,
    0.9748115539550781,
    0.9911535382270813,
    0.9217092394828796,
    0.9721445441246033
  ]
}