{
  "Train": [
    0.3807595670223236,
    0.29728811979293823,
    0.283660888671875,
    0.2724127173423767,
    0.2629168927669525,
    0.2543828785419464,
    0.24696189165115356,
    0.24098053574562073,
    0.23428459465503693,
    0.2273194044828415
  ],
  "Training Time": 12.399491786956787,
  "Validate": [
    31.224027633666992,
    30.634765625,
    30.3607177734375,
    30.1009464263916,
    29.882959365844727,
    29.68718719482422,
    29.51209259033203,
    29.457807540893555,
    29.28441619873047,
    29.227075576782227
  ]
}