{
  "Train": [
    1.0838310718536377,
    1.0608636140823364,
    1.0296684503555298,
    1.0076888799667358,
    0.9897810220718384,
    0.9727674722671509,
    1.0201293230056763,
    0.9478750228881836,
    0.9340435862541199,
    0.9153947234153748
  ],
  "Training Time": 6.2770514488220215,
  "Validate": [
    NaN,
    NaN,
    NaN,
    NaN,
    NaN,
    NaN,
    NaN,
    NaN,
    NaN,
    NaN
  ]
}