{
  "Train": [
    0.2632966935634613,
    0.24830710887908936,
    0.23817701637744904,
    0.22578802704811096,
    0.21741987764835358,
    0.2082364857196808,
    0.19856229424476624,
    0.18904951214790344,
    0.18060952425003052,
    0.17337362468242645
  ],
  "Training Time": 2.958394765853882,
  "Validate": [
    NaN,
    NaN,
    NaN,
    NaN,
    NaN,
    NaN,
    NaN,
    NaN,
    NaN,
    NaN
  ]
}