{
  "Train": [
    1.0701717138290405,
    1.058503270149231,
    1.0565627813339233,
    1.0551139116287231,
    1.0528677701950073,
    1.0478042364120483,
    1.035868763923645,
    1.0158287286758423,
    0.9958724975585938,
    0.9725566506385803
  ],
  "Training Time": 4.179969549179077,
  "Validate": [
    3.1260297298431396,
    3.126154661178589,
    3.119476556777954,
    3.1080667972564697,
    3.088562488555908,
    3.052333354949951,
    2.9850189685821533,
    2.9190986156463623,
    2.8880293369293213,
    2.8955140113830566
  ]
}