{
  "Train": [
    0.7616883516311646,
    0.7317138910293579,
    0.7079592347145081,
    0.6789805889129639,
    0.6398829817771912,
    0.5971047878265381,
    0.5474346876144409,
    0.5060144066810608,
    0.5532142519950867,
    0.46872058510780334
  ],
  "Training Time": 3.149991512298584,
  "Validate": [
    NaN,
    NaN,
    NaN,
    NaN,
    NaN,
    NaN,
    NaN,
    NaN,
    NaN,
    NaN
  ]
}