{
  "Train": [
    1.2103379964828491,
    0.9856186509132385,
    0.9605759382247925,
    0.943865180015564,
    0.9280032515525818,
    0.9120567440986633,
    0.8949440121650696,
    0.8761139512062073,
    0.8554750680923462,
    0.8333501219749451
  ],
  "Training Time": 7.199953317642212,
  "Validate": [
    1.5861141681671143,
    1.5131659507751465,
    1.5673505067825317,
    1.6261870861053467,
    1.7176181077957153,
    1.8808128833770752,
    2.1685547828674316,
    2.620196580886841,
    3.211536407470703,
    3.864290714263916
  ]
}