{
  "Train": [
    0.7402872443199158,
    0.6590571999549866,
    0.6054587960243225,
    0.5598040819168091,
    0.5186173319816589,
    0.49254441261291504,
    0.47268441319465637,
    0.45913031697273254,
    0.44873976707458496,
    0.44013774394989014
  ],
  "Training Time": 9.169986248016357,
  "Validate": [
    NaN,
    NaN,
    NaN,
    NaN,
    NaN,
    NaN,
    NaN,
    NaN,
    NaN,
    NaN
  ]
}