{
  "Train": [
    0.723465621471405,
    0.39846089482307434,
    0.357808917760849,
    0.3377571403980255,
    0.3228016793727875,
    0.3104032278060913,
    0.2995210886001587,
    0.28962141275405884,
    0.28064295649528503,
    0.2729027569293976
  ],
  "Training Time": 8.03999638557434,
  "Validate": [
    45.58107376098633,
    44.0939826965332,
    43.375099182128906,
    42.69049072265625,
    42.21882247924805,
    41.93356704711914,
    41.80574035644531,
    41.80434799194336,
    41.8906364440918,
    42.010868072509766
  ]
}