{
  "Train": [
    1.064532995223999,
    1.0319904088974,
    1.0092700719833374,
    0.9934400916099548,
    1.1219593286514282,
    1.0973764657974243,
    1.0761089324951172,
    1.0471336841583252,
    1.0077362060546875,
    0.9603860974311829
  ],
  "Training Time": 7.166218519210815,
  "Validate": [
    0.6279191374778748,
    0.6082615256309509,
    0.6586175560951233,
    0.5042751431465149,
    0.47895547747612,
    0.48941099643707275,
    0.4702005684375763,
    0.44880324602127075,
    0.41010066866874695,
    0.33565762639045715
  ]
}