{
  "Train": [
    1.0974462032318115,
    1.0826789140701294,
    1.0749926567077637,
    1.0677744150161743,
    1.0595667362213135,
    1.0490751266479492,
    1.0347806215286255,
    1.0152982473373413,
    0.9873151779174805,
    0.9492180943489075
  ],
  "Training Time": 3.0543746948242188,
  "Validate": [
    4.431467056274414,
    4.433996200561523,
    4.4309163093566895,
    4.426322937011719,
    4.426661968231201,
    4.4561686515808105,
    4.604978561401367,
    5.003593921661377,
    5.427912712097168,
    5.7956037521362305
  ]
}