{
  "Train": [
    1.0502333641052246,
    1.0272718667984009,
    0.9667044878005981,
    0.9477384090423584,
    0.9367594122886658,
    0.9950661063194275,
    0.9656748175621033,
    0.9297183156013489,
    0.9285871982574463,
    0.9399613738059998
  ],
  "Training Time": 3.0592384338378906,
  "Validate": [
    NaN,
    NaN,
    NaN,
    NaN,
    NaN,
    NaN,
    NaN,
    NaN,
    NaN,
    NaN
  ]
}