{
  "Train": [
    1.2346640825271606,
    1.1389695405960083,
    1.1095045804977417,
    1.0939377546310425,
    1.0804370641708374,
    1.071211576461792,
    1.0631904602050781,
    1.0491230487823486,
    1.0465995073318481,
    1.0462334156036377
  ],
  "Training Time": 2.4592037200927734,
  "Validate": [
    1.1064205169677734,
    1.278976559638977,
    1.3532450199127197,
    1.4671223163604736,
    1.5168174505233765,
    1.530896782875061,
    1.5782424211502075,
    1.6902165412902832,
    1.7571511268615723,
    1.7141404151916504
  ]
}