{
  "Train": [
    1.3070828914642334,
    1.0976523160934448,
    1.0232750177383423,
    0.9661924242973328,
    0.9131748080253601,
    0.8677852749824524,
    0.8441813588142395,
    0.8212054967880249,
    0.8103604316711426,
    0.8530684113502502,
    0.7166247963905334,
    0.717877209186554,
    0.6812095046043396,
    0.6475004553794861,
    0.6630294919013977,
    0.6384986042976379,
    0.5619537234306335,
    0.5273028612136841,
    0.5007413625717163,
    0.49099642038345337,
    0.5480725765228271,
    0.7833368182182312,
    0.7293851971626282,
    0.5352261066436768,
    0.44752922654151917,
    0.4887469410896301,
    0.42460522055625916,
    0.3994888961315155,
    0.37642577290534973,
    0.36205410957336426,
    0.3678024113178253,
    0.35745969414711,
    0.42738693952560425,
    0.34863993525505066,
    0.3969756066799164,
    0.3810100257396698,
    0.3598635494709015,
    0.31711864471435547,
    0.29333585500717163,
    0.2815088629722595,
    0.23763121664524078,
    0.2239992916584015,
    0.23270602524280548,
    0.24521376192569733,
    0.20416304469108582,
    0.19492419064044952,
    0.25134119391441345,
    0.6249328255653381,
    0.3590259552001953,
    0.2897266745567322,
    0.2590861916542053,
    0.22963811457157135,
    0.2037344127893448,
    0.18546292185783386,
    0.1708281934261322,
    0.15695026516914368,
    0.150065615773201,
    0.14683154225349426,
    0.152352973818779,
    0.13193009793758392,
    0.16941151022911072,
    0.15563896298408508,
    0.128509059548378,
    0.11790851503610611,
    0.10932840406894684,
    0.11062345653772354,
    0.13475345075130463,
    0.19755807518959045,
    0.27963948249816895,
    0.16086561977863312,
    0.10243431478738785,
    0.09318704903125763,
    0.08233829587697983,
    0.0707564502954483,
    0.06676185876131058,
    0.0616409108042717,
    0.0607759952545166,
    0.06599767506122589,
    0.07457379251718521,
    0.1237403005361557,
    0.17262126505374908,
    0.1507681906223297,
    0.10845472663640976,
    0.06610562652349472,
    0.11686806380748749,
    0.07342595607042313,
    0.049809955060482025,
    0.040504779666662216,
    0.043985795229673386,
    0.043526582419872284,
    0.046016570180654526,
    0.03616848960518837,
    0.03675653412938118,
    0.03694981709122658,
    0.040923453867435455,
    0.05600648745894432,
    0.07554550468921661,
    0.0730157345533371,
    0.08451151847839355,
    0.1483881175518036
  ],
  "Training Time": 92.37395977973938,
  "Validate": [
    2.636235237121582,
    2.69368839263916,
    2.6645443439483643,
    2.725339651107788,
    2.8603100776672363,
    2.8945586681365967,
    2.678875207901001,
    2.6551475524902344,
    2.816786766052246,
    2.967519521713257,
    3.2901902198791504,
    2.887629508972168,
    3.4635422229766846,
    3.3297669887542725,
    3.4483911991119385,
    3.3352949619293213,
    3.041400909423828,
    3.0516746044158936,
    3.1555871963500977,
    2.8655459880828857,
    2.7510807514190674,
    2.039592742919922,
    3.3537099361419678,
    2.925668239593506,
    3.1117494106292725,
    3.260089159011841,
    3.2532460689544678,
    3.3207359313964844,
    3.396484375,
    3.1431174278259277,
    3.327749729156494,
    3.593003988265991,
    2.367605209350586,
    3.3659963607788086,
    2.7801785469055176,
    3.528904914855957,
    3.575918674468994,
    4.099588394165039,
    3.7636988162994385,
    3.7440948486328125,
    3.3436591625213623,
    3.9747986793518066,
    3.427525520324707,
    4.140692710876465,
    3.376216173171997,
    3.833641290664673,
    3.674407720565796,
    3.0767149925231934,
    2.839155435562134,
    3.0369582176208496,
    2.9829635620117188,
    3.032949686050415,
    3.067197322845459,
    3.203176736831665,
    3.226940870285034,
    3.3985860347747803,
    3.381056070327759,
    3.496643304824829,
    3.5608530044555664,
    3.618140935897827,
    3.196476697921753,
    3.7653043270111084,
    3.6897284984588623,
    3.695773124694824,
    3.7139594554901123,
    3.7266957759857178,
    3.8046891689300537,
    3.4532248973846436,
    3.1063194274902344,
    3.8299219608306885,
    3.7419557571411133,
    3.81074595451355,
    3.847734212875366,
    3.8282721042633057,
    3.91617488861084,
    3.8955953121185303,
    3.862744092941284,
    3.8869524002075195,
    3.494037389755249,
    3.8832476139068604,
    3.1031064987182617,
    3.6871275901794434,
    3.6797173023223877,
    3.6666834354400635,
    3.82021164894104,
    3.8342695236206055,
    3.876560926437378,
    3.7853429317474365,
    3.649458169937134,
    3.79941725730896,
    3.650484323501587,
    3.659029960632324,
    3.8710763454437256,
    3.5826096534729004,
    3.9271047115325928,
    3.5270612239837646,
    3.7486650943756104,
    3.235055446624756,
    2.900559902191162,
    3.4007985591888428
  ]
}