{
  "Train": [
    1.172892689704895,
    1.1527231931686401,
    1.146610140800476,
    1.1428598165512085,
    1.1375387907028198,
    1.1290603876113892,
    1.1429320573806763,
    1.1611506938934326,
    1.0774792432785034,
    1.2122527360916138
  ],
  "Training Time": 7.499001979827881,
  "Validate": [
    1.1414870023727417,
    1.178852915763855,
    1.1828478574752808,
    1.171654224395752,
    1.1086643934249878,
    1.030125617980957,
    1.2116929292678833,
    1.4942179918289185,
    1.2775031328201294,
    1.6035100221633911
  ]
}