{
  "Train": [
    1.061167597770691,
    1.0570768117904663,
    1.0558489561080933,
    1.0551236867904663,
    1.0540863275527954,
    1.053570032119751,
    1.0529953241348267,
    1.0523834228515625,
    1.0519365072250366,
    1.0514534711837769
  ],
  "Training Time": 5.519971132278442,
  "Validate": [
    3.1448230743408203,
    3.144578695297241,
    3.141085624694824,
    3.1395928859710693,
    3.1388251781463623,
    3.1366491317749023,
    3.135432720184326,
    3.134692430496216,
    3.1335341930389404,
    3.132885217666626
  ]
}