{
  "Train": [
    1.0152606964111328,
    1.0015863180160522,
    0.9846012592315674,
    0.9713478088378906,
    0.9605875015258789,
    0.9512476325035095,
    0.9423612952232361,
    0.933205783367157,
    0.9233106970787048,
    0.9126268625259399
  ],
  "Training Time": 4.0999696254730225,
  "Validate": [
    NaN,
    NaN,
    NaN,
    NaN,
    NaN,
    NaN,
    NaN,
    NaN,
    NaN,
    NaN
  ]
}