{
  "Train": [
    0.14871765673160553,
    0.1274094581604004,
    0.1210864931344986,
    0.11593428999185562,
    0.11147197335958481,
    0.10754965245723724,
    0.10424309223890305,
    0.10148342698812485,
    0.09930182248353958,
    0.09765224158763885,
    0.09597928822040558,
    0.09394755214452744,
    0.0925830826163292,
    0.09145898371934891,
    0.09035668522119522,
    0.08939676731824875,
    0.08835788816213608,
    0.08759015053510666,
    0.08644645661115646,
    0.08646465092897415,
    0.08443130552768707,
    0.08561671525239944,
    0.08257774263620377,
    0.08284050226211548,
    0.0802326649427414
  ],
  "Training Time": 11.925265789031982,
  "Validate": [
    0.6386380791664124,
    0.5642063617706299,
    0.5139027833938599,
    0.47209012508392334,
    0.4346832036972046,
    0.40149620175361633,
    0.37084639072418213,
    0.34663063287734985,
    0.31964731216430664,
    0.29810333251953125,
    0.27447330951690674,
    0.2538175582885742,
    0.23914170265197754,
    0.22678637504577637,
    0.21602191030979156,
    0.20663371682167053,
    0.19897203147411346,
    0.19242559373378754,
    0.18702131509780884,
    0.18330888450145721,
    0.1757521778345108,
    0.175010547041893,
    0.16248035430908203,
    0.16510099172592163,
    0.1527422070503235
  ]
}