{
  "Train": [
    0.4470914602279663,
    0.29211047291755676,
    0.2631692886352539,
    0.24555259943008423,
    0.23323184251785278,
    0.22360682487487793,
    0.21568699181079865,
    0.2090078741312027,
    0.20329070091247559,
    0.19840911030769348
  ],
  "Training Time": 2.868487596511841,
  "Validate": [
    29.883533477783203,
    29.29496955871582,
    29.156213760375977,
    29.05925941467285,
    28.930072784423828,
    28.730628967285156,
    28.452648162841797,
    28.112062454223633,
    27.731395721435547,
    27.329490661621094
  ]
}