{
  "Train": [
    0.22322537004947662,
    0.2062140256166458,
    0.1874047964811325,
    0.19560393691062927,
    0.1749207079410553,
    0.16829821467399597,
    0.16175366938114166,
    0.16229885816574097,
    0.14750809967517853,
    0.19235308468341827
  ],
  "Training Time": 3.2782485485076904,
  "Validate": [
    NaN,
    NaN,
    NaN,
    NaN,
    NaN,
    NaN,
    NaN,
    NaN,
    NaN,
    NaN
  ]
}