{
  "Train": [
    1.0636121034622192,
    1.0584174394607544,
    1.0573800802230835,
    1.056579351425171,
    1.0559786558151245,
    1.055522084236145,
    1.0550564527511597,
    1.0547678470611572,
    1.0545819997787476,
    1.0540999174118042
  ],
  "Training Time": 5.710015296936035,
  "Validate": [
    7.203663349151611,
    7.183187484741211,
    7.177536487579346,
    7.176246166229248,
    7.176774978637695,
    7.178592681884766,
    7.181242942810059,
    7.18403434753418,
    7.189708709716797,
    7.197564601898193
  ]
}