{
  "Train": [
    1.186790108680725,
    1.1588271856307983,
    1.1504709720611572,
    1.1472746133804321,
    1.1449249982833862,
    1.1428394317626953,
    1.1422137022018433,
    1.1446912288665771,
    1.1388951539993286,
    1.1318997144699097
  ],
  "Training Time": 15.637328863143921,
  "Validate": [
    1.1378817558288574,
    1.1690503358840942,
    1.158722162246704,
    1.1431094408035278,
    1.1179181337356567,
    1.0899326801300049,
    1.0723918676376343,
    1.0794023275375366,
    1.0991860628128052,
    1.1486116647720337
  ]
}