{
  "Train": [
    1.1001007556915283,
    1.092692494392395,
    1.088319182395935,
    1.083138108253479,
    1.0775121450424194,
    1.0703095197677612,
    1.0571075677871704,
    1.0363034009933472,
    1.0103431940078735,
    0.9772219657897949
  ],
  "Training Time": 17.171674013137817,
  "Validate": [
    4.365809917449951,
    4.366580963134766,
    4.349380970001221,
    4.312255859375,
    4.253218650817871,
    4.211698532104492,
    4.224778652191162,
    4.266417980194092,
    4.30928373336792,
    4.3371453285217285
  ]
}