{
  "Train": [
    1.1426520347595215,
    1.1260910034179688,
    1.1170498132705688,
    1.108591079711914,
    1.099998950958252,
    1.0911574363708496,
    1.0819158554077148,
    1.0719343423843384,
    1.0607260465621948,
    1.0476206541061401
  ],
  "Training Time": 1.7090580463409424,
  "Validate": [
    1.5819891691207886,
    1.53603994846344,
    1.5246280431747437,
    1.5159187316894531,
    1.5041568279266357,
    1.4900932312011719,
    1.4765344858169556,
    1.4665542840957642,
    1.4622294902801514,
    1.4649763107299805
  ]
}