{
  "Train": [
    0.9582927227020264,
    0.6452032327651978,
    0.5134954452514648,
    0.3970641493797302,
    0.34305205941200256,
    0.29743292927742004,
    0.26830625534057617,
    0.255033016204834,
    0.24903644621372223,
    0.2473970353603363,
    0.24136397242546082,
    0.2319996953010559,
    0.23180978000164032,
    0.22502192854881287,
    0.22774222493171692,
    0.22059211134910583,
    0.22382992506027222,
    0.21624262630939484,
    0.21633389592170715,
    0.20872542262077332,
    0.20459897816181183,
    0.19638745486736298,
    0.19020646810531616,
    0.18253831565380096,
    0.17642685770988464
  ],
  "Training Time": 16.018929481506348,
  "Validate": [
    0.2943885028362274,
    0.31166672706604004,
    0.4025721549987793,
    0.7498735189437866,
    0.9984935522079468,
    1.148079752922058,
    0.9706578850746155,
    0.8040981292724609,
    0.7245842218399048,
    0.7398242354393005,
    0.7905557155609131,
    0.7823240756988525,
    0.8161030411720276,
    0.7817288041114807,
    0.8032138347625732,
    0.7586867809295654,
    0.7704803347587585,
    0.7285766005516052,
    0.73138427734375,
    0.6904860138893127,
    0.682353675365448,
    0.6331525444984436,
    0.6041377186775208,
    0.533880352973938,
    0.48931369185447693
  ]
}