{
  "Train": [
    1.1938707828521729,
    1.1775453090667725,
    1.1563334465026855,
    1.1499624252319336,
    1.1452090740203857,
    1.1398067474365234,
    1.1354378461837769,
    1.1305153369903564,
    1.124869704246521,
    1.1183242797851562,
    1.109413981437683,
    1.0970585346221924,
    1.0785181522369385,
    1.050613522529602,
    1.0085623264312744,
    0.9920010566711426,
    0.89870685338974,
    0.8501498699188232,
    0.725601077079773,
    1.1649214029312134,
    0.7435147762298584,
    0.5415634512901306,
    0.8140135407447815,
    0.5894470810890198,
    0.3812265396118164,
    0.29730793833732605,
    0.29789891839027405,
    0.2705724537372589,
    0.28837689757347107,
    0.38325315713882446,
    0.28083738684654236,
    0.22959968447685242,
    0.25037428736686707,
    0.22187712788581848,
    0.22816865146160126,
    0.21484223008155823,
    0.21491295099258423,
    0.2085692286491394,
    0.20758257806301117,
    0.19408226013183594,
    0.19920951128005981,
    0.23978516459465027,
    0.22590292990207672,
    0.1940673440694809,
    0.22038689255714417,
    0.18196870386600494,
    0.17368994653224945,
    0.1532023400068283,
    0.15631338953971863,
    0.15066899359226227,
    0.14452727138996124,
    0.1422920525074005,
    0.14208294451236725,
    0.2114008665084839,
    0.2031213343143463,
    0.16080406308174133,
    0.14811502397060394,
    0.12502647936344147,
    0.10603876411914825,
    0.11547762155532837,
    0.11523157358169556,
    0.1514013558626175,
    0.15799441933631897,
    0.2516840994358063,
    0.18504022061824799,
    0.1411137729883194,
    0.13328929245471954,
    0.13482093811035156,
    0.12965725362300873,
    0.14383164048194885,
    0.11871935427188873,
    0.1318436712026596,
    0.0917041152715683,
    0.07928086817264557,
    0.07720417529344559,
    0.07193003594875336,
    0.06877408176660538,
    0.06603458523750305,
    0.06419076025485992,
    0.0673048123717308,
    0.06692540645599365,
    0.0754840224981308,
    0.10435549169778824,
    0.08503930270671844,
    0.10788658261299133,
    0.10537408292293549,
    0.13149960339069366,
    0.1019546389579773,
    0.08697610348463058,
    0.07347943633794785,
    0.07453344762325287,
    0.0509704127907753,
    0.04716125875711441,
    0.039979834109544754,
    0.03587593138217926,
    0.03357614576816559,
    0.03046482987701893,
    0.0284259170293808,
    0.027062300592660904,
    0.025824779644608498
  ],
  "Training Time": 94.54176068305969,
  "Validate": [
    1.9168857336044312,
    2.0231118202209473,
    2.090679407119751,
    2.061117649078369,
    2.0447840690612793,
    2.057169198989868,
    2.0357024669647217,
    2.017411947250366,
    1.9926986694335938,
    1.9621533155441284,
    1.9244334697723389,
    1.8838412761688232,
    1.8471481800079346,
    1.8080248832702637,
    1.7162925004959106,
    1.9948116540908813,
    2.091914415359497,
    2.0954947471618652,
    2.514204978942871,
    1.7874301671981812,
    1.8385405540466309,
    2.30132794380188,
    1.7616939544677734,
    2.3635733127593994,
    2.100398540496826,
    2.10343861579895,
    2.0776214599609375,
    2.283607244491577,
    1.6980961561203003,
    1.8884601593017578,
    1.806912899017334,
    1.8566234111785889,
    1.8768655061721802,
    1.8586269617080688,
    1.8776832818984985,
    1.845258355140686,
    1.782719373703003,
    1.791426181793213,
    1.6806679964065552,
    1.6049820184707642,
    1.6911689043045044,
    1.2532052993774414,
    1.4003528356552124,
    1.39875328540802,
    1.129054069519043,
    1.4405694007873535,
    1.225660800933838,
    1.2543363571166992,
    1.1515494585037231,
    1.1570104360580444,
    1.1223469972610474,
    1.179067611694336,
    1.102059245109558,
    1.2357697486877441,
    1.0883369445800781,
    1.0054595470428467,
    1.103880763053894,
    1.0239040851593018,
    1.0212938785552979,
    1.023966908454895,
    1.1553187370300293,
    1.0787540674209595,
    1.734736680984497,
    1.1996909379959106,
    1.063590168952942,
    1.1091314554214478,
    1.0697178840637207,
    0.9354140758514404,
    1.113963007926941,
    1.0049179792404175,
    1.1404072046279907,
    0.9932606220245361,
    1.009528636932373,
    0.9978923797607422,
    1.0044761896133423,
    1.0033341646194458,
    1.0122047662734985,
    1.0146394968032837,
    1.0285564661026,
    1.0331686735153198,
    1.0462493896484375,
    1.0818368196487427,
    1.0932790040969849,
    1.0073009729385376,
    1.1283258199691772,
    1.0738911628723145,
    1.18303382396698,
    1.0917747020721436,
    1.0685102939605713,
    1.0756807327270508,
    1.0406471490859985,
    1.0502535104751587,
    1.0700141191482544,
    1.024750828742981,
    1.0619587898254395,
    1.0382914543151855,
    1.0408943891525269,
    1.03553307056427,
    1.0340070724487305,
    1.0181610584259033
  ]
}