{
  "Train": [
    0.9421012997627258,
    0.4695500135421753,
    0.3615783154964447,
    0.31179025769233704,
    0.268320769071579,
    0.25585952401161194,
    0.25011777877807617,
    0.25068432092666626,
    0.24193024635314941,
    0.2323642075061798,
    0.2228080779314041,
    0.2131296992301941,
    0.20558474957942963,
    0.19659990072250366,
    0.19164378941059113,
    0.18335850536823273,
    0.18042804300785065,
    0.17230327427387238,
    0.1712213009595871,
    0.1629045307636261,
    0.16277094185352325,
    0.15446893870830536,
    0.15479311347007751,
    0.14697685837745667,
    0.14675776660442352
  ],
  "Training Time": 11.094107627868652,
  "Validate": [
    0.33044013381004333,
    0.39340341091156006,
    0.5111011862754822,
    0.5492705702781677,
    0.5950168967247009,
    0.6214046478271484,
    0.6821741461753845,
    0.7066152095794678,
    0.7090601921081543,
    0.684048593044281,
    0.6647944450378418,
    0.6284623742103577,
    0.6084614396095276,
    0.5709137320518494,
    0.5553932785987854,
    0.5174301862716675,
    0.5078978538513184,
    0.47243788838386536,
    0.46750590205192566,
    0.4373928904533386,
    0.4364061653614044,
    0.41088664531707764,
    0.41338279843330383,
    0.38792702555656433,
    0.3988301455974579
  ]
}