{
  "Train": [
    1.1906927824020386,
    1.1753538846969604,
    1.1656641960144043,
    1.164448857307434,
    1.1535282135009766,
    1.1502337455749512,
    1.1454401016235352,
    1.1408709287643433,
    1.1330256462097168,
    1.130263090133667,
    1.1169620752334595,
    1.111374855041504,
    1.1012580394744873,
    1.0989431142807007,
    1.0933667421340942,
    1.0825449228286743,
    1.0774571895599365,
    1.0753726959228516,
    1.0659250020980835,
    1.0465518236160278,
    1.0398526191711426,
    1.007472276687622,
    1.028668761253357,
    0.8766941428184509,
    0.9437816143035889,
    0.8261722922325134,
    1.274728775024414,
    0.8613391518592834,
    0.865828812122345,
    0.7081905007362366,
    0.9138936996459961,
    0.6397830843925476,
    0.5803331732749939,
    0.5678976774215698,
    0.5519590377807617,
    0.5228637456893921,
    0.5008822679519653,
    0.47311586141586304,
    0.44618698954582214,
    0.412142813205719,
    0.3946981728076935,
    0.3328877389431,
    0.2908925414085388,
    0.2788798213005066,
    0.27005547285079956,
    0.23679940402507782,
    0.2556033134460449,
    0.26404455304145813,
    0.22766003012657166,
    0.20240990817546844,
    0.17379596829414368,
    0.1699635088443756,
    0.16081152856349945,
    0.15511257946491241,
    0.15054310858249664,
    0.15599703788757324,
    0.14671587944030762,
    0.14299143850803375,
    0.15189050137996674,
    0.14647039771080017,
    0.14876259863376617,
    0.19361023604869843,
    0.2986271381378174,
    1.2362459897994995,
    0.2869957983493805,
    0.21970391273498535,
    0.36546847224235535,
    0.6713688969612122,
    0.2407536655664444,
    0.18678627908229828,
    0.15571315586566925,
    0.14150522649288177,
    0.13042248785495758,
    0.1237640231847763,
    0.12067174911499023,
    0.12218118458986282,
    0.1179555356502533,
    0.12099966406822205,
    0.11836790293455124,
    0.12190784513950348,
    0.11855661869049072,
    0.11070991307497025,
    0.11995965987443924,
    0.11109892278909683,
    0.14005018770694733,
    0.10491866618394852,
    0.11741180717945099,
    0.11887780576944351,
    0.12794554233551025,
    0.11892959475517273,
    0.1263228952884674,
    0.13241757452487946,
    0.11325065046548843,
    0.13365420699119568,
    0.10546140372753143,
    0.13242219388484955,
    0.1119360700249672,
    0.1025499477982521,
    0.11663395166397095,
    0.11888372153043747
  ],
  "Training Time": 156.6030077934265,
  "Validate": [
    1.9455771446228027,
    1.967705249786377,
    1.9967159032821655,
    1.9998623132705688,
    2.0616753101348877,
    2.02864670753479,
    2.034019708633423,
    2.0300981998443604,
    2.0551199913024902,
    2.021038293838501,
    2.089780569076538,
    2.0855369567871094,
    2.093679189682007,
    2.0879595279693604,
    2.091902732849121,
    2.121354103088379,
    2.119490623474121,
    2.100407123565674,
    2.135976791381836,
    2.1985645294189453,
    2.25683331489563,
    2.2964797019958496,
    2.3022592067718506,
    2.9957680702209473,
    2.324410915374756,
    2.739225387573242,
    1.9918102025985718,
    2.4657704830169678,
    2.502821207046509,
    2.2908735275268555,
    2.4623124599456787,
    2.511061668395996,
    2.8861186504364014,
    2.879129648208618,
    3.0040581226348877,
    3.0471909046173096,
    3.1237306594848633,
    3.20455265045166,
    3.3057007789611816,
    3.4522705078125,
    3.7357261180877686,
    3.562239646911621,
    3.8916704654693604,
    4.522480487823486,
    4.889400959014893,
    4.1360931396484375,
    4.718051433563232,
    2.701673746109009,
    3.421555519104004,
    2.9702272415161133,
    3.3131887912750244,
    3.219202995300293,
    3.3133656978607178,
    3.2475297451019287,
    3.4760468006134033,
    3.3262152671813965,
    3.4089765548706055,
    3.489363670349121,
    3.2182693481445312,
    3.3817758560180664,
    3.661423444747925,
    3.1693243980407715,
    4.656547546386719,
    2.0853426456451416,
    2.739821195602417,
    2.828505277633667,
    2.8023202419281006,
    2.742589235305786,
    2.9943764209747314,
    3.194528818130493,
    3.263906717300415,
    3.383603096008301,
    3.381993293762207,
    3.5379457473754883,
    3.5731775760650635,
    3.6234824657440186,
    3.5938117504119873,
    3.5350441932678223,
    3.747732400894165,
    3.55757737159729,
    3.740367889404297,
    3.6395180225372314,
    4.1670708656311035,
    3.3431336879730225,
    4.338773250579834,
    3.541548013687134,
    4.0248122215271,
    3.79544997215271,
    4.507033824920654,
    4.123085021972656,
    3.4158637523651123,
    4.026391983032227,
    3.6996500492095947,
    3.912306070327759,
    3.9500510692596436,
    4.202136516571045,
    3.9312937259674072,
    4.108057022094727,
    3.5027074813842773,
    3.875735282897949
  ]
}