{
  "Train": [
    0.8746716380119324,
    0.4973256587982178,
    0.3737512528896332,
    0.3078763782978058,
    0.27836620807647705,
    0.26725852489471436,
    0.26258137822151184,
    0.2581108808517456,
    0.2517782747745514,
    0.2446681261062622,
    0.23800377547740936,
    0.2318982630968094,
    0.22624514997005463,
    0.2210197150707245,
    0.21613255143165588,
    0.2114543467760086,
    0.20689783990383148,
    0.2024024873971939,
    0.19791468977928162,
    0.19338814914226532,
    0.18878987431526184,
    0.18410725891590118,
    0.17935416102409363,
    0.17457148432731628,
    0.16981720924377441
  ],
  "Training Time": 11.308860778808594,
  "Validate": [
    0.43503302335739136,
    0.4692884683609009,
    0.5269840955734253,
    0.6210100650787354,
    0.6971621513366699,
    0.7518331408500671,
    0.7919959425926208,
    0.8118089437484741,
    0.8157899975776672,
    0.8118968605995178,
    0.8023070693016052,
    0.7880191802978516,
    0.7709351181983948,
    0.7523427605628967,
    0.7326700687408447,
    0.7121046781539917,
    0.6908061504364014,
    0.6688125133514404,
    0.6460420489311218,
    0.622322142124176,
    0.5974377989768982,
    0.57118821144104,
    0.5434699058532715,
    0.5143064260482788,
    0.48391467332839966
  ]
}