{
  "Train": [
    0.1607150435447693,
    0.12985092401504517,
    0.11771731078624725,
    0.11263668537139893,
    0.10791847854852676,
    0.10352867841720581,
    0.10027718544006348,
    0.09746943414211273,
    0.09506545960903168,
    0.0928872749209404,
    0.0909237489104271,
    0.08915123343467712,
    0.08751548826694489,
    0.08593244850635529,
    0.08434934169054031,
    0.0827484205365181,
    0.08099354058504105,
    0.07888012379407883,
    0.07657456398010254,
    0.0750633254647255,
    0.09002535790205002,
    0.083847776055336,
    0.07463996857404709,
    0.07655993103981018,
    0.07185214012861252
  ],
  "Training Time": 16.111308336257935,
  "Validate": [
    NaN,
    NaN,
    NaN,
    NaN,
    NaN,
    NaN,
    NaN,
    NaN,
    NaN,
    NaN,
    NaN,
    NaN,
    NaN,
    NaN,
    NaN,
    NaN,
    NaN,
    NaN,
    NaN,
    NaN,
    NaN,
    NaN,
    NaN,
    NaN,
    NaN
  ]
}