{
  "Train": [
    0.14693978428840637,
    0.13278153538703918,
    0.1234026625752449,
    0.11614923924207687,
    0.11024361848831177,
    0.10553048551082611,
    0.10195104032754898,
    0.09897691011428833,
    0.0961727574467659,
    0.09389244019985199,
    0.0915583148598671,
    0.08895806223154068,
    0.09374170005321503,
    0.09091538935899734,
    0.08539049327373505,
    0.09024400264024734,
    0.08821610361337662,
    0.08073501288890839,
    0.07871729135513306,
    0.07547102123498917,
    0.0797937661409378,
    0.07430027425289154,
    0.08091716468334198,
    0.07203573733568192,
    0.07871680706739426
  ],
  "Training Time": 12.665582656860352,
  "Validate": [
    0.4337606430053711,
    0.3890976011753082,
    0.35343730449676514,
    0.3230191767215729,
    0.2970021963119507,
    0.2742203176021576,
    0.25161850452423096,
    0.22702163457870483,
    0.2020401954650879,
    0.185946986079216,
    0.15249010920524597,
    0.14912275969982147,
    0.43224582076072693,
    0.18298830091953278,
    0.1569431871175766,
    0.052425649017095566,
    0.08881133049726486,
    0.1102510467171669,
    0.135434091091156,
    0.11575131863355637,
    0.10603655129671097,
    0.10764764994382858,
    0.08327606320381165,
    0.08036350458860397,
    0.0774114802479744
  ]
}