{
  "Train": [
    0.92824387550354,
    0.8699966073036194,
    0.8562036156654358,
    0.8471154570579529,
    0.8401394486427307,
    0.8345518708229065,
    0.8295823931694031,
    0.8251797556877136,
    0.8220082521438599,
    0.8174054026603699
  ],
  "Training Time": 3.4397780895233154,
  "Validate": [
    2.549250602722168,
    2.5164222717285156,
    2.449415445327759,
    2.401649236679077,
    2.3672239780426025,
    2.3392210006713867,
    2.324068546295166,
    2.3078982830047607,
    2.3031091690063477,
    2.2968332767486572
  ]
}