{
  "Train": [
    0.6793818473815918,
    0.64543217420578,
    0.6286369562149048,
    0.6143718957901001,
    0.5976830720901489,
    0.5891748070716858,
    0.5885035395622253,
    0.5862690210342407,
    0.5778225064277649,
    0.5770946741104126
  ],
  "Training Time": 3.029792308807373,
  "Validate": [
    0.3697601556777954,
    0.36851298809051514,
    0.37005364894866943,
    0.3782345950603485,
    0.38015854358673096,
    0.3971131145954132,
    0.37970277667045593,
    0.39773398637771606,
    0.4669637680053711,
    0.4951241612434387
  ]
}