{
  "Train": [
    0.7271293997764587,
    0.6746653318405151,
    0.6754409670829773,
    0.6509155631065369,
    0.6407283544540405,
    0.6124446988105774,
    0.593770444393158,
    0.5931005477905273,
    0.5908575057983398,
    0.5699573755264282
  ],
  "Training Time": 3.809748411178589,
  "Validate": [
    NaN,
    NaN,
    NaN,
    NaN,
    NaN,
    NaN,
    NaN,
    NaN,
    NaN,
    NaN
  ]
}