{
  "Train": [
    0.2931564450263977,
    0.14354273676872253,
    0.12836498022079468,
    0.12014187127351761,
    0.11484062671661377,
    0.11048213392496109,
    0.1066318079829216,
    0.10311590880155563,
    0.09994591772556305,
    0.09717704355716705,
    0.09480305016040802,
    0.09270602464675903,
    0.09079226106405258,
    0.08906175941228867,
    0.08750175684690475,
    0.08609391748905182,
    0.08482766896486282,
    0.08369634300470352,
    0.08269201964139938,
    0.08180216699838638,
    0.08100945502519608,
    0.08029461652040482,
    0.07963908463716507,
    0.07902544736862183,
    0.07843523472547531
  ],
  "Training Time": 12.337658166885376,
  "Validate": [
    0.8680906891822815,
    0.9262827038764954,
    0.9623789191246033,
    0.9805212020874023,
    0.9963270425796509,
    1.0042634010314941,
    1.0056588649749756,
    1.0021998882293701,
    0.9962611794471741,
    0.9896352887153625,
    0.9830572009086609,
    0.9772970080375671,
    0.9728220105171204,
    0.9695127606391907,
    0.9672174453735352,
    0.9657621383666992,
    0.9649309515953064,
    0.9645576477050781,
    0.9646106958389282,
    0.965210497379303,
    0.9665520191192627,
    0.9687979221343994,
    0.9720094799995422,
    0.9761291146278381,
    0.9810089468955994
  ]
}