{
  "Train": [
    0.7013158798217773,
    0.45027956366539,
    0.3763826787471771,
    0.32630836963653564,
    0.29122987389564514,
    0.2667914032936096,
    0.24844051897525787,
    0.23385372757911682,
    0.22207988798618317,
    0.21250057220458984,
    0.2045241892337799,
    0.19764484465122223,
    0.19148604571819305,
    0.18580901622772217,
    0.1804744303226471,
    0.17539896070957184,
    0.17052823305130005,
    0.16582679748535156,
    0.16127517819404602,
    0.15687166154384613,
    0.15263469517230988,
    0.14860357344150543,
    0.14483216404914856,
    0.14137428998947144,
    0.1382669359445572
  ],
  "Training Time": 10.829782485961914,
  "Validate": [
    6.424366474151611,
    6.166688919067383,
    5.9712018966674805,
    5.8463134765625,
    5.710875988006592,
    5.554698467254639,
    5.378024578094482,
    5.2053608894348145,
    5.053130149841309,
    4.927035808563232,
    4.824116230010986,
    4.7387614250183105,
    4.666664123535156,
    4.605266094207764,
    4.553059101104736,
    4.509036064147949,
    4.472430229187012,
    4.442592144012451,
    4.418964385986328,
    4.401017665863037,
    4.3882341384887695,
    4.380048751831055,
    4.375821590423584,
    4.37483549118042,
    4.376301288604736
  ]
}