{
  "Train": [
    1.0062583684921265,
    0.970717191696167,
    0.9498465657234192,
    0.9280292987823486,
    0.9036836624145508,
    0.8810580372810364,
    0.8626997470855713,
    0.8474194407463074,
    0.8338308334350586,
    0.8210084438323975
  ],
  "Training Time": 3.0873820781707764,
  "Validate": [
    NaN,
    NaN,
    NaN,
    NaN,
    NaN,
    NaN,
    NaN,
    NaN,
    NaN,
    NaN
  ]
}