{
  "Train": [
    0.759687602519989,
    0.6441758275032043,
    0.5541294813156128,
    0.48299190402030945,
    0.4219968616962433,
    0.3687041997909546,
    0.32275864481925964,
    0.2846119999885559,
    0.2531432807445526,
    0.23032471537590027
  ],
  "Training Time": 2.5586018562316895,
  "Validate": [
    1.3796600103378296,
    0.8503916263580322,
    0.6991459131240845,
    0.6381469964981079,
    0.5929955244064331,
    0.5362195372581482,
    0.4715532958507538,
    0.40102487802505493,
    0.3385642468929291,
    0.2577189803123474
  ]
}