{
  "Train": [
    0.6862037181854248,
    0.4696790874004364,
    0.4292229413986206,
    0.394014447927475,
    0.36424851417541504,
    0.3413393795490265,
    0.32505807280540466,
    0.31388160586357117,
    0.3060263693332672,
    0.3000998795032501
  ],
  "Training Time": 3.937901258468628,
  "Validate": [
    52.459293365478516,
    52.538814544677734,
    52.373905181884766,
    51.99153518676758,
    51.41980743408203,
    50.695030212402344,
    49.9403076171875,
    49.23696517944336,
    48.6041374206543,
    48.03767395019531
  ]
}