{
  "Train": [
    0.2915053367614746,
    0.22151774168014526,
    0.17866364121437073,
    0.15757206082344055,
    0.14444375038146973,
    0.13305820524692535,
    0.12217751145362854,
    0.11266900599002838,
    0.10395051538944244,
    0.09693613648414612
  ],
  "Training Time": 3.078329563140869,
  "Validate": [
    NaN,
    NaN,
    NaN,
    NaN,
    NaN,
    NaN,
    NaN,
    NaN,
    NaN,
    NaN
  ]
}