{
  "Train": [
    0.23439757525920868,
    0.12734495103359222,
    0.11780446767807007,
    0.11158759891986847,
    0.10693062841892242,
    0.10325869172811508,
    0.10013293474912643,
    0.09749224036931992,
    0.09525363147258759,
    0.09325654059648514,
    0.09132853895425797,
    0.0893571600317955,
    0.08731645345687866,
    0.08530618250370026,
    0.0836523249745369,
    0.08249960094690323,
    0.07978302240371704,
    0.07477317005395889,
    0.07028596103191376,
    0.06643860042095184,
    0.06347907334566116,
    0.06103656068444252,
    0.060170091688632965,
    0.0697031170129776,
    0.07395365089178085
  ],
  "Training Time": 13.275110721588135,
  "Validate": [
    0.0834021270275116,
    0.11141982674598694,
    0.14170943200588226,
    0.19480328261852264,
    0.2735954523086548,
    0.35996344685554504,
    0.44507846236228943,
    0.5251467227935791,
    0.5990691781044006,
    0.6712369322776794,
    0.7496572732925415,
    0.8412992358207703,
    0.9450342059135437,
    1.0461052656173706,
    1.1133458614349365,
    1.1055468320846558,
    1.0636178255081177,
    1.118820071220398,
    1.230904459953308,
    1.3369102478027344,
    1.4219427108764648,
    1.4467326402664185,
    1.3383084535598755,
    1.0019805431365967,
    0.7533403038978577
  ]
}