{
  "Train": [
    0.45106276869773865,
    0.2545557916164398,
    0.23875121772289276,
    0.22881409525871277,
    0.22209857404232025,
    0.21726319193840027,
    0.2135341316461563,
    0.2104823738336563,
    0.2078763097524643,
    0.20558516681194305
  ],
  "Training Time": 3.318225860595703,
  "Validate": [
    29.254295349121094,
    28.876129150390625,
    28.6341609954834,
    28.39403533935547,
    28.172435760498047,
    27.983978271484375,
    27.8361873626709,
    27.72239875793457,
    27.63249969482422,
    27.558452606201172
  ]
}