{
  "Train": [
    1.0618677139282227,
    0.94986891746521,
    0.8849438428878784,
    0.8611231446266174,
    0.8089505434036255,
    0.7961928844451904,
    0.7495038509368896,
    0.7397347092628479,
    0.7216553688049316,
    0.7523329854011536
  ],
  "Training Time": 14.191741943359375,
  "Validate": [
    NaN,
    NaN,
    NaN,
    NaN,
    NaN,
    NaN,
    NaN,
    NaN,
    NaN,
    NaN
  ]
}