{
  "Train": [
    1.051259160041809,
    0.8769136071205139,
    0.8124529719352722,
    0.7506489157676697,
    0.6905962228775024,
    0.6377081274986267,
    0.5914549231529236,
    0.5479636788368225,
    0.508274495601654,
    0.4696079194545746
  ],
  "Training Time": 12.653281688690186,
  "Validate": [
    1.1624950170516968,
    1.1379626989364624,
    1.1650958061218262,
    1.1977124214172363,
    1.2400768995285034,
    1.2981880903244019,
    1.3851145505905151,
    1.5057543516159058,
    1.627217411994934,
    1.6690369844436646
  ]
}