{
  "Train": [
    0.08403991907835007,
    0.046655330806970596,
    0.038477856665849686,
    0.0346020832657814,
    0.03209037706255913,
    0.03029901720583439,
    0.028989288955926895,
    0.027801774442195892,
    0.026971150189638138,
    0.02633306011557579,
    0.025881795212626457,
    0.02503741905093193,
    0.024458592757582664,
    0.024050192907452583,
    0.024316169321537018,
    0.022863872349262238,
    0.02280452288687229,
    0.023660611361265182,
    0.022671014070510864,
    0.022304560989141464,
    0.021782074123620987,
    0.02214973233640194,
    0.022326473146677017,
    0.021397480741143227,
    0.021617304533720016
  ],
  "Training Time": 15.054327249526978,
  "Validate": [
    NaN,
    NaN,
    NaN,
    NaN,
    NaN,
    NaN,
    NaN,
    NaN,
    NaN,
    NaN,
    NaN,
    NaN,
    NaN,
    NaN,
    NaN,
    NaN,
    NaN,
    NaN,
    NaN,
    NaN,
    NaN,
    NaN,
    NaN,
    NaN,
    NaN
  ]
}