{
  "Train": [
    0.11178518831729889,
    0.06615614145994186,
    0.06055569648742676,
    0.05543633550405502,
    0.05181457847356796,
    0.0488409660756588,
    0.046170201152563095,
    0.04367151856422424,
    0.04142036661505699,
    0.03981548547744751,
    0.03857160359621048,
    0.03683025762438774,
    0.03479282185435295,
    0.032686781138181686,
    0.03051905706524849,
    0.02841411530971527,
    0.026413604617118835,
    0.024915603920817375,
    0.023723820224404335,
    0.02242765948176384,
    0.022933291271328926,
    0.023430515080690384,
    0.021732404828071594,
    0.021014781668782234,
    0.025246916338801384
  ],
  "Training Time": 11.848041296005249,
  "Validate": [
    0.05543585866689682,
    0.05135298892855644,
    0.045489776879549026,
    0.04280039668083191,
    0.040718015283346176,
    0.038886308670043945,
    0.03725043311715126,
    0.03581647947430611,
    0.034618571400642395,
    0.0337071530520916,
    0.03292787820100784,
    0.032271984964609146,
    0.031519565731287,
    0.030778098851442337,
    0.03015073388814926,
    0.029760217294096947,
    0.029726294800639153,
    0.02936168946325779,
    0.029129846021533012,
    0.02964373119175434,
    0.029097886756062508,
    0.029218846932053566,
    0.030080026015639305,
    0.028992008417844772,
    0.02857796661555767
  ]
}