{
  "Train": [
    1.0752019882202148,
    1.0596851110458374,
    1.0567905902862549,
    1.0554085969924927,
    1.054525375366211,
    1.0538818836212158,
    1.0532454252243042,
    1.0525213479995728,
    1.0518251657485962,
    1.0506037473678589
  ],
  "Training Time": 3.927915334701538,
  "Validate": [
    7.195990562438965,
    7.197917938232422,
    7.199092388153076,
    7.200985431671143,
    7.203699111938477,
    7.208161354064941,
    7.213980674743652,
    7.222067356109619,
    7.233473300933838,
    7.2519731521606445
  ]
}