{
  "Train": [
    0.9053196907043457,
    0.8170408606529236,
    0.8000581860542297,
    0.7934907078742981,
    0.7897304892539978,
    0.7872209548950195,
    0.785359799861908,
    0.783865213394165,
    0.7825950980186462,
    0.7814729809761047
  ],
  "Training Time": 2.6018786430358887,
  "Validate": [
    2.679377317428589,
    2.3965954780578613,
    2.299355983734131,
    2.2581682205200195,
    2.236614942550659,
    2.2237050533294678,
    2.2154271602630615,
    2.20993709564209,
    2.2062320709228516,
    2.203709125518799
  ]
}