{
  "Train": [
    0.7358700037002563,
    0.7239943146705627,
    0.7152023911476135,
    0.7084060311317444,
    0.7028985023498535,
    0.6983247995376587,
    0.6944950222969055,
    0.6912828087806702,
    0.6885840892791748,
    0.6863100528717041
  ],
  "Training Time": 1.681208610534668,
  "Validate": [
    0.670560896396637,
    0.6763955354690552,
    0.680334210395813,
    0.6838255524635315,
    0.6872545480728149,
    0.6907445192337036,
    0.6943141222000122,
    0.6979333162307739,
    0.7015535831451416,
    0.7051247358322144
  ]
}