{
  "Train": [
    0.7238648533821106,
    0.7227684855461121,
    0.7220394015312195,
    0.721403181552887,
    0.7207144498825073,
    0.7199855446815491,
    0.7192544937133789,
    0.7185434699058533,
    0.7178623080253601,
    0.7172118425369263
  ],
  "Training Time": 2.021451711654663,
  "Validate": [
    NaN,
    NaN,
    NaN,
    NaN,
    NaN,
    NaN,
    NaN,
    NaN,
    NaN,
    NaN
  ]
}