{
  "Train": [
    0.3242972195148468,
    0.3003845512866974,
    0.2852201759815216,
    0.27109816670417786,
    0.2572275996208191,
    0.24363239109516144,
    0.2306106835603714,
    0.21830572187900543,
    0.2065638303756714,
    0.19517795741558075
  ],
  "Training Time": 2.828464984893799,
  "Validate": [
    NaN,
    NaN,
    NaN,
    NaN,
    NaN,
    NaN,
    NaN,
    NaN,
    NaN,
    NaN
  ]
}