{
  "Train": [
    0.796416699886322,
    0.7087894082069397,
    0.6423207521438599,
    0.5827410817146301,
    0.5338003635406494,
    0.49399542808532715,
    0.4613057076931,
    0.4328889548778534,
    0.4077720642089844,
    0.38515105843544006
  ],
  "Training Time": 2.3687102794647217,
  "Validate": [
    1.4168641567230225,
    1.0326191186904907,
    0.898910403251648,
    0.8127981424331665,
    0.7561408877372742,
    0.7087174654006958,
    0.652875542640686,
    0.5896989107131958,
    0.5327953100204468,
    0.4754334092140198
  ]
}