{
  "Train": [
    0.695040225982666,
    0.5206640362739563,
    0.4865585267543793,
    0.4584028720855713,
    0.4297199249267578,
    0.399052232503891,
    0.3674650192260742,
    0.33982446789741516,
    0.3211512267589569,
    0.31046855449676514
  ],
  "Training Time": 3.5780930519104004,
  "Validate": [
    52.01405334472656,
    51.986663818359375,
    51.84480285644531,
    51.682655334472656,
    51.506893157958984,
    51.347190856933594,
    51.21497344970703,
    51.05318069458008,
    50.807594299316406,
    50.496028900146484
  ]
}