{
  "Train": [
    0.9264315366744995,
    0.597120463848114,
    0.5514233112335205,
    0.5437855124473572,
    0.5284528136253357,
    0.5227575898170471,
    0.5030883550643921,
    0.46573975682258606,
    0.4511527121067047,
    0.4283548891544342,
    0.4122007489204407,
    0.39930540323257446,
    0.3889702260494232,
    0.46399083733558655,
    0.38825565576553345,
    0.3812994658946991,
    0.3696530759334564,
    0.3426355719566345,
    0.35423073172569275,
    0.3217599391937256,
    0.31634995341300964,
    0.28411462903022766,
    0.29430079460144043,
    0.2577937841415405,
    0.2528197169303894,
    0.25832751393318176,
    0.27392446994781494,
    0.24286092817783356,
    0.2524082064628601,
    0.2806331515312195,
    0.4163619875907898,
    0.2495427429676056,
    0.2427079975605011,
    0.19313295185565948,
    0.18195728957653046,
    0.1773240715265274,
    0.17143402993679047,
    0.17004039883613586,
    0.1625223457813263,
    0.15173646807670593,
    0.14782416820526123,
    0.146768257021904,
    0.13802656531333923,
    0.13440433144569397,
    0.1291501373052597,
    0.12578262388706207,
    0.12285882234573364,
    0.11837917566299438,
    0.11263251304626465,
    0.11331187933683395,
    0.1130647137761116,
    0.17937156558036804,
    0.24287740886211395,
    0.27997010946273804,
    0.24686118960380554,
    0.16610534489154816,
    0.1341966688632965,
    0.12987598776817322,
    0.11021000146865845,
    0.10494121164083481,
    0.09725040942430496,
    0.09144998341798782,
    0.0886043906211853,
    0.08252274990081787,
    0.0896652415394783,
    0.09739281982183456,
    0.1070672944188118,
    0.09375645965337753,
    0.081477090716362,
    0.08197309076786041,
    0.10511405766010284,
    0.1029597595334053,
    0.22673557698726654,
    0.2015436887741089,
    0.0799296572804451,
    0.06678881496191025,
    0.0692305639386177,
    0.08655724674463272,
    0.08453118801116943,
    0.0775071382522583,
    0.08099792152643204,
    0.072547547519207,
    0.06614869087934494,
    0.059226710349321365,
    0.06015986204147339,
    0.05907663702964783,
    0.06339556723833084,
    0.07182423770427704,
    0.05664263293147087,
    0.06400085240602493,
    0.061257120221853256,
    0.0704389438033104,
    0.0698559507727623,
    0.10136774927377701,
    0.06864352524280548,
    0.05339890718460083,
    0.0482923686504364,
    0.03990672901272774,
    0.04100826755166054,
    0.04069584980607033
  ],
  "Training Time": 100.06524515151978,
  "Validate": [
    0.33841925859451294,
    0.27008408308029175,
    0.3547394573688507,
    0.3537296652793884,
    0.24083973467350006,
    0.347307413816452,
    0.3491853177547455,
    0.3452434241771698,
    0.33798494935035706,
    0.331508606672287,
    0.32354241609573364,
    0.3140556216239929,
    0.30547064542770386,
    0.30367711186408997,
    0.29872655868530273,
    0.294422447681427,
    0.3003538250923157,
    0.2999768555164337,
    0.29897892475128174,
    0.28917068243026733,
    0.2856195569038391,
    0.28023549914360046,
    0.28112879395484924,
    0.2670844793319702,
    0.27770400047302246,
    0.2704956531524658,
    0.27343374490737915,
    0.27514588832855225,
    0.25768500566482544,
    0.2624916732311249,
    0.29838302731513977,
    0.2509394884109497,
    0.2751685380935669,
    0.277273952960968,
    0.2890079915523529,
    0.30393192172050476,
    0.32623428106307983,
    0.34655627608299255,
    0.342559278011322,
    0.34563928842544556,
    0.3455268442630768,
    0.3644028902053833,
    0.36539602279663086,
    0.37320569157600403,
    0.3712500333786011,
    0.38282310962677,
    0.3859201669692993,
    0.3738137483596802,
    0.3791807293891907,
    0.387555867433548,
    0.3987758755683899,
    0.44791409373283386,
    0.3748430907726288,
    0.358303040266037,
    0.35410836338996887,
    0.34459689259529114,
    0.35504695773124695,
    0.3573675751686096,
    0.35567501187324524,
    0.365125834941864,
    0.3739265203475952,
    0.38441669940948486,
    0.38924673199653625,
    0.39636853337287903,
    0.40739554166793823,
    0.39783868193626404,
    0.40060731768608093,
    0.4133463203907013,
    0.404170423746109,
    0.43669864535331726,
    0.43821269273757935,
    0.4255528748035431,
    0.383651465177536,
    0.4507162868976593,
    0.4381406605243683,
    0.43959617614746094,
    0.43810832500457764,
    0.43886128067970276,
    0.47095468640327454,
    0.5163471698760986,
    0.44915667176246643,
    0.4799993634223938,
    0.4401463270187378,
    0.5042738914489746,
    0.4686115086078644,
    0.5214420557022095,
    0.545477032661438,
    0.5728685855865479,
    0.5059043169021606,
    0.5489110946655273,
    0.5919716358184814,
    0.6463180780410767,
    0.626352071762085,
    0.5918263792991638,
    0.5778390765190125,
    0.6290624141693115,
    0.6726958155632019,
    0.6481660604476929,
    0.7046369314193726,
    0.7368174195289612
  ]
}