{
  "Train": [
    0.1703096181154251,
    0.10065425932407379,
    0.09228066354990005,
    0.08467600494623184,
    0.08039020746946335,
    0.07510652393102646,
    0.07341528683900833,
    0.06978770345449448,
    0.0698275938630104,
    0.06660851091146469,
    0.0657699927687645,
    0.06358933448791504,
    0.06372902542352676,
    0.06169819459319115,
    0.06329303234815598,
    0.05696853995323181,
    0.05808926373720169,
    0.06058260425925255,
    0.053395550698041916,
    0.05040492117404938,
    0.04986097291111946,
    0.05707161873579025,
    0.050466228276491165,
    0.04780518263578415,
    0.04240257292985916
  ],
  "Training Time": 16.803080081939697,
  "Validate": [
    NaN,
    NaN,
    NaN,
    NaN,
    NaN,
    NaN,
    NaN,
    NaN,
    NaN,
    NaN,
    NaN,
    NaN,
    NaN,
    NaN,
    NaN,
    NaN,
    NaN,
    NaN,
    NaN,
    NaN,
    NaN,
    NaN,
    NaN,
    NaN,
    NaN
  ]
}