{
  "Train": [
    0.589635968208313,
    0.33949366211891174,
    0.2889050841331482,
    0.2636718451976776,
    0.24823425710201263,
    0.23589661717414856,
    0.2250971496105194,
    0.21501106023788452,
    0.20520465075969696,
    0.1953905075788498,
    0.18539227545261383,
    0.17525115609169006,
    0.16551299393177032,
    0.15722990036010742,
    0.1510273665189743,
    0.14653125405311584,
    0.14310967922210693,
    0.14038865268230438,
    0.1380860060453415,
    0.1359877586364746,
    0.13395659625530243,
    0.1319010853767395,
    0.12975041568279266,
    0.12744031846523285,
    0.1248934417963028
  ],
  "Training Time": 11.538212537765503,
  "Validate": [
    3.637988805770874,
    3.358001708984375,
    3.6969804763793945,
    3.893779993057251,
    4.000636577606201,
    4.054836273193359,
    4.077116966247559,
    4.076368808746338,
    4.055152416229248,
    4.019405364990234,
    3.9950857162475586,
    4.036319255828857,
    4.174388885498047,
    4.350615978240967,
    4.491781711578369,
    4.590294361114502,
    4.655068874359131,
    4.687733173370361,
    4.694797515869141,
    4.6840128898620605,
    4.658756732940674,
    4.619527339935303,
    4.566340923309326,
    4.499446392059326,
    4.419142723083496
  ]
}