{
  "Train": [
    0.7114089727401733,
    0.7265110015869141,
    0.7183778285980225,
    0.7164933085441589,
    0.7129462361335754,
    0.7099103927612305,
    0.7068643569946289,
    0.7035864591598511,
    0.700083315372467,
    0.6962300539016724
  ],
  "Training Time": 3.1476895809173584,
  "Validate": [
    NaN,
    NaN,
    NaN,
    NaN,
    NaN,
    NaN,
    NaN,
    NaN,
    NaN,
    NaN
  ]
}