{
  "Train": [
    0.7800902128219604,
    0.7655559778213501,
    0.7510854601860046,
    0.7392735481262207,
    0.7283697724342346,
    0.7181273698806763,
    0.7086406350135803,
    0.7003187537193298,
    0.6933188438415527,
    0.6874297857284546
  ],
  "Training Time": 2.609114408493042,
  "Validate": [
    0.7039695978164673,
    0.7167919278144836,
    0.724334180355072,
    0.7277048826217651,
    0.7285598516464233,
    0.7281372547149658,
    0.7270594835281372,
    0.7253797650337219,
    0.723524272441864,
    0.7223383784294128
  ]
}