{
  "Train": [
    0.9305600523948669,
    0.8399170637130737,
    0.8167239427566528,
    0.8001304864883423,
    0.7816365957260132,
    0.7613176703453064,
    0.739574670791626,
    0.7173327803611755,
    0.6950706839561462,
    0.6733353734016418
  ],
  "Training Time": 14.105239391326904,
  "Validate": [
    NaN,
    NaN,
    NaN,
    NaN,
    NaN,
    NaN,
    NaN,
    NaN,
    NaN,
    NaN
  ]
}