{
  "Train": [
    1.0408337116241455,
    1.0085532665252686,
    0.9809588193893433,
    0.954945981502533,
    0.9305351972579956,
    0.9074344635009766,
    0.8859688639640808,
    0.8661961555480957,
    0.8473044633865356,
    0.8291715383529663
  ],
  "Training Time": 11.559794902801514,
  "Validate": [
    0.45803821086883545,
    0.44257867336273193,
    0.42699068784713745,
    0.4163787066936493,
    0.40762901306152344,
    0.3971294164657593,
    0.380459189414978,
    0.35857078433036804,
    0.33765026926994324,
    0.3188096284866333
  ]
}