{
  "Train": [
    1.1701852083206177,
    1.148776650428772,
    1.1379642486572266,
    1.129004716873169,
    1.1214722394943237,
    1.114603877067566,
    1.1077382564544678,
    1.1003402471542358,
    1.0919039249420166,
    1.081900715827942
  ],
  "Training Time": 12.425551176071167,
  "Validate": [
    2.0320215225219727,
    2.0326974391937256,
    2.046834707260132,
    2.0472309589385986,
    2.0420567989349365,
    2.0344159603118896,
    2.0257647037506104,
    2.016627073287964,
    2.0070691108703613,
    1.9972058534622192
  ]
}