{
  "Train": [
    1.0087605714797974,
    0.8972204923629761,
    0.8701430559158325,
    0.8410096764564514,
    0.8071657419204712,
    0.7675741910934448,
    0.7284223437309265,
    0.6789725422859192,
    0.6646953821182251,
    0.6168009638786316
  ],
  "Training Time": 11.372224569320679,
  "Validate": [
    0.759163498878479,
    0.9435473084449768,
    1.1784923076629639,
    1.5709391832351685,
    2.137699604034424,
    2.491854667663574,
    2.6970083713531494,
    3.5011136531829834,
    3.0066308975219727,
    5.443053245544434
  ]
}