{
  "Train": [
    0.5841015577316284,
    0.44001132249832153,
    0.3924526870250702,
    0.4171566665172577,
    0.3597404360771179,
    0.3809749186038971,
    0.3455530107021332,
    0.3274465799331665,
    0.3292452394962311,
    0.3436933159828186
  ],
  "Training Time": 15.274369478225708,
  "Validate": [
    NaN,
    NaN,
    NaN,
    NaN,
    NaN,
    NaN,
    NaN,
    NaN,
    NaN,
    NaN
  ]
}