{
  "Train": [
    1.1104631423950195,
    0.8570604920387268,
    0.7911349534988403,
    0.7528063058853149,
    0.7176519632339478,
    0.6891090273857117,
    0.6612306237220764,
    0.6341113448143005,
    0.6668540835380554,
    0.8089498281478882,
    0.6782181859016418,
    0.6309803128242493,
    0.60319584608078,
    0.5803276300430298,
    0.5595003366470337,
    0.5392544865608215,
    0.518382728099823,
    0.49545592069625854,
    0.4697917401790619,
    0.45404091477394104,
    0.4510902464389801,
    0.4208023250102997,
    0.41195401549339294,
    0.3950028419494629,
    0.3829471468925476,
    0.367983341217041,
    0.35502031445503235,
    0.34038928151130676,
    0.32748380303382874,
    0.31334188580513,
    0.30097365379333496,
    0.28747525811195374,
    0.27575889229774475,
    0.2632293105125427,
    0.25255340337753296,
    0.24141518771648407,
    0.232272669672966,
    0.2221597284078598,
    0.21462766826152802,
    0.20545220375061035,
    0.19857938587665558,
    0.19161878526210785,
    0.18534477055072784,
    0.17983116209506989,
    0.17483742535114288,
    0.17023766040802002,
    0.1659887582063675,
    0.1620265692472458,
    0.1583184152841568,
    0.1548251062631607,
    0.15152530372142792,
    0.14839233458042145,
    0.14540119469165802,
    0.14253243803977966,
    0.139763742685318,
    0.1370706409215927,
    0.13446053862571716,
    0.1318594515323639,
    0.12950721383094788,
    0.12619277834892273,
    0.1557539999485016,
    0.20965783298015594,
    0.11996269971132278,
    0.11679527908563614,
    0.1143428161740303,
    0.1122714951634407,
    0.11031272262334824,
    0.10827190428972244,
    0.10662581771612167,
    0.10447496920824051,
    0.10277654230594635,
    0.10104425996541977,
    0.0993669256567955,
    0.09770751744508743,
    0.09617030620574951,
    0.09703568369150162,
    0.09452015906572342,
    0.09162567555904388,
    0.08991240710020065,
    0.09151097387075424,
    0.0881989523768425,
    0.08543796837329865,
    0.08353722095489502,
    0.08161533623933792,
    0.07968132942914963,
    0.07778919488191605,
    0.07592986524105072,
    0.07411500066518784,
    0.07236143201589584,
    0.0706796869635582,
    0.06907545030117035,
    0.0675557479262352,
    0.06612218171358109,
    0.06477010250091553,
    0.06349169462919235,
    0.0622781477868557,
    0.06112048029899597,
    0.06001081317663193,
    0.058944221585989,
    0.057920657098293304
  ],
  "Training Time": 161.44521403312683,
  "Validate": [
    0.7548380494117737,
    0.8516536951065063,
    1.0061264038085938,
    1.4059336185455322,
    1.5967358350753784,
    1.7015881538391113,
    1.7914047241210938,
    1.7960036993026733,
    1.0055441856384277,
    0.7119330167770386,
    0.6157701015472412,
    0.608639657497406,
    0.6178764700889587,
    0.6337636113166809,
    0.6581874489784241,
    0.6921939849853516,
    0.7340319156646729,
    0.7888625860214233,
    0.8732010126113892,
    0.8791589140892029,
    0.7427486181259155,
    0.7807039022445679,
    0.7069534063339233,
    0.6818487644195557,
    0.6162140369415283,
    0.5759141445159912,
    0.5147335529327393,
    0.4762834310531616,
    0.4226416349411011,
    0.39175036549568176,
    0.34693121910095215,
    0.32605016231536865,
    0.29156389832496643,
    0.28067052364349365,
    0.2556152939796448,
    0.25299251079559326,
    0.23196293413639069,
    0.24060481786727905,
    0.21918052434921265,
    0.2383192628622055,
    0.23102344572544098,
    0.24149012565612793,
    0.2527555525302887,
    0.26215508580207825,
    0.27170461416244507,
    0.28207066655158997,
    0.29293501377105713,
    0.30424264073371887,
    0.3155744671821594,
    0.3267136514186859,
    0.33730587363243103,
    0.34716659784317017,
    0.356246680021286,
    0.36450329422950745,
    0.372033029794693,
    0.3791135847568512,
    0.38533565402030945,
    0.39233189821243286,
    0.3936687707901001,
    0.43164584040641785,
    0.40920352935791016,
    1.1337863206863403,
    1.6304969787597656,
    0.872285783290863,
    1.3423746824264526,
    0.5962710976600647,
    0.8173543810844421,
    0.5771310329437256,
    0.6489624381065369,
    0.6171847581863403,
    0.6141127943992615,
    0.6048207879066467,
    0.6032369136810303,
    0.5999501347541809,
    0.5912464261054993,
    0.6500601172447205,
    0.5174453258514404,
    0.514126181602478,
    0.5348356366157532,
    1.6906285285949707,
    0.5999775528907776,
    0.5489230751991272,
    0.5200793743133545,
    0.5014514327049255,
    0.4894286096096039,
    0.48214712738990784,
    0.47848013043403625,
    0.4776949882507324,
    0.4792408049106598,
    0.4826040267944336,
    0.48734089732170105,
    0.4931279122829437,
    0.49969708919525146,
    0.5067917704582214,
    0.5141807794570923,
    0.5216563940048218,
    0.5290421843528748,
    0.5362191796302795,
    0.5431458950042725,
    0.5498846173286438
  ]
}