{
  "Train": [
    0.38867130875587463,
    0.21521231532096863,
    0.1610579639673233,
    0.13360624015331268,
    0.12118261307477951,
    0.11320189386606216,
    0.10757564753293991,
    0.10323141515254974,
    0.09827964007854462,
    0.09358423203229904,
    0.0894564837217331,
    0.08612066507339478,
    0.08565519750118256,
    0.08416081964969635,
    0.08182854950428009,
    0.07952632755041122,
    0.07836724072694778,
    0.07748300582170486,
    0.07609263807535172,
    0.07586904615163803,
    0.07390373945236206,
    0.07578647136688232,
    0.07297157496213913,
    0.07965024560689926,
    0.07423322647809982
  ],
  "Training Time": 17.92196798324585,
  "Validate": [
    0.39353427290916443,
    0.4516662359237671,
    0.6141645908355713,
    0.7905247211456299,
    0.8601373434066772,
    0.8805347681045532,
    0.9128761291503906,
    0.9500888586044312,
    0.9951423406600952,
    1.047126293182373,
    1.1138532161712646,
    1.2042292356491089,
    1.240668773651123,
    1.160630226135254,
    1.1604396104812622,
    1.1314421892166138,
    1.2657054662704468,
    1.1808538436889648,
    1.3879940509796143,
    1.175512671470642,
    1.5789527893066406,
    1.1085739135742188,
    1.88603937625885,
    1.0512762069702148,
    2.068361282348633
  ]
}