{
  "Train": [
    0.26481810212135315,
    0.1365068554878235,
    0.10670415312051773,
    0.09411384165287018,
    0.09211676567792892,
    0.08663690090179443,
    0.08548719435930252,
    0.07957471907138824,
    0.08216612786054611,
    0.07488220930099487,
    0.07894876599311829,
    0.07123328000307083,
    0.07730792462825775,
    0.0685441792011261,
    0.07393788546323776,
    0.06530293077230453,
    0.07023444026708603,
    0.06221324950456619,
    0.06787167489528656,
    0.0607820600271225,
    0.06496543437242508,
    0.058339666575193405,
    0.062499478459358215,
    0.05933158099651337,
    0.0646757259964943
  ],
  "Training Time": 23.009344577789307,
  "Validate": [
    NaN,
    NaN,
    NaN,
    NaN,
    NaN,
    NaN,
    NaN,
    NaN,
    NaN,
    NaN,
    NaN,
    NaN,
    NaN,
    NaN,
    NaN,
    NaN,
    NaN,
    NaN,
    NaN,
    NaN,
    NaN,
    NaN,
    NaN,
    NaN,
    NaN
  ]
}