{
  "Train": [
    0.9926251769065857,
    0.9642159938812256,
    0.9592920541763306,
    0.9392014741897583,
    0.9273210167884827,
    0.9115427732467651,
    0.8986014127731323,
    0.8841623663902283,
    0.8719915151596069,
    0.8604034781455994
  ],
  "Training Time": 4.074612379074097,
  "Validate": [
    NaN,
    NaN,
    NaN,
    NaN,
    NaN,
    NaN,
    NaN,
    NaN,
    NaN,
    NaN
  ]
}