{
  "Train": [
    1.119031310081482,
    1.1126790046691895,
    1.1102113723754883,
    1.1090534925460815,
    1.106244444847107,
    1.100839376449585,
    1.09489905834198,
    1.089645266532898,
    1.0847831964492798,
    1.0789765119552612
  ],
  "Training Time": 3.317152500152588,
  "Validate": [
    1.4114086627960205,
    1.392637848854065,
    1.383666753768921,
    1.3853744268417358,
    1.3987133502960205,
    1.4111828804016113,
    1.4118931293487549,
    1.4067836999893188,
    1.3931434154510498,
    1.3753595352172852
  ]
}