{
  "Train": [
    0.914775550365448,
    0.3830053508281708,
    0.3425349295139313,
    0.3192206025123596,
    0.30162113904953003,
    0.28538304567337036,
    0.2714638113975525,
    0.2623203694820404,
    0.25151848793029785,
    0.24024295806884766
  ],
  "Training Time": 11.71537470817566,
  "Validate": [
    36.863548278808594,
    36.95387268066406,
    35.33806610107422,
    34.402015686035156,
    33.84031677246094,
    33.559486389160156,
    33.351436614990234,
    33.008052825927734,
    32.8484992980957,
    32.856319427490234
  ]
}