{
  "Train": [
    0.5694206953048706,
    0.48799023032188416,
    0.42894798517227173,
    0.40286731719970703,
    0.38666102290153503,
    0.37229618430137634,
    0.3601177930831909,
    0.3515399694442749,
    0.3467811346054077,
    0.35042890906333923
  ],
  "Training Time": 15.47757887840271,
  "Validate": [
    NaN,
    NaN,
    NaN,
    NaN,
    NaN,
    NaN,
    NaN,
    NaN,
    NaN,
    NaN
  ]
}