{
  "Train": [
    0.8700774312019348,
    0.8237023949623108,
    0.817683219909668,
    0.8137280344963074,
    0.8111123442649841,
    0.8087313771247864,
    0.8069534301757812,
    0.8052279949188232,
    0.8039257526397705,
    0.8024852871894836
  ],
  "Training Time": 3.63266921043396,
  "Validate": [
    2.6058664321899414,
    2.6080212593078613,
    2.604153633117676,
    2.5899133682250977,
    2.5677530765533447,
    2.5412631034851074,
    2.5130436420440674,
    2.4835314750671387,
    2.455118417739868,
    2.4260711669921875
  ]
}