{
  "Train": [
    0.8136271834373474,
    0.7657263875007629,
    0.7256893515586853,
    0.7071930170059204,
    0.6955294609069824,
    0.6876331567764282,
    0.6809173226356506,
    0.6756106615066528,
    0.6713082790374756,
    0.6676760911941528
  ],
  "Training Time": 2.471789598464966,
  "Validate": [
    0.6885204911231995,
    0.7020211815834045,
    0.7147365212440491,
    0.7193350791931152,
    0.7165559530258179,
    0.7146843671798706,
    0.7129904627799988,
    0.712286651134491,
    0.7118924856185913,
    0.7118797898292542
  ]
}