{
  "Train": [
    1.183922529220581,
    1.1656442880630493,
    1.1637274026870728,
    1.1578798294067383,
    1.153825044631958,
    1.1487627029418945,
    1.1444998979568481,
    1.1391029357910156,
    1.1331950426101685,
    1.1254900693893433,
    1.1155219078063965,
    1.1016238927841187,
    1.0838669538497925,
    1.0662553310394287,
    1.0599002838134766,
    1.059784173965454,
    1.0598539113998413,
    1.0563215017318726,
    1.0468263626098633,
    1.0327117443084717,
    1.0184718370437622,
    1.002341866493225,
    0.982873797416687,
    0.959600031375885,
    0.9342437386512756,
    0.9014512896537781,
    0.8819224834442139,
    0.8488801121711731,
    0.9825007319450378,
    0.9192453026771545,
    0.7870588898658752,
    0.7701700925827026,
    0.7588701248168945,
    0.7430188655853271,
    0.7242916226387024,
    0.7168766260147095,
    0.6993219256401062,
    0.7032321691513062,
    0.6681157350540161,
    0.652001142501831,
    0.6245008707046509,
    0.5985591411590576,
    0.5837309956550598,
    0.55782151222229,
    0.5431537628173828,
    0.5231087803840637,
    0.5019037127494812,
    0.4905424416065216,
    0.46473562717437744,
    0.45895814895629883,
    0.4338694214820862,
    0.4256576597690582,
    0.40553706884384155,
    0.3919268250465393,
    0.3755168616771698,
    0.35968446731567383,
    0.34414979815483093,
    0.3288743793964386,
    0.3142159879207611,
    0.3003809452056885,
    0.2860061824321747,
    0.26024866104125977,
    0.2513517439365387,
    0.23081909120082855,
    0.2512388825416565,
    0.21741004288196564,
    0.17852765321731567,
    0.17261865735054016,
    0.15740740299224854,
    0.15455390512943268,
    0.1522349864244461,
    0.16186761856079102,
    0.15315532684326172,
    0.15285679697990417,
    0.16848009824752808,
    0.1608654409646988,
    0.15251170098781586,
    0.1504773050546646,
    0.1413039118051529,
    0.13998711109161377,
    0.14202994108200073,
    0.144669309258461,
    0.14938466250896454,
    0.17016956210136414,
    0.20525936782360077,
    1.2071155309677124,
    0.3558017313480377,
    0.20898887515068054,
    0.14025378227233887,
    0.12511079013347626,
    0.11882640421390533,
    0.119695745408535,
    0.12262867391109467,
    0.1210784912109375,
    0.11586540192365646,
    0.12028320133686066,
    0.12151645123958588,
    0.1119031086564064,
    0.11072173714637756,
    0.11315561830997467
  ],
  "Training Time": 123.2340795993805,
  "Validate": [
    1.9945533275604248,
    1.9725158214569092,
    1.9794425964355469,
    1.9830632209777832,
    1.9769477844238281,
    1.983620047569275,
    1.978662133216858,
    1.9834669828414917,
    1.9824211597442627,
    1.9851176738739014,
    1.9877326488494873,
    1.9952012300491333,
    2.0217137336730957,
    2.099121332168579,
    2.1352427005767822,
    2.133091926574707,
    2.1319081783294678,
    2.140134811401367,
    2.156888723373413,
    2.173717498779297,
    2.184178352355957,
    2.193222761154175,
    2.2068376541137695,
    2.2300050258636475,
    2.2565553188323975,
    2.3008816242218018,
    2.2859463691711426,
    2.5326108932495117,
    2.4519472122192383,
    2.51698899269104,
    2.6417980194091797,
    2.8466532230377197,
    2.9864509105682373,
    3.022406816482544,
    3.20623779296875,
    3.1791114807128906,
    3.4278244972229004,
    3.335921287536621,
    3.614037275314331,
    3.522700548171997,
    3.772901773452759,
    3.7499077320098877,
    3.9276769161224365,
    3.957900285720825,
    4.086458206176758,
    4.125157833099365,
    4.207304000854492,
    4.230794906616211,
    4.270650386810303,
    4.28371000289917,
    4.301472187042236,
    4.310022830963135,
    4.316154956817627,
    4.312678813934326,
    4.295759201049805,
    4.255704879760742,
    4.182859420776367,
    4.068991184234619,
    3.916902780532837,
    3.7472028732299805,
    3.6052842140197754,
    3.3543944358825684,
    3.183293104171753,
    2.964531660079956,
    3.1146979331970215,
    2.860924005508423,
    2.7857179641723633,
    2.794994592666626,
    2.778498888015747,
    2.700317621231079,
    2.5900487899780273,
    2.4467992782592773,
    2.3776936531066895,
    2.373316526412964,
    2.1864328384399414,
    2.3088338375091553,
    2.2661852836608887,
    2.2369768619537354,
    2.145005702972412,
    2.171375274658203,
    2.2559401988983154,
    2.2781944274902344,
    2.295848846435547,
    2.2389049530029297,
    2.229266405105591,
    2.2114856243133545,
    2.274362564086914,
    2.4609766006469727,
    2.431846857070923,
    2.444617509841919,
    2.4216058254241943,
    2.394874334335327,
    2.34800124168396,
    2.314504384994507,
    2.284653425216675,
    2.27795672416687,
    2.321929931640625,
    2.3699023723602295,
    2.353566884994507,
    2.3138551712036133
  ]
}