{
  "Train": [
    1.0618425607681274,
    1.053346872329712,
    1.0500569343566895,
    1.0468024015426636,
    1.0429984331130981,
    1.0380103588104248,
    1.0310615301132202,
    1.02126944065094,
    1.0079950094223022,
    0.9914464950561523
  ],
  "Training Time": 3.839639663696289,
  "Validate": [
    3.1034977436065674,
    3.096590518951416,
    3.084733724594116,
    3.0690011978149414,
    3.048281669616699,
    3.020904541015625,
    2.985271692276001,
    2.9412503242492676,
    2.8924171924591064,
    2.846930503845215
  ]
}