{
  "Train": [
    1.039191722869873,
    0.9125332236289978,
    0.8654239177703857,
    0.8359706401824951,
    0.8182163238525391,
    0.805976152420044,
    0.7957647442817688,
    0.7860613465309143,
    0.7764974236488342,
    0.7673406600952148,
    0.7589462995529175,
    0.7510823607444763,
    0.7424718141555786,
    0.7309445738792419,
    0.7163621187210083,
    0.7025896310806274,
    0.6891886591911316,
    0.6780024766921997,
    0.6747260689735413,
    0.6745913624763489,
    0.6689969897270203,
    0.6617181301116943,
    0.6548662185668945,
    0.6486347317695618,
    0.6429216265678406,
    0.6375337243080139,
    0.6323515772819519,
    0.6273061633110046,
    0.62236088514328,
    0.6175193190574646,
    0.6128609776496887,
    0.6086769104003906,
    0.6059714555740356,
    0.606640636920929,
    0.6070570349693298,
    0.608149528503418,
    0.6116990447044373,
    0.6124375462532043,
    0.6153187155723572,
    0.5969257950782776,
    0.6210487484931946,
    0.6144871115684509,
    0.5927090048789978,
    0.5883095860481262,
    0.5840753316879272,
    0.5805484056472778,
    0.5770916938781738,
    0.5736117362976074,
    0.5701244473457336,
    0.5666684508323669,
    0.5632757544517517,
    0.5599587559700012,
    0.5567159652709961,
    0.5535556077957153,
    0.5505529642105103,
    0.5479040741920471,
    0.5456949472427368,
    0.5436499118804932,
    0.5414233803749084,
    0.5383988618850708,
    0.5345085263252258,
    0.5304250121116638,
    0.5266395211219788,
    0.5227084755897522,
    0.5174110531806946,
    0.5128967761993408,
    0.5100324153900146,
    0.5062859058380127,
    0.5026976466178894,
    0.4993205964565277,
    0.4964635670185089,
    0.4939000606536865,
    0.4916471838951111,
    0.4895457625389099,
    0.4873608350753784,
    0.48532602190971375,
    0.4830606281757355,
    0.48130670189857483,
    0.47867798805236816,
    0.474566787481308,
    0.4724368155002594,
    0.47030922770500183,
    0.468393474817276,
    0.46638748049736023,
    0.46448418498039246,
    0.4630453288555145,
    0.46388861536979675,
    0.4686911106109619,
    0.5071500539779663,
    0.45318305492401123,
    0.4592292606830597,
    0.44998297095298767,
    0.44609153270721436,
    0.44843941926956177,
    0.44723838567733765,
    0.4391012489795685,
    0.49504876136779785,
    0.4541480839252472,
    0.47081178426742554,
    0.419827938079834
  ],
  "Training Time": 70.30912780761719,
  "Validate": [
    4.032503128051758,
    3.4383623600006104,
    3.1286134719848633,
    2.8820486068725586,
    2.7152695655822754,
    2.602602958679199,
    2.5065298080444336,
    2.408574342727661,
    2.3053338527679443,
    2.2052316665649414,
    2.1227779388427734,
    2.0671377182006836,
    2.0424249172210693,
    2.0646002292633057,
    2.1349880695343018,
    2.1949644088745117,
    2.2031519412994385,
    2.195694923400879,
    2.17724347114563,
    2.1628224849700928,
    2.1602518558502197,
    2.1593682765960693,
    2.158238649368286,
    2.157104730606079,
    2.15580415725708,
    2.154317617416382,
    2.1527812480926514,
    2.151482582092285,
    2.1507139205932617,
    2.150541305541992,
    2.150453805923462,
    2.1485257148742676,
    2.140174388885498,
    2.1261823177337646,
    2.1288750171661377,
    2.1308534145355225,
    2.1306040287017822,
    2.150169610977173,
    2.1509430408477783,
    2.2915170192718506,
    2.0567941665649414,
    2.3538551330566406,
    2.24943208694458,
    2.3618719577789307,
    2.3962793350219727,
    2.437194585800171,
    2.485454559326172,
    2.5373153686523438,
    2.5907084941864014,
    2.6440882682800293,
    2.696458101272583,
    2.7472546100616455,
    2.7961106300354004,
    2.842738389968872,
    2.88735032081604,
    2.932288408279419,
    2.981391191482544,
    3.0345163345336914,
    3.088639736175537,
    3.135002851486206,
    3.17209792137146,
    3.230119228363037,
    3.288702964782715,
    3.3439042568206787,
    3.384549617767334,
    3.397382974624634,
    3.430368661880493,
    3.4660661220550537,
    3.5152337551116943,
    3.5621657371520996,
    3.5868773460388184,
    3.6098976135253906,
    3.6397972106933594,
    3.665062665939331,
    3.691150665283203,
    3.7130277156829834,
    3.73844051361084,
    3.753671884536743,
    3.785886287689209,
    3.8525068759918213,
    3.9071924686431885,
    3.9585418701171875,
    3.9921951293945312,
    4.011038303375244,
    4.018000602722168,
    4.010371685028076,
    3.9568984508514404,
    3.859816789627075,
    4.0110368728637695,
    4.030287265777588,
    4.0390214920043945,
    4.0926337242126465,
    4.080625534057617,
    3.9963462352752686,
    3.9801275730133057,
    3.9912497997283936,
    4.29334831237793,
    4.316616058349609,
    4.302372932434082,
    4.3890228271484375
  ]
}