{
  "Train": [
    1.001314640045166,
    0.6736863255500793,
    0.6169700026512146,
    0.5756144523620605,
    0.5416768789291382,
    0.5199068784713745,
    0.5027545690536499,
    0.4919154644012451,
    0.4724099040031433,
    0.45584163069725037,
    0.43564265966415405,
    0.42739346623420715,
    0.4292678236961365,
    0.4151992201805115,
    0.3977970778942108,
    0.3993907868862152,
    0.3887809216976166,
    0.3820953667163849,
    0.3751429617404938,
    0.36886167526245117,
    0.36381569504737854,
    0.3600757122039795,
    0.3599000573158264,
    0.36104321479797363,
    0.36417534947395325,
    0.36035460233688354,
    0.34986749291419983,
    0.33779746294021606,
    0.35554346442222595,
    0.3456098437309265,
    0.3373784124851227,
    0.33066174387931824,
    0.3309361934661865,
    0.3303065299987793,
    0.33139365911483765,
    0.36789488792419434,
    0.31817904114723206,
    0.3245052397251129,
    0.32198265194892883,
    0.3152249753475189,
    0.3496151566505432,
    0.3429657816886902,
    0.3300193250179291,
    0.33447518944740295,
    0.3401980698108673,
    0.34482449293136597,
    0.3123031556606293,
    0.3240725100040436,
    0.3178267776966095,
    0.3122239112854004,
    0.31261947751045227,
    0.3105826675891876,
    0.29356250166893005,
    0.3123951852321625,
    0.29231521487236023,
    0.27978768944740295,
    0.2857498526573181,
    0.26926514506340027,
    0.2708117365837097,
    0.3386249244213104,
    0.3032075762748718,
    0.26405346393585205,
    0.26242703199386597,
    0.2455310970544815,
    0.24238264560699463,
    0.24001657962799072,
    0.23409292101860046,
    0.23487980663776398,
    0.23967790603637695,
    0.2594985365867615,
    0.24006442725658417,
    0.24914208054542542,
    0.23334942758083344,
    0.2264886051416397,
    0.23060186207294464,
    0.2408033162355423,
    0.21580827236175537,
    0.22740860283374786,
    0.22854629158973694,
    0.20717307925224304,
    0.2362036556005478,
    0.2205062359571457,
    0.21155475080013275,
    0.19758298993110657,
    0.20155490934848785,
    0.20262740552425385,
    0.1969679296016693,
    0.3979169726371765,
    0.3246482014656067,
    0.2996501922607422,
    0.2572735548019409,
    0.2562117874622345,
    0.22992320358753204,
    0.2514626383781433,
    0.2257518619298935,
    0.2222287356853485,
    0.2110089361667633,
    0.19725513458251953,
    0.204622283577919,
    0.24744835495948792
  ],
  "Training Time": 90.03480124473572,
  "Validate": [
    0.5144276022911072,
    0.5695818662643433,
    0.5873295664787292,
    0.5909390449523926,
    0.5941107273101807,
    0.5921342372894287,
    0.5945770740509033,
    0.5941421389579773,
    0.6037532091140747,
    0.6075340509414673,
    0.6309041976928711,
    0.6299075484275818,
    0.6460278034210205,
    0.6603880524635315,
    0.6714238524436951,
    0.6710512638092041,
    0.6755038499832153,
    0.6777307987213135,
    0.6747602820396423,
    0.6685468554496765,
    0.6594696640968323,
    0.6514794826507568,
    0.6457802653312683,
    0.643951416015625,
    0.6436164379119873,
    0.636634886264801,
    0.6253688931465149,
    0.6172172427177429,
    0.6323389410972595,
    0.6143056750297546,
    0.614657998085022,
    0.6157398819923401,
    0.6147838830947876,
    0.6197542548179626,
    0.6173766851425171,
    0.6145669221878052,
    0.6156868934631348,
    0.6102067828178406,
    0.6180996298789978,
    0.6201898455619812,
    0.6059432625770569,
    0.6015748977661133,
    0.620820939540863,
    0.6148311495780945,
    0.595638632774353,
    0.6143771409988403,
    0.5992032289505005,
    0.6061811447143555,
    0.6125516295433044,
    0.6121999025344849,
    0.6180486679077148,
    0.6123413443565369,
    0.6084676384925842,
    0.6182453036308289,
    0.6148672699928284,
    0.6130589246749878,
    0.6111677289009094,
    0.6144589781761169,
    0.6171651482582092,
    0.6374240517616272,
    0.645224928855896,
    0.6330084204673767,
    0.6304596066474915,
    0.6434163451194763,
    0.6451127529144287,
    0.6521305441856384,
    0.6607015132904053,
    0.6700118184089661,
    0.6899823546409607,
    0.7038834691047668,
    0.7112977504730225,
    0.70010906457901,
    0.7201003432273865,
    0.6906271576881409,
    0.6921096444129944,
    0.6897717714309692,
    0.6731318235397339,
    0.6744495034217834,
    0.6870828866958618,
    0.66898512840271,
    0.6784217357635498,
    0.6804613471031189,
    0.7098709344863892,
    0.6877567768096924,
    0.6790114045143127,
    0.7226211428642273,
    0.6848734021186829,
    0.7594665884971619,
    0.7724220156669617,
    0.7972837090492249,
    0.7344276905059814,
    0.7487701177597046,
    0.7304628491401672,
    0.7393651604652405,
    0.7005185484886169,
    0.7040567398071289,
    0.6850593090057373,
    0.6766936182975769,
    0.7064089179039001,
    0.6938285827636719
  ]
}